▮▮▮▮ Loading changed files
Base revision: N/A
Head revision: HEAD
Affected by changes: all
Changed files:
	.beads/vb-9wg3/evidence/cargo-check-vb-core.out
	.beads/vb-9wg3/evidence/kani-budget-arithmetic-refinement.out
	.beads/vb-9wg3/evidence/kani-harnesses.json
	.beads/vb-9wg3/evidence/kani-list-command.out
	.beads/vb-9wg3/evidence/kani-vb-core-harnesses.json
	.beads/vb-9wg3/evidence/tlc-budget-arithmetic.out
	.beads/vb-9wg3/evidence/toolchain.out
	.beads/vb-9wg3/formal-verification-report.md
	.beads/vb-9wg3/proof-evidence.md
	.beads/vb-9wg3/traceability-matrix.jsonl
	.beads/vb-9wg3/verification-ledger.jsonl
	EOF
	crates/vb_cli/src/args.rs
	crates/vb_cli/src/args/action.rs
	crates/vb_cli/src/args/error.rs
	crates/vb_cli/src/args/run_db.rs
	crates/vb_cli/src/args/shared.rs
	crates/vb_cli/src/args/status.rs
	crates/vb_cli/src/args/tests/action.rs
	crates/vb_cli/src/args/tests/cancel.rs
	crates/vb_cli/src/args/tests/core.rs
	crates/vb_cli/src/args/tests/journal.rs
	crates/vb_cli/src/args/tests/mod.rs
	crates/vb_cli/src/args/tests/run.rs
	crates/vb_cli/src/args/tests/status.rs
	crates/vb_cli/src/args/tests/workflow.rs
	crates/vb_cli/src/args/workflow.rs
	crates/vb_core/src/engine/expr_eval/accessors.rs
	crates/vb_core/src/engine/expr_eval/ops_text_list.rs
	crates/vb_core/src/engine/expr_eval/stack.rs
	crates/vb_core/src/engine/object_list.rs
	crates/vb_core/src/errors.rs
	crates/vb_core/src/kani_budget_arithmetic_refinement.rs
	crates/vb_core/src/lib.rs
	crates/vb_core/src/value.rs
	crates/vb_ipc/src/client.rs
	crates/vb_ipc/src/frame.rs
	crates/vb_ipc/src/kani_ipc_header.rs
	crates/vb_ipc/src/lib.rs
	crates/vb_ipc/src/server/dispatch.rs
	crates/vb_ipc/src/server/helpers.rs
	crates/vb_ipc/src/server/impl_.rs
	crates/vb_ipc/src/server/impl_tests.rs
	crates/vb_ipc/src/server/mod.rs
	crates/vb_ipc/src/server/ticket.rs
	crates/vb_ipc/src/server/trace.rs
	crates/vb_ipc/src/tests.rs
	crates/vb_runtime/src/models/loom/shutdown_drain.rs
	kani-list.json
	mutants.toml
▮▮▮▮ Building action graph
Action count: 21
Requested targets: 31
	velvet-ballistics:agent-cli-contract
	velvet-ballistics:maxperf
	velvet-ballistics:pgo-instrument-build
	velvet-ballistics:nightly-feature-gate
	velvet-ballistics:supply-chain
	velvet-ballistics:verify-all
	velvet-ballistics:verify-proof
	velvet-ballistics:verify-deep
	velvet-ballistics:mutants-smoke
	velvet-ballistics:verify-standard
	velvet-ballistics:bench-build
	velvet-ballistics:feature-powerset
	velvet-ballistics:check
	velvet-ballistics:miri
	velvet-ballistics:hardened-build
	velvet-ballistics:coverage
	velvet-ballistics:doc
	velvet-ballistics:sanitizer-address-check
	velvet-ballistics:test
	velvet-ballistics:maxperf-native
	velvet-ballistics:nightly-feature-cargo-probe
	velvet-ballistics:fmt
	velvet-ballistics:lint-src
	velvet-ballistics:verify-fast
	velvet-ballistics:quick
	velvet-ballistics:benchmark-proof
	velvet-ballistics:doc-test
	velvet-ballistics:beads-server-mode
	velvet-ballistics:source-length
	velvet-ballistics:pgo-optimized-build
	velvet-ballistics:fuzz-smoke
Resolved targets: 18
	velvet-ballistics:miri
	velvet-ballistics:check
	velvet-ballistics:coverage
	velvet-ballistics:maxperf
	velvet-ballistics:nightly-feature-cargo-probe
	velvet-ballistics:bench-build
	velvet-ballistics:fuzz-smoke
	velvet-ballistics:hardened-build
	velvet-ballistics:nightly-feature-gate
	velvet-ballistics:doc
	velvet-ballistics:test
	velvet-ballistics:fmt
	velvet-ballistics:feature-powerset
	velvet-ballistics:agent-cli-contract
	velvet-ballistics:source-length
	velvet-ballistics:maxperf-native
	velvet-ballistics:lint-src
	velvet-ballistics:doc-test
▮▮▮▮ Tracking affected tasks
	velvet-ballistics:agent-cli-contract affected by file crates/vb_cli/src/args/tests/run.rs
	velvet-ballistics:nightly-feature-cargo-probe affected by file crates/vb_runtime/src/models/loom/shutdown_drain.rs
	velvet-ballistics:maxperf affected by file crates/vb_runtime/src/models/loom/shutdown_drain.rs
	velvet-ballistics:lint-src affected by file crates/vb_runtime/src/models/loom/shutdown_drain.rs
	velvet-ballistics:fmt affected by file crates/vb_runtime/src/models/loom/shutdown_drain.rs
	velvet-ballistics:test affected by file crates/vb_runtime/src/models/loom/shutdown_drain.rs
	velvet-ballistics:nightly-feature-gate affected by file crates/vb_runtime/src/models/loom/shutdown_drain.rs
	velvet-ballistics:doc affected by file crates/vb_runtime/src/models/loom/shutdown_drain.rs
	velvet-ballistics:doc-test affected by file crates/vb_runtime/src/models/loom/shutdown_drain.rs
	velvet-ballistics:feature-powerset affected by file crates/vb_runtime/src/models/loom/shutdown_drain.rs
	velvet-ballistics:bench-build affected by file crates/vb_runtime/src/models/loom/shutdown_drain.rs
	velvet-ballistics:check affected by file crates/vb_runtime/src/models/loom/shutdown_drain.rs
	velvet-ballistics:miri affected by file crates/vb_runtime/src/models/loom/shutdown_drain.rs
	velvet-ballistics:maxperf-native affected by file crates/vb_runtime/src/models/loom/shutdown_drain.rs
	velvet-ballistics:hardened-build affected by file crates/vb_runtime/src/models/loom/shutdown_drain.rs
	velvet-ballistics:coverage affected by file crates/vb_runtime/src/models/loom/shutdown_drain.rs
	velvet-ballistics:fuzz-smoke affected by file crates/vb_ipc/src/kani_ipc_header.rs
	velvet-ballistics:source-length affected by file crates/vb_runtime/src/models/loom/shutdown_drain.rs
▮▮▮▮ Executing action pipeline
▮▮▮▮ velvet-ballistics:beads-server-mode (bb153888)
[ WARN 2026-05-17 07:33:27.102] moon_task_hasher::task_hasher  Attempted to hash input crates/vb_cli/tests/fixtures/fixtures but it does not exist, skipping 
[ WARN 07:33:27.109] moon_task_hasher::task_hasher  Attempted to hash input crates/vb_cli/tests/fixtures/fixtures but it does not exist, skipping 
▮▮▮▮ velvet-ballistics:agent-cli-contract (b4a58381)
          velvet-ballistics:beads-server-mode | beads server-mode check passed
▮▮▮▮ velvet-ballistics:beads-server-mode (42ms, bb153888)
[ WARN 07:33:27.124] moon_task_hasher::task_hasher  Attempted to hash input crates/vb_cli/tests/fixtures/fixtures but it does not exist, skipping 
[ WARN 07:33:27.113] moon_task_hasher::task_hasher  Attempted to hash input crates/vb_cli/tests/fixtures/fixtures but it does not exist, skipping 
[ WARN 07:33:27.116] moon_task_hasher::task_hasher  Attempted to hash input crates/vb_cli/tests/fixtures/fixtures but it does not exist, skipping 
[ WARN 07:33:27.120] moon_task_hasher::task_hasher  Attempted to hash input crates/workspace_tests/fixtures but it does not exist, skipping 
[ WARN 07:33:27.147] moon_task_hasher::task_hasher  Attempted to hash input crates/workspace_tests/fixtures but it does not exist, skipping 
[ WARN 07:33:27.149] moon_task_hasher::task_hasher  Attempted to hash input crates/workspace_tests/fixtures but it does not exist, skipping 
[ WARN 07:33:27.154] moon_task_hasher::task_hasher  Attempted to hash input crates/workspace_tests/fixtures but it does not exist, skipping 
[ WARN 07:33:27.158] moon_task_hasher::task_hasher  Attempted to hash input crates/workspace_tests/fixtures but it does not exist, skipping 
▮▮▮▮ velvet-ballistics:agent-cli-contract (262ms, b4a58381)
▮▮▮▮ velvet-ballistics:nightly-feature-gate (5a62452c)
▮▮▮▮ velvet-ballistics:source-length (9891981a)
▮▮▮▮ velvet-ballistics:miri (545e3072)
▮▮▮▮ velvet-ballistics:fmt (e276efd1)
                        velvet-ballistics:fmt | Diff in /home/lewis/src/velvet-ballistics/crates/vb_storage/src/admission.rs:742:
                        velvet-ballistics:fmt |      }
                        velvet-ballistics:fmt |  
                        velvet-ballistics:fmt |      #[test]
                        velvet-ballistics:fmt | [31m-    fn submit_artifact_persists_non_empty_required_capabilities_when_contract_requires_capability(
                        velvet-ballistics:fmt | (B[m[31m-    ) -> Result<(), String> {
                        velvet-ballistics:fmt | (B[m[32m+    fn submit_artifact_persists_non_empty_required_capabilities_when_contract_requires_capability()
                        velvet-ballistics:fmt | (B[m[32m+    -> Result<(), String> {
                        velvet-ballistics:fmt | (B[m         let journal = temp_journal().map_err(|e| format!("journal open failed: {e}"))?;
                        velvet-ballistics:fmt |          let workflow = minimal_workflow()?;
                        velvet-ballistics:fmt |          let required = vb_core::capability::Capability::new(
                        velvet-ballistics:fmt | Diff in /home/lewis/src/velvet-ballistics/crates/vb_storage/src/events.rs:304:
                        velvet-ballistics:fmt |              } => {
                        velvet-ballistics:fmt |                  // First check payload size bounds before attempting decode.
                        velvet-ballistics:fmt |                  let max_bytes = crate::constants::MAX_JOURNAL_EVENT_PAYLOAD_BYTES;
                        velvet-ballistics:fmt | [31m-                let len_u32 = u32::try_from(bytes.len()).map_err(|_| {
                        velvet-ballistics:fmt | (B[m[31m-                    JournalError::PayloadTooLarge {
                        velvet-ballistics:fmt | (B[m[32m+                let len_u32 =
                        velvet-ballistics:fmt | (B[m[32m+                    u32::try_from(bytes.len()).map_err(|_| JournalError::PayloadTooLarge {
                        velvet-ballistics:fmt | (B[m                         len: u32::MAX,
                        velvet-ballistics:fmt |                          max: max_bytes,
                        velvet-ballistics:fmt | [31m-                    }
                        velvet-ballistics:fmt | (B[m[31m-                })?;
                        velvet-ballistics:fmt | (B[m[32m+                    })?;
                        velvet-ballistics:fmt | (B[m                 if len_u32 > max_bytes {
                        velvet-ballistics:fmt |                      return Err(JournalError::PayloadTooLarge {
                        velvet-ballistics:fmt |                          len: len_u32,
                        velvet-ballistics:fmt | Diff in /home/lewis/src/velvet-ballistics/crates/vb_storage/src/kani_proof_flags_gap.rs:9:
                        velvet-ballistics:fmt |  
                        velvet-ballistics:fmt |  #![forbid(unsafe_code)]
                        velvet-ballistics:fmt |  
                        velvet-ballistics:fmt | [32m+use crate::admission::{VerificationProof, submit_artifact};
                        velvet-ballistics:fmt | (B[m use vb_core::workflow::{ResourceContract, WorkflowParts};
                        velvet-ballistics:fmt |  use vb_core::{
                        velvet-ballistics:fmt |      CompiledNode, CompiledNodeKind, CompiledWorkflow, ConstIdx, SlotIdx, StepIdx, WorkflowDigest,
                        velvet-ballistics:fmt | Diff in /home/lewis/src/velvet-ballistics/crates/vb_storage/src/kani_proof_flags_gap.rs:15:
                        velvet-ballistics:fmt |      value::ConstValue,
                        velvet-ballistics:fmt |  };
                        velvet-ballistics:fmt | [31m-use crate::admission::{submit_artifact, VerificationProof};
                        velvet-ballistics:fmt | (B[m 
                        velvet-ballistics:fmt |  /// Creates a minimal workflow for testing.
                        velvet-ballistics:fmt |  fn minimal_workflow() -> CompiledWorkflow {
                        velvet-ballistics:fmt | Diff in /home/lewis/src/velvet-ballistics/crates/vb_storage/src/kani_record_crc.rs:7:
                        velvet-ballistics:fmt |  //! This harness verifies CRC validation in record header decoding.
                        velvet-ballistics:fmt |  
                        velvet-ballistics:fmt |  use crate::codec::header::decode_record_header;
                        velvet-ballistics:fmt | [31m-use crate::constants::{CRC_OFFSET, RECORD_HEADER_BYTES, RECORD_HEADER_LEN, CURRENT_SCHEMA_VERSION};
                        velvet-ballistics:fmt | (B[m[32m+use crate::constants::{
                        velvet-ballistics:fmt | (B[m[32m+    CRC_OFFSET, CURRENT_SCHEMA_VERSION, RECORD_HEADER_BYTES, RECORD_HEADER_LEN,
                        velvet-ballistics:fmt | (B[m[32m+};
                        velvet-ballistics:fmt | (B[m use crate::error::JournalError;
                        velvet-ballistics:fmt |  use crate::records::RecordKind;
                        velvet-ballistics:fmt |  
                        velvet-ballistics:fmt | Diff in /home/lewis/src/velvet-ballistics/crates/vb_storage/src/kani_record_crc.rs:26:
                        velvet-ballistics:fmt |  
                        velvet-ballistics:fmt |      // Compute correct CRC over header prefix
                        velvet-ballistics:fmt |      let crc = crc32c::crc32c(&header_bytes[0..CRC_OFFSET]);
                        velvet-ballistics:fmt | [31m-    header_bytes[CRC_OFFSET..CRC_OFFSET+4].copy_from_slice(&crc.to_le_bytes());
                        velvet-ballistics:fmt | (B[m[32m+    header_bytes[CRC_OFFSET..CRC_OFFSET + 4].copy_from_slice(&crc.to_le_bytes());
                        velvet-ballistics:fmt | (B[m 
                        velvet-ballistics:fmt |      let result = decode_record_header(&header_bytes, expected_magic, u32::MAX);
                        velvet-ballistics:fmt |      match result {
                        velvet-ballistics:fmt | Diff in /home/lewis/src/velvet-ballistics/crates/vb_storage/src/kani_record_crc.rs:33:
                        velvet-ballistics:fmt |          Ok(_) => kani::assert(true, "matching CRC accepted"),
                        velvet-ballistics:fmt | [31m-        Err(JournalError::HeaderChecksumMismatch) => kani::assert(false, "matching CRC should not be rejected"),
                        velvet-ballistics:fmt | (B[m[32m+        Err(JournalError::HeaderChecksumMismatch) => {
                        velvet-ballistics:fmt | (B[m[32m+            kani::assert(false, "matching CRC should not be rejected")
                        velvet-ballistics:fmt | (B[m[32m+        }
                        velvet-ballistics:fmt | (B[m         Err(_) => kani::assert(true, "matching CRC passes checksum check"),
                        velvet-ballistics:fmt |      }
                        velvet-ballistics:fmt |  }
                        velvet-ballistics:fmt | Diff in /home/lewis/src/velvet-ballistics/crates/vb_storage/src/kani_record_crc.rs:50:
                        velvet-ballistics:fmt |      header_bytes[16..24].copy_from_slice(&0u64.to_le_bytes());
                        velvet-ballistics:fmt |  
                        velvet-ballistics:fmt |      // Write wrong CRC at offset 28
                        velvet-ballistics:fmt | [31m-    header_bytes[CRC_OFFSET..CRC_OFFSET+4].copy_from_slice(&0xDEADBEEFu32.to_le_bytes());
                        velvet-ballistics:fmt | (B[m[32m+    header_bytes[CRC_OFFSET..CRC_OFFSET + 4].copy_from_slice(&0xDEADBEEFu32.to_le_bytes());
                        velvet-ballistics:fmt | (B[m 
                        velvet-ballistics:fmt |      let result = decode_record_header(&header_bytes, expected_magic, u32::MAX);
                        velvet-ballistics:fmt |      kani::assert(result.is_err(), "mismatched CRC should return error");
                        velvet-ballistics:fmt | Diff in /home/lewis/src/velvet-ballistics/crates/vb_storage/src/kani_record_crc.rs:76:
                        velvet-ballistics:fmt |      // Compute correct CRC
                        velvet-ballistics:fmt |      let correct_crc = crc32c::crc32c(&header_bytes[0..CRC_OFFSET]);
                        velvet-ballistics:fmt |      // Store zero instead
                        velvet-ballistics:fmt | [31m-    header_bytes[CRC_OFFSET..CRC_OFFSET+4].copy_from_slice(&0u32.to_le_bytes());
                        velvet-ballistics:fmt | (B[m[32m+    header_bytes[CRC_OFFSET..CRC_OFFSET + 4].copy_from_slice(&0u32.to_le_bytes());
                        velvet-ballistics:fmt | (B[m 
                        velvet-ballistics:fmt |      let result = decode_record_header(&header_bytes, expected_magic, u32::MAX);
                        velvet-ballistics:fmt | [31m-    kani::assert(result.is_err(), "zero CRC should return error when correct is non-zero");
                        velvet-ballistics:fmt | (B[m[32m+    kani::assert(
                        velvet-ballistics:fmt | (B[m[32m+        result.is_err(),
                        velvet-ballistics:fmt | (B[m[32m+        "zero CRC should return error when correct is non-zero",
                        velvet-ballistics:fmt | (B[m[32m+    );
                        velvet-ballistics:fmt | (B[m }
                        velvet-ballistics:fmt |  
                        velvet-ballistics:fmt |  /// VB-STORAGE-DECODE-005 H4: decode accepts CRC with all-ones header
                        velvet-ballistics:fmt | Diff in /home/lewis/src/velvet-ballistics/crates/vb_storage/src/kani_record_crc.rs:90:
                        velvet-ballistics:fmt |      let mut header_bytes = [0xFFu8; RECORD_HEADER_BYTES];
                        velvet-ballistics:fmt |      // Override CRC_OFFSET to compute correct CRC
                        velvet-ballistics:fmt |      let crc = crc32c::crc32c(&header_bytes[0..CRC_OFFSET]);
                        velvet-ballistics:fmt | [31m-    header_bytes[CRC_OFFSET..CRC_OFFSET+4].copy_from_slice(&crc.to_le_bytes());
                        velvet-ballistics:fmt | (B[m[32m+    header_bytes[CRC_OFFSET..CRC_OFFSET + 4].copy_from_slice(&crc.to_le_bytes());
                        velvet-ballistics:fmt | (B[m 
                        velvet-ballistics:fmt |      let result = decode_record_header(&header_bytes, expected_magic, u32::MAX);
                        velvet-ballistics:fmt |      match result {
                        velvet-ballistics:fmt | Diff in /home/lewis/src/velvet-ballistics/crates/vb_storage/src/kani_record_crc.rs:115:
                        velvet-ballistics:fmt |  
                        velvet-ballistics:fmt |      // Compute correct CRC
                        velvet-ballistics:fmt |      let correct_crc = crc32c::crc32c(&header_bytes[0..CRC_OFFSET]);
                        velvet-ballistics:fmt | [31m-    header_bytes[CRC_OFFSET..CRC_OFFSET+4].copy_from_slice(&correct_crc.to_le_bytes());
                        velvet-ballistics:fmt | (B[m[32m+    header_bytes[CRC_OFFSET..CRC_OFFSET + 4].copy_from_slice(&correct_crc.to_le_bytes());
                        velvet-ballistics:fmt | (B[m 
                        velvet-ballistics:fmt |      // Now flip one bit in the header (at offset 10)
                        velvet-ballistics:fmt |      header_bytes[10] ^= 0x01;
                        velvet-ballistics:fmt | Diff in /home/lewis/src/velvet-ballistics/crates/vb_storage/src/kani_record_kind.rs:7:
                        velvet-ballistics:fmt |  //! This harness verifies kind validation in record header decoding.
                        velvet-ballistics:fmt |  
                        velvet-ballistics:fmt |  use crate::codec::header::decode_record_header;
                        velvet-ballistics:fmt | [31m-use crate::constants::{CRC_OFFSET, RECORD_HEADER_BYTES, RECORD_HEADER_LEN, CURRENT_SCHEMA_VERSION};
                        velvet-ballistics:fmt | (B[m[32m+use crate::constants::{
                        velvet-ballistics:fmt | (B[m[32m+    CRC_OFFSET, CURRENT_SCHEMA_VERSION, RECORD_HEADER_BYTES, RECORD_HEADER_LEN,
                        velvet-ballistics:fmt | (B[m[32m+};
                        velvet-ballistics:fmt | (B[m use crate::error::JournalError;
                        velvet-ballistics:fmt |  use crate::records::RecordKind;
                        velvet-ballistics:fmt |  
                        velvet-ballistics:fmt | Diff in /home/lewis/src/velvet-ballistics/crates/vb_storage/src/kani_record_kind.rs:17:
                        velvet-ballistics:fmt |  fn kani_record_kind_accepts_known_kinds() {
                        velvet-ballistics:fmt |      let expected_magic: u32 = 0x5650424Cu32;
                        velvet-ballistics:fmt |      let known_kinds: &[u16] = &[
                        velvet-ballistics:fmt | [31m-        1, 2, 3,                           // WorkflowSource, CompiledArtifact, Snapshot
                        velvet-ballistics:fmt | (B[m[31m-        10, 11, 12, 13, 14, 15, 16, 17, 18, 19, 20, 21, 22, 23, 24, 25, 26, 27, // JournalEvent variants
                        velvet-ballistics:fmt | (B[m[31m-        30,                                 // Blob
                        velvet-ballistics:fmt | (B[m[31m-        40,                                 // IndexRecord
                        velvet-ballistics:fmt | (B[m[31m-        50,                                 // Another valid kind
                        velvet-ballistics:fmt | (B[m[32m+        1, 2, 3, // WorkflowSource, CompiledArtifact, Snapshot
                        velvet-ballistics:fmt | (B[m[32m+        10, 11, 12, 13, 14, 15, 16, 17, 18, 19, 20, 21, 22, 23, 24, 25, 26,
                        velvet-ballistics:fmt | (B[m[32m+        27, // JournalEvent variants
                        velvet-ballistics:fmt | (B[m[32m+        30, // Blob
                        velvet-ballistics:fmt | (B[m[32m+        40, // IndexRecord
                        velvet-ballistics:fmt | (B[m[32m+        50, // Another valid kind
                        velvet-ballistics:fmt | (B[m     ];
                        velvet-ballistics:fmt |  
                        velvet-ballistics:fmt |      for &kind_id in known_kinds {
                        velvet-ballistics:fmt | Diff in /home/lewis/src/velvet-ballistics/crates/vb_storage/src/kani_record_kind.rs:34:
                        velvet-ballistics:fmt |          header_bytes[16..24].copy_from_slice(&0u64.to_le_bytes());
                        velvet-ballistics:fmt |  
                        velvet-ballistics:fmt |          let crc = crc32c::crc32c(&header_bytes[0..CRC_OFFSET]);
                        velvet-ballistics:fmt | [31m-        header_bytes[CRC_OFFSET..CRC_OFFSET+4].copy_from_slice(&crc.to_le_bytes());
                        velvet-ballistics:fmt | (B[m[32m+        header_bytes[CRC_OFFSET..CRC_OFFSET + 4].copy_from_slice(&crc.to_le_bytes());
                        velvet-ballistics:fmt | (B[m 
                        velvet-ballistics:fmt |          let result = decode_record_header(&header_bytes, expected_magic, u32::MAX);
                        velvet-ballistics:fmt |          match result {
                        velvet-ballistics:fmt | Diff in /home/lewis/src/velvet-ballistics/crates/vb_storage/src/kani_record_kind.rs:41:
                        velvet-ballistics:fmt |              Ok(_) => kani::assert(true, "known kind passes kind check"),
                        velvet-ballistics:fmt | [31m-            Err(JournalError::UnknownRecordKind { .. }) => kani::assert(false, "known kind should not be rejected"),
                        velvet-ballistics:fmt | (B[m[32m+            Err(JournalError::UnknownRecordKind { .. }) => {
                        velvet-ballistics:fmt | (B[m[32m+                kani::assert(false, "known kind should not be rejected")
                        velvet-ballistics:fmt | (B[m[32m+            }
                        velvet-ballistics:fmt | (B[m             Err(_) => kani::assert(true, "known kind passes kind check"),
                        velvet-ballistics:fmt |          }
                        velvet-ballistics:fmt |      }
                        velvet-ballistics:fmt | Diff in /home/lewis/src/velvet-ballistics/crates/vb_storage/src/kani_record_kind.rs:60:
                        velvet-ballistics:fmt |      header_bytes[16..24].copy_from_slice(&0u64.to_le_bytes());
                        velvet-ballistics:fmt |  
                        velvet-ballistics:fmt |      let crc = crc32c::crc32c(&header_bytes[0..CRC_OFFSET]);
                        velvet-ballistics:fmt | [31m-    header_bytes[CRC_OFFSET..CRC_OFFSET+4].copy_from_slice(&crc.to_le_bytes());
                        velvet-ballistics:fmt | (B[m[32m+    header_bytes[CRC_OFFSET..CRC_OFFSET + 4].copy_from_slice(&crc.to_le_bytes());
                        velvet-ballistics:fmt | (B[m 
                        velvet-ballistics:fmt |      let result = decode_record_header(&header_bytes, expected_magic, u32::MAX);
                        velvet-ballistics:fmt |      kani::assert(result.is_err(), "unknown kind should return error");
                        velvet-ballistics:fmt | Diff in /home/lewis/src/velvet-ballistics/crates/vb_storage/src/kani_record_kind.rs:81:
                        velvet-ballistics:fmt |      header_bytes[16..24].copy_from_slice(&0u64.to_le_bytes());
                        velvet-ballistics:fmt |  
                        velvet-ballistics:fmt |      let crc = crc32c::crc32c(&header_bytes[0..CRC_OFFSET]);
                        velvet-ballistics:fmt | [31m-    header_bytes[CRC_OFFSET..CRC_OFFSET+4].copy_from_slice(&crc.to_le_bytes());
                        velvet-ballistics:fmt | (B[m[32m+    header_bytes[CRC_OFFSET..CRC_OFFSET + 4].copy_from_slice(&crc.to_le_bytes());
                        velvet-ballistics:fmt | (B[m 
                        velvet-ballistics:fmt |      let result = decode_record_header(&header_bytes, expected_magic, u32::MAX);
                        velvet-ballistics:fmt |      kani::assert(result.is_err(), "zero kind should return error");
                        velvet-ballistics:fmt | Diff in /home/lewis/src/velvet-ballistics/crates/vb_storage/src/kani_record_kind.rs:102:
                        velvet-ballistics:fmt |      header_bytes[16..24].copy_from_slice(&0u64.to_le_bytes());
                        velvet-ballistics:fmt |  
                        velvet-ballistics:fmt |      let crc = crc32c::crc32c(&header_bytes[0..CRC_OFFSET]);
                        velvet-ballistics:fmt | [31m-    header_bytes[CRC_OFFSET..CRC_OFFSET+4].copy_from_slice(&crc.to_le_bytes());
                        velvet-ballistics:fmt | (B[m[32m+    header_bytes[CRC_OFFSET..CRC_OFFSET + 4].copy_from_slice(&crc.to_le_bytes());
                        velvet-ballistics:fmt | (B[m 
                        velvet-ballistics:fmt |      let result = decode_record_header(&header_bytes, expected_magic, u32::MAX);
                        velvet-ballistics:fmt |      kani::assert(result.is_err(), "max kind should return error");
                        velvet-ballistics:fmt | Diff in /home/lewis/src/velvet-ballistics/crates/vb_storage/src/kani_record_magic.rs:74:
                        velvet-ballistics:fmt |      // We mainly verify it doesn't return BadMagic
                        velvet-ballistics:fmt |      match result {
                        velvet-ballistics:fmt |          Ok(_) => kani::assert(true, "correct magic passes magic check"),
                        velvet-ballistics:fmt | [31m-        Err(JournalError::BadMagic { .. }) => kani::assert(false, "correct magic should not fail BadMagic"),
                        velvet-ballistics:fmt | (B[m[31m-        Err(_) => kani::assert(true, "correct magic passes magic check, other validation may fail"),
                        velvet-ballistics:fmt | (B[m[32m+        Err(JournalError::BadMagic { .. }) => {
                        velvet-ballistics:fmt | (B[m[32m+            kani::assert(false, "correct magic should not fail BadMagic")
                        velvet-ballistics:fmt | (B[m[32m+        }
                        velvet-ballistics:fmt | (B[m[32m+        Err(_) => kani::assert(
                        velvet-ballistics:fmt | (B[m[32m+            true,
                        velvet-ballistics:fmt | (B[m[32m+            "correct magic passes magic check, other validation may fail",
                        velvet-ballistics:fmt | (B[m[32m+        ),
                        velvet-ballistics:fmt | (B[m     }
                        velvet-ballistics:fmt |  }
                        velvet-ballistics:fmt |  
                        velvet-ballistics:fmt | Diff in /home/lewis/src/velvet-ballistics/crates/vb_storage/src/kani_record_payload_len.rs:7:
                        velvet-ballistics:fmt |  //! This harness verifies payload length validation in record header decoding.
                        velvet-ballistics:fmt |  
                        velvet-ballistics:fmt |  use crate::codec::header::decode_record_header;
                        velvet-ballistics:fmt | [31m-use crate::constants::{CRC_OFFSET, RECORD_HEADER_BYTES, RECORD_HEADER_LEN, CURRENT_SCHEMA_VERSION};
                        velvet-ballistics:fmt | (B[m[32m+use crate::constants::{
                        velvet-ballistics:fmt | (B[m[32m+    CRC_OFFSET, CURRENT_SCHEMA_VERSION, RECORD_HEADER_BYTES, RECORD_HEADER_LEN,
                        velvet-ballistics:fmt | (B[m[32m+};
                        velvet-ballistics:fmt | (B[m use crate::error::JournalError;
                        velvet-ballistics:fmt |  use crate::records::RecordKind;
                        velvet-ballistics:fmt |  
                        velvet-ballistics:fmt | Diff in /home/lewis/src/velvet-ballistics/crates/vb_storage/src/kani_record_payload_len.rs:27:
                        velvet-ballistics:fmt |      header_bytes[16..24].copy_from_slice(&0u64.to_le_bytes());
                        velvet-ballistics:fmt |  
                        velvet-ballistics:fmt |      let crc = crc32c::crc32c(&header_bytes[0..CRC_OFFSET]);
                        velvet-ballistics:fmt | [31m-    header_bytes[CRC_OFFSET..CRC_OFFSET+4].copy_from_slice(&crc.to_le_bytes());
                        velvet-ballistics:fmt | (B[m[32m+    header_bytes[CRC_OFFSET..CRC_OFFSET + 4].copy_from_slice(&crc.to_le_bytes());
                        velvet-ballistics:fmt | (B[m 
                        velvet-ballistics:fmt |      let result = decode_record_header(&header_bytes, expected_magic, max_payload);
                        velvet-ballistics:fmt |      match result {
                        velvet-ballistics:fmt | Diff in /home/lewis/src/velvet-ballistics/crates/vb_storage/src/kani_record_payload_len.rs:34:
                        velvet-ballistics:fmt |          Ok(_) => kani::assert(true, "payload within max accepted"),
                        velvet-ballistics:fmt | [31m-        Err(JournalError::PayloadTooLarge { .. }) => kani::assert(false, "payload within max should not be rejected"),
                        velvet-ballistics:fmt | (B[m[32m+        Err(JournalError::PayloadTooLarge { .. }) => {
                        velvet-ballistics:fmt | (B[m[32m+            kani::assert(false, "payload within max should not be rejected")
                        velvet-ballistics:fmt | (B[m[32m+        }
                        velvet-ballistics:fmt | (B[m         Err(_) => kani::assert(true, "payload within max passes length check"),
                        velvet-ballistics:fmt |      }
                        velvet-ballistics:fmt |  }
                        velvet-ballistics:fmt | Diff in /home/lewis/src/velvet-ballistics/crates/vb_storage/src/kani_record_payload_len.rs:53:
                        velvet-ballistics:fmt |      header_bytes[16..24].copy_from_slice(&0u64.to_le_bytes());
                        velvet-ballistics:fmt |  
                        velvet-ballistics:fmt |      let crc = crc32c::crc32c(&header_bytes[0..CRC_OFFSET]);
                        velvet-ballistics:fmt | [31m-    header_bytes[CRC_OFFSET..CRC_OFFSET+4].copy_from_slice(&crc.to_le_bytes());
                        velvet-ballistics:fmt | (B[m[32m+    header_bytes[CRC_OFFSET..CRC_OFFSET + 4].copy_from_slice(&crc.to_le_bytes());
                        velvet-ballistics:fmt | (B[m 
                        velvet-ballistics:fmt |      let result = decode_record_header(&header_bytes, expected_magic, max_payload);
                        velvet-ballistics:fmt |      kani::assert(result.is_err(), "payload exceeding max should return error");
                        velvet-ballistics:fmt | Diff in /home/lewis/src/velvet-ballistics/crates/vb_storage/src/kani_record_payload_len.rs:80:
                        velvet-ballistics:fmt |      header_bytes[16..24].copy_from_slice(&0u64.to_le_bytes());
                        velvet-ballistics:fmt |  
                        velvet-ballistics:fmt |      let crc = crc32c::crc32c(&header_bytes[0..CRC_OFFSET]);
                        velvet-ballistics:fmt | [31m-    header_bytes[CRC_OFFSET..CRC_OFFSET+4].copy_from_slice(&crc.to_le_bytes());
                        velvet-ballistics:fmt | (B[m[32m+    header_bytes[CRC_OFFSET..CRC_OFFSET + 4].copy_from_slice(&crc.to_le_bytes());
                        velvet-ballistics:fmt | (B[m 
                        velvet-ballistics:fmt |      let result = decode_record_header(&header_bytes, expected_magic, max_payload);
                        velvet-ballistics:fmt | [31m-    kani::assert(result.is_err(), "payload exactly over max should return error");
                        velvet-ballistics:fmt | (B[m[32m+    kani::assert(
                        velvet-ballistics:fmt | (B[m[32m+        result.is_err(),
                        velvet-ballistics:fmt | (B[m[32m+        "payload exactly over max should return error",
                        velvet-ballistics:fmt | (B[m[32m+    );
                        velvet-ballistics:fmt | (B[m }
                        velvet-ballistics:fmt |  
                        velvet-ballistics:fmt |  /// VB-STORAGE-DECODE-004 H4: decode accepts payload_len exactly at max
                        velvet-ballistics:fmt | Diff in /home/lewis/src/velvet-ballistics/crates/vb_storage/src/kani_record_payload_len.rs:102:
                        velvet-ballistics:fmt |      header_bytes[16..24].copy_from_slice(&0u64.to_le_bytes());
                        velvet-ballistics:fmt |  
                        velvet-ballistics:fmt |      let crc = crc32c::crc32c(&header_bytes[0..CRC_OFFSET]);
                        velvet-ballistics:fmt | [31m-    header_bytes[CRC_OFFSET..CRC_OFFSET+4].copy_from_slice(&crc.to_le_bytes());
                        velvet-ballistics:fmt | (B[m[32m+    header_bytes[CRC_OFFSET..CRC_OFFSET + 4].copy_from_slice(&crc.to_le_bytes());
                        velvet-ballistics:fmt | (B[m 
                        velvet-ballistics:fmt |      let result = decode_record_header(&header_bytes, expected_magic, max_payload);
                        velvet-ballistics:fmt |      match result {
                        velvet-ballistics:fmt | Diff in /home/lewis/src/velvet-ballistics/crates/vb_storage/src/kani_record_payload_len.rs:109:
                        velvet-ballistics:fmt |          Ok(_) => kani::assert(true, "payload at max accepted"),
                        velvet-ballistics:fmt | [31m-        Err(JournalError::PayloadTooLarge { .. }) => kani::assert(false, "payload at max should not be rejected"),
                        velvet-ballistics:fmt | (B[m[32m+        Err(JournalError::PayloadTooLarge { .. }) => {
                        velvet-ballistics:fmt | (B[m[32m+            kani::assert(false, "payload at max should not be rejected")
                        velvet-ballistics:fmt | (B[m[32m+        }
                        velvet-ballistics:fmt | (B[m         Err(_) => kani::assert(true, "payload at max passes length check"),
                        velvet-ballistics:fmt |      }
                        velvet-ballistics:fmt |  }
                        velvet-ballistics:fmt | Diff in /home/lewis/src/velvet-ballistics/crates/vb_storage/src/kani_record_payload_len.rs:128:
                        velvet-ballistics:fmt |      header_bytes[16..24].copy_from_slice(&0u64.to_le_bytes());
                        velvet-ballistics:fmt |  
                        velvet-ballistics:fmt |      let crc = crc32c::crc32c(&header_bytes[0..CRC_OFFSET]);
                        velvet-ballistics:fmt | [31m-    header_bytes[CRC_OFFSET..CRC_OFFSET+4].copy_from_slice(&crc.to_le_bytes());
                        velvet-ballistics:fmt | (B[m[32m+    header_bytes[CRC_OFFSET..CRC_OFFSET + 4].copy_from_slice(&crc.to_le_bytes());
                        velvet-ballistics:fmt | (B[m 
                        velvet-ballistics:fmt |      let result = decode_record_header(&header_bytes, expected_magic, max_payload);
                        velvet-ballistics:fmt | [31m-    kani::assert(result.is_err(), "non-zero payload with zero max should return error");
                        velvet-ballistics:fmt | (B[m[32m+    kani::assert(
                        velvet-ballistics:fmt | (B[m[32m+        result.is_err(),
                        velvet-ballistics:fmt | (B[m[32m+        "non-zero payload with zero max should return error",
                        velvet-ballistics:fmt | (B[m[32m+    );
                        velvet-ballistics:fmt | (B[m }
                        velvet-ballistics:fmt |  
                        velvet-ballistics:fmt | Diff in /home/lewis/src/velvet-ballistics/crates/vb_storage/src/kani_record_schema.rs:7:
                        velvet-ballistics:fmt |  //! This harness verifies schema version validation in record header decoding.
                        velvet-ballistics:fmt |  
                        velvet-ballistics:fmt |  use crate::codec::header::decode_record_header;
                        velvet-ballistics:fmt | [31m-use crate::constants::{CRC_OFFSET, RECORD_HEADER_BYTES, RECORD_HEADER_LEN, CURRENT_SCHEMA_VERSION};
                        velvet-ballistics:fmt | (B[m[32m+use crate::constants::{
                        velvet-ballistics:fmt | (B[m[32m+    CRC_OFFSET, CURRENT_SCHEMA_VERSION, RECORD_HEADER_BYTES, RECORD_HEADER_LEN,
                        velvet-ballistics:fmt | (B[m[32m+};
                        velvet-ballistics:fmt | (B[m use crate::error::JournalError;
                        velvet-ballistics:fmt |  use crate::records::RecordKind;
                        velvet-ballistics:fmt |  
                        velvet-ballistics:fmt | Diff in /home/lewis/src/velvet-ballistics/crates/vb_storage/src/kani_record_schema.rs:25:
                        velvet-ballistics:fmt |      header_bytes[16..24].copy_from_slice(&0u64.to_le_bytes());
                        velvet-ballistics:fmt |  
                        velvet-ballistics:fmt |      let crc = crc32c::crc32c(&header_bytes[0..CRC_OFFSET]);
                        velvet-ballistics:fmt | [31m-    header_bytes[CRC_OFFSET..CRC_OFFSET+4].copy_from_slice(&crc.to_le_bytes());
                        velvet-ballistics:fmt | (B[m[32m+    header_bytes[CRC_OFFSET..CRC_OFFSET + 4].copy_from_slice(&crc.to_le_bytes());
                        velvet-ballistics:fmt | (B[m 
                        velvet-ballistics:fmt |      let result = decode_record_header(&header_bytes, expected_magic, u32::MAX);
                        velvet-ballistics:fmt |      // Should not fail due to schema version
                        velvet-ballistics:fmt | Diff in /home/lewis/src/velvet-ballistics/crates/vb_storage/src/kani_record_schema.rs:32:
                        velvet-ballistics:fmt |      match result {
                        velvet-ballistics:fmt |          Ok(_) => kani::assert(true, "current schema version accepted"),
                        velvet-ballistics:fmt | [31m-        Err(JournalError::MigrationRequired { .. }) => kani::assert(false, "current schema should not require migration"),
                        velvet-ballistics:fmt | (B[m[31m-        Err(JournalError::UnsupportedSchemaVersion { .. }) => kani::assert(false, "current schema should not be unsupported"),
                        velvet-ballistics:fmt | (B[m[32m+        Err(JournalError::MigrationRequired { .. }) => {
                        velvet-ballistics:fmt | (B[m[32m+            kani::assert(false, "current schema should not require migration")
                        velvet-ballistics:fmt | (B[m[32m+        }
                        velvet-ballistics:fmt | (B[m[32m+        Err(JournalError::UnsupportedSchemaVersion { .. }) => {
                        velvet-ballistics:fmt | (B[m[32m+            kani::assert(false, "current schema should not be unsupported")
                        velvet-ballistics:fmt | (B[m[32m+        }
                        velvet-ballistics:fmt | (B[m         Err(_) => kani::assert(true, "current schema passes version check"),
                        velvet-ballistics:fmt |      }
                        velvet-ballistics:fmt |  }
                        velvet-ballistics:fmt | Diff in /home/lewis/src/velvet-ballistics/crates/vb_storage/src/kani_record_schema.rs:52:
                        velvet-ballistics:fmt |      header_bytes[16..24].copy_from_slice(&0u64.to_le_bytes());
                        velvet-ballistics:fmt |  
                        velvet-ballistics:fmt |      let crc = crc32c::crc32c(&header_bytes[0..CRC_OFFSET]);
                        velvet-ballistics:fmt | [31m-    header_bytes[CRC_OFFSET..CRC_OFFSET+4].copy_from_slice(&crc.to_le_bytes());
                        velvet-ballistics:fmt | (B[m[32m+    header_bytes[CRC_OFFSET..CRC_OFFSET + 4].copy_from_slice(&crc.to_le_bytes());
                        velvet-ballistics:fmt | (B[m 
                        velvet-ballistics:fmt |      let result = decode_record_header(&header_bytes, expected_magic, u32::MAX);
                        velvet-ballistics:fmt |      kani::assert(result.is_err(), "future schema version should return error");
                        velvet-ballistics:fmt | Diff in /home/lewis/src/velvet-ballistics/crates/vb_storage/src/kani_record_schema.rs:77:
                        velvet-ballistics:fmt |      header_bytes[16..24].copy_from_slice(&0u64.to_le_bytes());
                        velvet-ballistics:fmt |  
                        velvet-ballistics:fmt |      let crc = crc32c::crc32c(&header_bytes[0..CRC_OFFSET]);
                        velvet-ballistics:fmt | [31m-    header_bytes[CRC_OFFSET..CRC_OFFSET+4].copy_from_slice(&crc.to_le_bytes());
                        velvet-ballistics:fmt | (B[m[32m+    header_bytes[CRC_OFFSET..CRC_OFFSET + 4].copy_from_slice(&crc.to_le_bytes());
                        velvet-ballistics:fmt | (B[m 
                        velvet-ballistics:fmt |      let result = decode_record_header(&header_bytes, expected_magic, u32::MAX);
                        velvet-ballistics:fmt |      kani::assert(result.is_err(), "old schema version should return error");
                        velvet-ballistics:fmt | Diff in /home/lewis/src/velvet-ballistics/crates/vb_storage/src/kani_record_schema.rs:84:
                        velvet-ballistics:fmt |  
                        velvet-ballistics:fmt |      match result {
                        velvet-ballistics:fmt | [31m-        Err(JournalError::MigrationRequired { .. }) | Err(JournalError::UnsupportedSchemaVersion { .. }) => {}
                        velvet-ballistics:fmt | (B[m[31m-        _ => kani::assert(false, "old version should return migration or unsupported error"),
                        velvet-ballistics:fmt | (B[m[32m+        Err(JournalError::MigrationRequired { .. })
                        velvet-ballistics:fmt | (B[m[32m+        | Err(JournalError::UnsupportedSchemaVersion { .. }) => {}
                        velvet-ballistics:fmt | (B[m[32m+        _ => kani::assert(
                        velvet-ballistics:fmt | (B[m[32m+            false,
                        velvet-ballistics:fmt | (B[m[32m+            "old version should return migration or unsupported error",
                        velvet-ballistics:fmt | (B[m[32m+        ),
                        velvet-ballistics:fmt | (B[m     }
                        velvet-ballistics:fmt |  }
                        velvet-ballistics:fmt |  
                        velvet-ballistics:fmt | Diff in /home/lewis/src/velvet-ballistics/crates/vb_storage/src/kani_record_schema.rs:103:
                        velvet-ballistics:fmt |      header_bytes[16..24].copy_from_slice(&0u64.to_le_bytes());
                        velvet-ballistics:fmt |  
                        velvet-ballistics:fmt |      let crc = crc32c::crc32c(&header_bytes[0..CRC_OFFSET]);
                        velvet-ballistics:fmt | [31m-    header_bytes[CRC_OFFSET..CRC_OFFSET+4].copy_from_slice(&crc.to_le_bytes());
                        velvet-ballistics:fmt | (B[m[32m+    header_bytes[CRC_OFFSET..CRC_OFFSET + 4].copy_from_slice(&crc.to_le_bytes());
                        velvet-ballistics:fmt | (B[m 
                        velvet-ballistics:fmt |      let result = decode_record_header(&header_bytes, expected_magic, u32::MAX);
                        velvet-ballistics:fmt |      kani::assert(result.is_err(), "version 0 should return error");
                        velvet-ballistics:fmt | Diff in /home/lewis/src/velvet-ballistics/crates/vb_storage/tests/recovery_bdd_tests.rs:5:
                        velvet-ballistics:fmt |  
                        velvet-ballistics:fmt |  #![forbid(unsafe_code)]
                        velvet-ballistics:fmt |  
                        velvet-ballistics:fmt | [32m+use chrono::{DateTime, Utc};
                        velvet-ballistics:fmt | (B[m[32m+use tempfile::TempDir;
                        velvet-ballistics:fmt | (B[m use vb_core::{ActionId, RunId, SlotIdx, SlotValue, StepIdx, Taint, WorkflowDigest};
                        velvet-ballistics:fmt |  use vb_storage::recovery::{
                        velvet-ballistics:fmt | [31m-    ActionReplayTracker, DigestCheck, RecoveredSlotEntry, RecoveredStepEntry,
                        velvet-ballistics:fmt | (B[m[31m-    RecoveredStepState, RecoveryError, RecoveryFrameSeed, RecoveryHydration,
                        velvet-ballistics:fmt | (B[m[31m-    RecoveryRuntimeSummary, RecoveryTerminalState, RunSnapshot,
                        velvet-ballistics:fmt | (B[m[31m-    check_compiled_ir_digest, check_workflow_source_digest,
                        velvet-ballistics:fmt | (B[m[31m-    hydrate_run_frame, hydrate_run_frame_from_events, is_terminal_event,
                        velvet-ballistics:fmt | (B[m[31m-    recover_full_journal, recover_runtime_frame_seed, recover_runtime_summary,
                        velvet-ballistics:fmt | (B[m[31m-    recover_snapshot_plus_tail, verify_digests,
                        velvet-ballistics:fmt | (B[m[32m+    ActionReplayTracker, DigestCheck, RecoveredSlotEntry, RecoveredStepEntry, RecoveredStepState,
                        velvet-ballistics:fmt | (B[m[32m+    RecoveryError, RecoveryFrameSeed, RecoveryHydration, RecoveryRuntimeSummary,
                        velvet-ballistics:fmt | (B[m[32m+    RecoveryTerminalState, RunSnapshot, check_compiled_ir_digest, check_workflow_source_digest,
                        velvet-ballistics:fmt | (B[m[32m+    hydrate_run_frame, hydrate_run_frame_from_events, is_terminal_event, recover_full_journal,
                        velvet-ballistics:fmt | (B[m[32m+    recover_runtime_frame_seed, recover_runtime_summary, recover_snapshot_plus_tail,
                        velvet-ballistics:fmt | (B[m[32m+    verify_digests,
                        velvet-ballistics:fmt | (B[m };
                        velvet-ballistics:fmt |  use vb_storage::{EventSeq, FjallConfig, FjallJournal, JournalEvent};
                        velvet-ballistics:fmt | [31m-use chrono::{DateTime, Utc};
                        velvet-ballistics:fmt | (B[m[31m-use tempfile::TempDir;
                        velvet-ballistics:fmt | (B[m 
                        velvet-ballistics:fmt |  fn test_digest(byte: u8) -> WorkflowDigest {
                        velvet-ballistics:fmt |      WorkflowDigest::from_bytes([byte; 32])
                        velvet-ballistics:fmt | Diff in /home/lewis/src/velvet-ballistics/crates/vb_storage/tests/recovery_bdd_tests.rs:224:
                        velvet-ballistics:fmt |  
                        velvet-ballistics:fmt |      // GA-002a: Full-journal replay reconstructs equivalent event set
                        velvet-ballistics:fmt |      let mut tracker = ActionReplayTracker::new();
                        velvet-ballistics:fmt | [31m-    let replayed =
                        velvet-ballistics:fmt | (B[m[31m-        recover_full_journal(&journal, run, &mut tracker).expect("full journal replay should succeed");
                        velvet-ballistics:fmt | (B[m[32m+    let replayed = recover_full_journal(&journal, run, &mut tracker)
                        velvet-ballistics:fmt | (B[m[32m+        .expect("full journal replay should succeed");
                        velvet-ballistics:fmt | (B[m     assert_eq!(replayed.len(), events.len());
                        velvet-ballistics:fmt |      for (i, (orig, rec)) in events.iter().zip(replayed.iter()).enumerate() {
                        velvet-ballistics:fmt |          assert_eq!(orig, rec, "event at index {i} must match exactly");
                        velvet-ballistics:fmt | Diff in /home/lewis/src/velvet-ballistics/crates/vb_storage/tests/recovery_bdd_tests.rs:286:
                        velvet-ballistics:fmt |  
                        velvet-ballistics:fmt |      {
                        velvet-ballistics:fmt |          let journal = open_journal(&dir);
                        velvet-ballistics:fmt | [31m-        write_events_strict(&journal, &[
                        velvet-ballistics:fmt | (B[m[31m-            JournalEvent::RunAccepted { run, seq: EventSeq::new(0), workflow: digest },
                        velvet-ballistics:fmt | (B[m[31m-        ]);
                        velvet-ballistics:fmt | (B[m[32m+        write_events_strict(
                        velvet-ballistics:fmt | (B[m[32m+            &journal,
                        velvet-ballistics:fmt | (B[m[32m+            &[JournalEvent::RunAccepted {
                        velvet-ballistics:fmt | (B[m[32m+                run,
                        velvet-ballistics:fmt | (B[m[32m+                seq: EventSeq::new(0),
                        velvet-ballistics:fmt | (B[m[32m+                workflow: digest,
                        velvet-ballistics:fmt | (B[m[32m+            }],
                        velvet-ballistics:fmt | (B[m[32m+        );
                        velvet-ballistics:fmt | (B[m     }
                        velvet-ballistics:fmt |  
                        velvet-ballistics:fmt |      let journal = open_journal(&dir);
                        velvet-ballistics:fmt | Diff in /home/lewis/src/velvet-ballistics/crates/vb_storage/tests/recovery_bdd_tests.rs:339:
                        velvet-ballistics:fmt |  
                        velvet-ballistics:fmt |      {
                        velvet-ballistics:fmt |          let journal = open_journal(&dir);
                        velvet-ballistics:fmt | [31m-        write_events_strict(&journal, &[
                        velvet-ballistics:fmt | (B[m[31m-            JournalEvent::RunAccepted { run, seq: EventSeq::new(0), workflow: digest },
                        velvet-ballistics:fmt | (B[m[31m-        ]);
                        velvet-ballistics:fmt | (B[m[32m+        write_events_strict(
                        velvet-ballistics:fmt | (B[m[32m+            &journal,
                        velvet-ballistics:fmt | (B[m[32m+            &[JournalEvent::RunAccepted {
                        velvet-ballistics:fmt | (B[m[32m+                run,
                        velvet-ballistics:fmt | (B[m[32m+                seq: EventSeq::new(0),
                        velvet-ballistics:fmt | (B[m[32m+                workflow: digest,
                        velvet-ballistics:fmt | (B[m[32m+            }],
                        velvet-ballistics:fmt | (B[m[32m+        );
                        velvet-ballistics:fmt | (B[m     }
                        velvet-ballistics:fmt |  
                        velvet-ballistics:fmt |      let journal = open_journal(&dir);
                        velvet-ballistics:fmt | Diff in /home/lewis/src/velvet-ballistics/crates/vb_storage/tests/recovery_bdd_tests.rs:464:
                        velvet-ballistics:fmt |  
                        velvet-ballistics:fmt |      match hydration {
                        velvet-ballistics:fmt |          RecoveryHydration::Summary(summary) => {
                        velvet-ballistics:fmt | [31m-            assert_eq!(summary.suspensions, 1, "one wait suspension must be counted");
                        velvet-ballistics:fmt | (B[m[32m+            assert_eq!(
                        velvet-ballistics:fmt | (B[m[32m+                summary.suspensions, 1,
                        velvet-ballistics:fmt | (B[m[32m+                "one wait suspension must be counted"
                        velvet-ballistics:fmt | (B[m[32m+            );
                        velvet-ballistics:fmt | (B[m             assert_eq!(summary.steps_started, 1);
                        velvet-ballistics:fmt |          }
                        velvet-ballistics:fmt |          RecoveryHydration::FrameSeed(_) => {
                        velvet-ballistics:fmt | Diff in /home/lewis/src/velvet-ballistics/crates/vb_storage/tests/recovery_bdd_tests.rs:474:
                        velvet-ballistics:fmt |  
                        velvet-ballistics:fmt |      // GA-004a: No in-memory wait state used — all from durable events
                        velvet-ballistics:fmt |      let mut tracker = ActionReplayTracker::new();
                        velvet-ballistics:fmt | [31m-    let replayed =
                        velvet-ballistics:fmt | (B[m[31m-        recover_full_journal(&journal, run, &mut tracker).expect("full journal replay should succeed");
                        velvet-ballistics:fmt | (B[m[32m+    let replayed = recover_full_journal(&journal, run, &mut tracker)
                        velvet-ballistics:fmt | (B[m[32m+        .expect("full journal replay should succeed");
                        velvet-ballistics:fmt | (B[m     assert_eq!(replayed.len(), events.len());
                        velvet-ballistics:fmt |  
                        velvet-ballistics:fmt |      // WaitScheduledEvent is present in durable log
                        velvet-ballistics:fmt | Diff in /home/lewis/src/velvet-ballistics/crates/vb_storage/tests/recovery_bdd_tests.rs:482:
                        velvet-ballistics:fmt |      assert!(
                        velvet-ballistics:fmt | [31m-        replayed.iter().any(|e| matches!(e, JournalEvent::WaitScheduledEvent { .. })),
                        velvet-ballistics:fmt | (B[m[32m+        replayed
                        velvet-ballistics:fmt | (B[m[32m+            .iter()
                        velvet-ballistics:fmt | (B[m[32m+            .any(|e| matches!(e, JournalEvent::WaitScheduledEvent { .. })),
                        velvet-ballistics:fmt | (B[m         "wait event must be in durable log"
                        velvet-ballistics:fmt |      );
                        velvet-ballistics:fmt |  }
                        velvet-ballistics:fmt | Diff in /home/lewis/src/velvet-ballistics/crates/vb_storage/tests/recovery_bdd_tests.rs:552:
                        velvet-ballistics:fmt |      }
                        velvet-ballistics:fmt |  
                        velvet-ballistics:fmt |      let mut tracker = ActionReplayTracker::new();
                        velvet-ballistics:fmt | [31m-    let replayed =
                        velvet-ballistics:fmt | (B[m[31m-        recover_full_journal(&journal, run, &mut tracker).expect("full journal replay should succeed");
                        velvet-ballistics:fmt | (B[m[32m+    let replayed = recover_full_journal(&journal, run, &mut tracker)
                        velvet-ballistics:fmt | (B[m[32m+        .expect("full journal replay should succeed");
                        velvet-ballistics:fmt | (B[m 
                        velvet-ballistics:fmt |      // AskScheduledEvent and AskAnsweredEvent must be in durable log
                        velvet-ballistics:fmt |      assert!(
                        velvet-ballistics:fmt | Diff in /home/lewis/src/velvet-ballistics/crates/vb_storage/tests/recovery_bdd_tests.rs:619:
                        velvet-ballistics:fmt |  
                        velvet-ballistics:fmt |      // GA-006a: After restart, action is marked resolved — no re-execution
                        velvet-ballistics:fmt |      let mut tracker = ActionReplayTracker::new();
                        velvet-ballistics:fmt | [31m-    let _replayed =
                        velvet-ballistics:fmt | (B[m[31m-        recover_full_journal(&journal, run, &mut tracker).expect("full journal replay should succeed");
                        velvet-ballistics:fmt | (B[m[32m+    let _replayed = recover_full_journal(&journal, run, &mut tracker)
                        velvet-ballistics:fmt | (B[m[32m+        .expect("full journal replay should succeed");
                        velvet-ballistics:fmt | (B[m 
                        velvet-ballistics:fmt |      assert!(
                        velvet-ballistics:fmt |          tracker.is_resolved(action_id, StepIdx::ZERO),
                        velvet-ballistics:fmt | Diff in /home/lewis/src/velvet-ballistics/crates/vb_storage/tests/recovery_bdd_tests.rs:723:
                        velvet-ballistics:fmt |      let digest = test_digest(0xA7);
                        velvet-ballistics:fmt |  
                        velvet-ballistics:fmt |      // Serialize collect pagination state via postcard
                        velvet-ballistics:fmt | [31m-    let extra_bytes: Vec<u8> = postcard::to_allocvec(&("collect_state_v1".as_bytes(), 42usize, 3usize, 10usize))
                        velvet-ballistics:fmt | (B[m[31m-        .expect("postcard serialize should succeed");
                        velvet-ballistics:fmt | (B[m[32m+    let extra_bytes: Vec<u8> =
                        velvet-ballistics:fmt | (B[m[32m+        postcard::to_allocvec(&("collect_state_v1".as_bytes(), 42usize, 3usize, 10usize))
                        velvet-ballistics:fmt | (B[m[32m+            .expect("postcard serialize should succeed");
                        velvet-ballistics:fmt | (B[m 
                        velvet-ballistics:fmt |      let events = vec![
                        velvet-ballistics:fmt |          JournalEvent::RunAccepted {
                        velvet-ballistics:fmt | Diff in /home/lewis/src/velvet-ballistics/crates/vb_storage/tests/recovery_bdd_tests.rs:828:
                        velvet-ballistics:fmt |      }
                        velvet-ballistics:fmt |  
                        velvet-ballistics:fmt |      // GA-007b: recover_runtime_summary handles corrupt extra gracefully
                        velvet-ballistics:fmt | [31m-    let hydration =
                        velvet-ballistics:fmt | (B[m[31m-        recover_runtime_summary(&journal, run).expect("summary recovery should handle corrupt extra");
                        velvet-ballistics:fmt | (B[m[32m+    let hydration = recover_runtime_summary(&journal, run)
                        velvet-ballistics:fmt | (B[m[32m+        .expect("summary recovery should handle corrupt extra");
                        velvet-ballistics:fmt | (B[m     match hydration {
                        velvet-ballistics:fmt |          RecoveryHydration::Summary(s) => {
                        velvet-ballistics:fmt |              assert_eq!(s.slots_written, 1);
                        velvet-ballistics:fmt | Diff in /home/lewis/src/velvet-ballistics/crates/vb_storage/tests/recovery_bdd_tests.rs:865:
                        velvet-ballistics:fmt |  
                        velvet-ballistics:fmt |      // GA-008a: recover_runtime_summary must not return empty successful frame
                        velvet-ballistics:fmt |      // It should either succeed with minimal summary OR return NoRecoveryData
                        velvet-ballistics:fmt | [31m-    let hydration =
                        velvet-ballistics:fmt | (B[m[31m-        recover_runtime_summary(&journal, run).expect("summary recovery should succeed for header-only run");
                        velvet-ballistics:fmt | (B[m[32m+    let hydration = recover_runtime_summary(&journal, run)
                        velvet-ballistics:fmt | (B[m[32m+        .expect("summary recovery should succeed for header-only run");
                        velvet-ballistics:fmt | (B[m 
                        velvet-ballistics:fmt |      match hydration {
                        velvet-ballistics:fmt |          RecoveryHydration::Summary(summary) => {
                        velvet-ballistics:fmt | Diff in /home/lewis/src/velvet-ballistics/crates/vb_storage/tests/recovery_bdd_tests.rs:873:
                        velvet-ballistics:fmt |              assert_eq!(summary.run, run);
                        velvet-ballistics:fmt | [31m-            assert_eq!(summary.steps_started, 0, "no steps started for header-only run");
                        velvet-ballistics:fmt | (B[m[31m-            assert_eq!(summary.terminal, None, "no terminal state for header-only run");
                        velvet-ballistics:fmt | (B[m[32m+            assert_eq!(
                        velvet-ballistics:fmt | (B[m[32m+                summary.steps_started, 0,
                        velvet-ballistics:fmt | (B[m[32m+                "no steps started for header-only run"
                        velvet-ballistics:fmt | (B[m[32m+            );
                        velvet-ballistics:fmt | (B[m[32m+            assert_eq!(
                        velvet-ballistics:fmt | (B[m[32m+                summary.terminal, None,
                        velvet-ballistics:fmt | (B[m[32m+                "no terminal state for header-only run"
                        velvet-ballistics:fmt | (B[m[32m+            );
                        velvet-ballistics:fmt | (B[m             // This is NOT an empty success frame — it's a valid minimal summary
                        velvet-ballistics:fmt |          }
                        velvet-ballistics:fmt |          RecoveryHydration::FrameSeed(_) => {
                        velvet-ballistics:fmt | Diff in /home/lewis/src/velvet-ballistics/crates/vb_storage/tests/recovery_bdd_tests.rs:1049:
                        velvet-ballistics:fmt |      // Tail with a slot index at u16::MAX to overflow slot_count derivation
                        velvet-ballistics:fmt |      // derive_dimensions_from_snapshot_and_tail computes max_slot + 1;
                        velvet-ballistics:fmt |      // u16::MAX + 1 overflows and returns FrameDimensionOverflow
                        velvet-ballistics:fmt | [31m-    let tail = vec![
                        velvet-ballistics:fmt | (B[m[31m-        JournalEvent::SlotWrittenEvent {
                        velvet-ballistics:fmt | (B[m[31m-            run,
                        velvet-ballistics:fmt | (B[m[31m-            seq: EventSeq::new(2),
                        velvet-ballistics:fmt | (B[m[31m-            slot: SlotIdx::new(u16::MAX), // overflow: max_slot + 1 = u16::MAX + 1
                        velvet-ballistics:fmt | (B[m[31m-            value: None,
                        velvet-ballistics:fmt | (B[m[31m-            extra: None,
                        velvet-ballistics:fmt | (B[m[31m-            attempt: 1,
                        velvet-ballistics:fmt | (B[m[31m-        },
                        velvet-ballistics:fmt | (B[m[31m-    ];
                        velvet-ballistics:fmt | (B[m[32m+    let tail = vec![JournalEvent::SlotWrittenEvent {
                        velvet-ballistics:fmt | (B[m[32m+        run,
                        velvet-ballistics:fmt | (B[m[32m+        seq: EventSeq::new(2),
                        velvet-ballistics:fmt | (B[m[32m+        slot: SlotIdx::new(u16::MAX), // overflow: max_slot + 1 = u16::MAX + 1
                        velvet-ballistics:fmt | (B[m[32m+        value: None,
                        velvet-ballistics:fmt | (B[m[32m+        extra: None,
                        velvet-ballistics:fmt | (B[m[32m+        attempt: 1,
                        velvet-ballistics:fmt | (B[m[32m+    }];
                        velvet-ballistics:fmt | (B[m 
                        velvet-ballistics:fmt |      {
                        velvet-ballistics:fmt |          let journal = open_journal(&dir);
                        velvet-ballistics:fmt | Diff in /home/lewis/src/velvet-ballistics/crates/vb_storage/tests/recovery_bdd_tests.rs:1065:
                        velvet-ballistics:fmt | [31m-        write_events_strict(&journal, &[
                        velvet-ballistics:fmt | (B[m[31m-            JournalEvent::RunAccepted { run, seq: EventSeq::ZERO, workflow: digest },
                        velvet-ballistics:fmt | (B[m[31m-        ]);
                        velvet-ballistics:fmt | (B[m[32m+        write_events_strict(
                        velvet-ballistics:fmt | (B[m[32m+            &journal,
                        velvet-ballistics:fmt | (B[m[32m+            &[JournalEvent::RunAccepted {
                        velvet-ballistics:fmt | (B[m[32m+                run,
                        velvet-ballistics:fmt | (B[m[32m+                seq: EventSeq::ZERO,
                        velvet-ballistics:fmt | (B[m[32m+                workflow: digest,
                        velvet-ballistics:fmt | (B[m[32m+            }],
                        velvet-ballistics:fmt | (B[m[32m+        );
                        velvet-ballistics:fmt | (B[m     }
                        velvet-ballistics:fmt |  
                        velvet-ballistics:fmt |      let journal = open_journal(&dir);
                        velvet-ballistics:fmt | Diff in /home/lewis/src/velvet-ballistics/crates/vb_storage/tests/recovery_bdd_tests.rs:1098:
                        velvet-ballistics:fmt |          taint: vec![],
                        velvet-ballistics:fmt |      };
                        velvet-ballistics:fmt |  
                        velvet-ballistics:fmt | [31m-    let tail = vec![
                        velvet-ballistics:fmt | (B[m[31m-        JournalEvent::StepStarted {
                        velvet-ballistics:fmt | (B[m[31m-            run,
                        velvet-ballistics:fmt | (B[m[31m-            seq: EventSeq::new(2),
                        velvet-ballistics:fmt | (B[m[31m-            step: StepIdx::ZERO,
                        velvet-ballistics:fmt | (B[m[31m-            attempt: 1,
                        velvet-ballistics:fmt | (B[m[31m-        },
                        velvet-ballistics:fmt | (B[m[31m-    ];
                        velvet-ballistics:fmt | (B[m[32m+    let tail = vec![JournalEvent::StepStarted {
                        velvet-ballistics:fmt | (B[m[32m+        run,
                        velvet-ballistics:fmt | (B[m[32m+        seq: EventSeq::new(2),
                        velvet-ballistics:fmt | (B[m[32m+        step: StepIdx::ZERO,
                        velvet-ballistics:fmt | (B[m[32m+        attempt: 1,
                        velvet-ballistics:fmt | (B[m[32m+    }];
                        velvet-ballistics:fmt | (B[m 
                        velvet-ballistics:fmt |      {
                        velvet-ballistics:fmt |          let journal = open_journal(&dir);
                        velvet-ballistics:fmt | Diff in /home/lewis/src/velvet-ballistics/crates/vb_storage/tests/recovery_bdd_tests.rs:1112:
                        velvet-ballistics:fmt | [31m-        write_events_strict(&journal, &[
                        velvet-ballistics:fmt | (B[m[31m-            JournalEvent::RunAccepted { run, seq: EventSeq::ZERO, workflow: digest },
                        velvet-ballistics:fmt | (B[m[31m-        ]);
                        velvet-ballistics:fmt | (B[m[32m+        write_events_strict(
                        velvet-ballistics:fmt | (B[m[32m+            &journal,
                        velvet-ballistics:fmt | (B[m[32m+            &[JournalEvent::RunAccepted {
                        velvet-ballistics:fmt | (B[m[32m+                run,
                        velvet-ballistics:fmt | (B[m[32m+                seq: EventSeq::ZERO,
                        velvet-ballistics:fmt | (B[m[32m+                workflow: digest,
                        velvet-ballistics:fmt | (B[m[32m+            }],
                        velvet-ballistics:fmt | (B[m[32m+        );
                        velvet-ballistics:fmt | (B[m     }
                        velvet-ballistics:fmt |  
                        velvet-ballistics:fmt |      let journal = open_journal(&dir);
                        velvet-ballistics:fmt | Diff in /home/lewis/src/velvet-ballistics/crates/vb_storage/tests/recovery_bdd_tests.rs:1118:
                        velvet-ballistics:fmt |  
                        velvet-ballistics:fmt |      // GA-012a: Snapshot run_id mismatch returns CorruptSnapshot (contract B-012, POST-008)
                        velvet-ballistics:fmt |      let result = hydrate_run_frame(&snapshot, &tail, run);
                        velvet-ballistics:fmt | [31m-    let Err(RecoveryError::CorruptSnapshot { run: found_run, seq: found_seq }) = result else {
                        velvet-ballistics:fmt | (B[m[32m+    let Err(RecoveryError::CorruptSnapshot {
                        velvet-ballistics:fmt | (B[m[32m+        run: found_run,
                        velvet-ballistics:fmt | (B[m[32m+        seq: found_seq,
                        velvet-ballistics:fmt | (B[m[32m+    }) = result
                        velvet-ballistics:fmt | (B[m[32m+    else {
                        velvet-ballistics:fmt | (B[m         panic!("expected CorruptSnapshot for snapshot run_id mismatch, got: {result:?}");
                        velvet-ballistics:fmt |      };
                        velvet-ballistics:fmt | [31m-    assert_eq!(found_run, wrong_run, "found_run must be the mismatched snapshot run");
                        velvet-ballistics:fmt | (B[m[31m-    assert_eq!(found_seq, EventSeq::new(1), "found_seq must be the snapshot seq");
                        velvet-ballistics:fmt | (B[m[32m+    assert_eq!(
                        velvet-ballistics:fmt | (B[m[32m+        found_run, wrong_run,
                        velvet-ballistics:fmt | (B[m[32m+        "found_run must be the mismatched snapshot run"
                        velvet-ballistics:fmt | (B[m[32m+    );
                        velvet-ballistics:fmt | (B[m[32m+    assert_eq!(
                        velvet-ballistics:fmt | (B[m[32m+        found_seq,
                        velvet-ballistics:fmt | (B[m[32m+        EventSeq::new(1),
                        velvet-ballistics:fmt | (B[m[32m+        "found_seq must be the snapshot seq"
                        velvet-ballistics:fmt | (B[m[32m+    );
                        velvet-ballistics:fmt | (B[m }
                        velvet-ballistics:fmt |  
                        velvet-ballistics:fmt |  // ---------------------------------------------------------------------------
                        velvet-ballistics:fmt | Diff in /home/lewis/src/velvet-ballistics/crates/vb_storage/tests/recovery_bdd_tests.rs:1176:
                        velvet-ballistics:fmt |  
                        velvet-ballistics:fmt |  #[test]
                        velvet-ballistics:fmt |  fn unsupported_recovery_state_returns_invalid_recovery_hydration() {
                        velvet-ballistics:fmt | [31m-    use vb_storage::recovery::UnsupportedRecoveryState;
                        velvet-ballistics:fmt | (B[m     use vb_runtime::RuntimeError;
                        velvet-ballistics:fmt |      use vb_runtime::recovery::RuntimeRecoveryBoundary;
                        velvet-ballistics:fmt | [32m+    use vb_storage::recovery::UnsupportedRecoveryState;
                        velvet-ballistics:fmt | (B[m 
                        velvet-ballistics:fmt |      let run = RunId::new(16001);
                        velvet-ballistics:fmt |      let digest = test_digest(0xA6);
                        velvet-ballistics:fmt | Diff in /home/lewis/src/velvet-ballistics/crates/vb_storage/tests/recovery_bdd_tests.rs:1212:
                        velvet-ballistics:fmt |      };
                        velvet-ballistics:fmt |  
                        velvet-ballistics:fmt |      // GA-016a: Runtime boundary must reject unsupported seed
                        velvet-ballistics:fmt | [31m-    let boundary =
                        velvet-ballistics:fmt | (B[m[31m-        vb_runtime::recovery::DurableFrameRecoveryBoundary::from_seed(seed);
                        velvet-ballistics:fmt | (B[m[32m+    let boundary = vb_runtime::recovery::DurableFrameRecoveryBoundary::from_seed(seed);
                        velvet-ballistics:fmt | (B[m     let result = boundary.hydrate_run_frame();
                        velvet-ballistics:fmt |      let Err(RuntimeError::InvalidRecoveryHydration) = result else {
                        velvet-ballistics:fmt | [31m-        panic!(
                        velvet-ballistics:fmt | (B[m[31m-            "expected InvalidRecoveryHydration for unsupported recovery state, got: {result:?}"
                        velvet-ballistics:fmt | (B[m[31m-        );
                        velvet-ballistics:fmt | (B[m[32m+        panic!("expected InvalidRecoveryHydration for unsupported recovery state, got: {result:?}");
                        velvet-ballistics:fmt | (B[m     };
                        velvet-ballistics:fmt |  }
                        velvet-ballistics:fmt |  
                        velvet-ballistics:fmt | Diff in /home/lewis/src/velvet-ballistics/crates/vb_storage/tests/recovery_bdd_tests.rs:1225:
                        velvet-ballistics:fmt |  #[test]
                        velvet-ballistics:fmt |  fn unsupported_live_frame_component_fails_closed_at_boundary() {
                        velvet-ballistics:fmt | [31m-    use vb_storage::recovery::UnsupportedRecoveryState;
                        velvet-ballistics:fmt | (B[m     use vb_runtime::RuntimeError;
                        velvet-ballistics:fmt |      use vb_runtime::recovery::RuntimeRecoveryBoundary;
                        velvet-ballistics:fmt | [32m+    use vb_storage::recovery::UnsupportedRecoveryState;
                        velvet-ballistics:fmt | (B[m 
                        velvet-ballistics:fmt |      let run = RunId::new(16002);
                        velvet-ballistics:fmt |      let digest = test_digest(0xB6);
                        velvet-ballistics:fmt | Diff in /home/lewis/src/velvet-ballistics/crates/vb_storage/tests/recovery_bdd_tests.rs:1265:
                        velvet-ballistics:fmt |          },
                        velvet-ballistics:fmt |      };
                        velvet-ballistics:fmt |  
                        velvet-ballistics:fmt | [31m-    let boundary =
                        velvet-ballistics:fmt | (B[m[31m-        vb_runtime::recovery::DurableFrameRecoveryBoundary::from_seed(seed);
                        velvet-ballistics:fmt | (B[m[32m+    let boundary = vb_runtime::recovery::DurableFrameRecoveryBoundary::from_seed(seed);
                        velvet-ballistics:fmt | (B[m     let result = boundary.hydrate_run_frame();
                        velvet-ballistics:fmt |      let Err(RuntimeError::InvalidRecoveryHydration) = result else {
                        velvet-ballistics:fmt |          panic!(
                        velvet-ballistics:fmt | Diff in /home/lewis/src/velvet-ballistics/crates/vb_storage/tests/recovery_bdd_tests.rs:1297:
                        velvet-ballistics:fmt |      let result = collect_states.hydrate_extra(run, SlotIdx::ZERO, &corrupt_extra);
                        velvet-ballistics:fmt |  
                        velvet-ballistics:fmt |      let Err(EngineError::CollectExtraHydrationFailed { kind, .. }) = result else {
                        velvet-ballistics:fmt | [31m-        panic!(
                        velvet-ballistics:fmt | (B[m[31m-            "expected CollectExtraHydrationFailed for corrupt extra, got: {result:?}"
                        velvet-ballistics:fmt | (B[m[31m-        );
                        velvet-ballistics:fmt | (B[m[32m+        panic!("expected CollectExtraHydrationFailed for corrupt extra, got: {result:?}");
                        velvet-ballistics:fmt | (B[m     };
                        velvet-ballistics:fmt |      assert!(
                        velvet-ballistics:fmt | [31m-        matches!(kind, vb_core::errors::CollectExtraHydrationFailureKind::DecodeFailed),
                        velvet-ballistics:fmt | (B[m[32m+        matches!(
                        velvet-ballistics:fmt | (B[m[32m+            kind,
                        velvet-ballistics:fmt | (B[m[32m+            vb_core::errors::CollectExtraHydrationFailureKind::DecodeFailed
                        velvet-ballistics:fmt | (B[m[32m+        ),
                        velvet-ballistics:fmt | (B[m         "kind should be DecodeFailed for corrupt bytes"
                        velvet-ballistics:fmt |      );
                        velvet-ballistics:fmt |  }
                        velvet-ballistics:fmt | Diff in /home/lewis/src/velvet-ballistics/crates/vb_storage/tests/recovery_bdd_tests.rs:1335:
                        velvet-ballistics:fmt |              run,
                        velvet-ballistics:fmt |              seq: EventSeq::new(2),
                        velvet-ballistics:fmt |              slot: SlotIdx::ZERO,
                        velvet-ballistics:fmt | [31m-            value: Some(postcard::to_allocvec(&SlotValue::I64(99)).expect("value encoding should succeed")),
                        velvet-ballistics:fmt | (B[m[32m+            value: Some(
                        velvet-ballistics:fmt | (B[m[32m+                postcard::to_allocvec(&SlotValue::I64(99)).expect("value encoding should succeed"),
                        velvet-ballistics:fmt | (B[m[32m+            ),
                        velvet-ballistics:fmt | (B[m             extra: None,
                        velvet-ballistics:fmt |              attempt: 1,
                        velvet-ballistics:fmt |          },
                        velvet-ballistics:fmt | Diff in /home/lewis/src/velvet-ballistics/crates/vb_storage/tests/recovery_bdd_tests.rs:1493:
                        velvet-ballistics:fmt |      match hydration {
                        velvet-ballistics:fmt |          RecoveryHydration::Summary(summary) => {
                        velvet-ballistics:fmt |              assert_eq!(summary.run, run);
                        velvet-ballistics:fmt | [31m-            assert_eq!(summary.steps_started, 1, "step count must ignore unsequenced events");
                        velvet-ballistics:fmt | (B[m             assert_eq!(
                        velvet-ballistics:fmt | [32m+                summary.steps_started, 1,
                        velvet-ballistics:fmt | (B[m[32m+                "step count must ignore unsequenced events"
                        velvet-ballistics:fmt | (B[m[32m+            );
                        velvet-ballistics:fmt | (B[m[32m+            assert_eq!(
                        velvet-ballistics:fmt | (B[m                 summary.terminal,
                        velvet-ballistics:fmt |                  Some(RecoveryTerminalState::Finished {
                        velvet-ballistics:fmt |                      result: SlotIdx::ZERO
                        velvet-ballistics:fmt | Diff in /home/lewis/src/velvet-ballistics/crates/vb_storage/tests/recovery_bdd_tests.rs:1601:
                        velvet-ballistics:fmt |          seq: EventSeq::new(2),
                        velvet-ballistics:fmt |          workflow: digest,
                        velvet-ballistics:fmt |          slots: vec![10u8], // slot 0 has value 10
                        velvet-ballistics:fmt | [31m-        taint: vec![0u8], // slot 0 has taint Clean
                        velvet-ballistics:fmt | (B[m[32m+        taint: vec![0u8],  // slot 0 has taint Clean
                        velvet-ballistics:fmt | (B[m     };
                        velvet-ballistics:fmt |  
                        velvet-ballistics:fmt |      // Tail writes slot 0 = 20 (overwrites snapshot value)
                        velvet-ballistics:fmt | Diff in /home/lewis/src/velvet-ballistics/crates/vb_storage/tests/recovery_bdd_tests.rs:1616:
                        velvet-ballistics:fmt |              run,
                        velvet-ballistics:fmt |              seq: EventSeq::new(4),
                        velvet-ballistics:fmt |              slot: SlotIdx::ZERO,
                        velvet-ballistics:fmt | [31m-            value: Some(postcard::to_allocvec(&SlotValue::I64(20)).expect("value encoding should succeed")),
                        velvet-ballistics:fmt | (B[m[32m+            value: Some(
                        velvet-ballistics:fmt | (B[m[32m+                postcard::to_allocvec(&SlotValue::I64(20)).expect("value encoding should succeed"),
                        velvet-ballistics:fmt | (B[m[32m+            ),
                        velvet-ballistics:fmt | (B[m             extra: None,
                        velvet-ballistics:fmt |              attempt: 1,
                        velvet-ballistics:fmt |          },
                        velvet-ballistics:fmt | Diff in /home/lewis/src/velvet-ballistics/crates/vb_storage/tests/recovery_bdd_tests.rs:1624:
                        velvet-ballistics:fmt |  
                        velvet-ballistics:fmt |      {
                        velvet-ballistics:fmt |          let journal = open_journal(&dir);
                        velvet-ballistics:fmt | [31m-        write_events_strict(&journal, &[
                        velvet-ballistics:fmt | (B[m[31m-            JournalEvent::RunAccepted { run, seq: EventSeq::ZERO, workflow: digest },
                        velvet-ballistics:fmt | (B[m[31m-        ]);
                        velvet-ballistics:fmt | (B[m[32m+        write_events_strict(
                        velvet-ballistics:fmt | (B[m[32m+            &journal,
                        velvet-ballistics:fmt | (B[m[32m+            &[JournalEvent::RunAccepted {
                        velvet-ballistics:fmt | (B[m[32m+                run,
                        velvet-ballistics:fmt | (B[m[32m+                seq: EventSeq::ZERO,
                        velvet-ballistics:fmt | (B[m[32m+                workflow: digest,
                        velvet-ballistics:fmt | (B[m[32m+            }],
                        velvet-ballistics:fmt | (B[m[32m+        );
                        velvet-ballistics:fmt | (B[m     }
                        velvet-ballistics:fmt |  
                        velvet-ballistics:fmt |      let journal = open_journal(&dir);
                        velvet-ballistics:fmt | Diff in /home/lewis/src/velvet-ballistics/crates/vb_storage/tests/recovery_bdd_tests.rs:1875:
                        velvet-ballistics:fmt |      let Err(RecoveryError::CompiledIrDigestMismatch { expected, found }) = result else {
                        velvet-ballistics:fmt |          panic!("expected CompiledIrDigestMismatch for IR digest mismatch, got: {result:?}");
                        velvet-ballistics:fmt |      };
                        velvet-ballistics:fmt | [31m-    assert_eq!(expected, ir_digest, "expected digest is the stored IR digest");
                        velvet-ballistics:fmt | (B[m[31m-    assert_eq!(found, wrong_ir_digest, "found digest is the wrong IR digest");
                        velvet-ballistics:fmt | (B[m[32m+    assert_eq!(
                        velvet-ballistics:fmt | (B[m[32m+        expected, ir_digest,
                        velvet-ballistics:fmt | (B[m[32m+        "expected digest is the stored IR digest"
                        velvet-ballistics:fmt | (B[m[32m+    );
                        velvet-ballistics:fmt | (B[m[32m+    assert_eq!(
                        velvet-ballistics:fmt | (B[m[32m+        found, wrong_ir_digest,
                        velvet-ballistics:fmt | (B[m[32m+        "found digest is the wrong IR digest"
                        velvet-ballistics:fmt | (B[m[32m+    );
                        velvet-ballistics:fmt | (B[m }
                        velvet-ballistics:fmt |  
                        velvet-ballistics:fmt | Diff in /home/lewis/src/velvet-ballistics/crates/vb_ui_model/src/canonical.rs:83:
                        velvet-ballistics:fmt |          .and_then(|v| SchemaVersion::new(v).ok())
                        velvet-ballistics:fmt |          .unwrap_or(SchemaVersion::CURRENT);
                        velvet-ballistics:fmt |  
                        velvet-ballistics:fmt | [31m-    let run_id = obj
                        velvet-ballistics:fmt | (B[m[31m-        .get("run_id")
                        velvet-ballistics:fmt | (B[m[31m-        .and_then(|v| v.as_u64())
                        velvet-ballistics:fmt | (B[m[31m-        .unwrap_or(0);
                        velvet-ballistics:fmt | (B[m[32m+    let run_id = obj.get("run_id").and_then(|v| v.as_u64()).unwrap_or(0);
                        velvet-ballistics:fmt | (B[m 
                        velvet-ballistics:fmt | [31m-    let timestamp = obj
                        velvet-ballistics:fmt | (B[m[31m-        .get("timestamp")
                        velvet-ballistics:fmt | (B[m[31m-        .and_then(|v| v.as_i64())
                        velvet-ballistics:fmt | (B[m[31m-        .unwrap_or(0);
                        velvet-ballistics:fmt | (B[m[32m+    let timestamp = obj.get("timestamp").and_then(|v| v.as_i64()).unwrap_or(0);
                        velvet-ballistics:fmt | (B[m 
                        velvet-ballistics:fmt | [31m-    let workflow_graph = obj.get("workflow").and_then(|wg| {
                        velvet-ballistics:fmt | (B[m[31m-        canonicalize_workflow_graph_from_json(wg)
                        velvet-ballistics:fmt | (B[m[31m-    });
                        velvet-ballistics:fmt | (B[m[32m+    let workflow_graph = obj
                        velvet-ballistics:fmt | (B[m[32m+        .get("workflow")
                        velvet-ballistics:fmt | (B[m[32m+        .and_then(|wg| canonicalize_workflow_graph_from_json(wg));
                        velvet-ballistics:fmt | (B[m 
                        velvet-ballistics:fmt | [31m-    let event_bounds = obj.get("events").and_then(|ev| {
                        velvet-ballistics:fmt | (B[m[31m-        canonicalize_events_from_json(ev)
                        velvet-ballistics:fmt | (B[m[31m-    });
                        velvet-ballistics:fmt | (B[m[32m+    let event_bounds = obj
                        velvet-ballistics:fmt | (B[m[32m+        .get("events")
                        velvet-ballistics:fmt | (B[m[32m+        .and_then(|ev| canonicalize_events_from_json(ev));
                        velvet-ballistics:fmt | (B[m 
                        velvet-ballistics:fmt |      Some(CanonicalUiArtifact {
                        velvet-ballistics:fmt |          schema_version,
                        velvet-ballistics:fmt | Diff in /home/lewis/src/velvet-ballistics/crates/vb_ui_model/src/canonical.rs:262:
                        velvet-ballistics:fmt |      }
                        velvet-ballistics:fmt |  }
                        velvet-ballistics:fmt |  
                        velvet-ballistics:fmt | [31m-fn canonicalize_workflow_graph_from_json(json: &serde_json::Value) -> Option<CanonicalWorkflowGraph> {
                        velvet-ballistics:fmt | (B[m[32m+fn canonicalize_workflow_graph_from_json(
                        velvet-ballistics:fmt | (B[m[32m+    json: &serde_json::Value,
                        velvet-ballistics:fmt | (B[m[32m+) -> Option<CanonicalWorkflowGraph> {
                        velvet-ballistics:fmt | (B[m     let obj = json.as_object()?;
                        velvet-ballistics:fmt |  
                        velvet-ballistics:fmt | [31m-    let workflow_id = obj
                        velvet-ballistics:fmt | (B[m[31m-        .get("workflow_id")
                        velvet-ballistics:fmt | (B[m[31m-        .and_then(|v| v.as_u64())
                        velvet-ballistics:fmt | (B[m[31m-        .unwrap_or(0);
                        velvet-ballistics:fmt | (B[m[32m+    let workflow_id = obj.get("workflow_id").and_then(|v| v.as_u64()).unwrap_or(0);
                        velvet-ballistics:fmt | (B[m 
                        velvet-ballistics:fmt |      let nodes = obj.get("nodes").and_then(|v| v.as_array())?;
                        velvet-ballistics:fmt |      let edges = obj.get("edges").and_then(|v| v.as_array())?;
                        velvet-ballistics:fmt | Diff in /home/lewis/src/velvet-ballistics/crates/vb_ui_model/src/canonical.rs:330:
                        velvet-ballistics:fmt |  }
                        velvet-ballistics:fmt |  
                        velvet-ballistics:fmt |  fn canonicalize_workflow_graph(view: &WorkflowGraphView) -> CanonicalWorkflowGraph {
                        velvet-ballistics:fmt | [31m-    let mut step_indices: Vec<u16> = view
                        velvet-ballistics:fmt | (B[m[31m-        .nodes
                        velvet-ballistics:fmt | (B[m[31m-        .iter()
                        velvet-ballistics:fmt | (B[m[31m-        .map(|n| n.step_idx.get())
                        velvet-ballistics:fmt | (B[m[31m-        .collect();
                        velvet-ballistics:fmt | (B[m[32m+    let mut step_indices: Vec<u16> = view.nodes.iter().map(|n| n.step_idx.get()).collect();
                        velvet-ballistics:fmt | (B[m     step_indices.sort();
                        velvet-ballistics:fmt |      step_indices.dedup();
                        velvet-ballistics:fmt |  
                        velvet-ballistics:fmt | Diff in /home/lewis/src/velvet-ballistics/crates/vb_ui_model/src/canonical.rs:415:
                        velvet-ballistics:fmt |          let result = compare_cli_ui_artifacts(&cli, &ui);
                        velvet-ballistics:fmt |          assert!(!result.is_parity);
                        velvet-ballistics:fmt |          assert!(result.diagnostic.is_some());
                        velvet-ballistics:fmt | [31m-        assert!(result.diagnostic.unwrap().contains("schema version mismatch"));
                        velvet-ballistics:fmt | (B[m[32m+        assert!(
                        velvet-ballistics:fmt | (B[m[32m+            result
                        velvet-ballistics:fmt | (B[m[32m+                .diagnostic
                        velvet-ballistics:fmt | (B[m[32m+                .unwrap()
                        velvet-ballistics:fmt | (B[m[32m+                .contains("schema version mismatch")
                        velvet-ballistics:fmt | (B[m[32m+        );
                        velvet-ballistics:fmt | (B[m     }
                        velvet-ballistics:fmt |  }
                        velvet-ballistics:fmt |  
                        velvet-ballistics:fmt | Diff in /home/lewis/src/velvet-ballistics/crates/vb_ui_model/src/emitter/binary/tests.rs:297:
                        velvet-ballistics:fmt |              Err(EmitterError::MigrationRequired { .. })
                        velvet-ballistics:fmt |          ));
                        velvet-ballistics:fmt |      }
                        velvet-ballistics:fmt | [31m-
                        velvet-ballistics:fmt | (B[m }
                        velvet-ballistics:fmt |  
                        velvet-ballistics:fmt | Diff in /home/lewis/src/velvet-ballistics/crates/vb_ui_model/src/envelope/output/tests.rs:160:
                        velvet-ballistics:fmt |              Some(data),
                        velvet-ballistics:fmt |              Vec::new(),
                        velvet-ballistics:fmt |          );
                        velvet-ballistics:fmt | [31m-        assert!(matches!(envelope, Ok(_)), "Workflow kind should allow data field");
                        velvet-ballistics:fmt | (B[m[32m+        assert!(
                        velvet-ballistics:fmt | (B[m[32m+            matches!(envelope, Ok(_)),
                        velvet-ballistics:fmt | (B[m[32m+            "Workflow kind should allow data field"
                        velvet-ballistics:fmt | (B[m[32m+        );
                        velvet-ballistics:fmt | (B[m     }
                        velvet-ballistics:fmt |  
                        velvet-ballistics:fmt |      #[test]
                        velvet-ballistics:fmt | Diff in /home/lewis/src/velvet-ballistics/crates/vb_ui_model/src/redact.rs:70:
                        velvet-ballistics:fmt |      {
                        velvet-ballistics:fmt |          return SensitivityClass {
                        velvet-ballistics:fmt |              classification: SecretSensitivity::Sensitive,
                        velvet-ballistics:fmt | [31m-            reason: Some(format!("field path matches sensitive pattern: {}", field_path)),
                        velvet-ballistics:fmt | (B[m[32m+            reason: Some(format!(
                        velvet-ballistics:fmt | (B[m[32m+                "field path matches sensitive pattern: {}",
                        velvet-ballistics:fmt | (B[m[32m+                field_path
                        velvet-ballistics:fmt | (B[m[32m+            )),
                        velvet-ballistics:fmt | (B[m         };
                        velvet-ballistics:fmt |      }
                        velvet-ballistics:fmt |  
                        velvet-ballistics:fmt | Diff in /home/lewis/src/velvet-ballistics/crates/vb_ui_model/src/redact.rs:86:
                        velvet-ballistics:fmt |      {
                        velvet-ballistics:fmt |          return SensitivityClass {
                        velvet-ballistics:fmt |              classification: SecretSensitivity::NonSensitive,
                        velvet-ballistics:fmt | [31m-            reason: Some(format!("field path matches non-sensitive pattern: {}", field_path)),
                        velvet-ballistics:fmt | (B[m[32m+            reason: Some(format!(
                        velvet-ballistics:fmt | (B[m[32m+                "field path matches non-sensitive pattern: {}",
                        velvet-ballistics:fmt | (B[m[32m+                field_path
                        velvet-ballistics:fmt | (B[m[32m+            )),
                        velvet-ballistics:fmt | (B[m         };
                        velvet-ballistics:fmt |      }
                        velvet-ballistics:fmt |  
                        velvet-ballistics:fmt | Diff in /home/lewis/src/velvet-ballistics/crates/vb_ui_model/src/redact.rs:126:
                        velvet-ballistics:fmt |  
                        velvet-ballistics:fmt |              // Unknown values get a bounded summary for diagnostics;
                        velvet-ballistics:fmt |              // Sensitive values get no summary (only digest for verification)
                        velvet-ballistics:fmt | [31m-            let (summary, summary_len) = if sensitivity.classification == SecretSensitivity::Unknown {
                        velvet-ballistics:fmt | (B[m[32m+            let (summary, summary_len) = if sensitivity.classification == SecretSensitivity::Unknown
                        velvet-ballistics:fmt | (B[m[32m+            {
                        velvet-ballistics:fmt | (B[m                 let len = core::cmp::min(value.len(), MAX_REDACTION_SUMMARY_LEN);
                        velvet-ballistics:fmt |                  let s = value
                        velvet-ballistics:fmt |                      .get(..len)
                        velvet-ballistics:fmt | Diff in /home/lewis/src/velvet-ballistics/crates/vb_ui_model/src/redact.rs:185:
                        velvet-ballistics:fmt |              }
                        velvet-ballistics:fmt |              SecretSensitivity::Sensitive | SecretSensitivity::Unknown => {
                        velvet-ballistics:fmt |                  // Redact sensitive and unknown values
                        velvet-ballistics:fmt | [31m-                if let Some(redacted) = redact_json_value_as_redacted(value, sensitivity.classification) {
                        velvet-ballistics:fmt | (B[m[32m+                if let Some(redacted) =
                        velvet-ballistics:fmt | (B[m[32m+                    redact_json_value_as_redacted(value, sensitivity.classification)
                        velvet-ballistics:fmt | (B[m[32m+                {
                        velvet-ballistics:fmt | (B[m                     let mut redacted_map = serde_json::Map::new();
                        velvet-ballistics:fmt |                      redacted_map.insert("__redacted".to_string(), serde_json::json!(true));
                        velvet-ballistics:fmt | [31m-                    redacted_map.insert("taint".to_string(), serde_json::json!(redacted.is_tainted));
                        velvet-ballistics:fmt | (B[m[32m+                    redacted_map
                        velvet-ballistics:fmt | (B[m[32m+                        .insert("taint".to_string(), serde_json::json!(redacted.is_tainted));
                        velvet-ballistics:fmt | (B[m                     redacted_map.insert(
                        velvet-ballistics:fmt |                          "taint_marker".to_string(),
                        velvet-ballistics:fmt |                          serde_json::json!(redacted.taint_marker),
                        velvet-ballistics:fmt | Diff in /home/lewis/src/velvet-ballistics/crates/vb_ui_model/src/redact.rs:200:
                        velvet-ballistics:fmt |                      // If redaction fails (should not happen for sensitive), replace with null
                        velvet-ballistics:fmt |                      let mut redacted_map = serde_json::Map::new();
                        velvet-ballistics:fmt |                      redacted_map.insert("__redacted".to_string(), serde_json::json!(true));
                        velvet-ballistics:fmt | [31m-                    redacted_map.insert(
                        velvet-ballistics:fmt | (B[m[31m-                        "taint_marker".to_string(),
                        velvet-ballistics:fmt | (B[m[31m-                        serde_json::json!("REDACT_FAIL"),
                        velvet-ballistics:fmt | (B[m[31m-                    );
                        velvet-ballistics:fmt | (B[m[32m+                    redacted_map
                        velvet-ballistics:fmt | (B[m[32m+                        .insert("taint_marker".to_string(), serde_json::json!("REDACT_FAIL"));
                        velvet-ballistics:fmt | (B[m                     result.insert(key.clone(), serde_json::Value::Object(redacted_map));
                        velvet-ballistics:fmt |                  }
                        velvet-ballistics:fmt |              }
                        velvet-ballistics:fmt | Diff in /home/lewis/src/velvet-ballistics/crates/vb_ui_model/src/redact.rs:213:
                        velvet-ballistics:fmt |      result
                        velvet-ballistics:fmt |  }
                        velvet-ballistics:fmt |  
                        velvet-ballistics:fmt | [31m-fn redact_json_value(value: &serde_json::Value, sensitivity: SecretSensitivity) -> serde_json::Value {
                        velvet-ballistics:fmt | (B[m[32m+fn redact_json_value(
                        velvet-ballistics:fmt | (B[m[32m+    value: &serde_json::Value,
                        velvet-ballistics:fmt | (B[m[32m+    sensitivity: SecretSensitivity,
                        velvet-ballistics:fmt | (B[m[32m+) -> serde_json::Value {
                        velvet-ballistics:fmt | (B[m     match value {
                        velvet-ballistics:fmt |          serde_json::Value::Object(obj) => {
                        velvet-ballistics:fmt |              if sensitivity == SecretSensitivity::NonSensitive {
                        velvet-ballistics:fmt | Diff in /home/lewis/src/velvet-ballistics/crates/vb_ui_model/src/redact.rs:269:
                        velvet-ballistics:fmt |      #[test]
                        velvet-ballistics:fmt |      fn sensitive_field_classification() {
                        velvet-ballistics:fmt |          let result = classify_secret_sensitivity("password");
                        velvet-ballistics:fmt | [31m-        assert!(matches!(result.classification, SecretSensitivity::Sensitive));
                        velvet-ballistics:fmt | (B[m[32m+        assert!(matches!(
                        velvet-ballistics:fmt | (B[m[32m+            result.classification,
                        velvet-ballistics:fmt | (B[m[32m+            SecretSensitivity::Sensitive
                        velvet-ballistics:fmt | (B[m[32m+        ));
                        velvet-ballistics:fmt | (B[m 
                        velvet-ballistics:fmt |          let result = classify_secret_sensitivity("api_token");
                        velvet-ballistics:fmt | [31m-        assert!(matches!(result.classification, SecretSensitivity::Sensitive));
                        velvet-ballistics:fmt | (B[m[32m+        assert!(matches!(
                        velvet-ballistics:fmt | (B[m[32m+            result.classification,
                        velvet-ballistics:fmt | (B[m[32m+            SecretSensitivity::Sensitive
                        velvet-ballistics:fmt | (B[m[32m+        ));
                        velvet-ballistics:fmt | (B[m     }
                        velvet-ballistics:fmt |  
                        velvet-ballistics:fmt |      #[test]
                        velvet-ballistics:fmt | Diff in /home/lewis/src/velvet-ballistics/crates/vb_ui_model/src/redact.rs:279:
                        velvet-ballistics:fmt |      fn non_sensitive_field_classification() {
                        velvet-ballistics:fmt |          let result = classify_secret_sensitivity("user_id");
                        velvet-ballistics:fmt | [31m-        assert!(matches!(result.classification, SecretSensitivity::NonSensitive));
                        velvet-ballistics:fmt | (B[m[32m+        assert!(matches!(
                        velvet-ballistics:fmt | (B[m[32m+            result.classification,
                        velvet-ballistics:fmt | (B[m[32m+            SecretSensitivity::NonSensitive
                        velvet-ballistics:fmt | (B[m[32m+        ));
              velvet-ballistics:source-length | crates/vb_runtime/src/error/equality.rs:91 hot function has 34 logical lines (limit 25)
                        velvet-ballistics:fmt | (B[m 
                        velvet-ballistics:fmt |          let result = classify_secret_sensitivity("name");
                        velvet-ballistics:fmt | [31m-        assert!(matches!(result.classification, SecretSensitivity::NonSensitive));
                        velvet-ballistics:fmt | (B[m[32m+        assert!(matches!(
                        velvet-ballistics:fmt | (B[m[32m+            result.classification,
                        velvet-ballistics:fmt | (B[m[32m+            SecretSensitivity::NonSensitive
                        velvet-ballistics:fmt | (B[m[32m+        ));
                        velvet-ballistics:fmt | (B[m     }
                        velvet-ballistics:fmt |  
                        velvet-ballistics:fmt |      #[test]
                        velvet-ballistics:fmt | Diff in /home/lewis/src/velvet-ballistics/crates/vb_yaml/src/ast/parse_trigger.rs:39:
                        velvet-ballistics:fmt |          "webhook" => empty_body(body, "when.webhook").map(|()| TriggerAst::Webhook),
                        velvet-ballistics:fmt |          "schedule" => parse_schedule(body),
                        velvet-ballistics:fmt |          "event" => parse_event(body),
                        velvet-ballistics:fmt | [31m-        "ipc" => Err(YamlError::UnsupportedTrigger {
                        velvet-ballistics:fmt | (B[m[31m-            trigger: "ipc",
                        velvet-ballistics:fmt | (B[m[31m-        }),
                        velvet-ballistics:fmt | (B[m[31m-        "http" => Err(YamlError::UnsupportedTrigger {
                        velvet-ballistics:fmt | (B[m[31m-            trigger: "http",
                        velvet-ballistics:fmt | (B[m[31m-        }),
                        velvet-ballistics:fmt | (B[m[32m+        "ipc" => Err(YamlError::UnsupportedTrigger { trigger: "ipc" }),
                        velvet-ballistics:fmt | (B[m[32m+        "http" => Err(YamlError::UnsupportedTrigger { trigger: "http" }),
                        velvet-ballistics:fmt | (B[m         other => Err(YamlError::UnknownField {
                        velvet-ballistics:fmt |              field: other.into(),
                        velvet-ballistics:fmt |          }),
                        velvet-ballistics:fmt | Diff in /home/lewis/src/velvet-ballistics/crates/vb_yaml/src/lib_tests.rs:114:
                        velvet-ballistics:fmt |      let result = parse_workflow_source(yaml);
                        velvet-ballistics:fmt |      assert_eq!(
                        velvet-ballistics:fmt |          result,
                        velvet-ballistics:fmt | [31m-        Err(YamlError::UnsupportedTrigger {
                        velvet-ballistics:fmt | (B[m[31m-            trigger: "http"
                        velvet-ballistics:fmt | (B[m[31m-        })
                        velvet-ballistics:fmt | (B[m[32m+        Err(YamlError::UnsupportedTrigger { trigger: "http" })
                        velvet-ballistics:fmt | (B[m     );
                        velvet-ballistics:fmt |  }
                        velvet-ballistics:fmt |  
                        velvet-ballistics:fmt | Diff in /home/lewis/src/velvet-ballistics/crates/vb_yaml/src/lib_tests.rs:664:
                        velvet-ballistics:fmt |      "};
                        velvet-ballistics:fmt |      let result = parse_workflow_source(yaml);
                        velvet-ballistics:fmt |      assert!(
                        velvet-ballistics:fmt | [31m-        matches!(result, Err(YamlError::UnsupportedTrigger { trigger: "ipc" })),
                        velvet-ballistics:fmt | (B[m[32m+        matches!(
                        velvet-ballistics:fmt | (B[m[32m+            result,
                        velvet-ballistics:fmt | (B[m[32m+            Err(YamlError::UnsupportedTrigger { trigger: "ipc" })
                        velvet-ballistics:fmt | (B[m[32m+        ),
                        velvet-ballistics:fmt | (B[m         "expected UnsupportedTrigger for ipc trigger, got: {result:?}"
                        velvet-ballistics:fmt |      );
                        velvet-ballistics:fmt |  }
                        velvet-ballistics:fmt | Diff in /home/lewis/src/velvet-ballistics/crates/workspace_tests/tests/bdd_validation_tests.rs:230:
                        velvet-ballistics:fmt |      // Then: returns Err(ValidationError) with GATE_12 code
                        velvet-ballistics:fmt |      assert!(matches!(
                        velvet-ballistics:fmt |          result,
                        velvet-ballistics:fmt | [31m-        Err(ValidationError::ActionContractMissing { action_id: 99, node_index: 0 })
                        velvet-ballistics:fmt | (B[m[32m+        Err(ValidationError::ActionContractMissing {
                        velvet-ballistics:fmt | (B[m[32m+            action_id: 99,
                        velvet-ballistics:fmt | (B[m[32m+            node_index: 0
                        velvet-ballistics:fmt | (B[m[32m+        })
                        velvet-ballistics:fmt | (B[m     ));
                        velvet-ballistics:fmt |  }
                        velvet-ballistics:fmt |  
                        velvet-ballistics:fmt | Diff in /home/lewis/src/velvet-ballistics/crates/workspace_tests/tests/vb_37lc_canonical_spelling_red/part_04.rs:4:
                        velvet-ballistics:fmt |  fn scan_file_does_not_report_canonical_crate_module_even_when_pattern_selects_it() {
                        velvet-ballistics:fmt |      let mut config = maximum_bounded_scan_config();
                        velvet-ballistics:fmt |      config.scan_patterns = vec![CANONICAL_UNDERSCORE.to_string()];
                        velvet-ballistics:fmt | [31m-    let input = text_scan_input(
                        velvet-ballistics:fmt | (B[m[31m-        "crates/vb_cli/src/lib.rs",
                        velvet-ballistics:fmt | (B[m[31m-        "pub mod velvet_ballistics;\n",
                        velvet-ballistics:fmt | (B[m[31m-    );
                        velvet-ballistics:fmt | (B[m[32m+    let input = text_scan_input("crates/vb_cli/src/lib.rs", "pub mod velvet_ballistics;\n");
                        velvet-ballistics:fmt | (B[m 
                        velvet-ballistics:fmt |      let result = scan_file(input, &config);
                        velvet-ballistics:fmt |  
                        velvet-ballistics:fmt | Diff in /home/lewis/src/velvet-ballistics/crates/workspace_tests/tests/vb_qi37_12_state8_silent_discard_contract.rs:24:
                        velvet-ballistics:fmt |  }
                        velvet-ballistics:fmt |  
                        velvet-ballistics:fmt |  #[test]
                        velvet-ballistics:fmt | [31m-fn given_strict_append_contract_when_source_is_scanned_then_persist_barrier_precedes_success_return(
                        velvet-ballistics:fmt | (B[m[31m-) -> Result<(), String> {
                        velvet-ballistics:fmt | (B[m[32m+fn given_strict_append_contract_when_source_is_scanned_then_persist_barrier_precedes_success_return()
                        velvet-ballistics:fmt | (B[m[32m+-> Result<(), String> {
                        velvet-ballistics:fmt | (B[m     // Given: the strict journal append API is the release-critical persistence boundary.
                        velvet-ballistics:fmt |      let source = read_workspace_file("crates/vb_storage/src/journal/append.rs")?;
                        velvet-ballistics:fmt |  
                        velvet-ballistics:fmt | Diff in /home/lewis/src/velvet-ballistics/crates/workspace_tests/tests/vb_qi37_12_state8_silent_discard_contract.rs:48:
                        velvet-ballistics:fmt |  }
                        velvet-ballistics:fmt |  
                        velvet-ballistics:fmt |  #[test]
                        velvet-ballistics:fmt | [31m-fn given_recovery_critical_slot_payload_when_accessor_contract_is_scanned_then_decode_error_is_not_erased(
                        velvet-ballistics:fmt | (B[m[31m-) -> Result<(), String> {
                        velvet-ballistics:fmt | (B[m[32m+fn given_recovery_critical_slot_payload_when_accessor_contract_is_scanned_then_decode_error_is_not_erased()
                        velvet-ballistics:fmt | (B[m[32m+-> Result<(), String> {
                        velvet-ballistics:fmt | (B[m     // Given: SlotWrittenEvent::value is recovery-critical persisted data.
                        velvet-ballistics:fmt |      let source = read_workspace_file("crates/vb_storage/src/events.rs")?;
                        velvet-ballistics:fmt |  
                        velvet-ballistics:fmt | Diff in /home/lewis/src/velvet-ballistics/crates/workspace_tests/tests/vb_qi37_12_state8_silent_discard_contract.rs:56:
                        velvet-ballistics:fmt |      // When: the accessor contract is checked for a typed decode surface.
                        velvet-ballistics:fmt | [31m-    let has_typed_decode_signature = source.contains(
                        velvet-ballistics:fmt | (B[m[31m-        "pub fn slot_value(&self) -> Result<Option<SlotValue>, JournalError>",
                        velvet-ballistics:fmt | (B[m[31m-    );
                        velvet-ballistics:fmt | (B[m[32m+    let has_typed_decode_signature =
                        velvet-ballistics:fmt | (B[m[32m+        source.contains("pub fn slot_value(&self) -> Result<Option<SlotValue>, JournalError>");
                        velvet-ballistics:fmt | (B[m     let erases_decode_error_with_ok = source.contains("postcard::from_bytes(bytes).ok()");
                        velvet-ballistics:fmt |  
                        velvet-ballistics:fmt |      // Then: corrupt bytes must not hydrate as absent success.
                        velvet-ballistics:fmt | Diff in /home/lewis/src/velvet-ballistics/crates/workspace_tests/tests/vb_qi37_12_state8_silent_discard_contract.rs:66:
                        velvet-ballistics:fmt |  }
                        velvet-ballistics:fmt |  
                        velvet-ballistics:fmt |  #[test]
                        velvet-ballistics:fmt | [31m-fn given_deadlock_obligation_when_tla_artifacts_are_scanned_then_deadlock_check_remains_enabled(
                        velvet-ballistics:fmt | (B[m[31m-) -> Result<(), String> {
                        velvet-ballistics:fmt | (B[m[32m+fn given_deadlock_obligation_when_tla_artifacts_are_scanned_then_deadlock_check_remains_enabled()
                        velvet-ballistics:fmt | (B[m[32m+-> Result<(), String> {
                        velvet-ballistics:fmt | (B[m     // Given: TLA-DEADLOCK-011 is an approved State 6 obligation.
                        velvet-ballistics:fmt |      let cfg = read_workspace_file(".beads/vb-qi37.12/proof/tla/SilentDiscardLifecycle.cfg")?;
                        velvet-ballistics:fmt |      let tla = read_workspace_file(".beads/vb-qi37.12/proof/tla/SilentDiscardLifecycle.tla")?;
                        velvet-ballistics:fmt | Diff in /home/lewis/src/velvet-ballistics/crates/workspace_tests/tests/vb_qi37_12_state8_silent_discard_contract.rs:76:
                        velvet-ballistics:fmt |      let disables_deadlock = cfg.contains("CHECK_DEADLOCK FALSE");
                        velvet-ballistics:fmt |      let explicit_stutter_action = tla.contains("Stutter ==");
                        velvet-ballistics:fmt |      let persist_progress_property = cfg.contains("PROPERTY PersistFailureEventuallyTypedError");
                        velvet-ballistics:fmt | [31m-    let recovery_progress_property = cfg.contains("PROPERTY RecoveryCorruptionEventuallyFailClosed");
                        velvet-ballistics:fmt | (B[m[32m+    let recovery_progress_property =
                        velvet-ballistics:fmt | (B[m[32m+        cfg.contains("PROPERTY RecoveryCorruptionEventuallyFailClosed");
                        velvet-ballistics:fmt | (B[m     let engine_progress_property = cfg.contains("PROPERTY EngineFailureEventuallyCausePreserved");
                        velvet-ballistics:fmt |  
                        velvet-ballistics:fmt |      // Then: the model keeps deadlock checking active and retains all liveness properties.
                        velvet-ballistics:fmt | Diff in /home/lewis/src/velvet-ballistics/crates/workspace_tests/tests/vb_qi37_12_state8_silent_discard_contract.rs:89:
                        velvet-ballistics:fmt |  }
                        velvet-ballistics:fmt |  
                        velvet-ballistics:fmt |  #[test]
                        velvet-ballistics:fmt | [31m-fn given_persisted_payload_fuzz_target_when_oracle_is_scanned_then_malformed_decode_classes_are_exhaustive(
                        velvet-ballistics:fmt | (B[m[31m-) -> Result<(), String> {
                        velvet-ballistics:fmt | (B[m[32m+fn given_persisted_payload_fuzz_target_when_oracle_is_scanned_then_malformed_decode_classes_are_exhaustive()
                        velvet-ballistics:fmt | (B[m[32m+-> Result<(), String> {
                        velvet-ballistics:fmt | (B[m     // Given: F01 owns corrupt persisted payload discovery.
                        velvet-ballistics:fmt |      let manifest = read_workspace_file("fuzz/Cargo.toml")?;
                        velvet-ballistics:fmt |      let source = read_workspace_file("fuzz/src/lib.rs")?;
                        velvet-ballistics:fmt | Diff in /home/lewis/src/velvet-ballistics/crates/workspace_tests/tests/vb_qi37_12_state8_silent_discard_contract.rs:98:
                        velvet-ballistics:fmt |  
                        velvet-ballistics:fmt |      // When: the fuzz registration and oracle are checked.
                        velvet-ballistics:fmt |      let target_registered = manifest.contains("name = \"vb_qi37_12_persisted_payload_decode\"");
                        velvet-ballistics:fmt | [31m-    let bin_calls_oracle = bin.contains("run_with_stdin(fuzz_lib::fuzz_vb_qi37_12_persisted_payload_decode)");
                        velvet-ballistics:fmt | (B[m[31m-    let checks_truncated_exactly = source.contains(
                        velvet-ballistics:fmt | (B[m[31m-        "truncated persisted payload must fail closed as UnexpectedEof",
                        velvet-ballistics:fmt | (B[m[31m-    );
                        velvet-ballistics:fmt | (B[m[31m-    let checks_corrupt_exactly = source.contains(
                        velvet-ballistics:fmt | (B[m[31m-        "corrupt persisted payload must fail closed as PayloadDigestMismatch",
                        velvet-ballistics:fmt | (B[m[31m-    );
                        velvet-ballistics:fmt | (B[m[32m+    let bin_calls_oracle =
                        velvet-ballistics:fmt | (B[m[32m+        bin.contains("run_with_stdin(fuzz_lib::fuzz_vb_qi37_12_persisted_payload_decode)");
                        velvet-ballistics:fmt | (B[m[32m+    let checks_truncated_exactly =
                        velvet-ballistics:fmt | (B[m[32m+        source.contains("truncated persisted payload must fail closed as UnexpectedEof");
                        velvet-ballistics:fmt | (B[m[32m+    let checks_corrupt_exactly =
                        velvet-ballistics:fmt | (B[m[32m+        source.contains("corrupt persisted payload must fail closed as PayloadDigestMismatch");
                        velvet-ballistics:fmt | (B[m     let wildcard_accepts_unknown_errors = source.contains("        _ => {}\n");
                        velvet-ballistics:fmt |  
                        velvet-ballistics:fmt |      // Then: fuzzing must not silently accept a new untyped decode class.
                        velvet-ballistics:fmt | Diff in /home/lewis/src/velvet-ballistics/crates/workspace_tests/tests/vb_qi37_12_state8_silent_discard_contract.rs:117:
                        velvet-ballistics:fmt |  }
                        velvet-ballistics:fmt |  
                        velvet-ballistics:fmt |  #[test]
                        velvet-ballistics:fmt | [31m-fn given_static_scan_plan_when_report_is_read_then_release_critical_unclassified_count_is_exactly_zero(
                        velvet-ballistics:fmt | (B[m[31m-) -> Result<(), String> {
                        velvet-ballistics:fmt | (B[m[32m+fn given_static_scan_plan_when_report_is_read_then_release_critical_unclassified_count_is_exactly_zero()
                        velvet-ballistics:fmt | (B[m[32m+-> Result<(), String> {
                        velvet-ballistics:fmt | (B[m     // Given: SCAN-DISCARD-006 is the static gate for ignored results and log-and-continue paths.
                        velvet-ballistics:fmt |      let report = read_workspace_file(".beads/vb-qi37.12/silent-discard-scan-report.md")?;
                        velvet-ballistics:fmt | [31m-    let raw_report = read_workspace_file(".beads/vb-qi37.12/silent-discard-scan-report.full.raw.txt")?;
                        velvet-ballistics:fmt | (B[m[32m+    let raw_report =
                        velvet-ballistics:fmt | (B[m[32m+        read_workspace_file(".beads/vb-qi37.12/silent-discard-scan-report.full.raw.txt")?;
                        velvet-ballistics:fmt | (B[m 
                        velvet-ballistics:fmt |      // When: the complete report totals are checked.
                        velvet-ballistics:fmt |      let total_count = report.contains("- Total raw candidates: 690.");
                        velvet-ballistics:fmt | Diff in /home/lewis/src/velvet-ballistics/crates/workspace_tests/tests/vb_qi37_12_state8_silent_discard_contract.rs:218:
                        velvet-ballistics:fmt |  }
                        velvet-ballistics:fmt |  
                        velvet-ballistics:fmt |  #[test]
                        velvet-ballistics:fmt | [31m-fn given_test_plan_when_state8_static_requirements_are_read_then_required_gates_remain_declared(
                        velvet-ballistics:fmt | (B[m[31m-) -> Result<(), String> {
                        velvet-ballistics:fmt | (B[m[32m+fn given_test_plan_when_state8_static_requirements_are_read_then_required_gates_remain_declared()
                        velvet-ballistics:fmt | (B[m[32m+-> Result<(), String> {
                        velvet-ballistics:fmt | (B[m     // Given: State 8 implements tests from the approved State 7 plan.
                        velvet-ballistics:fmt |      let plan = read_workspace_file(".beads/vb-qi37.12/test-plan.md")?;
                        velvet-ballistics:fmt |  
                        velvet-ballistics:fmt | Diff in /home/lewis/src/velvet-ballistics/crates/workspace_tests/tests/vb_qi37_12_state8_silent_discard_contract.rs:244:
                        velvet-ballistics:fmt |  }
                        velvet-ballistics:fmt |  
                        velvet-ballistics:fmt |  #[test]
                        velvet-ballistics:fmt | [31m-fn given_process_lock_best_effort_metadata_when_source_is_scanned_then_only_metadata_writes_are_discarded(
                        velvet-ballistics:fmt | (B[m[31m-) -> Result<(), String> {
                        velvet-ballistics:fmt | (B[m[32m+fn given_process_lock_best_effort_metadata_when_source_is_scanned_then_only_metadata_writes_are_discarded()
                        velvet-ballistics:fmt | (B[m[32m+-> Result<(), String> {
                        velvet-ballistics:fmt | (B[m     // Given: process-lock PID metadata is the approved typed-best-effort exception.
                        velvet-ballistics:fmt |      let source = read_workspace_file("crates/vb_storage/src/process_lock.rs")?;
                        velvet-ballistics:fmt |      let report = read_workspace_file(".beads/vb-qi37.12/silent-discard-scan-report.md")?;
                        velvet-ballistics:fmt | Diff in /home/lewis/src/velvet-ballistics/crates/workspace_tests/tests/vb_qi37_12_state8_silent_discard_contract.rs:253:
                        velvet-ballistics:fmt |      // When: the source and classifier row are checked.
                        velvet-ballistics:fmt |      let set_len_is_documented_best_effort = source.contains("let _ = file.set_len(0);");
                        velvet-ballistics:fmt |      let pid_write_is_documented_best_effort = source.contains("let _ = write!(file, \"{pid}\");");
                        velvet-ballistics:fmt | [31m-    let lock_contention_returns_typed_error = source.contains("Err(JournalError::ProcessLockHeld {");
                        velvet-ballistics:fmt | (B[m[32m+    let lock_contention_returns_typed_error =
                        velvet-ballistics:fmt | (B[m[32m+        source.contains("Err(JournalError::ProcessLockHeld {");
                        velvet-ballistics:fmt | (B[m     let lock_open_returns_typed_error = source.contains("JournalError::ProcessLockIo {");
                        velvet-ballistics:fmt | [31m-    let report_names_noncritical_metadata = report.contains(
                        velvet-ballistics:fmt | (B[m[31m-        "PID write/read metadata is non-critical after flock acquisition",
                        velvet-ballistics:fmt | (B[m[31m-    );
                        velvet-ballistics:fmt | (B[m[32m+    let report_names_noncritical_metadata =
                        velvet-ballistics:fmt | (B[m[32m+        report.contains("PID write/read metadata is non-critical after flock acquisition");
                        velvet-ballistics:fmt | (B[m 
                        velvet-ballistics:fmt |      // Then: the only allowed discard is metadata after the lock outcome is already typed.
                        velvet-ballistics:fmt |      assert_eq!(set_len_is_documented_best_effort, true);
                        velvet-ballistics:fmt | Diff in /home/lewis/src/velvet-ballistics/crates/workspace_tests/tests/vb_qi37_12_state8_silent_discard_contract.rs:269:
                        velvet-ballistics:fmt |  }
                        velvet-ballistics:fmt |  
                        velvet-ballistics:fmt |  #[test]
                        velvet-ballistics:fmt | [31m-fn given_runtime_diagnostic_conversion_when_source_is_scanned_then_resume_source_error_is_returned_exactly(
                        velvet-ballistics:fmt | (B[m[31m-) -> Result<(), String> {
                        velvet-ballistics:fmt | (B[m[32m+fn given_runtime_diagnostic_conversion_when_source_is_scanned_then_resume_source_error_is_returned_exactly()
                        velvet-ballistics:fmt | (B[m[32m+-> Result<(), String> {
                        velvet-ballistics:fmt | (B[m     // Given: runtime/resume conversion must preserve source diagnostics.
                        velvet-ballistics:fmt |      let conversion_source = read_workspace_file("crates/vb_runtime/src/error/conversions.rs")?;
                        velvet-ballistics:fmt |      let resume_source = read_workspace_file("crates/vb_runtime/src/shard/types.rs")?;
                        velvet-ballistics:fmt | Diff in /home/lewis/src/velvet-ballistics/crates/workspace_tests/tests/vb_qi37_12_state8_silent_discard_contract.rs:277:
                        velvet-ballistics:fmt |  
                        velvet-ballistics:fmt |      // When: source-preserving branches are checked.
                        velvet-ballistics:fmt | [31m-    let journal_error_maps_to_storage_append = conversion_source.contains(
                        velvet-ballistics:fmt | (B[m[31m-        "Self::StorageJournalAppend {\n            source: Box::new(error),\n        }",
                        velvet-ballistics:fmt | (B[m[31m-    ) || conversion_source.contains(
                        velvet-ballistics:fmt | (B[m[31m-        "Self::StorageJournalAppend {\n            source: Arc::new(error),\n        }",
                        velvet-ballistics:fmt | (B[m[31m-    );
                        velvet-ballistics:fmt | (B[m[31m-    let resume_source_maps_to_original_runtime_error = conversion_source.contains(
                        velvet-ballistics:fmt | (B[m[31m-        "ResumeError::JournalAppendFailedWithSource { source } => *source,",
                        velvet-ballistics:fmt | (B[m[31m-    );
                        velvet-ballistics:fmt | (B[m[32m+    let journal_error_maps_to_storage_append = conversion_source
                        velvet-ballistics:fmt | (B[m[32m+        .contains("Self::StorageJournalAppend {\n            source: Box::new(error),\n        }")
                        velvet-ballistics:fmt | (B[m[32m+        || conversion_source.contains(
                        velvet-ballistics:fmt | (B[m[32m+            "Self::StorageJournalAppend {\n            source: Arc::new(error),\n        }",
                        velvet-ballistics:fmt | (B[m[32m+        );
                        velvet-ballistics:fmt | (B[m[32m+    let resume_source_maps_to_original_runtime_error = conversion_source
                        velvet-ballistics:fmt | (B[m[32m+        .contains("ResumeError::JournalAppendFailedWithSource { source } => *source,");
                        velvet-ballistics:fmt | (B[m     let resume_source_accessor_preserves_boxed_error = resume_source.contains(
                        velvet-ballistics:fmt |          "Self::JournalAppendFailedWithSource { source } => Some(source.as_ref().clone()),",
                        velvet-ballistics:fmt |      );
                        velvet-ballistics:fmt | Diff in /home/lewis/src/velvet-ballistics/crates/workspace_tests/tests/vb_qi37_12_state8_silent_discard_contract.rs:296:
                        velvet-ballistics:fmt |  }
                        velvet-ballistics:fmt |  
                        velvet-ballistics:fmt |  #[test]
                        velvet-ballistics:fmt | [31m-fn given_compiler_validation_sources_when_scanned_then_errors_are_accumulated_not_dropped(
                        velvet-ballistics:fmt | (B[m[31m-) -> Result<(), String> {
                        velvet-ballistics:fmt | (B[m[32m+fn given_compiler_validation_sources_when_scanned_then_errors_are_accumulated_not_dropped()
                        velvet-ballistics:fmt | (B[m[32m+-> Result<(), String> {
                        velvet-ballistics:fmt | (B[m     // Given: compiler validation owns invalid YAML/schema/reference accumulation.
                        velvet-ballistics:fmt |      let type_taint = read_workspace_file("crates/vb_compile/src/type_taint.rs")?;
                        velvet-ballistics:fmt |      let strict_yaml = read_workspace_file("crates/vb_compile/src/strict_yaml.rs")?;
                        velvet-ballistics:fmt | Diff in /home/lewis/src/velvet-ballistics/crates/workspace_tests/tests/vb_qi37_12_state8_silent_discard_contract.rs:307:
                        velvet-ballistics:fmt |      let validation_returns_compile_errors = type_taint.contains("Err(CompileErrors(errors))");
                        velvet-ballistics:fmt |      let alias_rejects_exact_variant = strict_yaml.contains("CompileError::AliasForbidden");
                        velvet-ballistics:fmt |      let tag_rejects_exact_variant = strict_yaml.contains("CompileError::TagForbidden");
                        velvet-ballistics:fmt | [31m-    let multi_doc_rejects_exact_variant = strict_yaml.contains("CompileError::DocumentCount { count }");
                        velvet-ballistics:fmt | (B[m[32m+    let multi_doc_rejects_exact_variant =
                        velvet-ballistics:fmt | (B[m[32m+        strict_yaml.contains("CompileError::DocumentCount { count }");
                        velvet-ballistics:fmt | (B[m 
                        velvet-ballistics:fmt |      // Then: invalid compiler inputs cannot be converted to success by a discarded error vector.
                        velvet-ballistics:fmt |      assert_eq!(validation_pushes_errors, true);
                        velvet-ballistics:fmt | Diff in /home/lewis/src/velvet-ballistics/crates/workspace_tests/tests/vb_qi37_12_state8_silent_discard_contract.rs:319:
                        velvet-ballistics:fmt |  }
                        velvet-ballistics:fmt |  
                        velvet-ballistics:fmt |  #[test]
                        velvet-ballistics:fmt | [31m-fn given_no_new_bounded_state_code_when_kani_plan_is_read_then_kani_remains_documented_reopen_only(
                        velvet-ballistics:fmt | (B[m[31m-) -> Result<(), String> {
                        velvet-ballistics:fmt | (B[m[32m+fn given_no_new_bounded_state_code_when_kani_plan_is_read_then_kani_remains_documented_reopen_only()
                        velvet-ballistics:fmt | (B[m[32m+-> Result<(), String> {
                        velvet-ballistics:fmt | (B[m     // Given: approved State 7 plan declares no active Kani lane unless State 8 adds bounded state code.
                        velvet-ballistics:fmt |      let plan = read_workspace_file(".beads/vb-qi37.12/test-plan.md")?;
                        velvet-ballistics:fmt |  
                        velvet-ballistics:fmt | Diff in /home/lewis/src/velvet-ballistics/crates/workspace_tests/tests/vb_qi37_12_state8_silent_discard_contract.rs:327:
                        velvet-ballistics:fmt |      // When: Kani applicability is checked.
                        velvet-ballistics:fmt |      let no_active_kani = plan.contains("no Kani harness is required by the approved proof plan");
                        velvet-ballistics:fmt | [31m-    let classification_reopen_candidate = plan.contains("vb_qi37_12_discard_classification_totality");
                        velvet-ballistics:fmt | (B[m[32m+    let classification_reopen_candidate =
                        velvet-ballistics:fmt | (B[m[32m+        plan.contains("vb_qi37_12_discard_classification_totality");
                        velvet-ballistics:fmt | (B[m     let decode_reopen_candidate = plan.contains("vb_qi37_12_decode_class_not_absent_for_corrupt");
                        velvet-ballistics:fmt |  
                        velvet-ballistics:fmt |      // Then: State 8 does not falsely claim an active Kani proof for this test-only change.
                        velvet-ballistics:fmt | Diff in /home/lewis/src/velvet-ballistics/crates/workspace_tests/tests/vb_qi37_12_state8_silent_discard_contract.rs:337:
                        velvet-ballistics:fmt |  }
                        velvet-ballistics:fmt |  
                        velvet-ballistics:fmt |  #[test]
                        velvet-ballistics:fmt | [31m-fn given_isolated_workspace_when_state8_test_runs_then_source_checkout_is_not_the_working_root(
                        velvet-ballistics:fmt | (B[m[31m-) -> Result<(), String> {
                        velvet-ballistics:fmt | (B[m[32m+fn given_isolated_workspace_when_state8_test_runs_then_source_checkout_is_not_the_working_root()
                        velvet-ballistics:fmt | (B[m[32m+-> Result<(), String> {
                        velvet-ballistics:fmt | (B[m     // Given: all work must stay inside the isolated go-skill workspace.
                        velvet-ballistics:fmt |      let root = workspace_root()?;
                        velvet-ballistics:fmt |      let root_text = root.display().to_string();
                        velvet-ballistics:fmt | Diff in /home/lewis/src/velvet-ballistics/crates/workspace_tests/tests/vb_qi37_12_state8_silent_discard_contract.rs:345:
                        velvet-ballistics:fmt |  
                        velvet-ballistics:fmt |      // When: the runtime test resolves its manifest-derived workspace root.
                        velvet-ballistics:fmt | [31m-    let is_required_workspace = root_text == "/home/lewis/src/vb-go-skill/p0-wave-20260515/vb-qi37-12";
                        velvet-ballistics:fmt | (B[m[32m+    let is_required_workspace =
                        velvet-ballistics:fmt | (B[m[32m+        root_text == "/home/lewis/src/vb-go-skill/p0-wave-20260515/vb-qi37-12";
                        velvet-ballistics:fmt | (B[m     let is_source_checkout = root_text == "/home/lewis/src/velvet-ballistics";
                        velvet-ballistics:fmt | [31m-    let is_nested_under_source_checkout = root_text.starts_with("/home/lewis/src/velvet-ballistics/");
                        velvet-ballistics:fmt | (B[m[32m+    let is_nested_under_source_checkout =
                        velvet-ballistics:fmt | (B[m[32m+        root_text.starts_with("/home/lewis/src/velvet-ballistics/");
                        velvet-ballistics:fmt | (B[m 
                        velvet-ballistics:fmt |      // Then: the test harness itself proves isolation.
                        velvet-ballistics:fmt |      assert_eq!(is_required_workspace, true);
                        velvet-ballistics:fmt | Diff in /home/lewis/src/velvet-ballistics/crates/workspace_tests/tests/vb_qi37_12_state8_silent_discard_contract.rs:356:
                        velvet-ballistics:fmt |  }
                        velvet-ballistics:fmt |  
                        velvet-ballistics:fmt |  #[test]
                        velvet-ballistics:fmt | [31m-fn given_helper_for_source_contains_when_called_then_exact_boolean_result_is_returned(
                        velvet-ballistics:fmt | (B[m[31m-) -> Result<(), String> {
                        velvet-ballistics:fmt | (B[m[32m+fn given_helper_for_source_contains_when_called_then_exact_boolean_result_is_returned()
                        velvet-ballistics:fmt | (B[m[32m+-> Result<(), String> {
                        velvet-ballistics:fmt | (B[m     // Given: the static harness uses a shared exact source predicate.
                        velvet-ballistics:fmt |      let known_marker = "# Silent Discard Scan Classification: vb-qi37.12";
                        velvet-ballistics:fmt |  
                        velvet-ballistics:fmt | Diff in /home/lewis/src/velvet-ballistics/crates/workspace_tests/tests/vb_qi37_12_state8_silent_discard_contract.rs:364:
                        velvet-ballistics:fmt |      // When: the helper reads the classified report.
                        velvet-ballistics:fmt | [31m-    let result = source_contains(".beads/vb-qi37.12/silent-discard-scan-report.md", known_marker)?;
                        velvet-ballistics:fmt | (B[m[32m+    let result = source_contains(
                        velvet-ballistics:fmt | (B[m[32m+        ".beads/vb-qi37.12/silent-discard-scan-report.md",
                        velvet-ballistics:fmt | (B[m[32m+        known_marker,
                        velvet-ballistics:fmt | (B[m[32m+    )?;
                        velvet-ballistics:fmt | (B[m 
                        velvet-ballistics:fmt |      // Then: the helper returns the exact predicate result used by the static assertions.
                        velvet-ballistics:fmt |      assert_eq!(result, true);
                        velvet-ballistics:fmt | Diff in /home/lewis/src/velvet-ballistics/crates/workspace_tests/tests/vb_qi37_12_state8_silent_discard_contract.rs:381:
                        velvet-ballistics:fmt |  // -----------------------------------------------------------------------------
                        velvet-ballistics:fmt |  
                        velvet-ballistics:fmt |  #[test]
                        velvet-ballistics:fmt | [31m-fn given_decode_recovery_slot_value_when_source_is_scanned_then_none_is_returned_for_absent_payload(
                        velvet-ballistics:fmt | (B[m[31m-) -> Result<(), String> {
                        velvet-ballistics:fmt | (B[m[32m+fn given_decode_recovery_slot_value_when_source_is_scanned_then_none_is_returned_for_absent_payload()
                        velvet-ballistics:fmt | (B[m[32m+-> Result<(), String> {
                        velvet-ballistics:fmt | (B[m     // Given: JournalEvent::slot_value is the typed decode surface.
                        velvet-ballistics:fmt |      let source = read_workspace_file("crates/vb_storage/src/events.rs")?;
                        velvet-ballistics:fmt |  
                        velvet-ballistics:fmt | Diff in /home/lewis/src/velvet-ballistics/crates/workspace_tests/tests/vb_qi37_12_state8_silent_discard_contract.rs:397:
                        velvet-ballistics:fmt |  }
                        velvet-ballistics:fmt |  
                        velvet-ballistics:fmt |  #[test]
                        velvet-ballistics:fmt | [31m-fn given_decode_recovery_slot_value_when_source_is_scanned_then_valid_minimal_payload_returns_some(
                        velvet-ballistics:fmt | (B[m[31m-) -> Result<(), String> {
                        velvet-ballistics:fmt | (B[m[32m+fn given_decode_recovery_slot_value_when_source_is_scanned_then_valid_minimal_payload_returns_some()
                        velvet-ballistics:fmt | (B[m[32m+-> Result<(), String> {
                        velvet-ballistics:fmt | (B[m     // Given: slot_value decode must handle minimal valid encoded SlotValue.
                        velvet-ballistics:fmt |      let source = read_workspace_file("crates/vb_storage/src/events.rs")?;
                        velvet-ballistics:fmt |  
                        velvet-ballistics:fmt | Diff in /home/lewis/src/velvet-ballistics/crates/workspace_tests/tests/vb_qi37_12_state8_silent_discard_contract.rs:411:
                        velvet-ballistics:fmt |  }
                        velvet-ballistics:fmt |  
                        velvet-ballistics:fmt |  #[test]
                        velvet-ballistics:fmt | [31m-fn given_decode_recovery_slot_value_when_source_is_scanned_then_corrupt_bytes_return_typed_error(
                        velvet-ballistics:fmt | (B[m[31m-) -> Result<(), String> {
                        velvet-ballistics:fmt | (B[m[32m+fn given_decode_recovery_slot_value_when_source_is_scanned_then_corrupt_bytes_return_typed_error()
                        velvet-ballistics:fmt | (B[m[32m+-> Result<(), String> {
                        velvet-ballistics:fmt | (B[m     // Given: corrupt bytes must return CorruptEventPayload, not Ok(None).
                        velvet-ballistics:fmt |      let source = read_workspace_file("crates/vb_storage/src/events.rs")?;
                        velvet-ballistics:fmt |  
                        velvet-ballistics:fmt | Diff in /home/lewis/src/velvet-ballistics/crates/workspace_tests/tests/vb_qi37_12_state8_silent_discard_contract.rs:421:
                        velvet-ballistics:fmt |      let returns_result = source.contains("Result<Option<SlotValue>, JournalError>");
                        velvet-ballistics:fmt |  
                        velvet-ballistics:fmt |      // Then: decode must return Result, and corrupt must NOT be erased to None.
                        velvet-ballistics:fmt | [31m-    assert_eq!(erases_with_ok, false, "postcard decode error must not be erased with .ok()");
                        velvet-ballistics:fmt | (B[m[32m+    assert_eq!(
                        velvet-ballistics:fmt | (B[m[32m+        erases_with_ok, false,
                        velvet-ballistics:fmt | (B[m[32m+        "postcard decode error must not be erased with .ok()"
                        velvet-ballistics:fmt | (B[m[32m+    );
                        velvet-ballistics:fmt | (B[m     assert_eq!(returns_result, true, "slot_value must return Result type");
                        velvet-ballistics:fmt |      Ok(())
                        velvet-ballistics:fmt |  }
                        velvet-ballistics:fmt | Diff in /home/lewis/src/velvet-ballistics/crates/workspace_tests/tests/vb_qi37_12_state8_silent_discard_contract.rs:428:
                        velvet-ballistics:fmt |  
                        velvet-ballistics:fmt |  #[test]
                        velvet-ballistics:fmt | [31m-fn given_decode_recovery_slot_value_when_source_is_scanned_then_truncated_bytes_return_typed_error(
                        velvet-ballistics:fmt | (B[m[31m-) -> Result<(), String> {
                        velvet-ballistics:fmt | (B[m[32m+fn given_decode_recovery_slot_value_when_source_is_scanned_then_truncated_bytes_return_typed_error()
                        velvet-ballistics:fmt | (B[m[32m+-> Result<(), String> {
                        velvet-ballistics:fmt | (B[m     // Given: truncated prefix must fail closed, not succeed as absent.
                        velvet-ballistics:fmt |      let source = read_workspace_file("crates/vb_storage/src/events.rs")?;
                        velvet-ballistics:fmt |  
                        velvet-ballistics:fmt | Diff in /home/lewis/src/velvet-ballistics/crates/workspace_tests/tests/vb_qi37_12_state8_silent_discard_contract.rs:436:
                        velvet-ballistics:fmt |      let uses_ok_erasure = source.contains("postcard::from_bytes(bytes).ok()");
                        velvet-ballistics:fmt |  
                        velvet-ballistics:fmt |      // Then: truncated decode must return error, never Ok(None).
                        velvet-ballistics:fmt | [31m-    assert_eq!(uses_ok_erasure, false,
                        velvet-ballistics:fmt | (B[m[31m-        "truncated bytes must not hydrate as absent success");
                        velvet-ballistics:fmt | (B[m[32m+    assert_eq!(
                        velvet-ballistics:fmt | (B[m[32m+        uses_ok_erasure, false,
                        velvet-ballistics:fmt | (B[m[32m+        "truncated bytes must not hydrate as absent success"
                        velvet-ballistics:fmt | (B[m[32m+    );
                        velvet-ballistics:fmt | (B[m     Ok(())
                        velvet-ballistics:fmt |  }
                        velvet-ballistics:fmt |  
                        velvet-ballistics:fmt | Diff in /home/lewis/src/velvet-ballistics/crates/workspace_tests/tests/vb_qi37_12_state8_silent_discard_contract.rs:444:
                        velvet-ballistics:fmt |  #[test]
                        velvet-ballistics:fmt | [31m-fn given_decode_recovery_slot_value_when_source_is_scanned_then_oversized_payload_rejects_closed(
                        velvet-ballistics:fmt | (B[m[31m-) -> Result<(), String> {
                        velvet-ballistics:fmt | (B[m[32m+fn given_decode_recovery_slot_value_when_source_is_scanned_then_oversized_payload_rejects_closed()
                        velvet-ballistics:fmt | (B[m[32m+-> Result<(), String> {
                        velvet-ballistics:fmt | (B[m     // Given: oversized payload must fail closed without panic or empty success.
                        velvet-ballistics:fmt |      let source = read_workspace_file("crates/vb_storage/src/events.rs")?;
                        velvet-ballistics:fmt |  
                        velvet-ballistics:fmt | Diff in /home/lewis/src/velvet-ballistics/crates/workspace_tests/tests/vb_qi37_12_state8_silent_discard_contract.rs:454:
                        velvet-ballistics:fmt |  
                        velvet-ballistics:fmt |      // Then: size bounds exist and corrupt/truncated fails closed.
                        velvet-ballistics:fmt |      // If no size check exists, the decode must still not panic on oversized input.
                        velvet-ballistics:fmt | [31m-    assert_eq!(has_size_limit_check, true,
                        velvet-ballistics:fmt | (B[m[31m-        "payload size bounds should be checked or decode must handle oversized gracefully");
                        velvet-ballistics:fmt | (B[m[32m+    assert_eq!(
                        velvet-ballistics:fmt | (B[m[32m+        has_size_limit_check, true,
                        velvet-ballistics:fmt | (B[m[32m+        "payload size bounds should be checked or decode must handle oversized gracefully"
                        velvet-ballistics:fmt | (B[m[32m+    );
                        velvet-ballistics:fmt | (B[m     Ok(())
                        velvet-ballistics:fmt |  }
                        velvet-ballistics:fmt |  
                        velvet-ballistics:fmt | Diff in /home/lewis/src/velvet-ballistics/crates/workspace_tests/tests/vb_qi37_12_state8_silent_discard_contract.rs:465:
                        velvet-ballistics:fmt |  // -----------------------------------------------------------------------------
                        velvet-ballistics:fmt |  
                        velvet-ballistics:fmt |  #[test]
                        velvet-ballistics:fmt | [31m-fn given_acquire_process_lock_when_source_is_scanned_then_returns_result_type(
                        velvet-ballistics:fmt | (B[m[31m-) -> Result<(), String> {
                        velvet-ballistics:fmt | (B[m[32m+fn given_acquire_process_lock_when_source_is_scanned_then_returns_result_type() -> Result<(), String>
                        velvet-ballistics:fmt | (B[m[32m+{
                        velvet-ballistics:fmt | (B[m     // Given: ProcessLock::acquire must return Result<ProcessLock, JournalError>.
                        velvet-ballistics:fmt |      let source = read_workspace_file("crates/vb_storage/src/process_lock.rs")?;
                        velvet-ballistics:fmt |  
                        velvet-ballistics:fmt | Diff in /home/lewis/src/velvet-ballistics/crates/workspace_tests/tests/vb_qi37_12_state8_silent_discard_contract.rs:473:
                        velvet-ballistics:fmt |      // When: the signature is checked.
                        velvet-ballistics:fmt | [31m-    let has_result_signature = source.contains("pub(crate) fn acquire(")
                        velvet-ballistics:fmt | (B[m[31m-        && source.contains("Result<Self, JournalError>");
                        velvet-ballistics:fmt | (B[m[32m+    let has_result_signature =
                        velvet-ballistics:fmt | (B[m[32m+        source.contains("pub(crate) fn acquire(") && source.contains("Result<Self, JournalError>");
                        velvet-ballistics:fmt | (B[m 
                        velvet-ballistics:fmt |      // Then: lock acquisition returns typed result.
                        velvet-ballistics:fmt |      assert_eq!(has_result_signature, true);
                        velvet-ballistics:fmt | Diff in /home/lewis/src/velvet-ballistics/crates/workspace_tests/tests/vb_qi37_12_state8_silent_discard_contract.rs:480:
                        velvet-ballistics:fmt |  }
                        velvet-ballistics:fmt |  
                        velvet-ballistics:fmt |  #[test]
                        velvet-ballistics:fmt | [31m-fn given_acquire_process_lock_when_source_is_scanned_then_contention_returns_process_lock_held(
                        velvet-ballistics:fmt | (B[m[31m-) -> Result<(), String> {
                        velvet-ballistics:fmt | (B[m[32m+fn given_acquire_process_lock_when_source_is_scanned_then_contention_returns_process_lock_held()
                        velvet-ballistics:fmt | (B[m[32m+-> Result<(), String> {
                        velvet-ballistics:fmt | (B[m     // Given: second acquire on held lock must return ProcessLockHeld.
                        velvet-ballistics:fmt |      let source = read_workspace_file("crates/vb_storage/src/process_lock.rs")?;
                        velvet-ballistics:fmt |  
                        velvet-ballistics:fmt | Diff in /home/lewis/src/velvet-ballistics/crates/workspace_tests/tests/vb_qi37_12_state8_silent_discard_contract.rs:494:
                        velvet-ballistics:fmt |  }
                        velvet-ballistics:fmt |  
                        velvet-ballistics:fmt |  #[test]
                        velvet-ballistics:fmt | [31m-fn given_acquire_process_lock_when_source_is_scanned_then_io_failure_returns_process_lock_io(
                        velvet-ballistics:fmt | (B[m[31m-) -> Result<(), String> {
                        velvet-ballistics:fmt | (B[m[32m+fn given_acquire_process_lock_when_source_is_scanned_then_io_failure_returns_process_lock_io()
                        velvet-ballistics:fmt | (B[m[32m+-> Result<(), String> {
                        velvet-ballistics:fmt | (B[m     // Given: filesystem/open failures must return ProcessLockIo.
                        velvet-ballistics:fmt |      let source = read_workspace_file("crates/vb_storage/src/process_lock.rs")?;
                        velvet-ballistics:fmt |  
                        velvet-ballistics:fmt | Diff in /home/lewis/src/velvet-ballistics/crates/workspace_tests/tests/vb_qi37_12_state8_silent_discard_contract.rs:508:
                        velvet-ballistics:fmt |  }
                        velvet-ballistics:fmt |  
                        velvet-ballistics:fmt |  #[test]
                        velvet-ballistics:fmt | [31m-fn given_acquire_process_lock_when_source_is_scanned_then_non_would_block_error_returns_io(
                        velvet-ballistics:fmt | (B[m[31m-) -> Result<(), String> {
                        velvet-ballistics:fmt | (B[m[32m+fn given_acquire_process_lock_when_source_is_scanned_then_non_would_block_error_returns_io()
                        velvet-ballistics:fmt | (B[m[32m+-> Result<(), String> {
                        velvet-ballistics:fmt | (B[m     // Given: non-contention I/O errors must not be conflated with ProcessLockHeld.
                        velvet-ballistics:fmt |      let source = read_workspace_file("crates/vb_storage/src/process_lock.rs")?;
                        velvet-ballistics:fmt |  
                        velvet-ballistics:fmt | Diff in /home/lewis/src/velvet-ballistics/crates/workspace_tests/tests/vb_qi37_12_state8_silent_discard_contract.rs:523:
                        velvet-ballistics:fmt |  }
                        velvet-ballistics:fmt |  
                        velvet-ballistics:fmt |  #[test]
                        velvet-ballistics:fmt | [31m-fn given_acquire_process_lock_when_source_is_scanned_then_metadata_failure_is_best_effort_optional(
                        velvet-ballistics:fmt | (B[m[31m-) -> Result<(), String> {
                        velvet-ballistics:fmt | (B[m[32m+fn given_acquire_process_lock_when_source_is_scanned_then_metadata_failure_is_best_effort_optional()
                        velvet-ballistics:fmt | (B[m[32m+-> Result<(), String> {
                        velvet-ballistics:fmt | (B[m     // Given: PID metadata read/write failures are approved best-effort exceptions.
                        velvet-ballistics:fmt |      let source = read_workspace_file("crates/vb_storage/src/process_lock.rs")?;
                        velvet-ballistics:fmt |  
                        velvet-ballistics:fmt | Diff in /home/lewis/src/velvet-ballistics/crates/workspace_tests/tests/vb_qi37_12_state8_silent_discard_contract.rs:531:
                        velvet-ballistics:fmt |      // When: metadata handling is checked.
                        velvet-ballistics:fmt | [31m-    let has_best_effort_pid = source.contains("let _ = file.set_len(0)")
                        velvet-ballistics:fmt | (B[m[31m-        || source.contains("let _ = write!(file");
                        velvet-ballistics:fmt | (B[m[32m+    let has_best_effort_pid =
                        velvet-ballistics:fmt | (B[m[32m+        source.contains("let _ = file.set_len(0)") || source.contains("let _ = write!(file");
                        velvet-ballistics:fmt | (B[m 
                        velvet-ballistics:fmt |      // Then: metadata failures are best-effort (typed optional), not lock failure concealment.
                        velvet-ballistics:fmt |      assert_eq!(has_best_effort_pid, true);
                        velvet-ballistics:fmt | Diff in /home/lewis/src/velvet-ballistics/crates/workspace_tests/tests/vb_qi37_12_state8_silent_discard_contract.rs:544:
                        velvet-ballistics:fmt |  // -----------------------------------------------------------------------------
                        velvet-ballistics:fmt |  
                        velvet-ballistics:fmt |  #[test]
                        velvet-ballistics:fmt | [31m-fn given_classify_fallible_site_when_plan_is_scanned_then_signature_returns_result_type(
                        velvet-ballistics:fmt | (B[m[31m-) -> Result<(), String> {
                        velvet-ballistics:fmt | (B[m[32m+fn given_classify_fallible_site_when_plan_is_scanned_then_signature_returns_result_type()
                        velvet-ballistics:fmt | (B[m[32m+-> Result<(), String> {
                        velvet-ballistics:fmt | (B[m     // Given: the classification API must return Result<DiscardClassification, ContractError>.
                        velvet-ballistics:fmt |      let plan = read_workspace_file(".beads/vb-qi37.12/test-plan.md")?;
                        velvet-ballistics:fmt |  
                        velvet-ballistics:fmt | Diff in /home/lewis/src/velvet-ballistics/crates/workspace_tests/tests/vb_qi37_12_state8_silent_discard_contract.rs:559:
                        velvet-ballistics:fmt |  }
                        velvet-ballistics:fmt |  
                        velvet-ballistics:fmt |  #[test]
                        velvet-ballistics:fmt | [31m-fn given_classify_fallible_site_when_plan_is_scanned_then_must_propagate_classification_exists(
                        velvet-ballistics:fmt | (B[m[31m-) -> Result<(), String> {
                        velvet-ballistics:fmt | (B[m[32m+fn given_classify_fallible_site_when_plan_is_scanned_then_must_propagate_classification_exists()
                        velvet-ballistics:fmt | (B[m[32m+-> Result<(), String> {
                        velvet-ballistics:fmt | (B[m     // Given: release-critical persist results must be classified as must_propagate.
                        velvet-ballistics:fmt |      let plan = read_workspace_file(".beads/vb-qi37.12/test-plan.md")?;
                        velvet-ballistics:fmt |  
                        velvet-ballistics:fmt | Diff in /home/lewis/src/velvet-ballistics/crates/workspace_tests/tests/vb_qi37_12_state8_silent_discard_contract.rs:573:
                        velvet-ballistics:fmt |  }
                        velvet-ballistics:fmt |  
                        velvet-ballistics:fmt |  #[test]
                        velvet-ballistics:fmt | [31m-fn given_classify_fallible_site_when_plan_is_scanned_then_best_effort_rejects_release_critical(
                        velvet-ballistics:fmt | (B[m[31m-) -> Result<(), String> {
                        velvet-ballistics:fmt | (B[m[32m+fn given_classify_fallible_site_when_plan_is_scanned_then_best_effort_rejects_release_critical()
                        velvet-ballistics:fmt | (B[m[32m+-> Result<(), String> {
                        velvet-ballistics:fmt | (B[m     // Given: typed_best_effort_discard cannot be applied to release-critical paths.
                        velvet-ballistics:fmt |      let plan = read_workspace_file(".beads/vb-qi37.12/test-plan.md")?;
                        velvet-ballistics:fmt |  
                        velvet-ballistics:fmt | Diff in /home/lewis/src/velvet-ballistics/crates/workspace_tests/tests/vb_qi37_12_state8_silent_discard_contract.rs:589:
                        velvet-ballistics:fmt |  }
                        velvet-ballistics:fmt |  
                        velvet-ballistics:fmt |  #[test]
                        velvet-ballistics:fmt | [31m-fn given_classify_fallible_site_when_plan_is_scanned_then_noncritical_best_effort_has_rationale(
                        velvet-ballistics:fmt | (B[m[31m-) -> Result<(), String> {
                        velvet-ballistics:fmt | (B[m[32m+fn given_classify_fallible_site_when_plan_is_scanned_then_noncritical_best_effort_has_rationale()
                        velvet-ballistics:fmt | (B[m[32m+-> Result<(), String> {
                        velvet-ballistics:fmt | (B[m     // Given: non-critical best-effort requires named rationale.
                        velvet-ballistics:fmt |      let plan = read_workspace_file(".beads/vb-qi37.12/test-plan.md")?;
                        velvet-ballistics:fmt |  
                        velvet-ballistics:fmt | Diff in /home/lewis/src/velvet-ballistics/crates/workspace_tests/tests/vb_qi37_12_state8_silent_discard_contract.rs:597:
                        velvet-ballistics:fmt |      // When: the rationale requirement is checked.
                        velvet-ballistics:fmt | [31m-    let has_rationale_field = plan.contains("rationale")
                        velvet-ballistics:fmt | (B[m[31m-        || plan.contains("noncritical_scope");
                        velvet-ballistics:fmt | (B[m[32m+    let has_rationale_field = plan.contains("rationale") || plan.contains("noncritical_scope");
                        velvet-ballistics:fmt | (B[m 
                        velvet-ballistics:fmt |      // Then: best-effort exceptions require documented rationale.
                        velvet-ballistics:fmt |      assert_eq!(has_rationale_field, true);
                        velvet-ballistics:fmt | Diff in /home/lewis/src/velvet-ballistics/crates/workspace_tests/tests/vb_qi37_12_state8_silent_discard_contract.rs:604:
                        velvet-ballistics:fmt |  }
                        velvet-ballistics:fmt |  
                        velvet-ballistics:fmt |  #[test]
                        velvet-ballistics:fmt | [31m-fn given_classify_fallible_site_when_plan_is_scanned_then_unclassified_fails_with_path_and_line(
                        velvet-ballistics:fmt | (B[m[31m-) -> Result<(), String> {
                        velvet-ballistics:fmt | (B[m[32m+fn given_classify_fallible_site_when_plan_is_scanned_then_unclassified_fails_with_path_and_line()
                        velvet-ballistics:fmt | (B[m[32m+-> Result<(), String> {
                        velvet-ballistics:fmt | (B[m     // Given: unclassified production candidates must fail with exact path/line.
                        velvet-ballistics:fmt |      let plan = read_workspace_file(".beads/vb-qi37.12/test-plan.md")?;
                        velvet-ballistics:fmt |  
                        velvet-ballistics:fmt | Diff in /home/lewis/src/velvet-ballistics/crates/workspace_tests/tests/vb_qi37_12_state8_silent_discard_contract.rs:619:
                        velvet-ballistics:fmt |  }
                        velvet-ballistics:fmt |  
                        velvet-ballistics:fmt |  #[test]
                        velvet-ballistics:fmt | [31m-fn given_classify_fallible_site_when_plan_is_scanned_then_test_only_decrements_production_count(
                        velvet-ballistics:fmt | (B[m[31m-) -> Result<(), String> {
                        velvet-ballistics:fmt | (B[m[32m+fn given_classify_fallible_site_when_plan_is_scanned_then_test_only_decrements_production_count()
                        velvet-ballistics:fmt | (B[m[32m+-> Result<(), String> {
                        velvet-ballistics:fmt | (B[m     // Given: test-only candidates must not count toward production classified total.
                        velvet-ballistics:fmt |      let plan = read_workspace_file(".beads/vb-qi37.12/test-plan.md")?;
                        velvet-ballistics:fmt |  
                        velvet-ballistics:fmt | Diff in /home/lewis/src/velvet-ballistics/crates/workspace_tests/tests/vb_qi37_12_state8_silent_discard_contract.rs:640:
                        velvet-ballistics:fmt |  // -----------------------------------------------------------------------------
                        velvet-ballistics:fmt |  
                        velvet-ballistics:fmt |  #[test]
                        velvet-ballistics:fmt | [31m-fn given_close_or_persist_strict_when_source_is_scanned_then_append_strict_sequence_is_exact(
                        velvet-ballistics:fmt | (B[m[31m-) -> Result<(), String> {
                        velvet-ballistics:fmt | (B[m[32m+fn given_close_or_persist_strict_when_source_is_scanned_then_append_strict_sequence_is_exact()
                        velvet-ballistics:fmt | (B[m[32m+-> Result<(), String> {
                        velvet-ballistics:fmt | (B[m     // Given: append_strict must call append_unpersisted THEN persist_strict.
                        velvet-ballistics:fmt |      let source = read_workspace_file("crates/vb_storage/src/journal/append.rs")?;
                        velvet-ballistics:fmt |  
                        velvet-ballistics:fmt | Diff in /home/lewis/src/velvet-ballistics/crates/workspace_tests/tests/vb_qi37_12_state8_silent_discard_contract.rs:655:
                        velvet-ballistics:fmt |  }
                        velvet-ballistics:fmt |  
                        velvet-ballistics:fmt |  #[test]
                        velvet-ballistics:fmt | [31m-fn given_close_or_persist_strict_when_source_is_scanned_then_batch_persists_only_when_non_empty(
                        velvet-ballistics:fmt | (B[m[31m-) -> Result<(), String> {
                        velvet-ballistics:fmt | (B[m[32m+fn given_close_or_persist_strict_when_source_is_scanned_then_batch_persists_only_when_non_empty()
                        velvet-ballistics:fmt | (B[m[32m+-> Result<(), String> {
                        velvet-ballistics:fmt | (B[m     // Given: append_strict_batch must not persist for empty batch.
                        velvet-ballistics:fmt |      let source = read_workspace_file("crates/vb_storage/src/journal/append.rs")?;
                        velvet-ballistics:fmt |  
                        velvet-ballistics:fmt | Diff in /home/lewis/src/velvet-ballistics/crates/workspace_tests/tests/vb_qi37_12_state8_silent_discard_contract.rs:663:
                        velvet-ballistics:fmt |      // When: the empty batch guard is checked.
                        velvet-ballistics:fmt | [31m-    let has_empty_guard = source.contains("if !events.is_empty()")
                        velvet-ballistics:fmt | (B[m[31m-        || source.contains("if events.is_empty()");
                        velvet-ballistics:fmt | (B[m[32m+    let has_empty_guard =
                        velvet-ballistics:fmt | (B[m[32m+        source.contains("if !events.is_empty()") || source.contains("if events.is_empty()");
                        velvet-ballistics:fmt | (B[m 
                        velvet-ballistics:fmt |      // Then: empty batch returns Ok(()) without calling persist.
                        velvet-ballistics:fmt |      assert_eq!(has_empty_guard, true);
                        velvet-ballistics:fmt | Diff in /home/lewis/src/velvet-ballistics/crates/workspace_tests/tests/vb_qi37_12_state8_silent_discard_contract.rs:670:
                        velvet-ballistics:fmt |  }
                        velvet-ballistics:fmt |  
                        velvet-ballistics:fmt |  #[test]
                        velvet-ballistics:fmt | [31m-fn given_close_or_persist_strict_when_source_is_scanned_then_persist_propagates_fjall_error(
                        velvet-ballistics:fmt | (B[m[31m-) -> Result<(), String> {
                        velvet-ballistics:fmt | (B[m[32m+fn given_close_or_persist_strict_when_source_is_scanned_then_persist_propagates_fjall_error()
                        velvet-ballistics:fmt | (B[m[32m+-> Result<(), String> {
                        velvet-ballistics:fmt | (B[m     // Given: persist_strict must propagate database.persist errors.
                        velvet-ballistics:fmt |      let source = read_workspace_file("crates/vb_storage/src/journal/append.rs")?;
                        velvet-ballistics:fmt |  
                        velvet-ballistics:fmt | Diff in /home/lewis/src/velvet-ballistics/crates/workspace_tests/tests/vb_qi37_12_state8_silent_discard_contract.rs:678:
                        velvet-ballistics:fmt |      // When: the error propagation is checked.
                        velvet-ballistics:fmt | [31m-    let propagates_error = source.contains("self.database.persist(")
                        velvet-ballistics:fmt | (B[m[31m-        && source.contains("?");
                        velvet-ballistics:fmt | (B[m[32m+    let propagates_error = source.contains("self.database.persist(") && source.contains("?");
                        velvet-ballistics:fmt | (B[m 
                        velvet-ballistics:fmt |      // Then: fjall persist errors are not swallowed.
                        velvet-ballistics:fmt |      assert_eq!(propagates_error, true);
                        velvet-ballistics:fmt | Diff in /home/lewis/src/velvet-ballistics/crates/workspace_tests/tests/vb_qi37_12_state8_silent_discard_contract.rs:685:
                        velvet-ballistics:fmt |  }
                        velvet-ballistics:fmt |  
                        velvet-ballistics:fmt |  #[test]
                        velvet-ballistics:fmt | [31m-fn given_close_or_persist_strict_when_source_is_scanned_then_strict_batch_iterates_before_persist(
                        velvet-ballistics:fmt | (B[m[31m-) -> Result<(), String> {
                        velvet-ballistics:fmt | (B[m[32m+fn given_close_or_persist_strict_when_source_is_scanned_then_strict_batch_iterates_before_persist()
                        velvet-ballistics:fmt | (B[m[32m+-> Result<(), String> {
                        velvet-ballistics:fmt | (B[m     // Given: batch must iterate all events before persist.
                        velvet-ballistics:fmt |      let source = read_workspace_file("crates/vb_storage/src/journal/append.rs")?;
                        velvet-ballistics:fmt |  
                        velvet-ballistics:fmt | Diff in /home/lewis/src/velvet-ballistics/crates/workspace_tests/tests/vb_qi37_12_state8_silent_discard_contract.rs:693:
                        velvet-ballistics:fmt |      // When: the iteration pattern is checked.
                        velvet-ballistics:fmt | [31m-    let iterates_all = source.contains("for event in events")
                        velvet-ballistics:fmt | (B[m[31m-        && source.contains("append_unpersisted");
                        velvet-ballistics:fmt | (B[m[32m+    let iterates_all =
                        velvet-ballistics:fmt | (B[m[32m+        source.contains("for event in events") && source.contains("append_unpersisted");
                        velvet-ballistics:fmt | (B[m 
                        velvet-ballistics:fmt |      // Then: all events are appended before the barrier.
                        velvet-ballistics:fmt |      assert_eq!(iterates_all, true);
                        velvet-ballistics:fmt | Diff in /home/lewis/src/velvet-ballistics/crates/workspace_tests/tests/vb_qi37_12_state8_silent_discard_contract.rs:700:
                        velvet-ballistics:fmt |  }
                        velvet-ballistics:fmt |  
                        velvet-ballistics:fmt |  #[test]
                        velvet-ballistics:fmt | [31m-fn given_close_or_persist_strict_when_source_is_scanned_then_success_returns_unit(
                        velvet-ballistics:fmt | (B[m[31m-) -> Result<(), String> {
                        velvet-ballistics:fmt | (B[m[32m+fn given_close_or_persist_strict_when_source_is_scanned_then_success_returns_unit()
                        velvet-ballistics:fmt | (B[m[32m+-> Result<(), String> {
                        velvet-ballistics:fmt | (B[m     // Given: strict append must return Result<(), JournalError>.
                        velvet-ballistics:fmt |      let source = read_workspace_file("crates/vb_storage/src/journal/append.rs")?;
                        velvet-ballistics:fmt |  
                        velvet-ballistics:fmt | Diff in /home/lewis/src/velvet-ballistics/crates/workspace_tests/tests/vb_qi37_12_state8_silent_discard_contract.rs:715:
                        velvet-ballistics:fmt |  }
                        velvet-ballistics:fmt |  
                        velvet-ballistics:fmt |  #[test]
                        velvet-ballistics:fmt | [31m-fn given_close_or_persist_strict_when_source_is_scanned_then_no_event_without_persist(
                        velvet-ballistics:fmt | (B[m[31m-) -> Result<(), String> {
                        velvet-ballistics:fmt | (B[m[32m+fn given_close_or_persist_strict_when_source_is_scanned_then_no_event_without_persist()
                        velvet-ballistics:fmt | (B[m[32m+-> Result<(), String> {
                        velvet-ballistics:fmt | (B[m     // Given: no event may be considered durable without persist_strict call.
                        velvet-ballistics:fmt |      let source = read_workspace_file("crates/vb_storage/src/journal/append.rs")?;
                        velvet-ballistics:fmt |  
                        velvet-ballistics:fmt | Diff in /home/lewis/src/velvet-ballistics/crates/workspace_tests/tests/vb_qi37_12_state8_silent_discard_contract.rs:734:
                        velvet-ballistics:fmt |  // -----------------------------------------------------------------------------
                        velvet-ballistics:fmt |  
                        velvet-ballistics:fmt |  #[test]
                        velvet-ballistics:fmt | [31m-fn given_apply_drive_result_when_source_is_scanned_then_signature_returns_runtime_result(
                        velvet-ballistics:fmt | (B[m[31m-) -> Result<(), String> {
                        velvet-ballistics:fmt | (B[m[32m+fn given_apply_drive_result_when_source_is_scanned_then_signature_returns_runtime_result()
                        velvet-ballistics:fmt | (B[m[32m+-> Result<(), String> {
                        velvet-ballistics:fmt | (B[m     // Given: apply_drive_result must return RuntimeResult<()>.
                        velvet-ballistics:fmt |      let shard_source = read_workspace_file("crates/vb_runtime/src/shard/types.rs")?;
                        velvet-ballistics:fmt |      let lifecycle_source = read_workspace_file("crates/vb_runtime/src/shard/lifecycle.rs")?;
                        velvet-ballistics:fmt | Diff in /home/lewis/src/velvet-ballistics/crates/workspace_tests/tests/vb_qi37_12_state8_silent_discard_contract.rs:750:
                        velvet-ballistics:fmt |  }
                        velvet-ballistics:fmt |  
                        velvet-ballistics:fmt |  #[test]
                        velvet-ballistics:fmt | [31m-fn given_apply_drive_result_when_source_is_scanned_then_engine_error_returns_engine_drive_failed(
                        velvet-ballistics:fmt | (B[m[31m-) -> Result<(), String> {
                        velvet-ballistics:fmt | (B[m[32m+fn given_apply_drive_result_when_source_is_scanned_then_engine_error_returns_engine_drive_failed()
                        velvet-ballistics:fmt | (B[m[32m+-> Result<(), String> {
                        velvet-ballistics:fmt | (B[m     // Given: engine errors must map to RuntimeError::EngineDriveFailed.
                        velvet-ballistics:fmt |      let conversion_source = read_workspace_file("crates/vb_runtime/src/error/conversions.rs")?;
                        velvet-ballistics:fmt |  
                        velvet-ballistics:fmt | Diff in /home/lewis/src/velvet-ballistics/crates/workspace_tests/tests/vb_qi37_12_state8_silent_discard_contract.rs:765:
                        velvet-ballistics:fmt |  }
                        velvet-ballistics:fmt |  
                        velvet-ballistics:fmt |  #[test]
                        velvet-ballistics:fmt | [31m-fn given_apply_drive_result_when_source_is_scanned_then_journal_append_error_returns_storage_error(
                        velvet-ballistics:fmt | (B[m[31m-) -> Result<(), String> {
                        velvet-ballistics:fmt | (B[m[32m+fn given_apply_drive_result_when_source_is_scanned_then_journal_append_error_returns_storage_error()
                        velvet-ballistics:fmt | (B[m[32m+-> Result<(), String> {
                        velvet-ballistics:fmt | (B[m     // Given: journal append failures must return RuntimeError::StorageJournalAppend.
                        velvet-ballistics:fmt |      let conversion_source = read_workspace_file("crates/vb_runtime/src/error/conversions.rs")?;
                        velvet-ballistics:fmt |  
                        velvet-ballistics:fmt | Diff in /home/lewis/src/velvet-ballistics/crates/workspace_tests/tests/vb_qi37_12_state8_silent_discard_contract.rs:779:
                        velvet-ballistics:fmt |  }
                        velvet-ballistics:fmt |  
                        velvet-ballistics:fmt |  #[test]
                        velvet-ballistics:fmt | [31m-fn given_apply_drive_result_when_source_is_scanned_then_cancel_retry_resume_preserve_cause(
                        velvet-ballistics:fmt | (B[m[31m-) -> Result<(), String> {
                        velvet-ballistics:fmt | (B[m[32m+fn given_apply_drive_result_when_source_is_scanned_then_cancel_retry_resume_preserve_cause()
                        velvet-ballistics:fmt | (B[m[32m+-> Result<(), String> {
                        velvet-ballistics:fmt | (B[m     // Given: action/ask/wait/retry/cancel/resume must preserve cause fields.
                        velvet-ballistics:fmt |      let shard_source = read_workspace_file("crates/vb_runtime/src/shard/types.rs")?;
                        velvet-ballistics:fmt |      let transitions_source = read_workspace_file("crates/vb_runtime/src/shard/transitions.rs")?;
                        velvet-ballistics:fmt | Diff in /home/lewis/src/velvet-ballistics/crates/workspace_tests/tests/vb_qi37_12_state8_silent_discard_contract.rs:796:
                        velvet-ballistics:fmt |  }
                        velvet-ballistics:fmt |  
                        velvet-ballistics:fmt |  #[test]
                        velvet-ballistics:fmt | [31m-fn given_apply_drive_result_when_source_is_scanned_then_mismatched_run_state_returns_error(
                        velvet-ballistics:fmt | (B[m[31m-) -> Result<(), String> {
                        velvet-ballistics:fmt | (B[m[32m+fn given_apply_drive_result_when_source_is_scanned_then_mismatched_run_state_returns_error()
                        velvet-ballistics:fmt | (B[m[32m+-> Result<(), String> {
                        velvet-ballistics:fmt | (B[m     // Given: run/state mismatch must not return success.
                        velvet-ballistics:fmt |      let lifecycle_source = read_workspace_file("crates/vb_runtime/src/shard/lifecycle.rs")?;
                        velvet-ballistics:fmt |  
                        velvet-ballistics:fmt | Diff in /home/lewis/src/velvet-ballistics/crates/workspace_tests/tests/vb_qi37_12_state8_silent_discard_contract.rs:812:
                        velvet-ballistics:fmt |  }
                        velvet-ballistics:fmt |  
                        velvet-ballistics:fmt |  #[test]
                        velvet-ballistics:fmt | [31m-fn given_apply_drive_result_when_source_is_scanned_then_boundary_preserves_diagnostic_envelope(
                        velvet-ballistics:fmt | (B[m[31m-) -> Result<(), String> {
                        velvet-ballistics:fmt | (B[m[32m+fn given_apply_drive_result_when_source_is_scanned_then_boundary_preserves_diagnostic_envelope()
                        velvet-ballistics:fmt | (B[m[32m+-> Result<(), String> {
                        velvet-ballistics:fmt | (B[m     // Given: diagnostic envelope must preserve operation, boundary, run id, record kind, source.
                        velvet-ballistics:fmt |      let diagnostics_source = read_workspace_file("crates/vb_runtime/src/error/diagnostics.rs")?;
                        velvet-ballistics:fmt |  
                        velvet-ballistics:fmt | Diff in /home/lewis/src/velvet-ballistics/crates/workspace_tests/tests/vb_qi37_12_state8_silent_discard_contract.rs:834:
                        velvet-ballistics:fmt |  // -----------------------------------------------------------------------------
                        velvet-ballistics:fmt |  
                        velvet-ballistics:fmt |  #[test]
                        velvet-ballistics:fmt | [31m-fn given_validate_workflow_ast_when_source_is_scanned_then_signature_returns_validated_or_errors(
                        velvet-ballistics:fmt | (B[m[31m-) -> Result<(), String> {
                        velvet-ballistics:fmt | (B[m[32m+fn given_validate_workflow_ast_when_source_is_scanned_then_signature_returns_validated_or_errors()
                        velvet-ballistics:fmt | (B[m[32m+-> Result<(), String> {
                        velvet-ballistics:fmt | (B[m     // Given: validate_workflow_ast must return Result<ValidatedWorkflow, CompileErrors>.
                        velvet-ballistics:fmt |      let compile_lib = read_workspace_file("crates/vb_compile/src/lib.rs")?;
                        velvet-ballistics:fmt |  
                        velvet-ballistics:fmt | Diff in /home/lewis/src/velvet-ballistics/crates/workspace_tests/tests/vb_qi37_12_state8_silent_discard_contract.rs:842:
                        velvet-ballistics:fmt |      // When: the validation signature is checked.
                        velvet-ballistics:fmt | [31m-    let has_validate_signature = compile_lib.contains("validate")
                        velvet-ballistics:fmt | (B[m[31m-        && compile_lib.contains("CompileErrors");
                        velvet-ballistics:fmt | (B[m[32m+    let has_validate_signature =
                        velvet-ballistics:fmt | (B[m[32m+        compile_lib.contains("validate") && compile_lib.contains("CompileErrors");
                        velvet-ballistics:fmt | (B[m 
                        velvet-ballistics:fmt |      // Then: validation returns errors, not success for invalid input.
                        velvet-ballistics:fmt |      assert_eq!(has_validate_signature, true);
                        velvet-ballistics:fmt | Diff in /home/lewis/src/velvet-ballistics/crates/workspace_tests/tests/vb_qi37_12_state8_silent_discard_contract.rs:849:
                        velvet-ballistics:fmt |  }
                        velvet-ballistics:fmt |  
                        velvet-ballistics:fmt |  #[test]
                        velvet-ballistics:fmt | [31m-fn given_validate_workflow_ast_when_source_is_scanned_then_multiple_errors_are_accumulated(
                        velvet-ballistics:fmt | (B[m[31m-) -> Result<(), String> {
                        velvet-ballistics:fmt | (B[m[32m+fn given_validate_workflow_ast_when_source_is_scanned_then_multiple_errors_are_accumulated()
                        velvet-ballistics:fmt | (B[m[32m+-> Result<(), String> {
                        velvet-ballistics:fmt | (B[m     // Given: multiple validation errors must all be preserved, not early-return on first.
                        velvet-ballistics:fmt |      let type_taint = read_workspace_file("crates/vb_compile/src/type_taint.rs")?;
                        velvet-ballistics:fmt |  
                        velvet-ballistics:fmt | Diff in /home/lewis/src/velvet-ballistics/crates/workspace_tests/tests/vb_qi37_12_state8_silent_discard_contract.rs:857:
                        velvet-ballistics:fmt |      // When: the accumulation pattern is checked.
                        velvet-ballistics:fmt | [31m-    let accumulates_errors = type_taint.contains("errors.push")
                        velvet-ballistics:fmt | (B[m[31m-        || type_taint.contains("CompileErrors");
                        velvet-ballistics:fmt | (B[m[32m+    let accumulates_errors =
                        velvet-ballistics:fmt | (B[m[32m+        type_taint.contains("errors.push") || type_taint.contains("CompileErrors");
                        velvet-ballistics:fmt | (B[m 
                        velvet-ballistics:fmt |      // Then: errors are collected, not dropped by early success.
                        velvet-ballistics:fmt |      assert_eq!(accumulates_errors, true);
                        velvet-ballistics:fmt | Diff in /home/lewis/src/velvet-ballistics/crates/workspace_tests/tests/vb_qi37_12_state8_silent_discard_contract.rs:864:
                        velvet-ballistics:fmt |  }
                        velvet-ballistics:fmt |  
                        velvet-ballistics:fmt |  #[test]
                        velvet-ballistics:fmt | [31m-fn given_validate_workflow_ast_when_source_is_scanned_then_schema_errors_have_exact_variants(
                        velvet-ballistics:fmt | (B[m[31m-) -> Result<(), String> {
                        velvet-ballistics:fmt | (B[m[32m+fn given_validate_workflow_ast_when_source_is_scanned_then_schema_errors_have_exact_variants()
                        velvet-ballistics:fmt | (B[m[32m+-> Result<(), String> {
                        velvet-ballistics:fmt | (B[m     // Given: schema validation must return exact CompileError variants.
                        velvet-ballistics:fmt |      let schema_source = read_workspace_file("crates/vb_compile/src/schema.rs")?;
                        velvet-ballistics:fmt |  
                        velvet-ballistics:fmt | Diff in /home/lewis/src/velvet-ballistics/crates/workspace_tests/tests/vb_qi37_12_state8_silent_discard_contract.rs:872:
                        velvet-ballistics:fmt |      // When: the error variants are checked.
                        velvet-ballistics:fmt | [31m-    let has_schema_errors = schema_source.contains("CompileError")
                        velvet-ballistics:fmt | (B[m[31m-        || schema_source.contains("Schema");
                        velvet-ballistics:fmt | (B[m[32m+    let has_schema_errors =
                        velvet-ballistics:fmt | (B[m[32m+        schema_source.contains("CompileError") || schema_source.contains("Schema");
                        velvet-ballistics:fmt | (B[m 
                        velvet-ballistics:fmt |      // Then: schema errors are typed, not generic.
                        velvet-ballistics:fmt |      assert_eq!(has_schema_errors, true);
                        velvet-ballistics:fmt | Diff in /home/lewis/src/velvet-ballistics/crates/workspace_tests/tests/vb_qi37_12_state8_silent_discard_contract.rs:879:
                        velvet-ballistics:fmt |  }
                        velvet-ballistics:fmt |  
                        velvet-ballistics:fmt |  #[test]
                        velvet-ballistics:fmt | [31m-fn given_validate_workflow_ast_when_source_is_scanned_then_reference_errors_map_exactly(
                        velvet-ballistics:fmt | (B[m[31m-) -> Result<(), String> {
                        velvet-ballistics:fmt | (B[m[32m+fn given_validate_workflow_ast_when_source_is_scanned_then_reference_errors_map_exactly()
                        velvet-ballistics:fmt | (B[m[32m+-> Result<(), String> {
                        velvet-ballistics:fmt | (B[m     // Given: unresolved references must return specific reference errors.
                        velvet-ballistics:fmt |      let expression_source = read_workspace_file("crates/vb_compile/src/expression.rs")?;
                        velvet-ballistics:fmt |  
                        velvet-ballistics:fmt | Diff in /home/lewis/src/velvet-ballistics/crates/workspace_tests/tests/vb_qi37_12_state8_silent_discard_contract.rs:887:
                        velvet-ballistics:fmt |      // When: the reference validation is checked.
                        velvet-ballistics:fmt | [31m-    let has_reference_errors = expression_source.contains("reference")
                        velvet-ballistics:fmt | (B[m[31m-        || expression_source.contains("CompileError");
                        velvet-ballistics:fmt | (B[m[32m+    let has_reference_errors =
                        velvet-ballistics:fmt | (B[m[32m+        expression_source.contains("reference") || expression_source.contains("CompileError");
                        velvet-ballistics:fmt | (B[m 
                        velvet-ballistics:fmt |      // Then: reference errors are distinguishable from other error types.
                        velvet-ballistics:fmt |      assert_eq!(has_reference_errors, true);
                        velvet-ballistics:fmt | Diff in /home/lewis/src/velvet-ballistics/crates/workspace_tests/tests/vb_qi37_12_state8_silent_discard_contract.rs:894:
                        velvet-ballistics:fmt |  }
                        velvet-ballistics:fmt |  
                        velvet-ballistics:fmt |  #[test]
                        velvet-ballistics:fmt | [31m-fn given_validate_workflow_ast_when_source_is_scanned_then_profile_errors_reject_unsupported_events(
                        velvet-ballistics:fmt | (B[m[31m-) -> Result<(), String> {
                        velvet-ballistics:fmt | (B[m[32m+fn given_validate_workflow_ast_when_source_is_scanned_then_profile_errors_reject_unsupported_events()
                        velvet-ballistics:fmt | (B[m[32m+-> Result<(), String> {
                        velvet-ballistics:fmt | (B[m     // Given: unsupported profile events must be rejected.
                        velvet-ballistics:fmt |      let strict_yaml = read_workspace_file("crates/vb_compile/src/strict_yaml.rs")?;
                        velvet-ballistics:fmt |  
                        velvet-ballistics:fmt | Diff in /home/lewis/src/velvet-ballistics/crates/workspace_tests/tests/vb_qi37_12_state8_silent_discard_contract.rs:910:
                        velvet-ballistics:fmt |  }
                        velvet-ballistics:fmt |  
                        velvet-ballistics:fmt |  #[test]
                        velvet-ballistics:fmt | [31m-fn given_validate_workflow_ast_when_source_is_scanned_then_overflow_depth_returns_error(
                        velvet-ballistics:fmt | (B[m[31m-) -> Result<(), String> {
                        velvet-ballistics:fmt | (B[m[32m+fn given_validate_workflow_ast_when_source_is_scanned_then_overflow_depth_returns_error()
                        velvet-ballistics:fmt | (B[m[32m+-> Result<(), String> {
                        velvet-ballistics:fmt | (B[m     // Given: excessive nesting must fail, not succeed or panic.
                        velvet-ballistics:fmt |      let schema_source = read_workspace_file("crates/vb_compile/src/schema.rs")?;
                        velvet-ballistics:fmt |      let type_taint = read_workspace_file("crates/vb_compile/src/type_taint.rs")?;
                        velvet-ballistics:fmt | Diff in /home/lewis/src/velvet-ballistics/xtask/src/forbidden_scan.rs:6:
                        velvet-ballistics:fmt |  // Scans first-party Rust crates for forbidden unsafe patterns and discipline violations.
                        velvet-ballistics:fmt |  // Returns non-zero exit code if any forbidden patterns are found.
                        velvet-ballistics:fmt |  
                        velvet-ballistics:fmt | [31m-use std::path::PathBuf;
                        velvet-ballistics:fmt | (B[m use std::fs;
                        velvet-ballistics:fmt | [32m+use std::path::PathBuf;
                        velvet-ballistics:fmt | (B[m 
                        velvet-ballistics:fmt |  /// Default first-party crates to scan when no globs are provided.
                        velvet-ballistics:fmt |  const DEFAULT_FIRST_PARTY_CRATES: &[&str] = &[
                        velvet-ballistics:fmt | Diff in /home/lewis/src/velvet-ballistics/xtask/src/forbidden_scan.rs:74:
                        velvet-ballistics:fmt |  
                        velvet-ballistics:fmt |      pub fn add_finding(&mut self, pattern: &str) {
                        velvet-ballistics:fmt |          self.total_findings += 1;
                        velvet-ballistics:fmt | [31m-        *self.findings_by_pattern.entry(pattern.to_string()).or_insert(0) += 1;
                        velvet-ballistics:fmt | (B[m[32m+        *self
                        velvet-ballistics:fmt | (B[m[32m+            .findings_by_pattern
                        velvet-ballistics:fmt | (B[m[32m+            .entry(pattern.to_string())
                        velvet-ballistics:fmt | (B[m[32m+            .or_insert(0) += 1;
                        velvet-ballistics:fmt | (B[m     }
                        velvet-ballistics:fmt |  }
                        velvet-ballistics:fmt |  
                        velvet-ballistics:fmt | Diff in /home/lewis/src/velvet-ballistics/xtask/src/forbidden_scan.rs:83:
                        velvet-ballistics:fmt |      crate_globs: Option<&[String]>,
                        velvet-ballistics:fmt |      allowlist_path: Option<&str>,
                        velvet-ballistics:fmt |  ) -> anyhow::Result<()> {
                        velvet-ballistics:fmt | [31m-    let workspace_root = std::env::current_dir()
                        velvet-ballistics:fmt | (B[m[31m-        .context("Failed to determine current working directory")?;
                        velvet-ballistics:fmt | (B[m[32m+    let workspace_root =
                        velvet-ballistics:fmt | (B[m[32m+        std::env::current_dir().context("Failed to determine current working directory")?;
                        velvet-ballistics:fmt | (B[m 
                        velvet-ballistics:fmt |      let crates_to_scan = resolve_crates(&workspace_root, crate_globs)?;
                        velvet-ballistics:fmt |      let allowlist = load_allowlist(allowlist_path)?;
                        velvet-ballistics:fmt | Diff in /home/lewis/src/velvet-ballistics/xtask/src/forbidden_scan.rs:105:
                        velvet-ballistics:fmt |              }
                        velvet-ballistics:fmt |          }
                        velvet-ballistics:fmt |  
                        velvet-ballistics:fmt | [31m-        let scan_root = if src_path.exists() { &src_path } else { &crate_path };
                        velvet-ballistics:fmt | (B[m[32m+        let scan_root = if src_path.exists() {
                        velvet-ballistics:fmt | (B[m[32m+            &src_path
                        velvet-ballistics:fmt | (B[m[32m+        } else {
                        velvet-ballistics:fmt | (B[m[32m+            &crate_path
                        velvet-ballistics:fmt | (B[m[32m+        };
                        velvet-ballistics:fmt | (B[m 
                        velvet-ballistics:fmt |          eprintln!("Scanning crate: {}", crate_name);
                        velvet-ballistics:fmt |  
                        velvet-ballistics:fmt | Diff in /home/lewis/src/velvet-ballistics/xtask/src/forbidden_scan.rs:118:
                        velvet-ballistics:fmt |      }
                        velvet-ballistics:fmt |  
                        velvet-ballistics:fmt |      // Deduplicate findings by file:line:pattern
                        velvet-ballistics:fmt | [31m-    all_findings.sort_by(|a, b| {
                        velvet-ballistics:fmt | (B[m[31m-        (&a.file, a.line, &a.pattern).cmp(&(&b.file, b.line, &b.pattern))
                        velvet-ballistics:fmt | (B[m[31m-    });
                        velvet-ballistics:fmt | (B[m[31m-    all_findings.dedup_by(|a, b| {
                        velvet-ballistics:fmt | (B[m[31m-        a.file == b.file && a.line == b.line && a.pattern == b.pattern
                        velvet-ballistics:fmt | (B[m[31m-    });
                        velvet-ballistics:fmt | (B[m[32m+    all_findings.sort_by(|a, b| (&a.file, a.line, &a.pattern).cmp(&(&b.file, b.line, &b.pattern)));
                        velvet-ballistics:fmt | (B[m[32m+    all_findings.dedup_by(|a, b| a.file == b.file && a.line == b.line && a.pattern == b.pattern);
                        velvet-ballistics:fmt | (B[m 
                        velvet-ballistics:fmt |      summary.files_with_findings = all_findings
                        velvet-ballistics:fmt |          .iter()
                        velvet-ballistics:fmt | Diff in /home/lewis/src/velvet-ballistics/xtask/src/forbidden_scan.rs:139:
                        velvet-ballistics:fmt |          return Ok(());
                        velvet-ballistics:fmt |      }
                        velvet-ballistics:fmt |  
                        velvet-ballistics:fmt | [31m-    println!("forbidden-scan: FAIL — {} forbidden pattern(s) found", all_findings.len());
                        velvet-ballistics:fmt | (B[m[32m+    println!(
                        velvet-ballistics:fmt | (B[m[32m+        "forbidden-scan: FAIL — {} forbidden pattern(s) found",
                        velvet-ballistics:fmt | (B[m[32m+        all_findings.len()
                        velvet-ballistics:fmt | (B[m[32m+    );
                        velvet-ballistics:fmt | (B[m     println!();
                        velvet-ballistics:fmt |      println!("Summary:");
                        velvet-ballistics:fmt |      println!("  Total findings: {}", summary.total_findings);
                        velvet-ballistics:fmt | Diff in /home/lewis/src/velvet-ballistics/xtask/src/forbidden_scan.rs:159:
                        velvet-ballistics:fmt |              println!("{}:", finding.file.display());
                        velvet-ballistics:fmt |              current_file = Some(finding.file.clone());
                        velvet-ballistics:fmt |          }
                        velvet-ballistics:fmt | [31m-        println!("  {}:{}: {} [{}]", finding.line, finding.line_content.trim(), finding.pattern, finding.description);
                        velvet-ballistics:fmt | (B[m[32m+        println!(
                        velvet-ballistics:fmt | (B[m[32m+            "  {}:{}: {} [{}]",
                        velvet-ballistics:fmt | (B[m[32m+            finding.line,
                        velvet-ballistics:fmt | (B[m[32m+            finding.line_content.trim(),
                        velvet-ballistics:fmt | (B[m[32m+            finding.pattern,
                        velvet-ballistics:fmt | (B[m[32m+            finding.description
                        velvet-ballistics:fmt | (B[m[32m+        );
                        velvet-ballistics:fmt | (B[m     }
                        velvet-ballistics:fmt |  
                        velvet-ballistics:fmt |      anyhow::bail!("forbidden patterns detected");
                        velvet-ballistics:fmt | Diff in /home/lewis/src/velvet-ballistics/xtask/src/forbidden_scan.rs:184:
                        velvet-ballistics:fmt |              crates.dedup();
                        velvet-ballistics:fmt |              Ok(crates)
                        velvet-ballistics:fmt |          }
                        velvet-ballistics:fmt | [31m-        _ => Ok(DEFAULT_FIRST_PARTY_CRATES.iter().map(|s| (*s).to_string()).collect()),
                        velvet-ballistics:fmt | (B[m[32m+        _ => Ok(DEFAULT_FIRST_PARTY_CRATES
                        velvet-ballistics:fmt | (B[m[32m+            .iter()
                        velvet-ballistics:fmt | (B[m[32m+            .map(|s| (*s).to_string())
                        velvet-ballistics:fmt | (B[m[32m+            .collect()),
                        velvet-ballistics:fmt | (B[m     }
                        velvet-ballistics:fmt |  }
                        velvet-ballistics:fmt |  
                        velvet-ballistics:fmt | Diff in /home/lewis/src/velvet-ballistics/xtask/src/forbidden_scan.rs:228:
                        velvet-ballistics:fmt |  
                        velvet-ballistics:fmt |      for file_path in &rs_files {
                        velvet-ballistics:fmt |          // Check if file is in generated/perf directory or is a test file (skip those)
                        velvet-ballistics:fmt | [31m-        let rel_path = file_path
                        velvet-ballistics:fmt | (B[m[31m-            .strip_prefix(crate_src_path)
                        velvet-ballistics:fmt | (B[m[31m-            .unwrap_or(file_path);
                        velvet-ballistics:fmt | (B[m[32m+        let rel_path = file_path.strip_prefix(crate_src_path).unwrap_or(file_path);
                        velvet-ballistics:fmt | (B[m         let rel_str = rel_path.to_string_lossy();
                        velvet-ballistics:fmt |          if rel_str.contains("generated")
                        velvet-ballistics:fmt |              || rel_str.contains("perf")
                        velvet-ballistics:fmt | Diff in /home/lewis/src/velvet-ballistics/xtask/src/forbidden_scan.rs:268:
                        velvet-ballistics:fmt |              let path = entry.path();
                        velvet-ballistics:fmt |              if path.is_dir() {
                        velvet-ballistics:fmt |                  // Skip test dirs and target dirs
                        velvet-ballistics:fmt | [31m-                let name = path.file_name()
                        velvet-ballistics:fmt | (B[m[32m+                let name = path
                        velvet-ballistics:fmt | (B[m[32m+                    .file_name()
                        velvet-ballistics:fmt | (B[m                     .map(|n| n.to_string_lossy())
                        velvet-ballistics:fmt |                      .unwrap_or_default();
                        velvet-ballistics:fmt |                  if name != "target" && name != "tests" && !name.starts_with('.') {
                        velvet-ballistics:fmt | Diff in /home/lewis/src/velvet-ballistics/xtask/src/forbidden_scan.rs:342:
                        velvet-ballistics:fmt |              // Match .unwrap() but not dbg!.unwrap()
                        velvet-ballistics:fmt |              haystack.contains(".unwrap()") && !haystack.contains("dbg!.unwrap()")
                        velvet-ballistics:fmt |          }
                        velvet-ballistics:fmt | [31m-        r"\b\.expect\(" => {
                        velvet-ballistics:fmt | (B[m[31m-            haystack.contains(".expect(") && !haystack.contains("dbg!.expect(")
                        velvet-ballistics:fmt | (B[m[31m-        }
                        velvet-ballistics:fmt | (B[m[32m+        r"\b\.expect\(" => haystack.contains(".expect(") && !haystack.contains("dbg!.expect("),
                        velvet-ballistics:fmt | (B[m         r"\bpanic!\s*\(" => haystack.contains("panic!"),
                        velvet-ballistics:fmt |          r"\btodo!\s*\(" => haystack.contains("todo!"),
                        velvet-ballistics:fmt |          r"\bunimplemented!\s*\(" => haystack.contains("unimplemented!"),
▮▮▮▮ velvet-ballistics:fmt (2s 746ms, e276efd1)
▮▮▮▮ velvet-ballistics:source-length (2s 845ms, 9891981a)
▮▮▮▮ velvet-ballistics:lint-src (d38203ee)
▮▮▮▮ velvet-ballistics:fuzz-smoke (2d2542de)
                 velvet-ballistics:fuzz-smoke | error: current package believes it's in a workspace when it's not:
                 velvet-ballistics:fuzz-smoke | current:   /home/lewis/src/velvet-ballistics/fuzz/Cargo.toml
                 velvet-ballistics:fuzz-smoke | workspace: /home/lewis/src/velvet-ballistics/Cargo.toml

                 velvet-ballistics:fuzz-smoke | this may be fixable by adding `fuzz` to the `workspace.members` array of the manifest located at: /home/lewis/src/velvet-ballistics/Cargo.toml
                 velvet-ballistics:fuzz-smoke | Alternatively, to keep it out of the workspace, add the package to the `workspace.exclude` array, or add an empty `[workspace]` table to the package's manifest.
                 velvet-ballistics:fuzz-smoke | Error: failed to build fuzz script: ASAN_OPTIONS="detect_odr_violation=0" RUSTFLAGS=" -Cpasses=sancov-module -Cllvm-args=-sanitizer-coverage-level=4 -Cllvm-args=-sanitizer-coverage-inline-8bit-counters -Cllvm-args=-sanitizer-coverage-pc-table -Cllvm-args=-sanitizer-coverage-trace-compares --cfg fuzzing -Cllvm-args=-simplifycfg-branch-fold-threshold=0 -Zsanitizer=address -Cllvm-args=-sanitizer-coverage-stack-depth -Cdebug-assertions -Ccodegen-units=1 -Dwarnings" "cargo" "build" "--manifest-path" "/home/lewis/src/velvet-ballistics/fuzz/Cargo.toml" "--target" "x86_64-unknown-linux-gnu" "--release" "--config" "profile.release.debug=\"line-tables-only\"" "--bins"
▮▮▮▮ velvet-ballistics:fuzz-smoke (157ms, 2d2542de)
[ WARN 07:33:54.698] moon_task_hasher::task_hasher  Attempted to hash input crates/vb_cli/tests/fixtures/fixtures but it does not exist, skipping 
▮▮▮▮ velvet-ballistics:nightly-feature-gate (10s 736ms, 5a62452c)
[ WARN 07:33:54.719] moon_task_hasher::task_hasher  Attempted to hash input crates/workspace_tests/fixtures but it does not exist, skipping 
▮▮▮▮ velvet-ballistics:check (719290a9)
                   velvet-ballistics:lint-src | error: arithmetic operation that can potentially result in unexpected side-effects
                   velvet-ballistics:lint-src |   --> xtask/src/forbidden_scan.rs:76:9
                   velvet-ballistics:lint-src |    |
                   velvet-ballistics:lint-src | 76 |         self.total_findings += 1;
                   velvet-ballistics:lint-src |    |         ^^^^^^^^^^^^^^^^^^^^^^^^
                   velvet-ballistics:lint-src |    |
                   velvet-ballistics:lint-src |    = help: for further information visit https://rust-lang.github.io/rust-clippy/master/index.html#arithmetic_side_effects
                   velvet-ballistics:lint-src |    = note: requested on the command line with `-D clippy::arithmetic-side-effects`

                   velvet-ballistics:lint-src | error: arithmetic operation that can potentially result in unexpected side-effects
                   velvet-ballistics:lint-src |   --> xtask/src/forbidden_scan.rs:77:9
                   velvet-ballistics:lint-src |    |
                   velvet-ballistics:lint-src | 77 |         *self.findings_by_pattern.entry(pattern.to_string()).or_insert(0) += 1;
                   velvet-ballistics:lint-src |    |         ^^^^^^^^^^^^^^^^^^^^^^^^^^^^^^^^^^^^^^^^^^^^^^^^^^^^^^^^^^^^^^^^^^^^^^
                   velvet-ballistics:lint-src |    |
                   velvet-ballistics:lint-src |    = help: for further information visit https://rust-lang.github.io/rust-clippy/master/index.html#arithmetic_side_effects

                   velvet-ballistics:lint-src | error: use of `eprintln!`
                   velvet-ballistics:lint-src |    --> xtask/src/forbidden_scan.rs:103:17
                   velvet-ballistics:lint-src |     |
                   velvet-ballistics:lint-src | 103 |                 eprintln!("warning: no src/ found for crate {}, skipping", crate_name);
                   velvet-ballistics:lint-src |     |                 ^^^^^^^^^^^^^^^^^^^^^^^^^^^^^^^^^^^^^^^^^^^^^^^^^^^^^^^^^^^^^^^^^^^^^^
                   velvet-ballistics:lint-src |     |
                   velvet-ballistics:lint-src |     = help: for further information visit https://rust-lang.github.io/rust-clippy/master/index.html#print_stderr
                   velvet-ballistics:lint-src |     = note: requested on the command line with `-D clippy::print-stderr`

                   velvet-ballistics:lint-src | error: use of `eprintln!`
                   velvet-ballistics:lint-src |    --> xtask/src/forbidden_scan.rs:110:9
                   velvet-ballistics:lint-src |     |
                   velvet-ballistics:lint-src | 110 |         eprintln!("Scanning crate: {}", crate_name);
                   velvet-ballistics:lint-src |     |         ^^^^^^^^^^^^^^^^^^^^^^^^^^^^^^^^^^^^^^^^^^^
                   velvet-ballistics:lint-src |     |
                   velvet-ballistics:lint-src |     = help: for further information visit https://rust-lang.github.io/rust-clippy/master/index.html#print_stderr

                   velvet-ballistics:lint-src | error: use of `println!`
                   velvet-ballistics:lint-src |    --> xtask/src/forbidden_scan.rs:136:9
                   velvet-ballistics:lint-src |     |
                   velvet-ballistics:lint-src | 136 |         println!("forbidden-scan: PASS — no forbidden patterns found");
                   velvet-ballistics:lint-src |     |         ^^^^^^^^^^^^^^^^^^^^^^^^^^^^^^^^^^^^^^^^^^^^^^^^^^^^^^^^^^^^^^
                   velvet-ballistics:lint-src |     |
                   velvet-ballistics:lint-src |     = help: for further information visit https://rust-lang.github.io/rust-clippy/master/index.html#print_stdout
                   velvet-ballistics:lint-src |     = note: requested on the command line with `-D clippy::print-stdout`

                   velvet-ballistics:lint-src | error: use of `println!`
                   velvet-ballistics:lint-src |    --> xtask/src/forbidden_scan.rs:137:9
                   velvet-ballistics:lint-src |     |
                   velvet-ballistics:lint-src | 137 |         println!();
                   velvet-ballistics:lint-src |     |         ^^^^^^^^^^
                   velvet-ballistics:lint-src |     |
                   velvet-ballistics:lint-src |     = help: for further information visit https://rust-lang.github.io/rust-clippy/master/index.html#print_stdout

                   velvet-ballistics:lint-src | error: use of `println!`
                   velvet-ballistics:lint-src |    --> xtask/src/forbidden_scan.rs:138:9
                   velvet-ballistics:lint-src |     |
                   velvet-ballistics:lint-src | 138 |         println!("Crates scanned: {}", summary.crates_scanned.join(", "));
                   velvet-ballistics:lint-src |     |         ^^^^^^^^^^^^^^^^^^^^^^^^^^^^^^^^^^^^^^^^^^^^^^^^^^^^^^^^^^^^^^^^^
                   velvet-ballistics:lint-src |     |
                   velvet-ballistics:lint-src |     = help: for further information visit https://rust-lang.github.io/rust-clippy/master/index.html#print_stdout

                   velvet-ballistics:lint-src | error: use of `println!`
                   velvet-ballistics:lint-src |    --> xtask/src/forbidden_scan.rs:142:5
                   velvet-ballistics:lint-src |     |
                   velvet-ballistics:lint-src | 142 |     println!("forbidden-scan: FAIL — {} forbidden pattern(s) found", all_findings.len());
                   velvet-ballistics:lint-src |     |     ^^^^^^^^^^^^^^^^^^^^^^^^^^^^^^^^^^^^^^^^^^^^^^^^^^^^^^^^^^^^^^^^^^^^^^^^^^^^^^^^^^^^
                   velvet-ballistics:lint-src |     |
                   velvet-ballistics:lint-src |     = help: for further information visit https://rust-lang.github.io/rust-clippy/master/index.html#print_stdout

                   velvet-ballistics:lint-src | error: use of `println!`
                   velvet-ballistics:lint-src |    --> xtask/src/forbidden_scan.rs:143:5
                   velvet-ballistics:lint-src |     |
                   velvet-ballistics:lint-src | 143 |     println!();
                   velvet-ballistics:lint-src |     |     ^^^^^^^^^^
                   velvet-ballistics:lint-src |     |
                   velvet-ballistics:lint-src |     = help: for further information visit https://rust-lang.github.io/rust-clippy/master/index.html#print_stdout

                   velvet-ballistics:lint-src | error: use of `println!`
                   velvet-ballistics:lint-src |    --> xtask/src/forbidden_scan.rs:144:5
                   velvet-ballistics:lint-src |     |
                   velvet-ballistics:lint-src | 144 |     println!("Summary:");
                   velvet-ballistics:lint-src |     |     ^^^^^^^^^^^^^^^^^^^^
                   velvet-ballistics:lint-src |     |
                   velvet-ballistics:lint-src |     = help: for further information visit https://rust-lang.github.io/rust-clippy/master/index.html#print_stdout

                   velvet-ballistics:lint-src | error: use of `println!`
                   velvet-ballistics:lint-src |    --> xtask/src/forbidden_scan.rs:145:5
                   velvet-ballistics:lint-src |     |
                   velvet-ballistics:lint-src | 145 |     println!("  Total findings: {}", summary.total_findings);
                   velvet-ballistics:lint-src |     |     ^^^^^^^^^^^^^^^^^^^^^^^^^^^^^^^^^^^^^^^^^^^^^^^^^^^^^^^^
                   velvet-ballistics:lint-src |     |
                   velvet-ballistics:lint-src |     = help: for further information visit https://rust-lang.github.io/rust-clippy/master/index.html#print_stdout

                   velvet-ballistics:lint-src | error: use of `println!`
                   velvet-ballistics:lint-src |    --> xtask/src/forbidden_scan.rs:146:5
                   velvet-ballistics:lint-src |     |
                   velvet-ballistics:lint-src | 146 |     println!("  Files with findings: {}", summary.files_with_findings);
                   velvet-ballistics:lint-src |     |     ^^^^^^^^^^^^^^^^^^^^^^^^^^^^^^^^^^^^^^^^^^^^^^^^^^^^^^^^^^^^^^^^^^
                   velvet-ballistics:lint-src |     |
                   velvet-ballistics:lint-src |     = help: for further information visit https://rust-lang.github.io/rust-clippy/master/index.html#print_stdout

                   velvet-ballistics:lint-src | error: use of `println!`
                   velvet-ballistics:lint-src |    --> xtask/src/forbidden_scan.rs:147:5
                   velvet-ballistics:lint-src |     |
                   velvet-ballistics:lint-src | 147 |     println!("  Crates scanned: {}", summary.crates_scanned.join(", "));
                   velvet-ballistics:lint-src |     |     ^^^^^^^^^^^^^^^^^^^^^^^^^^^^^^^^^^^^^^^^^^^^^^^^^^^^^^^^^^^^^^^^^^^
                   velvet-ballistics:lint-src |     |
                   velvet-ballistics:lint-src |     = help: for further information visit https://rust-lang.github.io/rust-clippy/master/index.html#print_stdout

                   velvet-ballistics:lint-src | error: use of `println!`
                   velvet-ballistics:lint-src |    --> xtask/src/forbidden_scan.rs:148:5
                   velvet-ballistics:lint-src |     |
                   velvet-ballistics:lint-src | 148 |     println!();
                   velvet-ballistics:lint-src |     |     ^^^^^^^^^^
                   velvet-ballistics:lint-src |     |
                   velvet-ballistics:lint-src |     = help: for further information visit https://rust-lang.github.io/rust-clippy/master/index.html#print_stdout

                   velvet-ballistics:lint-src | error: use of `println!`
                   velvet-ballistics:lint-src |    --> xtask/src/forbidden_scan.rs:149:5
                   velvet-ballistics:lint-src |     |
                   velvet-ballistics:lint-src | 149 |     println!("Findings by pattern:");
                   velvet-ballistics:lint-src |     |     ^^^^^^^^^^^^^^^^^^^^^^^^^^^^^^^^
                   velvet-ballistics:lint-src |     |
                   velvet-ballistics:lint-src |     = help: for further information visit https://rust-lang.github.io/rust-clippy/master/index.html#print_stdout

                   velvet-ballistics:lint-src | error: use of `println!`
                   velvet-ballistics:lint-src |    --> xtask/src/forbidden_scan.rs:151:9
                   velvet-ballistics:lint-src |     |
                   velvet-ballistics:lint-src | 151 |         println!("  {}: {}", pattern, count);
                   velvet-ballistics:lint-src |     |         ^^^^^^^^^^^^^^^^^^^^^^^^^^^^^^^^^^^^
                   velvet-ballistics:lint-src |     |
                   velvet-ballistics:lint-src |     = help: for further information visit https://rust-lang.github.io/rust-clippy/master/index.html#print_stdout

                   velvet-ballistics:lint-src | error: use of `println!`
                   velvet-ballistics:lint-src |    --> xtask/src/forbidden_scan.rs:153:5
                   velvet-ballistics:lint-src |     |
                   velvet-ballistics:lint-src | 153 |     println!();
                   velvet-ballistics:lint-src |     |     ^^^^^^^^^^
                   velvet-ballistics:lint-src |     |
                   velvet-ballistics:lint-src |     = help: for further information visit https://rust-lang.github.io/rust-clippy/master/index.html#print_stdout

                   velvet-ballistics:lint-src | error: use of `println!`
                   velvet-ballistics:lint-src |    --> xtask/src/forbidden_scan.rs:159:13
                   velvet-ballistics:lint-src |     |
                   velvet-ballistics:lint-src | 159 |             println!("{}:", finding.file.display());
                   velvet-ballistics:lint-src |     |             ^^^^^^^^^^^^^^^^^^^^^^^^^^^^^^^^^^^^^^^
                   velvet-ballistics:lint-src |     |
                   velvet-ballistics:lint-src |     = help: for further information visit https://rust-lang.github.io/rust-clippy/master/index.html#print_stdout

                   velvet-ballistics:lint-src | error: use of `println!`
                   velvet-ballistics:lint-src |    --> xtask/src/forbidden_scan.rs:162:9
                   velvet-ballistics:lint-src |     |
                   velvet-ballistics:lint-src | 162 |         println!("  {}:{}: {} [{}]", finding.line, finding.line_content.trim(), finding.pattern, finding.description);
                   velvet-ballistics:lint-src |     |         ^^^^^^^^^^^^^^^^^^^^^^^^^^^^^^^^^^^^^^^^^^^^^^^^^^^^^^^^^^^^^^^^^^^^^^^^^^^^^^^^^^^^^^^^^^^^^^^^^^^^^^^^^^^^^
                   velvet-ballistics:lint-src |     |
                   velvet-ballistics:lint-src |     = help: for further information visit https://rust-lang.github.io/rust-clippy/master/index.html#print_stdout

                   velvet-ballistics:lint-src | error: the following explicit lifetimes could be elided: 'a
                   velvet-ballistics:lint-src |    --> xtask/src/forbidden_scan.rs:168:19
                   velvet-ballistics:lint-src |     |
                   velvet-ballistics:lint-src | 168 | fn resolve_crates<'a>(
                   velvet-ballistics:lint-src |     |                   ^^
                   velvet-ballistics:lint-src | 169 |     _workspace_root: &PathBuf,
                   velvet-ballistics:lint-src | 170 |     globs: Option<&'a [String]>,
                   velvet-ballistics:lint-src |     |                    ^^
                   velvet-ballistics:lint-src |     |
                   velvet-ballistics:lint-src |     = help: for further information visit https://rust-lang.github.io/rust-clippy/master/index.html#needless_lifetimes
                   velvet-ballistics:lint-src |     = note: `-D clippy::needless-lifetimes` implied by `-D warnings`
                   velvet-ballistics:lint-src |     = help: to override `-D warnings` add `#[allow(clippy::needless_lifetimes)]`
                   velvet-ballistics:lint-src | help: elide the lifetimes
                   velvet-ballistics:lint-src |     |
                   velvet-ballistics:lint-src | 168 ~ fn resolve_crates(
                   velvet-ballistics:lint-src | 169 |     _workspace_root: &PathBuf,
                   velvet-ballistics:lint-src | 170 ~     globs: Option<&[String]>,
                   velvet-ballistics:lint-src |     |

                   velvet-ballistics:lint-src | error: indexing may panic
                   velvet-ballistics:lint-src |    --> xtask/src/forbidden_scan.rs:199:37
                   velvet-ballistics:lint-src |     |
                   velvet-ballistics:lint-src | 199 |             return name.starts_with(parts[0]) && name.ends_with(parts[1]);
                   velvet-ballistics:lint-src |     |                                     ^^^^^^^^
                   velvet-ballistics:lint-src |     |
                   velvet-ballistics:lint-src |     = help: consider using `.get(n)` or `.get_mut(n)` instead
                   velvet-ballistics:lint-src |     = help: for further information visit https://rust-lang.github.io/rust-clippy/master/index.html#indexing_slicing
                   velvet-ballistics:lint-src |     = note: requested on the command line with `-D clippy::indexing-slicing`

                   velvet-ballistics:lint-src | error: indexing may panic
                   velvet-ballistics:lint-src |    --> xtask/src/forbidden_scan.rs:199:65
                   velvet-ballistics:lint-src |     |
                   velvet-ballistics:lint-src | 199 |             return name.starts_with(parts[0]) && name.ends_with(parts[1]);
                   velvet-ballistics:lint-src |     |                                                                 ^^^^^^^^
                   velvet-ballistics:lint-src |     |
                   velvet-ballistics:lint-src |     = help: consider using `.get(n)` or `.get_mut(n)` instead
                   velvet-ballistics:lint-src |     = help: for further information visit https://rust-lang.github.io/rust-clippy/master/index.html#indexing_slicing

                   velvet-ballistics:lint-src | error: indexing may panic
                   velvet-ballistics:lint-src |    --> xtask/src/forbidden_scan.rs:201:37
                   velvet-ballistics:lint-src |     |
                   velvet-ballistics:lint-src | 201 |             return name.starts_with(parts[0]);
                   velvet-ballistics:lint-src |     |                                     ^^^^^^^^
                   velvet-ballistics:lint-src |     |
                   velvet-ballistics:lint-src |     = help: consider using `.get(n)` or `.get_mut(n)` instead
                   velvet-ballistics:lint-src |     = help: for further information visit https://rust-lang.github.io/rust-clippy/master/index.html#indexing_slicing

                   velvet-ballistics:lint-src | error: writing `&PathBuf` instead of `&Path` involves a new object where a slice will do
                   velvet-ballistics:lint-src |    --> xtask/src/forbidden_scan.rs:256:26
                   velvet-ballistics:lint-src |     |
                   velvet-ballistics:lint-src | 256 | fn collect_rs_files(dir: &PathBuf) -> anyhow::Result<Vec<PathBuf>> {
                   velvet-ballistics:lint-src |     |                          ^^^^^^^^
                   velvet-ballistics:lint-src |     |
                   velvet-ballistics:lint-src |     = help: for further information visit https://rust-lang.github.io/rust-clippy/master/index.html#ptr_arg
                   velvet-ballistics:lint-src |     = note: `-D clippy::ptr-arg` implied by `-D warnings`
                   velvet-ballistics:lint-src |     = help: to override `-D warnings` add `#[allow(clippy::ptr_arg)]`
                   velvet-ballistics:lint-src | help: change this to
                   velvet-ballistics:lint-src |     |
                   velvet-ballistics:lint-src | 256 ~ fn collect_rs_files(dir: &Path) -> anyhow::Result<Vec<PathBuf>> {
                   velvet-ballistics:lint-src | 257 |     let mut files = Vec::new();
                   velvet-ballistics:lint-src | ...
                   velvet-ballistics:lint-src | 261 |
                   velvet-ballistics:lint-src | 262 ~     let mut stack = vec![dir.to_path_buf()];
                   velvet-ballistics:lint-src |     |

                   velvet-ballistics:lint-src | error: arithmetic operation that can potentially result in unexpected side-effects
                   velvet-ballistics:lint-src |    --> xtask/src/forbidden_scan.rs:309:27
                   velvet-ballistics:lint-src |     |
                   velvet-ballistics:lint-src | 309 |                     line: line_num + 1,
                   velvet-ballistics:lint-src |     |                           ^^^^^^^^^^^^
                   velvet-ballistics:lint-src |     |
                   velvet-ballistics:lint-src |     = help: for further information visit https://rust-lang.github.io/rust-clippy/master/index.html#arithmetic_side_effects

                   velvet-ballistics:lint-src | error: arithmetic operation that can potentially result in unexpected side-effects
                   velvet-ballistics:lint-src |    --> xtask/src/forbidden_scan.rs:325:27
                   velvet-ballistics:lint-src |     |
                   velvet-ballistics:lint-src | 325 |                     line: line_num + 1,
                   velvet-ballistics:lint-src |     |                           ^^^^^^^^^^^^
                   velvet-ballistics:lint-src |     |
                   velvet-ballistics:lint-src |     = help: for further information visit https://rust-lang.github.io/rust-clippy/master/index.html#arithmetic_side_effects

                   velvet-ballistics:lint-src | error: could not compile `xtask` (bin "xtask") due to 26 previous errors
                   velvet-ballistics:lint-src | error: use of `eprintln!`
                   velvet-ballistics:lint-src |     --> crates/vb_cli/src/app_impl.rs:4601:9
                   velvet-ballistics:lint-src |      |
                   velvet-ballistics:lint-src | 4601 |         eprintln!("diagnostic write failed: {error}");
                   velvet-ballistics:lint-src |      |         ^^^^^^^^^^^^^^^^^^^^^^^^^^^^^^^^^^^^^^^^^^^^^
                   velvet-ballistics:lint-src |      |
                   velvet-ballistics:lint-src |      = help: for further information visit https://rust-lang.github.io/rust-clippy/master/index.html#print_stderr
                   velvet-ballistics:lint-src |      = note: requested on the command line with `-D clippy::print-stderr`

                   velvet-ballistics:lint-src | error: use of `eprintln!`
                   velvet-ballistics:lint-src |     --> crates/vb_cli/src/app_impl.rs:4713:9
                   velvet-ballistics:lint-src |      |
                   velvet-ballistics:lint-src | 4713 |         eprintln!("stdout write failed: {error}");
                   velvet-ballistics:lint-src |      |         ^^^^^^^^^^^^^^^^^^^^^^^^^^^^^^^^^^^^^^^^^
                   velvet-ballistics:lint-src |      |
                   velvet-ballistics:lint-src |      = help: for further information visit https://rust-lang.github.io/rust-clippy/master/index.html#print_stderr

                   velvet-ballistics:lint-src | error: use of `eprintln!`
                   velvet-ballistics:lint-src |     --> crates/vb_cli/src/app_impl.rs:4717:9
                   velvet-ballistics:lint-src |      |
                   velvet-ballistics:lint-src | 4717 |         eprintln!("stdout newline write failed: {error}");
                   velvet-ballistics:lint-src |      |         ^^^^^^^^^^^^^^^^^^^^^^^^^^^^^^^^^^^^^^^^^^^^^^^^^
                   velvet-ballistics:lint-src |      |
                   velvet-ballistics:lint-src |      = help: for further information visit https://rust-lang.github.io/rust-clippy/master/index.html#print_stderr

                   velvet-ballistics:lint-src | error: use of `eprintln!`
                   velvet-ballistics:lint-src |     --> crates/vb_cli/src/app_impl.rs:4725:9
                   velvet-ballistics:lint-src |      |
                   velvet-ballistics:lint-src | 4725 |         eprintln!("stderr write failed: {error}");
                   velvet-ballistics:lint-src |      |         ^^^^^^^^^^^^^^^^^^^^^^^^^^^^^^^^^^^^^^^^^
                   velvet-ballistics:lint-src |      |
                   velvet-ballistics:lint-src |      = help: for further information visit https://rust-lang.github.io/rust-clippy/master/index.html#print_stderr

                   velvet-ballistics:lint-src | error: use of `eprintln!`
                   velvet-ballistics:lint-src |     --> crates/vb_cli/src/app_impl.rs:4729:9
                   velvet-ballistics:lint-src |      |
                   velvet-ballistics:lint-src | 4729 |         eprintln!("stderr newline write failed: {error}");
                   velvet-ballistics:lint-src |      |         ^^^^^^^^^^^^^^^^^^^^^^^^^^^^^^^^^^^^^^^^^^^^^^^^^
                   velvet-ballistics:lint-src |      |
                   velvet-ballistics:lint-src |      = help: for further information visit https://rust-lang.github.io/rust-clippy/master/index.html#print_stderr

                   velvet-ballistics:lint-src | error: use of `eprintln!`
                   velvet-ballistics:lint-src |    --> crates/vb_cli/src/commands_ai_context.rs:592:9
                   velvet-ballistics:lint-src |     |
                   velvet-ballistics:lint-src | 592 |         eprintln!("stderr write failed: {error}");
                   velvet-ballistics:lint-src |     |         ^^^^^^^^^^^^^^^^^^^^^^^^^^^^^^^^^^^^^^^^^
                   velvet-ballistics:lint-src |     |
                   velvet-ballistics:lint-src |     = help: for further information visit https://rust-lang.github.io/rust-clippy/master/index.html#print_stderr

                   velvet-ballistics:lint-src | error: this `if` statement can be collapsed
                   velvet-ballistics:lint-src |    --> crates/vb_cli/src/commands_ai_context.rs:599:13
                   velvet-ballistics:lint-src |     |
                   velvet-ballistics:lint-src | 599 | /             if let Ok(text) = serde_json::to_string(value) {
                   velvet-ballistics:lint-src | 600 | |                 if let Err(error) = write_stdout_line(format_args!("{text}")) {
                   velvet-ballistics:lint-src | 601 | |                     write_stderr_line(format_args!("stdout write failed: {error}"));
                   velvet-ballistics:lint-src | 602 | |                 }
                   velvet-ballistics:lint-src | 603 | |             }
                   velvet-ballistics:lint-src |     | |_____________^
                   velvet-ballistics:lint-src |     |
                   velvet-ballistics:lint-src |     = help: for further information visit https://rust-lang.github.io/rust-clippy/master/index.html#collapsible_if
                   velvet-ballistics:lint-src |     = note: `-D clippy::collapsible-if` implied by `-D warnings`
                   velvet-ballistics:lint-src |     = help: to override `-D warnings` add `#[allow(clippy::collapsible_if)]`
                   velvet-ballistics:lint-src | help: collapse nested if block
                   velvet-ballistics:lint-src |     |
                   velvet-ballistics:lint-src | 599 ~             if let Ok(text) = serde_json::to_string(value)
                   velvet-ballistics:lint-src | 600 ~                 && let Err(error) = write_stdout_line(format_args!("{text}")) {
                   velvet-ballistics:lint-src | 601 |                     write_stderr_line(format_args!("stdout write failed: {error}"));
                   velvet-ballistics:lint-src | 602 ~                 }
                   velvet-ballistics:lint-src |     |

                   velvet-ballistics:lint-src | error: this `if` statement can be collapsed
                   velvet-ballistics:lint-src |    --> crates/vb_cli/src/commands_ai_context.rs:606:13
                   velvet-ballistics:lint-src |     |
                   velvet-ballistics:lint-src | 606 | /             if let Ok(text) = serde_json::to_string_pretty(value) {
                   velvet-ballistics:lint-src | 607 | |                 if let Err(error) = write_stdout_line(format_args!("{text}")) {
                   velvet-ballistics:lint-src | 608 | |                     write_stderr_line(format_args!("stdout write failed: {error}"));
                   velvet-ballistics:lint-src | 609 | |                 }
                   velvet-ballistics:lint-src | 610 | |             }
                   velvet-ballistics:lint-src |     | |_____________^
                   velvet-ballistics:lint-src |     |
                   velvet-ballistics:lint-src |     = help: for further information visit https://rust-lang.github.io/rust-clippy/master/index.html#collapsible_if
                   velvet-ballistics:lint-src | help: collapse nested if block
                   velvet-ballistics:lint-src |     |
                   velvet-ballistics:lint-src | 606 ~             if let Ok(text) = serde_json::to_string_pretty(value)
                   velvet-ballistics:lint-src | 607 ~                 && let Err(error) = write_stdout_line(format_args!("{text}")) {
                   velvet-ballistics:lint-src | 608 |                     write_stderr_line(format_args!("stdout write failed: {error}"));
                   velvet-ballistics:lint-src | 609 ~                 }
                   velvet-ballistics:lint-src |     |

                   velvet-ballistics:lint-src | error: could not compile `vb_cli` (bin "velvet-ballistics") due to 8 previous errors
▮▮▮▮ velvet-ballistics:lint-src (13s 817ms, d38203ee)
▮▮▮▮ velvet-ballistics:miri (running for 30s)
                      velvet-ballistics:check | error: unused import: `Taint`
                      velvet-ballistics:check |  --> crates/vb_storage/tests/recovery_bdd_tests.rs:8:61
                      velvet-ballistics:check |   |
                      velvet-ballistics:check | 8 | use vb_core::{ActionId, RunId, SlotIdx, SlotValue, StepIdx, Taint, WorkflowDigest};
                      velvet-ballistics:check |   |                                                             ^^^^^
                      velvet-ballistics:check |   |
                      velvet-ballistics:check |   = note: `-D unused-imports` implied by `-D warnings`
                      velvet-ballistics:check |   = help: to override `-D warnings` add `#[allow(unused_imports)]`

                      velvet-ballistics:check | error: unused imports: `RecoveredSlotEntry`, `is_terminal_event`, and `recover_snapshot_plus_tail`
                      velvet-ballistics:check |   --> crates/vb_storage/tests/recovery_bdd_tests.rs:10:39
                      velvet-ballistics:check |    |
                      velvet-ballistics:check | 10 |     ActionReplayTracker, DigestCheck, RecoveredSlotEntry, RecoveredStepEntry,
                      velvet-ballistics:check |    |                                       ^^^^^^^^^^^^^^^^^^
                      velvet-ballistics:check | ...
                      velvet-ballistics:check | 14 |     hydrate_run_frame, hydrate_run_frame_from_events, is_terminal_event,
                      velvet-ballistics:check |    |                                                       ^^^^^^^^^^^^^^^^^
                      velvet-ballistics:check | 15 |     recover_full_journal, recover_runtime_frame_seed, recover_runtime_summary,
                      velvet-ballistics:check | 16 |     recover_snapshot_plus_tail, verify_digests,
                      velvet-ballistics:check |    |     ^^^^^^^^^^^^^^^^^^^^^^^^^^

                      velvet-ballistics:check | error: unused import: `DateTime`
                      velvet-ballistics:check |   --> crates/vb_storage/tests/recovery_bdd_tests.rs:19:14
                      velvet-ballistics:check |    |
                      velvet-ballistics:check | 19 | use chrono::{DateTime, Utc};
                      velvet-ballistics:check |    |              ^^^^^^^^

                      velvet-ballistics:check | error: unused variable: `journal`
                      velvet-ballistics:check |    --> crates/vb_storage/tests/recovery_bdd_tests.rs:294:9
                      velvet-ballistics:check |     |
                      velvet-ballistics:check | 294 |     let journal = open_journal(&dir);
                      velvet-ballistics:check |     |         ^^^^^^^ help: if this is intentional, prefix it with an underscore: `_journal`
                      velvet-ballistics:check |     |
                      velvet-ballistics:check |     = note: `-D unused-variables` implied by `-D warnings`
                      velvet-ballistics:check |     = help: to override `-D warnings` add `#[allow(unused_variables)]`

                      velvet-ballistics:check | error: unused variable: `journal`
                      velvet-ballistics:check |    --> crates/vb_storage/tests/recovery_bdd_tests.rs:347:9
                      velvet-ballistics:check |     |
                      velvet-ballistics:check | 347 |     let journal = open_journal(&dir);
                      velvet-ballistics:check |     |         ^^^^^^^ help: if this is intentional, prefix it with an underscore: `_journal`

                      velvet-ballistics:check | error: unused variable: `events_again`
                      velvet-ballistics:check |    --> crates/vb_storage/tests/recovery_bdd_tests.rs:632:9
                      velvet-ballistics:check |     |
                      velvet-ballistics:check | 632 |     let events_again = journal
                      velvet-ballistics:check |     |         ^^^^^^^^^^^^ help: if this is intentional, prefix it with an underscore: `_events_again`

                      velvet-ballistics:check | error: unused variable: `journal`
                      velvet-ballistics:check |    --> crates/vb_storage/tests/recovery_bdd_tests.rs:927:9
                      velvet-ballistics:check |     |
                      velvet-ballistics:check | 927 |     let journal = open_journal(&dir);
                      velvet-ballistics:check |     |         ^^^^^^^ help: if this is intentional, prefix it with an underscore: `_journal`

                      velvet-ballistics:check | error: unused variable: `journal`
                      velvet-ballistics:check |     --> crates/vb_storage/tests/recovery_bdd_tests.rs:1070:9
                      velvet-ballistics:check |      |
                      velvet-ballistics:check | 1070 |     let journal = open_journal(&dir);
                      velvet-ballistics:check |      |         ^^^^^^^ help: if this is intentional, prefix it with an underscore: `_journal`

                      velvet-ballistics:check | error: unused variable: `journal`
                      velvet-ballistics:check |     --> crates/vb_storage/tests/recovery_bdd_tests.rs:1117:9
                      velvet-ballistics:check |      |
                      velvet-ballistics:check | 1117 |     let journal = open_journal(&dir);
                      velvet-ballistics:check |      |         ^^^^^^^ help: if this is intentional, prefix it with an underscore: `_journal`

                      velvet-ballistics:check | error: unused variable: `journal`
                      velvet-ballistics:check |     --> crates/vb_storage/tests/recovery_bdd_tests.rs:1149:13
                      velvet-ballistics:check |      |
                      velvet-ballistics:check | 1149 |         let journal = open_journal(&dir);
                      velvet-ballistics:check |      |             ^^^^^^^ help: if this is intentional, prefix it with an underscore: `_journal`

                      velvet-ballistics:check | error: unused variable: `events_without_diagnostics`
                      velvet-ballistics:check |     --> crates/vb_storage/tests/recovery_bdd_tests.rs:1426:9
                      velvet-ballistics:check |      |
                      velvet-ballistics:check | 1426 |     let events_without_diagnostics = vec![
                      velvet-ballistics:check |      |         ^^^^^^^^^^^^^^^^^^^^^^^^^^ help: if this is intentional, prefix it with an underscore: `_events_without_diagnostics`

                      velvet-ballistics:check | error: unused variable: `journal`
                      velvet-ballistics:check |     --> crates/vb_storage/tests/recovery_bdd_tests.rs:1632:9
                      velvet-ballistics:check |      |
                      velvet-ballistics:check | 1632 |     let journal = open_journal(&dir);
                      velvet-ballistics:check |      |         ^^^^^^^ help: if this is intentional, prefix it with an underscore: `_journal`

                      velvet-ballistics:check | error: could not compile `vb_storage` (test "recovery_bdd_tests") due to 12 previous errors
▮▮▮▮ velvet-ballistics:check (27s 204ms, 719290a9)
▮▮▮▮ velvet-ballistics:nightly-feature-cargo-probe (skipped)
▮▮▮▮ velvet-ballistics:test (skipped)
▮▮▮▮ velvet-ballistics:doc-test (skipped)
▮▮▮▮ velvet-ballistics:bench-build (skipped)
▮▮▮▮ velvet-ballistics:feature-powerset (skipped)
▮▮▮▮ velvet-ballistics:coverage (skipped)
▮▮▮▮ velvet-ballistics:maxperf (skipped)
▮▮▮▮ velvet-ballistics:hardened-build (skipped)
▮▮▮▮ velvet-ballistics:doc (skipped)
▮▮▮▮ velvet-ballistics:maxperf-native (skipped)

                       velvet-ballistics:miri | running 1 test
                       velvet-ballistics:miri | .
                       velvet-ballistics:miri | test result: ok. 1 passed; 0 failed; 0 ignored; 0 measured; 1603 filtered out; finished in 21.35s


                       velvet-ballistics:miri | running 1 test
                       velvet-ballistics:miri | .
                       velvet-ballistics:miri | test result: ok. 1 passed; 0 failed; 0 ignored; 0 measured; 338 filtered out; finished in 5.28s

▮▮▮▮ velvet-ballistics:miri (running for 60s)

                       velvet-ballistics:miri | running 1 test
                       velvet-ballistics:miri | .
                       velvet-ballistics:miri | test result: ok. 1 passed; 0 failed; 0 ignored; 0 measured; 926 filtered out; finished in 2.38s

▮▮▮▮ velvet-ballistics:miri (1m 3s 473ms, 545e3072)

Tasks: 4 completed, 5 failed, 10 skipped
 Time: 1m 20s 522ms

