
=== TASK miri ===
▮▮▮▮ installing rust nightly-2026-04-28
▮▮▮▮ velvet-ballastics:miri (eae59c0c)
warning: /home/lewis/src/Velvet-ballistics-femdation-p0p1-25/crates/velvet_ballastics/Cargo.toml: file `/home/lewis/src/Velvet-ballistics-femdation-p0p1-25/crates/velvet_ballastics/src/main.rs` found to be present in multiple build targets:
  * `bin` target `vb`
  * `bin` target `velvet-ballistics`
warning: skipping duplicate package `bitflags v2.10.0 (https://github.com/makepad/makepad?branch=dev#20b6c53b)`:
  /cache/cargo-shared/git/checkouts/makepad-ec2f134f34cd9f98/20b6c53/libs/vulkan/bitflags/Cargo.toml
in favor of /cache/cargo-shared/git/checkouts/makepad-ec2f134f34cd9f98/20b6c53/libs/bitflags/Cargo.toml

   Compiling vb_core v0.1.0 (/home/lewis/src/Velvet-ballistics-femdation-p0p1-25/crates/vb_core)
WARNING: Ignoring `RUSTC_WRAPPER` environment variable, Miri does not support wrapping.
   Compiling vb_validate v0.1.0 (/home/lewis/src/Velvet-ballistics-femdation-p0p1-25/crates/vb_validate)
   Compiling vb_expr v0.1.0 (/home/lewis/src/Velvet-ballistics-femdation-p0p1-25/crates/vb_expr)
    Finished `test` profile [unoptimized + debuginfo] target(s) in 0.45s
     Running unittests src/lib.rs (target/miri/x86_64-unknown-linux-gnu/debug/deps/vb_core-922dddfaec47c385)
warning: unused import: `ResourceContract`
  --> crates/vb_core/src/engine/tests/integration_accessor.rs:12:18
   |
12 |     PathSegment, ResourceContract, WorkflowParts,
   |                  ^^^^^^^^^^^^^^^^
   |
   = note: `#[warn(unused_imports)]` (part of `#[warn(unused)]`) on by default

warning: unused imports: `AccessorIdx`, `ActionId`, `ExprIdx`, `ListId`, and `ObjectId`
 --> crates/vb_core/src/engine/tests/integration_basic.rs:7:5
  |
7 |     AccessorIdx, ActionId, ConstIdx, ExprIdx, ListId, ObjectId, RunId, SlotIdx, StepIdx, SymbolId,
  |     ^^^^^^^^^^^  ^^^^^^^^            ^^^^^^^  ^^^^^^  ^^^^^^^^

warning: unused import: `join_taint`
  --> crates/vb_core/src/engine/tests/integration_basic.rs:10:50
   |
10 | use crate::value::{ConstValue, SlotValue, Taint, join_taint};
   |                                                  ^^^^^^^^^^

warning: unused imports: `AccessorProgram`, `ExprBranch`, `ExprOp`, `ExprProgram`, `PathSegment`, `ResourceContract`, and `SlotBranch`
  --> crates/vb_core/src/engine/tests/integration_basic.rs:13:5
   |
13 |     AccessorProgram, CompiledNode, CompiledNodeKind, CompiledWorkflow, ExprBranch, ExprOp,
   |     ^^^^^^^^^^^^^^^                                                    ^^^^^^^^^^  ^^^^^^
14 |     ExprProgram, PathSegment, ResourceContract, SlotBranch, WorkflowParts,
   |     ^^^^^^^^^^^  ^^^^^^^^^^^  ^^^^^^^^^^^^^^^^  ^^^^^^^^^^

warning: unused imports: `eval_accessor_with_store`, `eval_accessor`, and `eval_expr`
  --> crates/vb_core/src/engine/tests/integration_basic.rs:18:67
   |
18 |     EngineSignal, StepBudget, build_list_impl, build_object_impl, eval_accessor,
   |                                                                   ^^^^^^^^^^^^^
19 |     eval_accessor_with_store, eval_expr, new_run_frame, run_until_blocked, step_once,
   |     ^^^^^^^^^^^^^^^^^^^^^^^^  ^^^^^^^^^

warning: unused import: `crate::errors::EngineError`
 --> crates/vb_core/src/engine/tests/integration_budget.rs:4:5
  |
4 | use crate::errors::EngineError;
  |     ^^^^^^^^^^^^^^^^^^^^^^^^^^

warning: unused import: `ResourceContract`
 --> crates/vb_core/src/engine/tests/integration_budget.rs:9:55
  |
9 |     CompiledNode, CompiledNodeKind, CompiledWorkflow, ResourceContract, WorkflowParts,
  |                                                       ^^^^^^^^^^^^^^^^

warning: unused import: `step_once`
  --> crates/vb_core/src/engine/tests/integration_budget.rs:12:81
   |
12 | use crate::engine::{EngineSignal, StepBudget, new_run_frame, run_until_blocked, step_once};
   |                                                                                 ^^^^^^^^^

warning: unused import: `ResourceContract`
 --> crates/vb_core/src/engine/tests/integration_choose.rs:8:5
  |
8 |     ResourceContract, SlotBranch, WorkflowParts,
  |     ^^^^^^^^^^^^^^^^

warning: unused import: `AccessorIdx`
 --> crates/vb_core/src/engine/tests/integration_eval.rs:6:18
  |
6 | use crate::ids::{AccessorIdx, ConstIdx, ExprIdx, RunId, SlotIdx, StepIdx, WorkflowDigest};
  |                  ^^^^^^^^^^^

warning: unused imports: `AccessorProgram`, `PathSegment`, and `ResourceContract`
  --> crates/vb_core/src/engine/tests/integration_eval.rs:9:5
   |
 9 |     AccessorProgram, CompiledNode, CompiledNodeKind, CompiledWorkflow, ExprOp, ExprProgram,
   |     ^^^^^^^^^^^^^^^
10 |     PathSegment, ResourceContract, WorkflowParts,
   |     ^^^^^^^^^^^  ^^^^^^^^^^^^^^^^

warning: unused imports: `eval_accessor_with_store` and `eval_accessor`
  --> crates/vb_core/src/engine/tests/integration_eval.rs:14:31
   |
14 |     EngineSignal, StepBudget, eval_accessor, eval_accessor_with_store, eval_expr, new_run_frame,
   |                               ^^^^^^^^^^^^^  ^^^^^^^^^^^^^^^^^^^^^^^^

warning: unused imports: `ListId` and `ObjectId`
 --> crates/vb_core/src/engine/tests/integration_workflow.rs:7:34
  |
7 |     ActionId, ConstIdx, ExprIdx, ListId, ObjectId, RunId, SlotIdx, StepIdx, SymbolId,
  |                                  ^^^^^^  ^^^^^^^^

warning: unused import: `ObjectField`
  --> crates/vb_core/src/engine/tests/integration_workflow.rs:11:26
   |
11 | use crate::value_store::{ObjectField, ValueStore};
   |                          ^^^^^^^^^^^

warning: unused imports: `AccessorProgram`, `ExprBranch`, `PathSegment`, `ResourceContract`, and `SlotBranch`
  --> crates/vb_core/src/engine/tests/integration_workflow.rs:13:5
   |
13 |     AccessorProgram, CompiledNode, CompiledNodeKind, CompiledWorkflow, ExprBranch, ExprOp,
   |     ^^^^^^^^^^^^^^^                                                    ^^^^^^^^^^
14 |     ExprProgram, PathSegment, ResourceContract, SlotBranch, WorkflowParts,
   |                  ^^^^^^^^^^^  ^^^^^^^^^^^^^^^^  ^^^^^^^^^^

warning: unused imports: `eval_accessor_with_store`, `eval_accessor`, and `eval_expr`
  --> crates/vb_core/src/engine/tests/integration_workflow.rs:18:31
   |
18 |     EngineSignal, StepBudget, eval_accessor, eval_accessor_with_store, eval_expr, new_run_frame,
   |                               ^^^^^^^^^^^^^  ^^^^^^^^^^^^^^^^^^^^^^^^  ^^^^^^^^^


running 1303 tests
test action::tests::action_contract_default_like_values ... ok
test action::tests::action_contract_fields_and_required_capabilities ... ok
test action::tests::action_contract_serializes_with_new_fields ... ok
test action::tests::action_contract_with_zero_output_bytes_is_constructable ... ok
test action::tests::action_contract_with_zero_timeout_is_constructable ... ok
test action::tests::action_error_completion_already_recorded_exact_variant ... ok
test action::tests::action_error_dispatch_failed_exact_variant ... ok
test action::tests::action_error_encoding_failed_exact_variant ... ok
test action::tests::action_error_equality_all_variants ... ok
test action::tests::action_error_inequality_different_variants ... ok
test action::tests::action_error_invalid_ticket_exact_variant ... ok
test action::tests::action_error_non_idempotent_replay_blocked_exact_variant ... ok
test action::tests::action_error_output_slot_out_of_bounds_exact_variant ... ok
test action::tests::action_error_output_slot_out_of_bounds_reports_exact_boundary ... ok
test action::tests::action_error_payload_too_large_display_contains_both_sizes ... ok
test action::tests::action_error_payload_too_large_exact_variant ... ok
test action::tests::action_error_payload_too_large_reports_exact_overflow ... ok
test action::tests::action_error_queue_full_exact_variant ... ok
test action::tests::action_error_runtime_code_is_absent_without_section_17_equivalent ... ok
test action::tests::action_error_runtime_codes_are_unique ... ok
test action::tests::action_error_runtime_codes_cover_section_17_mappings ... ok
test action::tests::action_error_timeout_display_via_failure_code ... ok
test action::tests::action_error_unknown_action_display_message ... ok
test action::tests::action_error_unknown_action_exact_variant ... ok
test action::tests::action_failure_code_repr_values_are_distinct ... ok
test action::tests::action_failure_with_retryable_policy_is_retryable ... ok
test action::tests::action_id_creation_and_equality ... ok
test action::tests::action_id_max_value ... ok
test action::tests::action_outcome_suspended_carries_ticket_identity ... ok
test action::tests::action_output_ready_carries_secret_taint_without_downgrade ... ok
test action::tests::action_ticket_construction_all_fields_accessible ... ok
test action::tests::action_ticket_from_different_run_is_not_equal ... ok
test action::tests::action_ticket_with_idempotency_key_zero_is_a_valid_ticket ... ok
test action::tests::action_ticket_with_zero_timeout_via_contract ... ok
test action::tests::at_least_once_clean_stays_clean ... ok
test action::tests::at_least_once_derived_remains_derived_never_clean ... ok
test action::tests::at_least_once_derived_stays_derived ... ok
test action::tests::at_least_once_secret_becomes_derived ... ok
test action::tests::at_least_once_secret_is_always_derived_never_secret ... ok
test action::tests::deterministic_clean_stays_clean ... ok
test action::tests::deterministic_derived_stays_derived ... ok
test action::tests::deterministic_pure_propagate_cannot_downgrade_derived_to_clean ... ok
test action::tests::deterministic_pure_propagate_cannot_downgrade_secret_to_clean ... ok
test action::tests::deterministic_secret_stays_secret ... ok
test action::tests::idempotency_violation_missing_key_carries_side_effect ... ok
test action::tests::idempotency_violation_random_in_key_carries_slot ... ok
test action::tests::idempotency_violation_secret_in_key_carries_slot ... ok
test action::tests::idempotency_violation_time_in_key_carries_slot ... ok
test action::tests::idempotent_clean_stays_clean ... ok
test action::tests::idempotent_external_propagate_cannot_downgrade_derived_to_clean ... ok
test action::tests::idempotent_external_propagate_cannot_downgrade_secret_to_clean ... ok
test action::tests::issue_action_ticket_captures_all_fields ... ok
test action::tests::issue_action_ticket_with_max_values ... ok
test action::tests::issue_action_ticket_with_zero_key_is_valid ... ok
test action::tests::journal_event_completed_roundtrips_fields ... ok
test action::tests::journal_event_completed_serialization_roundtrip ... ok
test action::tests::journal_event_failed_roundtrips_fields ... ok
test action::tests::journal_event_failed_serialization_roundtrip ... ok
test action::tests::journal_event_serialization_roundtrip ... ok
test action::tests::journal_event_suspended_roundtrips_fields ... ok
test action::tests::retry_safety_is_copy ... ok
test action::tests::retry_safety_repr_values_are_distinct ... ok
test action::tests::side_effect_is_copy ... ok
test action::tests::side_effect_repr_values_are_distinct ... ok
test action::tests::validate_action_dispatch_fails_on_out_of_bounds_input ... ok
test action::tests::validate_action_dispatch_fails_on_uninitialized_input ... ok
test action::tests::validate_action_dispatch_succeeds_with_populated_input_and_output_slot ... ok
test action::tests::validate_action_dispatch_succeeds_with_zero_output_count ... ok
test action::tests::validate_action_outcome_failed_always_succeeds ... ok
test action::tests::validate_action_outcome_ready_rejects_out_of_bounds_slot ... ok
test action::tests::validate_action_outcome_ready_succeeds_with_valid_slot ... ok
test action::tests::validate_action_outcome_suspended_rejected ... ok
test action::tests::validate_key_ingredients_clean_slots_pass ... ok
test action::tests::validate_key_ingredients_derived_secret_rejected ... ok
test action::tests::verify_idempotency_creates_side_effect_unsafe_rejected ... ok
test action::tests::verify_idempotency_destroys_with_unsafe_rejected_even_with_keys ... ok
test action::tests::verify_idempotency_destroys_with_unsafe_rejected_without_keys ... ok
test action::tests::verify_idempotency_key_required_clean_keys_passes ... ok
test action::tests::verify_idempotency_key_required_empty_keys_rejected ... ok
test action::tests::verify_idempotency_key_required_rejects_secret_tainted_key_slot ... ok
test action::tests::verify_idempotency_key_required_rejects_when_first_slot_clean_but_second_secret ... ok
test action::tests::verify_idempotency_key_required_secret_key_rejected ... ok
test action::tests::verify_idempotency_none_side_effect_always_passes_even_unsafe ... ok
test action::tests::verify_idempotency_pure_action_always_passes ... ok
test action::tests::verify_idempotency_safe_action_with_side_effect_passes ... ok
test action::tests::verify_idempotency_sends_side_effect_key_required_rejected_without_key ... ok
test action::tests::verify_idempotency_sends_side_effect_unsafe_rejected ... ok
test action::tests::verify_idempotency_unsafe_action_rejected ... ok
test action::tests::verify_idempotency_writes_with_safe_passes ... ok
test budget::tests::blackhat_action_tickets_saturating_add_under_reports ... ok
test budget::tests::blackhat_foreach_limit_zero_still_counts_as_one_iteration ... ok
test budget::tests::blackhat_gather_items_accumulation_saturates ... ok
test budget::tests::blackhat_jump_cycle_detection_relies_on_forward_edge_validation ... ok
test budget::tests::blackhat_policy_allows_exact_limit ... ok
test budget::tests::blackhat_policy_rejects_one_over_limit ... ok
test budget::tests::blackhat_reduce_start_uses_max_list_items_as_iteration_count ... ok
test budget::tests::blackhat_retries_per_action_copied_from_contract_not_computed ... ok
test budget::tests::blackhat_run_time_seconds_always_zero_in_computed_budget ... ok
test budget::tests::blackhat_self_referencing_loop_body_gracefully_handled ... ok
test budget::tests::blackhat_step_budget_clamping_is_silent ... ok
test budget::tests::blackhat_step_count_overflow_uses_misleading_error_variant ... ok
test budget::tests::blackhat_steps_executable_saturates_on_large_total ... ok
test budget::tests::blackhat_workflow_error_to_budget_error_produces_equal_actual_and_limit ... ok
test budget::tests::boundedness_policy_custom_zero_limits_accept_zero_budget ... ok
test budget::tests::boundedness_policy_custom_zero_limits_reject_nonzero ... ok
test budget::tests::boundedness_policy_debug_format ... ok
test budget::tests::boundedness_policy_default_values_are_sensible ... ok
test budget::tests::boundedness_policy_is_copy ... ok
test budget::tests::budget_accepts_within_policy ... ok
test budget::tests::budget_branching_workflow ... ok
test budget::tests::budget_choose_fanout_counted ... ok
test budget::tests::budget_collect_loop_multiplies_body_steps ... ok
test budget::tests::budget_compute_rejects_entry_out_of_bounds ... ok
test budget::tests::budget_default_policy_accepts_reasonable_budget ... ok
test budget::tests::budget_empty_nodes_rejected ... ok
test budget::tests::budget_error_action_tickets_display ... ok
test budget::tests::budget_error_all_variants_display_non_empty ... ok
test budget::tests::budget_error_clone_preserves_equality ... ok
test budget::tests::budget_error_debug_format ... ok
test budget::tests::budget_error_display_formatting ... ok
test budget::tests::budget_error_equality_same_variants ... ok
test budget::tests::budget_error_from_workflow_error_preserves_variant ... ok
test budget::tests::budget_error_implements_std_error ... ok
test budget::tests::budget_error_inequality_different_actual ... ok
test budget::tests::budget_error_parallel_display ... ok
test budget::tests::budget_error_result_bytes_display ... ok
test budget::tests::budget_error_run_time_display ... ok
test budget::tests::budget_error_total_slots_display ... ok
test budget::tests::budget_foreach_loop_multiplies_body_steps ... ok
test budget::tests::budget_large_loop_counted_realistically ... ok
test budget::tests::budget_nested_loop_depth ... ok
test budget::tests::budget_nested_loop_multiplies_correctly ... ok
test budget::tests::budget_rejects_excessive_fanout ... ok
test budget::tests::budget_rejects_excessive_nesting_depth ... ok
test budget::tests::budget_rejects_excessive_steps ... ok
test budget::tests::budget_rejects_excessive_total_slots ... ok
test budget::tests::budget_repeat_loop_multiplies_body_steps ... ok
test budget::tests::budget_simple_linear_workflow ... ok
test budget::tests::budget_single_node_workflow ... ok
test budget::tests::budget_step_count_overflow_detected ... ok
test budget::tests::budget_together_start_fanout ... ok
test budget::tests::collect_start_body_accounting ... ok
test budget::tests::collect_start_zero_limit_counts_as_one ... ok
test budget::tests::default_policy_max_fanout_is_64 ... ok
test budget::tests::default_policy_nesting_depth_is_8 ... ok
test budget::tests::default_policy_total_steps_is_one_million ... ok
test budget::tests::do_node_increments_action_tickets ... ok
test budget::tests::error_handler_counts_body_and_handler ... ok
test budget::tests::foreach_limit_one_counts_body_once ... ok
test budget::tests::foreach_limit_one_exact_step_count ... ok
test budget::tests::foreach_multi_step_body ... ok
test budget::tests::jump_chain_counts_all_nodes ... ok
test budget::tests::jump_self_cycle_detected ... ok
test budget::tests::larger_together_start_dominates_fanout ... ok
test budget::tests::linear_chain_set_const_copy_eval ... ok
test budget::tests::max_steps_executable_equals_total_steps_when_under_u32_max ... ok
test budget::tests::max_total_slots_written_equals_contract_max_slots ... ok
test budget::tests::multiple_for_each_accumulates_iterations ... ok
test budget::tests::nested_for_each_triple_depth ... ok
test budget::tests::policy_allows_budget_at_exact_total_steps_limit ... ok
test budget::tests::policy_boundary_exact_fanout ... ok
test budget::tests::policy_boundary_exact_nesting_depth ... ok
test budget::tests::policy_boundary_fanout_one_over ... ok
test budget::tests::policy_boundary_nesting_depth_one_over ... ok
test budget::tests::policy_check_order_slots_before_fanout ... ok
test budget::tests::policy_check_order_total_steps_before_slots ... ok
test budget::tests::policy_rejects_action_tickets_exceeded ... ok
test budget::tests::policy_rejects_budget_one_over_total_steps_limit ... ok
test budget::tests::policy_rejects_parallel_exceeded ... ok
test budget::tests::policy_rejects_result_bytes_exceeded ... ok
test budget::tests::policy_rejects_run_time_exceeded ... ok
test budget::tests::policy_rejects_steps_executable_exceeded ... ok
test budget::tests::policy_reports_first_violation_steps_over_slots_over ... ok
test budget::tests::policy_validate_accepts_zero_budget ... ok
test budget::tests::reduce_start_body_accounting ... ok
test budget::tests::repeat_start_body_accounting ... ok
test budget::tests::repeat_start_max_attempts_tracks_maximum_not_sum ... ok
test budget::tests::repeat_start_one_attempt ... ok
test budget::tests::repeat_start_zero_attempts_counts_as_one ... ok
test budget::tests::step_budget_clamps_above_max ... ok
test budget::tests::step_budget_consumption_returns_true_each_time_until_exhausted ... ok
test budget::tests::step_budget_creation_at_max ... ok
test budget::tests::step_budget_creation_at_one ... ok
test budget::tests::step_budget_creation_at_zero ... ok
test budget::tests::step_budget_creation_clamps_large_value ... ok
test budget::tests::step_budget_exhausted_returns_false ... ok
test budget::tests::step_budget_exhaustion_stays_at_zero ... ok
test budget::tests::step_budget_max_equals_limit ... ok
test budget::tests::step_budget_max_is_const_compatible ... ok
test budget::tests::step_budget_multi_step_consumption_to_zero ... ok
test budget::tests::step_budget_new_one_consumes_to_zero ... ok
test budget::tests::step_budget_recreated_after_exhaustion ... ok
test budget::tests::step_budget_single_consumption_decrements ... ok
test budget::tests::step_budget_try_take_never_panics ... ok
test budget::tests::step_budget_zero_exhausts_immediately ... ok
test budget::tests::step_budget_zero_never_allows_consumption ... ok
test budget::tests::together_start_counts_parallel_branches ... ok
test budget::tests::together_start_tracks_max_parallel_in_flight ... ok
test budget::tests::whole_workflow_budget_debug_format ... ok
test budget::tests::whole_workflow_budget_is_copy ... ok
test budget::tests::whole_workflow_budget_max_fields ... ok
test budget::tests::whole_workflow_budget_max_result_bytes_from_contract ... ok
test budget::tests::whole_workflow_budget_max_retries_from_contract ... ok
test budget::tests::whole_workflow_budget_max_total_slots_derives_from_contract ... ok
test budget::tests::whole_workflow_budget_recompute_produces_same_result ... ok
test budget::tests::whole_workflow_budget_zero_fields_is_valid ... ok
test budget::tests::whole_workflow_budget_zero_slots_contract ... ok
test capability::tests::capability_clone_is_equal ... ok
test capability::tests::capability_new_and_accessors ... ok
test capability::tests::capability_set_does_not_grant_short_partial_prefix ... ok
test capability::tests::capability_set_does_not_grant_sibling_partial_prefix ... ok
test capability::tests::capability_set_empty_grants_nothing ... ok
test capability::tests::capability_set_empty_name_grants_nothing ... ok
test capability::tests::capability_set_from_slice ... ok
test capability::tests::capability_set_grants_exact_name ... ok
test capability::tests::capability_set_grants_hierarchical_prefix ... ok
test capability::tests::capability_set_grants_requires_action_match ... ok
test capability::tests::capability_set_multiple_caps_checked ... ok
test diagnostic::tests::diagnostic_code_parse_error_invalid_format_when_empty ... ok
test diagnostic::tests::diagnostic_code_parse_error_invalid_format_when_hex_digits ... ok
test diagnostic::tests::diagnostic_code_parse_error_invalid_format_when_missing_prefix ... ok
test diagnostic::tests::diagnostic_code_parse_error_invalid_format_when_too_long ... ok
test diagnostic::tests::diagnostic_code_parse_error_invalid_format_when_too_short ... ok
test diagnostic::tests::diagnostic_code_parse_error_unsupported_code_when_fully_outside_ranges ... ok
test diagnostic::tests::diagnostic_code_parse_error_unsupported_code_when_out_of_range ... ok
test diagnostic::tests::diagnostic_code_parses_supported_ranges ... ok
test diagnostic::tests::diagnostic_code_preserves_packed_value ... ok
test diagnostic::tests::diagnostic_code_rejects_malformed_or_unsupported_input ... ok
test diagnostic::tests::diagnostic_record_owns_message_and_span ... ok
test engine::choose::tests::choose_expr_takes_first_true_branch ... ok
test engine::choose::tests::choose_expr_takes_otherwise_when_all_false ... ok
test engine::choose::tests::choose_slot_empty_branches_takes_otherwise ... ok
test engine::choose::tests::choose_slot_rejects_non_bool_condition ... ok
test engine::choose::tests::choose_slot_skips_false_takes_second_branch ... ok
test engine::choose::tests::choose_slot_takes_first_matching_branch ... ok
test engine::choose::tests::choose_slot_takes_otherwise_when_all_false ... ok
test engine::choose::tests::choose_slot_without_otherwise_returns_error ... ok
test engine::error_routing::tests::error_code_string_covers_all_variants ... ok
test engine::error_routing::tests::error_slot_data_from_division_by_zero ... ok
test engine::error_routing::tests::error_slot_data_from_type_mismatch ... ok
test engine::error_routing::tests::has_error_handler_returns_false_when_not_configured ... ok
▮▮▮▮ velvet-ballastics:miri (running for 30s)
test engine::error_routing::tests::has_error_handler_returns_true_when_configured ... ok
test engine::error_routing::tests::route_error_handler_no_error_slot_still_routes ... ok
test engine::error_routing::tests::route_error_handler_returns_no_handler_when_not_configured ... ok
test engine::error_routing::tests::route_error_handler_routes_to_handler_when_configured ... ok
test engine::error_routing::tests::route_error_handler_writes_error_slot_with_failed_step_index ... ok
test engine::expr_eval::accessors::tests::eval_accessor_empty_path_returns_root_slot ... ok
test engine::expr_eval::accessors::tests::eval_accessor_invalid_index_returns_error ... ok
test engine::expr_eval::accessors::tests::eval_accessor_invalid_list_handle_returns_error ... ok
test engine::expr_eval::accessors::tests::eval_accessor_list_index_out_of_bounds_returns_error ... ok
test engine::expr_eval::accessors::tests::eval_accessor_list_index_traversal ... ok
test engine::expr_eval::accessors::tests::eval_accessor_list_second_index ... ok
test engine::expr_eval::accessors::tests::eval_accessor_missing_object_field_returns_error ... ok
test engine::expr_eval::accessors::tests::eval_accessor_multi_segment_path ... ok
test engine::expr_eval::accessors::tests::eval_accessor_object_field_traversal ... ok
test engine::expr_eval::accessors::tests::eval_accessor_out_of_bounds_accessor_index_returns_error ... ok
test engine::expr_eval::accessors::tests::eval_accessor_rejects_field_on_list ... ok
test engine::expr_eval::accessors::tests::eval_accessor_rejects_field_on_scalar ... ok
test engine::expr_eval::accessors::tests::eval_accessor_rejects_index_on_object ... ok
test engine::expr_eval::accessors::tests::eval_accessor_rejects_index_on_scalar ... ok
test engine::expr_eval::accessors::tests::eval_accessor_without_store_empty_path_returns_root ... ok
test engine::expr_eval::accessors::tests::eval_accessor_without_store_non_empty_path_returns_traversal_error ... ok
test engine::expr_eval::core::tests::eval_empty_expression_rejected_by_stack_bound_check ... ok
test engine::expr_eval::core::tests::eval_expr_rejects_out_of_bounds_expr_index ... ok
test engine::expr_eval::core::tests::eval_expr_without_store_loads_const ... ok
test engine::expr_eval::core::tests::eval_load_accessor_with_empty_path_reads_root ... ok
test engine::expr_eval::core::tests::eval_load_const_rejects_out_of_bounds ... ok
test engine::expr_eval::core::tests::eval_load_const_returns_constant_value ... ok
test engine::expr_eval::core::tests::eval_load_slot_joins_taint_from_multiple_slots ... ok
test engine::expr_eval::core::tests::eval_load_slot_propagates_secret_taint ... ok
test engine::expr_eval::core::tests::eval_load_slot_reads_slot_value ... ok
test engine::expr_eval::core::tests::eval_multi_op_expression_produces_correct_result ... ok
test engine::expr_eval::ops::tests::add_produces_sum ... ok
test engine::expr_eval::ops::tests::and_true_false_produces_false ... ok
test engine::expr_eval::ops::tests::and_true_true_produces_true ... ok
test engine::expr_eval::ops::tests::div_by_zero_returns_error ... ok
test engine::expr_eval::ops::tests::div_produces_quotient ... ok
test engine::expr_eval::ops::tests::eq_different_values_produces_false ... ok
test engine::expr_eval::ops::tests::eq_same_values_produces_true ... ok
test engine::expr_eval::ops::tests::eval_expr_operator_rejects_load_slot_op ... ok
test engine::expr_eval::ops::tests::exists_empty_object_produces_false ... ok
test engine::expr_eval::ops::tests::exists_non_empty_object_produces_true ... ok
test engine::expr_eval::ops::tests::exists_null_produces_false ... ok
test engine::expr_eval::ops::tests::gt_7_gt_4_is_true ... ok
test engine::expr_eval::ops::tests::gte_equal_values_is_true ... ok
test engine::expr_eval::ops::tests::lt_3_lt_4_is_true ... ok
test engine::expr_eval::ops::tests::lte_equal_values_is_true ... ok
test engine::expr_eval::ops::tests::merge_combines_two_objects_with_right_overlapping_key ... ok
test engine::expr_eval::ops::tests::mul_overflow_returns_error ... ok
test engine::expr_eval::ops::tests::mul_produces_product ... ok
test engine::expr_eval::ops::tests::not_eq_different_values_produces_true ... ok
test engine::expr_eval::ops::tests::not_false_produces_true ... ok
test engine::expr_eval::ops::tests::not_true_produces_false ... ok
test engine::expr_eval::ops::tests::or_false_false_produces_false ... ok
test engine::expr_eval::ops::tests::or_false_true_produces_true ... ok
test engine::expr_eval::ops::tests::sub_produces_difference ... ok
test engine::expr_eval::ops_text_list::tests::append_adds_item_to_list ... ok
test engine::expr_eval::ops_text_list::tests::append_if_false_does_not_add_item ... ok
test engine::expr_eval::ops_text_list::tests::append_if_true_adds_item ... ok
test engine::expr_eval::ops_text_list::tests::contains_matches_substring ... ok
test engine::expr_eval::ops_text_list::tests::contains_rejects_non_matching ... ok
test engine::expr_eval::ops_text_list::tests::contains_rejects_non_symbol_haystack ... ok
test engine::expr_eval::ops_text_list::tests::count_returns_list_length ... ok
test engine::expr_eval::ops_text_list::tests::empty_on_empty_list_returns_true ... ok
test engine::expr_eval::ops_text_list::tests::empty_on_non_empty_list_returns_false ... ok
test engine::expr_eval::ops_text_list::tests::empty_on_null_returns_true ... ok
test engine::expr_eval::ops_text_list::tests::ends_with_matches_suffix ... ok
test engine::expr_eval::ops_text_list::tests::ends_with_rejects_non_suffix ... ok
test engine::expr_eval::ops_text_list::tests::has_finds_existing_element ... ok
test engine::expr_eval::ops_text_list::tests::has_returns_false_for_missing_element ... ok
test engine::expr_eval::ops_text_list::tests::length_counts_list_items ... ok
test engine::expr_eval::ops_text_list::tests::length_counts_object_fields ... ok
test engine::expr_eval::ops_text_list::tests::length_counts_text_characters ... ok
test engine::expr_eval::ops_text_list::tests::starts_with_matches_prefix ... ok
test engine::expr_eval::ops_text_list::tests::starts_with_rejects_non_prefix ... ok
test engine::expr_eval::ops_text_list::tests::sum_computes_total ... ok
test engine::expr_eval::ops_text_list::tests::sum_empty_list_produces_zero ... ok
test engine::expr_eval::ops_text_list::tests::sum_overflow_returns_error ... ok
test engine::expr_eval::ops_text_list::tests::unique_empty_list_produces_empty_list ... ok
test engine::expr_eval::ops_text_list::tests::unique_removes_duplicates_preserving_order ... ok
test engine::expr_eval::stack::tests::expect_bool_accepts_bool ... ok
test engine::expr_eval::stack::tests::expect_bool_rejects_non_bool ... ok
test engine::expr_eval::stack::tests::expect_i64_accepts_number ... ok
test engine::expr_eval::stack::tests::expect_i64_rejects_non_number ... ok
test engine::expr_eval::stack::tests::expect_list_accepts_list ... ok
test engine::expr_eval::stack::tests::expect_list_rejects_non_list ... ok
test engine::expr_eval::stack::tests::expect_object_accepts_object ... ok
test engine::expr_eval::stack::tests::expect_object_rejects_non_object ... ok
test engine::expr_eval::stack::tests::expect_symbol_accepts_symbol ... ok
test engine::expr_eval::stack::tests::expect_symbol_rejects_non_symbol ... ok
test engine::expr_eval::stack::tests::pop_i64_pair_extracts_numbers ... ok
test engine::expr_eval::stack::tests::pop_i64_pair_rejects_non_number ... ok
test engine::expr_eval::stack::tests::pop_pair_returns_left_right_ordering ... ok
test engine::expr_eval::stack::tests::pop_pair_underflow_returns_error ... ok
test engine::expr_eval::stack::tests::pop_triple_returns_left_mid_right_ordering ... ok
test engine::expr_eval::stack::tests::stack_new_with_valid_capacity_succeeds ... ok
test engine::expr_eval::stack::tests::stack_new_with_zero_capacity_is_valid ... ok
test engine::expr_eval::stack::tests::stack_overflow_returns_error ... ok
test engine::expr_eval::stack::tests::stack_push_and_pop_roundtrip ... ok
test engine::expr_eval::stack::tests::stack_push_multiple_preserves_order ... ok
test engine::expr_eval::stack::tests::stack_underflow_returns_error ... ok
test engine::expr_eval::tests::append_adds_to_list ... ok
test engine::expr_eval::tests::append_if_conditionally_adds ... ok
test engine::expr_eval::tests::contains_finds_substring ... ok
test engine::expr_eval::tests::contains_rejects_missing_substring ... ok
test engine::expr_eval::tests::count_computes_list_length ... ok
test engine::expr_eval::tests::div_by_zero_still_returns_division_by_zero_error ... ok
test engine::expr_eval::tests::div_i64_min_div_neg_one_returns_overflow_not_division_by_zero ... ok
test engine::expr_eval::tests::empty_detects_empty_list ... ok
test engine::expr_eval::tests::ends_with_matches_suffix ... ok
test engine::expr_eval::tests::exists_checks_object_field ... ok
test engine::expr_eval::tests::has_finds_element_in_list ... ok
test engine::expr_eval::tests::length_counts_list_items ... ok
test engine::expr_eval::tests::merge_combines_objects ... ok
test engine::expr_eval::tests::starts_with_matches_prefix ... ok
test engine::expr_eval::tests::sum_computes_list_total ... ok
test engine::expr_eval::tests::sum_overflow_on_individual_element_is_detected ... ok
test engine::expr_eval::tests::unique_removes_duplicates ... ok
test engine::node_helpers::tests::copy_slot_copies_value_and_taint ... ok
test engine::node_helpers::tests::copy_slot_rejects_uninitialized_source ... ok
test engine::node_helpers::tests::finish_run_propagates_secret_taint ... ok
test engine::node_helpers::tests::finish_run_rejects_uninitialized_slot ... ok
test engine::node_helpers::tests::finish_run_returns_finished_signal_with_slot_value ... ok
test engine::node_helpers::tests::jump_to_next_advances_to_next_step ... ok
test engine::node_helpers::tests::jump_to_next_rejects_missing_next ... ok
test engine::node_helpers::tests::jump_to_rejects_out_of_bounds_target ... ok
test engine::node_helpers::tests::jump_to_sets_pc_and_returns_continue ... ok
test engine::node_helpers::tests::set_const_rejects_out_of_bounds_constant ... ok
test engine::node_helpers::tests::set_const_writes_constant_to_output_slot ... ok
test engine::object_list::tests::build_list_empty_items_creates_empty_list ... ok
test engine::object_list::tests::build_list_preserves_order ... ok
test engine::object_list::tests::build_list_rejects_out_of_bounds_slot_without_inserting ... ok
test engine::object_list::tests::build_list_single_item_reads_correct_slot ... ok
test engine::object_list::tests::build_list_with_taint_all_clean_produces_clean ... ok
test engine::object_list::tests::build_list_with_taint_joins_derived_from_secret ... ok
test engine::object_list::tests::build_list_with_taint_joins_secret_from_one_slot ... ok
test engine::object_list::tests::build_object_empty_fields_creates_empty_object ... ok
test engine::object_list::tests::build_object_rejects_out_of_bounds_slot ... ok
test engine::object_list::tests::build_object_single_field_reads_correct_slot ... ok
test engine::object_list::tests::build_object_with_taint_all_clean_produces_clean ... ok
test engine::object_list::tests::build_object_with_taint_joins_derived_from_secret ... ok
test engine::object_list::tests::build_object_with_taint_joins_secret_from_one_field ... ok
test engine::run_loop::tests::drive_deterministic_exact_budget_completes ... ok
test engine::run_loop::tests::drive_deterministic_stops_on_do_node_suspension ... ok
test engine::run_loop::tests::drive_deterministic_with_one_budget_stops_after_first_step ... ok
test engine::run_loop::tests::run_until_blocked_completes_two_step_workflow ... ok
test engine::run_loop::tests::run_until_blocked_exhausts_zero_budget ... ok
test engine::signals::tests::budget_clamps_u64_max_to_max_step_budget ... ok
test engine::signals::tests::budget_exhaustion_is_stable_after_zero ... ok
test engine::signals::tests::budget_max_decrements_by_one ... ok
test engine::signals::tests::budget_max_equals_max_step_budget_constant ... ok
test engine::signals::tests::budget_new_accepts_exact_max ... ok
test engine::signals::tests::budget_new_clamps_to_max_step_budget ... ok
test engine::signals::tests::budget_new_one_consumes_single_transition ... ok
test engine::signals::tests::budget_new_zero_is_valid ... ok
test engine::signals::tests::budget_remaining_never_increases ... ok
test engine::signals::tests::budget_try_take_decrements_remaining ... ok
test engine::signals::tests::budget_try_take_on_exactly_max_step_budget_succeeds ... ok
test engine::signals::tests::budget_try_take_returns_true_while_available ... ok
test engine::signals::tests::budget_zero_never_returns_true ... ok
test engine::signals::tests::engine_signal_all_suspension_variants_are_distinct ... ok
test engine::signals::tests::engine_signal_clone_preserves_variant_and_data ... ok
test engine::signals::tests::engine_signal_continue_is_not_terminal ... ok
test engine::signals::tests::engine_signal_debug_format_all_variants ... ok
test engine::signals::tests::engine_signal_debug_format_contains_variant_name ... ok
test engine::signals::tests::engine_signal_finished_carries_value_and_taint ... ok
test engine::signals::tests::engine_signal_finished_with_derived_from_secret_taint ... ok
test engine::signals::tests::engine_signal_finished_with_null_value ... ok
test engine::signals::tests::engine_signal_finished_with_secret_taint ... ok
test engine::signals::tests::engine_signal_variants_are_distinct ... ok
test engine::step::tests::journal_action_suspended_captures_all_fields ... ok
test engine::step::tests::resume_action_completion_writes_output_and_advances_pc ... ok
test engine::step::tests::resume_action_failure_marks_step_failed ... ok
test engine::step::tests::step_once_ask_returns_awaiting_ask ... ok
test engine::step::tests::step_once_build_list_writes_list_to_output_slot ... ok
test engine::step::tests::step_once_build_object_writes_object_to_output_slot ... ok
test engine::step::tests::step_once_do_returns_awaiting_action ... ok
test engine::step::tests::step_once_error_handler_jumps_to_body ... ok
test engine::step::tests::step_once_eval_expr_writes_result_to_output_slot ... ok
test engine::step::tests::step_once_finish_returns_finished_with_value_and_taint ... ok
test engine::step::tests::step_once_jump_advances_pc_to_target ... ok
test engine::step::tests::step_once_nop_advances_pc_and_returns_continue ... ok
test engine::step::tests::step_once_wait_returns_awaiting_wait ... ok
test engine::tests::integration_accessor::eval_accessor_identity_path_returns_root_handle_without_store ... ok
test engine::tests::integration_accessor::eval_accessor_reads_list_item_through_store ... ok
test engine::tests::integration_accessor::eval_accessor_rejects_field_traversal_on_scalar_value ... ok
test engine::tests::integration_accessor::eval_accessor_reports_list_handle_bounds ... ok
test engine::tests::integration_accessor::eval_accessor_reports_list_index_precisely ... ok
test engine::tests::integration_accessor::eval_accessor_reports_missing_field_precisely ... ok
test engine::tests::integration_accessor::eval_accessor_reports_object_handle_bounds ... ok
test engine::tests::integration_accessor::load_accessor_reads_object_field_through_store ... ok
test engine::tests::integration_accessor::load_accessor_with_empty_path_loads_root_slot ... ok
test engine::tests::integration_accessor::public_eval_accessor_loads_root_value ... ok
test engine::tests::integration_accessor::public_eval_accessor_rejects_invalid_accessor_index ... ok
test engine::tests::integration_accessor::public_eval_accessor_reports_typed_error_without_store ... ok
test engine::tests::integration_basic::build_list_copies_slot_values_in_exact_item_order ... ok
test engine::tests::integration_basic::build_list_rejects_unreadable_item_slot_without_inserting ... ok
test engine::tests::integration_basic::build_nodes_finish_with_constructed_handles ... ok
test engine::tests::integration_basic::build_object_preserves_field_order_and_first_duplicate_lookup ... ok
test engine::tests::integration_basic::build_object_rejects_unreadable_field_slot_without_inserting ... ok
test engine::tests::integration_basic::const_finish_returns_constant_pool_value ... ok
test engine::tests::integration_basic::copy_preserves_value_and_taint ... ok
test engine::tests::integration_basic::failed_node_is_marked_failed_on_typed_error ... ok
test engine::tests::integration_basic::set_chain_finishes_with_object_slot_value ... ok
test engine::tests::integration_basic::set_chain_finishes_with_slot_value ... ok
test engine::tests::integration_basic::set_const_rejects_missing_constant ... ok
test engine::tests::integration_budget::budget_one_executes_exactly_one_transition_then_exhausts ... ok
test engine::tests::integration_budget::budget_two_completes_two_step_workflow_with_finish ... ok
test engine::tests::integration_budget::budget_zero_drive_deterministic_returns_step_budget_exhausted_without_touching_frame ... ok
test engine::tests::integration_budget::one_budget_executes_one_transition_and_exhausts ... ok
test engine::tests::integration_budget::step_budget_max_does_not_overflow_on_consecutive_takes ... ok
test engine::tests::integration_budget::step_budget_try_take_consumes_exactly_one_transition ... ok
test engine::tests::integration_budget::step_budget_try_take_returns_false_after_depletion_without_error ... ok
test engine::tests::integration_budget::zero_budget_exhausts_without_execution ... ok
test engine::tests::integration_choose::choose_expr_otherwise_taken_when_no_branch_matches ... ok
test engine::tests::integration_choose::choose_expr_rejects_non_bool_condition ... ok
test engine::tests::integration_choose::choose_expr_takes_first_true_branch ... ok
test engine::tests::integration_choose::choose_expr_takes_later_true_branch ... ok
test engine::tests::integration_choose::choose_expr_takes_otherwise_when_all_false ... ok
test engine::tests::integration_choose::choose_slot_otherwise_taken_when_no_branch_matches ... ok
test engine::tests::integration_choose::choose_slot_rejects_non_bool_condition_with_type_mismatch ... ok
test engine::tests::integration_choose::choose_slot_takes_first_true_branch ... ok
test engine::tests::integration_choose::choose_slot_takes_later_true_branch ... ok
test engine::tests::integration_choose::choose_slot_takes_otherwise_when_no_branch_matches ... ok
test engine::tests::integration_eval::eval_expr_division_by_zero_returns_division_by_zero_error ... ok
test engine::tests::integration_eval::eval_expr_integer_overflow_returns_invalid_compiled_workflow ... ok
test engine::tests::integration_eval::eval_expr_node_uses_fixed_stack_and_writes_output ... ok
test engine::tests::integration_eval::eval_expr_not_on_non_bool_returns_type_mismatch ... ok
test engine::tests::integration_eval::public_eval_expr_rejects_invalid_expr_index ... ok
test engine::tests::integration_eval::public_eval_expr_returns_exact_value ... ok
test engine::tests::integration_workflow::build_list_joins_taint_from_all_item_slots ... ok
test engine::tests::integration_workflow::build_list_with_all_secret_slots_produces_secret_taint ... ok
test engine::tests::integration_workflow::build_object_joins_taint_from_all_field_slots ... ok
test engine::tests::integration_workflow::build_object_with_all_clean_slots_produces_clean_taint ... ok
test engine::tests::integration_workflow::copy_from_uninitialized_source_slot_returns_slot_uninitialized ... ok
test engine::tests::integration_workflow::drive_deterministic_stops_on_awaiting_action_signal ... ok
test engine::tests::integration_workflow::drive_deterministic_stops_on_awaiting_ask_signal ... ok
test engine::tests::integration_workflow::drive_deterministic_stops_on_awaiting_wait_signal ... ok
test engine::tests::integration_workflow::engine_signal_finished_carries_correct_derived_from_secret_taint ... ok
test engine::tests::integration_workflow::engine_signal_finished_carries_correct_secret_taint ... ok
test engine::tests::integration_workflow::eval_expr_with_clean_slot_produces_clean_taint ... ok
test engine::tests::integration_workflow::eval_expr_with_secret_tainted_slot_produces_derived_from_secret_taint ... ok
test engine::tests::integration_workflow::failed_step_is_marked_failed_in_frame_after_engine_error ... ok
test engine::tests::integration_workflow::finish_with_uninitialized_result_slot_returns_slot_uninitialized ... ok
test engine::tests::integration_workflow::join_taint_clean_plus_clean_is_clean ... ok
test engine::tests::integration_workflow::join_taint_clean_plus_derived_from_secret_is_derived_from_secret ... ok
test engine::tests::integration_workflow::join_taint_clean_plus_secret_is_secret ... ok
test engine::tests::integration_workflow::join_taint_derived_from_secret_plus_clean_is_derived_from_secret ... ok
test engine::tests::integration_workflow::join_taint_derived_from_secret_plus_secret_is_secret ... ok
test engine::tests::integration_workflow::join_taint_secret_plus_clean_is_secret ... ok
test engine::tests::integration_workflow::join_taint_secret_plus_derived_from_secret_is_secret ... ok
test engine::tests::integration_workflow::nop_without_next_returns_missing_next_step ... ok
test engine::tests::integration_workflow::set_const_without_output_slot_returns_missing_output_slot ... ok
test engine::tests::integration_workflow::set_pc_to_out_of_bounds_target_returns_invalid_program_counter ... ok
test engine::tests::integration_workflow::step_once_with_invalid_pc_rejected_by_set_pc ... ok
test engine::validate::tests::all_validators_accept_minimal_valid_parts ... ok
test engine::validate::tests::all_validators_accept_three_node_linear_chain ... ok
test engine::validate::tests::validate_compiled_workflow_accepts_valid_parts ... ok
test engine::validate::tests::validate_compiled_workflow_rejects_empty_nodes ... ok
test engine::validate::tests::validate_compiled_workflow_rejects_entry_out_of_bounds ... ok
test engine::validate::tests::validate_compiled_workflow_rejects_node_id_mismatch ... ok
test engine::validate::tests::validate_compiled_workflow_rejects_unreachable_node ... ok
test engine::validate::tests::validate_node_bounds_accepts_single_node_with_no_next ... ok
test engine::validate::tests::validate_node_bounds_accepts_valid_linear_chain ... ok
test engine::validate::tests::validate_node_bounds_rejects_next_step_out_of_bounds ... ok
test engine::validate::tests::validate_node_bounds_rejects_node_id_out_of_bounds ... ok
test engine::validate::tests::validate_resource_contract_accepts_default_contract ... ok
test engine::validate::tests::validate_resource_contract_rejects_max_accessors_over_limit ... ok
test engine::validate::tests::validate_resource_contract_rejects_max_constants_over_limit ... ok
test engine::validate::tests::validate_resource_contract_rejects_max_expr_stack_over_limit ... ok
test engine::validate::tests::validate_resource_contract_rejects_max_expressions_over_limit ... ok
test engine::validate::tests::validate_resource_contract_rejects_max_slots_over_limit ... ok
test engine::validate::tests::validate_resource_contract_rejects_max_steps_over_limit ... ok
test engine::validate::tests::validate_transition_target_accepts_valid_for_each_start ... ok
test engine::validate::tests::validate_transition_target_accepts_valid_jump ... ok
test engine::validate::tests::validate_transition_target_accepts_valid_linear_chain ... ok
test engine::validate::tests::validate_transition_target_accepts_valid_together_start ... ok
test engine::validate::tests::validate_transition_target_rejects_choose_branch_out_of_bounds ... ok
test engine::validate::tests::validate_transition_target_rejects_choose_otherwise_out_of_bounds ... ok
test engine::validate::tests::validate_transition_target_rejects_choose_slot_branch_out_of_bounds ... ok
test engine::validate::tests::validate_transition_target_rejects_choose_slot_otherwise_out_of_bounds ... ok
test engine::validate::tests::validate_transition_target_rejects_error_handler_body_out_of_bounds ... ok
test engine::validate::tests::validate_transition_target_rejects_error_handler_handler_out_of_bounds ... ok
test engine::validate::tests::validate_transition_target_rejects_for_each_start_body_out_of_bounds ... ok
test engine::validate::tests::validate_transition_target_rejects_for_each_start_done_out_of_bounds ... ok
test engine::validate::tests::validate_transition_target_rejects_jump_to_out_of_bounds ... ok
test engine::validate::tests::validate_transition_target_rejects_repeat_check_done_out_of_bounds ... ok
test engine::validate::tests::validate_transition_target_rejects_retry_check_body_out_of_bounds ... ok
test engine::validate::tests::validate_transition_target_rejects_together_branch_entry_out_of_bounds ... ok
▮▮▮▮ velvet-ballastics:miri (running for 60s)
test engine::validate::tests::validate_transition_target_rejects_together_branch_join_out_of_bounds ... ok
test engine::validate::tests::validate_transition_target_rejects_together_start_branch_out_of_bounds ... ok
test engine::validate::tests::validate_transition_target_rejects_together_start_join_out_of_bounds ... ok
test errors::tests::core_error_blob_out_of_bounds_exact_variant ... ok
test errors::tests::core_error_budget_exceeded_exact_variant ... ok
test errors::tests::core_error_const_out_of_bounds_exact_variant ... ok
test errors::tests::core_error_diagnostic_code_allocation_failed ... ok
test errors::tests::core_error_diagnostic_code_blob_out_of_bounds ... ok
test errors::tests::core_error_diagnostic_code_budget_exceeded ... ok
test errors::tests::core_error_diagnostic_code_collect_item_limit_exceeded ... ok
test errors::tests::core_error_diagnostic_code_collect_page_limit_exceeded ... ok
test errors::tests::core_error_diagnostic_code_collect_time_limit_exceeded ... ok
test errors::tests::core_error_diagnostic_code_const_out_of_bounds ... ok
test errors::tests::core_error_diagnostic_code_division_by_zero ... ok
test errors::tests::core_error_diagnostic_code_expr_out_of_bounds ... ok
test errors::tests::core_error_diagnostic_code_expression_stack_overflow ... ok
test errors::tests::core_error_diagnostic_code_expression_stack_underflow ... ok
test errors::tests::core_error_diagnostic_code_internal_invariant_violation ... ok
test errors::tests::core_error_diagnostic_code_invalid_compiled_workflow ... ok
test errors::tests::core_error_diagnostic_code_invalid_program_counter ... ok
test errors::tests::core_error_diagnostic_code_iteration_limit_exceeded ... ok
test errors::tests::core_error_diagnostic_code_list_index_out_of_bounds ... ok
test errors::tests::core_error_diagnostic_code_list_out_of_bounds ... ok
test errors::tests::core_error_diagnostic_code_missing_next_step ... ok
test errors::tests::core_error_diagnostic_code_missing_output_slot ... ok
test errors::tests::core_error_diagnostic_code_non_bool_condition ... ok
test errors::tests::core_error_diagnostic_code_non_finite_number ... ok
test errors::tests::core_error_diagnostic_code_object_field_not_found ... ok
test errors::tests::core_error_diagnostic_code_object_out_of_bounds ... ok
test errors::tests::core_error_diagnostic_code_queue_full ... ok
test errors::tests::core_error_diagnostic_code_repeat_exhausted ... ok
test errors::tests::core_error_diagnostic_code_resource_limit_exceeded ... ok
test errors::tests::core_error_diagnostic_code_slot_out_of_bounds ... ok
test errors::tests::core_error_diagnostic_code_step_budget_exhausted ... ok
test errors::tests::core_error_diagnostic_code_step_counter_overflow ... ok
test errors::tests::core_error_diagnostic_code_step_state_out_of_bounds ... ok
test errors::tests::core_error_diagnostic_code_symbol_out_of_bounds ... ok
test errors::tests::core_error_diagnostic_code_together_branch_limit_exceeded ... ok
test errors::tests::core_error_diagnostic_code_type_mismatch ... ok
test errors::tests::core_error_diagnostic_code_unsupported_accessor_traversal ... ok
test errors::tests::core_error_diagnostic_code_unsupported_primitive ... ok
test errors::tests::core_error_expr_out_of_bounds_exact_variant ... ok
test errors::tests::core_error_expression_stack_overflow_exact_variant ... ok
test errors::tests::core_error_internal_invariant_violation_exact_variant ... ok
test errors::tests::core_error_invalid_compiled_workflow_exact_variant ... ok
test errors::tests::core_error_invalid_program_counter_exact_variant ... ok
test errors::tests::core_error_iteration_limit_exceeded_exact_variant ... ok
test errors::tests::core_error_list_index_out_of_bounds_exact_variant ... ok
test errors::tests::core_error_list_out_of_bounds_exact_variant ... ok
test errors::tests::core_error_missing_next_step_exact_variant ... ok
test errors::tests::core_error_missing_output_slot_exact_variant ... ok
test errors::tests::core_error_non_bool_condition_exact_variant ... ok
test errors::tests::core_error_object_field_not_found_exact_variant ... ok
test errors::tests::core_error_object_out_of_bounds_exact_variant ... ok
test errors::tests::core_error_repeat_exhausted_exact_variant ... ok
test errors::tests::core_error_resource_limit_exceeded_exact_variant ... ok
test errors::tests::core_error_runtime_code_is_absent_without_section_17_equivalent ... ok
test errors::tests::core_error_runtime_codes_are_unique ... ok
test errors::tests::core_error_runtime_codes_cover_section_17_core_mappings ... ok
test errors::tests::core_error_slot_out_of_bounds_exact_variant ... ok
test errors::tests::core_error_step_state_out_of_bounds_exact_variant ... ok
test errors::tests::core_error_symbol_out_of_bounds_exact_variant ... ok
test errors::tests::core_error_together_branch_limit_exceeded_exact_variant ... ok
test errors::tests::core_error_type_mismatch_exact_variant ... ok
test errors::tests::core_error_unsupported_accessor_traversal_exact_variant ... ok
test errors::tests::core_error_unsupported_primitive_exact_variant ... ok
test errors::tests::engine_error_allocation_failed_display ... ok
test errors::tests::engine_error_budget_exceeded_display_contains_both_fields ... ok
test errors::tests::engine_error_diagnostic_code_slot_uninitialized ... ok
test errors::tests::engine_error_equality_same_variant ... ok
test errors::tests::engine_error_expression_stack_overflow_display_contains_max ... ok
test errors::tests::engine_error_inequality_different_variants ... ok
test errors::tests::engine_error_is_core_error_alias ... ok
test errors::tests::engine_error_non_finite_number_display ... ok
test errors::tests::engine_error_queue_full_display ... ok
test errors::tests::engine_error_resource_limit_exceeded_display ... ok
test errors::tests::engine_error_runtime_code_capability_denied ... ok
test errors::tests::engine_error_runtime_code_parallel_limit_exceeded ... ok
test errors::tests::engine_error_runtime_code_repeat_exhausted ... ok
test errors::tests::engine_error_runtime_code_together_branch_limit_exceeded ... ok
test errors::tests::engine_error_slot_uninitialized_display ... ok
test errors::tests::engine_error_step_budget_exhausted_display ... ok
test errors::tests::engine_error_type_mismatch_equality ... ok
test errors::tests::engine_error_type_mismatch_inequality ... ok
test frame::tests::frame_all_step_state_variants_are_reachable ... ok
test frame::tests::frame_increment_executed_overflow_returns_step_counter_overflow ... ok
test frame::tests::frame_mark_running_on_cancelled_step_allows_overwrite ... ok
test frame::tests::frame_mark_running_out_of_bounds_returns_step_state_out_of_bounds ... ok
test frame::tests::frame_mark_succeeded_on_failed_step_allows_overwrite ... ok
test frame::tests::frame_mark_succeeded_on_pending_step_allows_overwrite ... ok
test frame::tests::frame_new_first_step_at_exact_step_count_returns_invalid_program_counter ... ok
test frame::tests::frame_new_first_step_out_of_bounds_returns_invalid_program_counter ... ok
test frame::tests::frame_new_slot_count_zero_creates_valid_frame_with_empty_slots ... ok
test frame::tests::frame_new_step_count_zero_returns_invalid_compiled_workflow ... ok
test frame::tests::frame_read_slot_out_of_bounds_returns_slot_out_of_bounds ... ok
test frame::tests::frame_read_taint_out_of_bounds_returns_slot_out_of_bounds ... ok
test frame::tests::frame_read_uninitialized_slot_returns_slot_uninitialized ... ok
test frame::tests::frame_reinitialize_first_step_out_of_bounds_returns_invalid_program_counter ... ok
test frame::tests::frame_reinitialize_resets_all_step_states_to_pending ... ok
test frame::tests::frame_reinitialize_step_count_zero_returns_invalid_compiled_workflow ... ok
test frame::tests::frame_set_pc_accepts_valid_step ... ok
test frame::tests::frame_set_pc_rejects_out_of_bounds_step ... ok
test frame::tests::frame_step_state_out_of_bounds_returns_error ... ok
test frame::tests::frame_taint_roundtrip_write_then_read ... ok
test frame::tests::frame_write_slot_out_of_bounds_returns_slot_out_of_bounds ... ok
test frame::tests::frame_write_slot_with_taint_sets_both_value_and_taint ... ok
test frame::tests::parallel_in_flight_overflow_returns_error ... ok
test frame::tests::parallel_in_flight_reinitialize_resets_tracking ... ok
test frame::tests::parallel_in_flight_together_start_join_lifecycle ... ok
test frame::tests::parallel_in_flight_tracks_peak_when_spawning_branches ... ok
test frame::tests::parallel_in_flight_underflow_returns_error ... ok
test frame::tests::parallel_in_flight_updates_max_on_new_peak ... ok
test frame::tests::reinitialize_rejects_dimension_mismatch_without_mutating_frame ... ok
test frame::tests::reinitialize_resets_all_hot_state_for_new_run ... ok
test frame::tests::security_overwrite_initialized_slot_succeeds ... ok
test frame::tests::security_read_slot_distinguishes_uninitialized_from_out_of_bounds ... ok
test frame::tests::security_read_taint_on_uninitialized_slot_returns_slot_uninitialized ... ok
test frame::tests::security_read_taint_out_of_bounds_returns_slot_out_of_bounds ... ok
test frame::tests::security_write_taint_after_slot_cleared_returns_uninitialized ... ok
test frame::tests::security_write_taint_on_initialized_slot_succeeds ... ok
test frame::tests::security_write_taint_on_uninitialized_slot_returns_slot_uninitialized ... ok
test frame::tests::security_write_taint_out_of_bounds_returns_slot_out_of_bounds ... ok
test ids::tests::accessor_idx_as_usize ... ok
test ids::tests::accessor_idx_as_usize_boundary ... ok
test ids::tests::action_id_max_u16_is_valid ... ok
test ids::tests::action_id_zero_is_valid ... ok
test ids::tests::blob_id_max_u64_is_valid ... ok
test ids::tests::branch_count_from_u16 ... ok
test ids::tests::branch_count_max_u16 ... ok
test ids::tests::branch_count_zero_is_valid ... ok
test ids::tests::branch_idx_from_u16 ... ok
test ids::tests::branch_idx_max_value ... ok
test ids::tests::branch_idx_one_is_not_first ... ok
test ids::tests::branch_idx_zero_is_first ... ok
test ids::tests::const_idx_as_usize_boundary ... ok
test ids::tests::const_idx_checked_add_overflow_returns_none ... ok
test ids::tests::const_idx_checked_add_success ... ok
test ids::tests::const_idx_max_u16_is_valid ... ok
test ids::tests::debug_trait_contains_inner_value ... ok
test ids::tests::expr_idx_as_usize ... ok
test ids::tests::expr_idx_as_usize_boundary ... ok
test ids::tests::expr_idx_max_u16_is_valid ... ok
test ids::tests::fanout_limit_as_usize_max_u32 ... ok
test ids::tests::fanout_limit_as_usize_typical_value ... ok
test ids::tests::fanout_limit_as_usize_zero ... ok
test ids::tests::fanout_limit_from_u32 ... ok
test ids::tests::fanout_limit_zero_get ... ok
test ids::tests::from_str_parses_max_u16 ... ok
test ids::tests::from_str_parses_max_u16_for_action_id ... ok
test ids::tests::from_str_parses_max_u32 ... ok
test ids::tests::from_str_parses_max_u64 ... ok
test ids::tests::from_str_parses_zero ... ok
test ids::tests::from_str_rejects_empty_string ... ok
test ids::tests::from_str_rejects_leading_whitespace ... ok
test ids::tests::from_str_rejects_negative ... ok
test ids::tests::from_str_rejects_overflow_for_u16 ... ok
test ids::tests::from_str_rejects_overflow_for_u32 ... ok
test ids::tests::hash_consistency_for_equal_step_idx ... ok
test ids::tests::id_types_copy_trait ... ok
test ids::tests::ids_from_str_invalid ... ok
test ids::tests::ids_from_str_valid ... ok
test ids::tests::list_id_max_u32_is_valid ... ok
test ids::tests::max_attempts_max_u16_is_valid ... ok
test ids::tests::max_attempts_one_is_valid ... ok
test ids::tests::max_attempts_zero_is_rejected ... ok
test ids::tests::object_id_max_u32_is_valid ... ok
test ids::tests::ord_comparison_action_id ... ok
test ids::tests::ord_comparison_expr_idx ... ok
test ids::tests::retry_count_max_u16 ... ok
test ids::tests::retry_count_next_increments ... ok
test ids::tests::retry_count_next_saturates_at_max ... ok
test ids::tests::retry_count_zero_is_valid ... ok
test ids::tests::run_id_get_returns_inner_value ... ok
test ids::tests::run_id_max_u64 ... ok
test ids::tests::run_id_ordering ... ok
test ids::tests::run_id_zero_constant ... ok
test ids::tests::seq_no_checked_add_exact_max ... ok
test ids::tests::seq_no_checked_add_overflow_returns_none ... ok
test ids::tests::seq_no_max_is_u64_max ... ok
test ids::tests::seq_no_min_is_zero ... ok
test ids::tests::seq_no_ordering ... ok
test ids::tests::seq_no_zero_is_valid ... ok
test ids::tests::slot_idx_as_usize_returns_inner_value ... ok
test ids::tests::slot_idx_checked_add_exact_max ... ok
test ids::tests::slot_idx_checked_add_overflow_returns_none ... ok
test ids::tests::slot_idx_max_is_u16_max ... ok
test ids::tests::slot_idx_max_u16_is_valid ... ok
test ids::tests::slot_idx_min_is_zero ... ok
test ids::tests::slot_idx_ordering ... ok
test ids::tests::slot_idx_zero_constant_is_zero ... ok
test ids::tests::slot_idx_zero_is_valid ... ok
test ids::tests::step_idx_as_usize_returns_inner_value ... ok
test ids::tests::step_idx_checked_add_exact_max_saturates ... ok
test ids::tests::step_idx_checked_add_overflow_returns_none ... ok
test ids::tests::step_idx_checked_add_zero_is_identity ... ok
test ids::tests::step_idx_max_is_u16_max ... ok
test ids::tests::step_idx_max_u16_is_valid ... ok
test ids::tests::step_idx_min_is_zero ... ok
test ids::tests::step_idx_ordering ... ok
test ids::tests::step_idx_zero_constant_is_zero ... ok
test ids::tests::step_idx_zero_is_valid ... ok
test ids::tests::symbol_id_max_u32_is_valid ... ok
test ids::tests::symbol_id_zero_is_valid ... ok
test ids::tests::workflow_digest_equality ... ok
test ids::tests::workflow_digest_hash_consistency ... ok
test ids::tests::workflow_digest_inequality ... ok
test ids::tests::workflow_digest_roundtrip ... ok
test ids::tests::workflow_digest_single_byte_difference ... ok
test ids::tests::workflow_digest_zero_array ... ok
test ids::tests::workflow_id_get_returns_inner_value ... ok
test ids::tests::workflow_id_max_u32 ... ok
test ids::tests::workflow_id_ordering ... ok
test ids::tests::workflow_id_zero_is_valid ... ok
test limits::tests::constants_less_than_or_equal_to_slots_per_workflow ... ok
test limits::tests::max_accessors_fits_in_u16 ... ok
test limits::tests::max_accessors_is_nonzero ... ok
test limits::tests::max_blob_bytes_is_reasonable_megabytes ... ok
test limits::tests::max_blob_bytes_per_value_is_nonzero ... ok
test limits::tests::max_bytecode_ops_equals_max_expression_ops ... ok
test limits::tests::max_bytecode_ops_per_expression_is_nonzero ... ok
test limits::tests::max_constants_fits_in_u16 ... ok
test limits::tests::max_constants_is_nonzero ... ok
test limits::tests::max_expression_depth_is_nonzero ... ok
test limits::tests::max_expression_ops_fits_in_u16 ... ok
test limits::tests::max_expression_ops_is_nonzero ... ok
test limits::tests::max_expression_stack_is_nonzero ... ok
test limits::tests::max_expression_stack_usize_matches_u8 ... ok
test limits::tests::max_expressions_fits_in_u16 ... ok
test limits::tests::max_expressions_is_nonzero ... ok
test limits::tests::max_expressions_less_than_max_accessors ... ok
test limits::tests::max_language_nesting_depth_is_nonzero ... ok
test limits::tests::max_list_items_per_value_fits_in_u32 ... ok
test limits::tests::max_list_items_per_value_is_nonzero ... ok
test limits::tests::max_object_fields_per_value_is_nonzero ... ok
test limits::tests::max_path_depth_is_nonzero ... ok
test limits::tests::max_path_depth_less_than_max_expression_depth ... ok
test limits::tests::max_run_name_length_is_nonzero ... ok
test limits::tests::max_run_name_length_under_64k ... ok
test limits::tests::max_slots_is_u16_max ... ok
test limits::tests::max_slots_per_step_fits_in_max_slots_per_workflow ... ok
test limits::tests::max_slots_per_step_is_nonzero ... ok
test limits::tests::max_slots_per_workflow_fits_in_u16 ... ok
test limits::tests::max_slots_per_workflow_is_nonzero ... ok
test limits::tests::max_step_budget_fits_in_u32 ... ok
test limits::tests::max_step_budget_is_nonzero ... ok
test limits::tests::max_steps_per_workflow_fits_in_u16 ... ok
test limits::tests::max_steps_per_workflow_is_nonzero ... ok
test limits::tests::max_symbol_bytes_per_value_is_nonzero ... ok
test limits::tests::max_values_per_run_is_at_least_one_million ... ok
test limits::tests::max_values_per_run_is_nonzero ... ok
test policy::tests::policy_clone_produces_equal_value ... ok
test policy::tests::policy_copy_semantics_preserve_equality ... ok
test policy::tests::policy_debug_output_contains_variant_name ... ok
test policy::tests::policy_journaled_is_not_relaxed ... ok
test policy::tests::policy_strict_is_not_journaled ... ok
test policy::tests::policy_strict_is_not_relaxed ... ok
test policy::tests::policy_variants_are_distinct ... ok
test replay::ops::tests::blackhat_eval_add_max_plus_one_returns_error ... ok
test replay::ops::tests::blackhat_eval_div_min_by_neg_one_returns_error ... ok
test replay::ops::tests::blackhat_eval_mul_boundary_overflow ... ok
test replay::ops::tests::blackhat_eval_sub_min_by_one_returns_error ... ok
test replay::ops::tests::blackhat_expression_stack_overflow_is_safe ... ok
test replay::ops::tests::blackhat_taint_joins_across_expression ... ok
test replay::ops::tests::blackhat_unsupported_op_append_if_returns_error ... ok
test replay::ops::tests::blackhat_unsupported_op_append_returns_error ... ok
test replay::ops::tests::blackhat_unsupported_op_contains_returns_error ... ok
test replay::ops::tests::blackhat_unsupported_op_count_returns_error ... ok
test replay::ops::tests::blackhat_unsupported_op_empty_returns_error ... ok
test replay::ops::tests::blackhat_unsupported_op_ends_with_returns_error ... ok
test replay::ops::tests::blackhat_unsupported_op_exists_returns_error ... ok
test replay::ops::tests::blackhat_unsupported_op_has_returns_error ... ok
test replay::ops::tests::blackhat_unsupported_op_length_returns_error ... ok
test replay::ops::tests::blackhat_unsupported_op_merge_returns_error ... ok
test replay::ops::tests::blackhat_unsupported_op_starts_with_returns_error ... ok
test replay::ops::tests::blackhat_unsupported_op_sum_returns_error ... ok
test replay::ops::tests::blackhat_unsupported_op_unique_returns_error ... ok
test replay::ops::tests::eval_add_overflow_returns_error ... ok
test replay::ops::tests::eval_add_succeeds ... ok
test replay::ops::tests::eval_add_underflow_returns_error ... ok
test replay::ops::tests::eval_and_rejects_non_bool ... ok
test replay::ops::tests::eval_and_true_false ... ok
test replay::ops::tests::eval_and_true_true ... ok
test replay::ops::tests::eval_div_by_zero_returns_error ... ok
test replay::ops::tests::eval_div_negative ... ok
test replay::ops::tests::eval_div_succeeds ... ok
test replay::ops::tests::eval_eq_different_types_returns_false ... ok
test replay::ops::tests::eval_eq_null_null_returns_true ... ok
test replay::ops::tests::eval_eq_same_i64 ... ok
test replay::ops::tests::eval_expr_for_replay_addition ... ok
test replay::ops::tests::eval_expr_for_replay_comparison_chain ... ok
test replay::ops::tests::eval_expr_for_replay_out_of_bounds_expr ... ok
test replay::ops::tests::eval_expr_for_replay_with_uninitialized_slot ... ok
test replay::ops::tests::eval_gt_false_when_equal ... ok
test replay::ops::tests::eval_gt_true ... ok
test replay::ops::tests::eval_gte_false_when_less ... ok
test replay::ops::tests::eval_gte_true_when_equal ... ok
test replay::ops::tests::eval_load_accessor_empty_path_returns_root ... ok
test replay::ops::tests::eval_load_accessor_list_index ... ok
test replay::ops::tests::eval_load_accessor_object_field ... ok
test replay::ops::tests::eval_load_accessor_out_of_bounds_returns_error ... ok
test replay::ops::tests::eval_load_const_bool ... ok
test replay::ops::tests::eval_load_const_i64 ... ok
test replay::ops::tests::eval_load_const_null ... ok
test replay::ops::tests::eval_load_const_out_of_bounds_returns_error ... ok
test replay::ops::tests::eval_load_slot_out_of_bounds_returns_error ... ok
test replay::ops::tests::eval_load_slot_propagates_taint ... ok
test replay::ops::tests::eval_load_slot_succeeds ... ok
test replay::ops::tests::eval_lt_false_when_greater ... ok
test replay::ops::tests::eval_lt_true ... ok
test replay::ops::tests::eval_lte_false_when_greater ... ok
test replay::ops::tests::eval_lte_true_when_equal ... ok
test replay::ops::tests::eval_mul_overflow_returns_error ... ok
test replay::ops::tests::eval_mul_succeeds ... ok
test replay::ops::tests::eval_mul_zero ... ok
test replay::ops::tests::eval_not_eq_true ... ok
test replay::ops::tests::eval_not_false ... ok
test replay::ops::tests::eval_not_rejects_non_bool ... ok
test replay::ops::tests::eval_not_true ... ok
test replay::ops::tests::eval_or_false_false ... ok
test replay::ops::tests::eval_or_false_true ... ok
test replay::ops::tests::eval_or_rejects_non_bool ... ok
test replay::ops::tests::eval_sub_negative_result ... ok
test replay::ops::tests::eval_sub_succeeds ... ok
test replay::ops::tests::eval_sub_underflow_returns_error ... ok
test replay::ops::tests::eval_unsupported_op_returns_error ... ok
test replay::ops::tests::expr_stack_max_capacity_boundary ... ok
test replay::ops::tests::expr_stack_pop_empty_returns_error ... ok
test replay::ops::tests::expr_stack_push_overflow_returns_error ... ok
test replay::ops::tests::expr_stack_push_pop_roundtrip ... ok
test replay::ops::tests::pop_i64_pair_rejects_non_i64_left ... ok
test replay::ops::tests::pop_i64_pair_rejects_non_i64_right ... ok
test replay::ops::tests::pop_i64_pair_succeeds_for_i64_values ... ok
test replay::ops::tests::pop_pair_returns_left_then_right ... ok
test replay::ops::tests::pop_pair_underflow_returns_error ... ok
test replay::step::tests::replay_ask_suspends ... ok
test replay::step::tests::replay_build_list_creates_handle ... ok
test replay::step::tests::replay_build_list_empty_items ... ok
test replay::step::tests::replay_build_list_propagates_taint ... ok
test replay::step::tests::replay_build_list_reports_item_slot_failures ... ok
test replay::step::tests::replay_build_list_uninitialized_item_returns_error ... ok
test replay::step::tests::replay_build_object_creates_handle ... ok
test replay::step::tests::replay_build_object_empty_fields ... ok
test replay::step::tests::replay_build_object_multiple_fields_preserves_order ... ok
test replay::step::tests::replay_build_object_propagates_taint ... ok
test replay::step::tests::replay_build_object_reports_field_slot_failures ... ok
test replay::step::tests::replay_build_object_uninitialized_field_returns_error ... ok
test replay::step::tests::replay_choose_slot_false_falls_to_otherwise ... ok
test replay::step::tests::replay_choose_slot_true_branch_taken ... ok
test replay::step::tests::replay_collect_next_reports_missing_source_list ... ok
test replay::step::tests::replay_copy_clean_source_has_clean_taint ... ok
test replay::step::tests::replay_copy_missing_output_returns_error ... ok
test replay::step::tests::replay_copy_reports_source_slot_failures ... ok
test replay::step::tests::replay_copy_transfers_value_and_taint ... ok
test replay::step::tests::replay_copy_uninitialized_source_returns_error ... ok
test replay::step::tests::replay_do_suspends ... ok
test replay::step::tests::replay_eval_expr_computes_result ... ok
test replay::step::tests::replay_finish_reports_result_slot_failures ... ok
test replay::step::tests::replay_finish_returns_finished_action ... ok
test replay::step::tests::replay_finish_uninitialized_result_returns_error ... ok
test replay::step::tests::replay_jump_advances_pc_to_target ... ok
test replay::step::tests::replay_multi_step_executed_counter ... ok
test replay::step::tests::replay_nop_advances_to_next ... ok
test replay::step::tests::replay_nop_missing_next_returns_error ... ok
test replay::step::tests::replay_set_const_bool ... ok
test replay::step::tests::replay_set_const_missing_output_returns_error ... ok
test replay::step::tests::replay_set_const_null ... ok
test replay::step::tests::replay_set_const_writes_slot ... ok
test replay::step::tests::replay_wait_event_suspends ... ok
test replay::step::tests::replay_wait_until_suspends ... ok
test replay::tests::blackhat_replay_detects_do_node_as_non_deterministic ... ok
test replay::tests::blackhat_replay_forward_jump_completes ... ok
test replay::tests::blackhat_replay_jump_cycle_exhausts_budget ... ok
test replay::tests::blackhat_replay_linear_workflow_within_budget ... ok
test replay::tests::blackhat_replay_taint_matches_engine_after_copy ... ok
test replay::tests::blackhat_replay_taint_propagates_through_expression_chain ... ok
test replay::tests::replay_before_target_stops_when_finish_returns_none ... ok
test replay::tests::replay_build_list_reports_insert_failure ... ok
test replay::tests::replay_build_object_reports_insert_failure ... ok
▮▮▮▮ velvet-ballastics:miri (running for 90s)
test replay::tests::replay_choose_expr_takes_true_branch ... ok
test replay::tests::replay_collect_next_rejects_changed_source_length ... ok
test replay::tests::replay_collect_next_rejects_missing_current_page ... ok
test replay::tests::replay_collect_next_without_hydrated_state_reports_typed_error ... ok
test replay::tests::replay_collect_page_finish_and_empty_next_paths ... ok
test replay::tests::replay_collect_page_rejects_non_list_collector ... ok
test replay::tests::replay_collect_start_empty_source_jumps_done ... ok
test replay::tests::replay_collect_start_page_bound_reports_exact_error ... ok
test replay::tests::replay_collect_start_rejects_missing_source_list ... ok
test replay::tests::replay_collect_start_rejects_non_list_source ... ok
test replay::tests::replay_collect_start_rejects_source_over_limit ... ok
test replay::tests::replay_collect_start_rejects_zero_page_size ... ok
test replay::tests::replay_collect_start_reports_page_insert_failure ... ok
test replay::tests::replay_collect_state_restores_in_flight_ordering_and_taint ... ok
test replay::tests::replay_copy_missing_source_maps_to_slot_not_available ... ok
test replay::tests::replay_engine_reports_exact_typed_suspension_variants ... ok
test replay::tests::replay_error_handler_node_reports_unsupported_replay_kind ... ok
test replay::tests::replay_expression_eval ... ok
test replay::tests::replay_frame_through_executes_target_step ... ok
test replay::tests::replay_invalid_expression_maps_to_expression_eval_failed ... ok
test replay::tests::replay_linear_setconst_finish ... ok
test replay::tests::replay_reconstructs_slots ... ok
test replay::tests::replay_slot_error_conversion_preserves_exact_slot_variants ... ok
test replay::tests::replay_step_not_found ... ok
test replay::tests::replay_stops_at_action ... ok
test replay::tests::replay_stops_at_ask ... ok
test replay::tests::replay_value_writers_report_missing_output_slots ... ok
test replay::tests::suspension_kind_names_are_stable ... ok
test span::tests::located_and_spanned_hold_value_and_span ... ok
test span::tests::located_clone_preserves_equality ... ok
test span::tests::located_new_preserves_value_and_span ... ok
test span::tests::source_map_debug_format ... ok
test span::tests::source_map_equality ... ok
test span::tests::source_map_placeholder_is_constructible ... ok
test span::tests::span_clone_preserves_equality ... ok
test span::tests::span_copy_preserves_equality ... ok
test span::tests::span_debug_format_contains_offsets ... ok
test span::tests::span_default_is_zero ... ok
test span::tests::span_equality_same_offsets ... ok
test span::tests::span_inequality_different_end ... ok
test span::tests::span_inequality_different_start ... ok
test span::tests::span_large_span ... ok
test span::tests::span_new_at_max_offsets ... ok
test span::tests::span_new_with_start_equal_end_is_empty ... ok
test span::tests::span_new_with_start_less_than_end_is_not_empty ... ok
test span::tests::span_preserves_offsets ... ok
test span::tests::span_single_byte_span ... ok
test span::tests::spanned_alias_works_same_as_located ... ok
test span::tests::zero_span_is_empty ... ok
test value::tests::const_value_bool_equality ... ok
test value::tests::const_value_debug_format ... ok
test value::tests::const_value_distinguishes_i64_from_symbol ... ok
test value::tests::const_value_distinguishes_null_from_bool_false ... ok
test value::tests::const_value_i64_equality ... ok
test value::tests::const_value_null_equality ... ok
test value::tests::const_value_symbol_equality ... ok
test value::tests::const_value_to_slot_value_bool_false ... ok
test value::tests::const_value_to_slot_value_i64_max ... ok
test value::tests::const_value_to_slot_value_i64_min ... ok
test value::tests::const_value_to_slot_value_maps_bool_true_correctly ... ok
test value::tests::const_value_to_slot_value_maps_f64_correctly ... ok
test value::tests::const_value_to_slot_value_maps_i64_correctly ... ok
test value::tests::const_value_to_slot_value_maps_null_correctly ... ok
test value::tests::const_value_to_slot_value_maps_symbol_correctly ... ok
test value::tests::const_value_to_slot_value_null_preserves_equality ... ok
test value::tests::const_value_to_slot_value_symbol_max ... ok
test value::tests::const_value_to_slot_value_symbol_zero ... ok
test value::tests::finite_f64_accepts_f64_max ... ok
test value::tests::finite_f64_accepts_f64_min ... ok
test value::tests::finite_f64_accepts_largest_subnormal ... ok
test value::tests::finite_f64_accepts_max_finite ... ok
test value::tests::finite_f64_accepts_min_positive_normal ... ok
test value::tests::finite_f64_accepts_negative_one ... ok
test value::tests::finite_f64_accepts_smallest_negative_subnormal ... ok
test value::tests::finite_f64_accepts_smallest_positive_subnormal ... ok
test value::tests::finite_f64_accepts_zero ... ok
test value::tests::finite_f64_display_matches_inner ... ok
test value::tests::finite_f64_get_returns_inner_value ... ok
test value::tests::finite_f64_negative_zero_is_accepted_and_preserves_sign_bit ... ok
test value::tests::finite_f64_positive_zero_is_accepted ... ok
test value::tests::finite_f64_rejects_canonical_nan_quiet ... ok
test value::tests::finite_f64_rejects_nan_payload_variants ... ok
test value::tests::finite_f64_rejects_nan_returns_non_finite_number ... ok
test value::tests::finite_f64_rejects_negative_infinity ... ok
test value::tests::finite_f64_rejects_negative_infinity_returns_non_finite_number ... ok
test value::tests::finite_f64_rejects_negative_signaling_nan ... ok
test value::tests::finite_f64_rejects_positive_infinity ... ok
test value::tests::finite_f64_rejects_positive_infinity_returns_non_finite_number ... ok
test value::tests::finite_f64_rejects_signaling_nan ... ok
test value::tests::slot_value_all_variants_distinct_type_names ... ok
test value::tests::slot_value_blob_display ... ok
test value::tests::slot_value_blob_max_u64_is_valid ... ok
test value::tests::slot_value_bool_debug_format ... ok
test value::tests::slot_value_bool_display_false ... ok
test value::tests::slot_value_bool_display_true ... ok
test value::tests::slot_value_bool_equality ... ok
test value::tests::slot_value_bool_false_is_not_true ... ok
test value::tests::slot_value_clone_preserves_equality ... ok
test value::tests::slot_value_copy_preserves_equality ... ok
test value::tests::slot_value_equality_distinguishes_i64_zero_from_f64_zero ... ok
test value::tests::slot_value_equality_distinguishes_null_from_bool_false ... ok
test value::tests::slot_value_equality_distinguishes_symbol_from_list ... ok
test value::tests::slot_value_equality_is_reflexive_for_null ... ok
test value::tests::slot_value_f64_with_negative_zero_is_valid ... ok
test value::tests::slot_value_f64_with_positive_zero ... ok
test value::tests::slot_value_i64_debug_format ... ok
test value::tests::slot_value_i64_display ... ok
test value::tests::slot_value_i64_equality_same ... ok
test value::tests::slot_value_i64_inequality_different ... ok
test value::tests::slot_value_i64_max_roundtrips ... ok
test value::tests::slot_value_i64_min_roundtrips ... ok
test value::tests::slot_value_i64_negative_display ... ok
test value::tests::slot_value_i64_negative_one_roundtrips ... ok
test value::tests::slot_value_i64_zero_roundtrips ... ok
test value::tests::slot_value_is_true_only_for_bool_true ... ok
test value::tests::slot_value_is_true_returns_false_for_bool_false ... ok
test value::tests::slot_value_is_true_returns_false_for_null ... ok
test value::tests::slot_value_list_display ... ok
test value::tests::slot_value_list_max_u32_is_valid ... ok
test value::tests::slot_value_null_debug_format ... ok
test value::tests::slot_value_null_display_is_null ... ok
test value::tests::slot_value_null_is_not_true ... ok
test value::tests::slot_value_object_display ... ok
test value::tests::slot_value_object_max_u32_is_valid ... ok
test value::tests::slot_value_symbol_display ... ok
test value::tests::slot_value_symbol_max_u32_is_valid ... ok
test value::tests::slot_value_symbol_zero_is_valid ... ok
test value::tests::slot_value_type_name_returns_correct_names ... ok
test value::tests::taint_clean_is_zero_discriminant ... ok
test value::tests::taint_copy_semantics_preserve_equality ... ok
test value::tests::taint_debug_format_variants ... ok
test value::tests::taint_derived_from_secret_is_one_discriminant ... ok
test value::tests::taint_equality_reflexive ... ok
test value::tests::taint_inequality ... ok
test value::tests::taint_lattice_clean_is_bottom_element ... ok
test value::tests::taint_lattice_join_is_associative ... ok
test value::tests::taint_lattice_join_is_commutative ... ok
test value::tests::taint_lattice_secret_is_top_element ... ok
test value::tests::taint_postcard_roundtrips_all_variants ... ok
test value::tests::taint_secret_is_two_discriminant ... ok
test value::tests::taint_variants_are_distinct ... ok
test value_store::tests::arena_accessors_report_handle_bounds ... ok
test value_store::tests::insert_blob_rejects_payload_over_hard_bound ... ok
test value_store::tests::insert_list_rejects_payload_over_hard_bound ... ok
test value_store::tests::insert_object_rejects_payload_over_hard_bound ... ok
test value_store::tests::insert_symbol_rejects_payload_over_hard_bound ... ok
test value_store::tests::list_item_and_object_field_accessors_are_checked ... ok
test value_store::tests::security_arena_cap_prevents_id_allocation_on_full ... ok
test value_store::tests::security_arena_overflow_preserves_existing_entries ... ok
test value_store::tests::security_empty_list_has_consistent_taint_array ... ok
test value_store::tests::security_forged_blob_id_max_u64_returns_error_not_panic ... ok
test value_store::tests::security_forged_id_one_past_last_insert_returns_error ... ok
test value_store::tests::security_forged_list_id_max_u32_returns_error_not_panic ... ok
test value_store::tests::security_forged_object_id_max_u32_returns_error_not_panic ... ok
test value_store::tests::security_forged_symbol_id_max_u32_returns_error_not_panic ... ok
test value_store::tests::security_insert_list_with_taint_mismatch_does_not_mutate ... ok
test value_store::tests::security_list_item_on_forged_list_id_returns_list_out_of_bounds ... ok
test value_store::tests::security_list_taints_are_per_list_not_global ... ok
test value_store::tests::security_object_duplicate_key_first_wins_for_taint ... ok
test value_store::tests::security_object_field_index_and_objects_vec_stay_synchronized ... ok
test value_store::tests::security_object_field_on_forged_object_id_returns_object_out_of_bounds ... ok
test value_store::tests::security_symbol_id_zero_does_not_leak_list_data ... ok
test value_store::tests::security_total_arena_count_uses_saturating_add ... ok
test value_store::tests::security_with_max_slots_u16_max_allows_inserts ... ok
test value_store::tests::security_write_slot_with_taint_maintains_same_length_arrays ... ok
test value_store::tests::symbol_and_blob_accessors_return_payloads ... ok
test value_store::tests::value_store_blob_at_exact_max_bytes_is_accepted ... ok
test value_store::tests::value_store_blob_handle_high_id_rejected ... ok
test value_store::tests::value_store_blob_id_that_was_never_inserted_returns_out_of_bounds ... ok
test value_store::tests::value_store_blob_one_byte_over_limit_is_rejected ... ok
test value_store::tests::value_store_clone_is_equal ... ok
test value_store::tests::value_store_counts_track_insertions ... ok
test value_store::tests::value_store_default_equals_new ... ok
test value_store::tests::value_store_default_is_same_as_new ... ok
test value_store::tests::value_store_empty_store_rejects_blob_id_zero ... ok
test value_store::tests::value_store_empty_store_rejects_list_id_zero ... ok
test value_store::tests::value_store_empty_store_rejects_object_id_zero ... ok
test value_store::tests::value_store_empty_store_rejects_symbol_id_zero ... ok
test value_store::tests::value_store_exact_max_list_accesses_edges_without_unchecked_indexing ... ok
test value_store::tests::value_store_exact_max_object_preserves_duplicate_first_wins_index ... ignored, max-size object fixture is too slow under Miri
test value_store::tests::value_store_insert_blob_empty_is_valid ... ok
test value_store::tests::value_store_insert_list_empty_is_valid ... ok
test value_store::tests::value_store_insert_object_empty_is_valid ... ok
test value_store::tests::value_store_insert_symbol_empty_string_is_valid ... ok
▮▮▮▮ velvet-ballastics:miri (running for 120s)
test value_store::tests::value_store_list_at_exact_max_length_is_accepted ... ok
test value_store::tests::value_store_list_handle_high_id_rejected ... ok
test value_store::tests::value_store_list_index_at_exact_length_is_rejected ... ok
test value_store::tests::value_store_list_item_index_zero_on_empty_list_fails ... ok
test value_store::tests::value_store_list_item_max_u32_index_rejected ... ok
test value_store::tests::value_store_list_with_mixed_slot_value_types ... ok
test value_store::tests::value_store_new_has_no_cap_and_allows_unlimited_inserts ... ok
test value_store::tests::value_store_object_at_exact_max_fields_is_accepted ... ignored, max-size object fixture is too slow under Miri
test value_store::tests::value_store_object_field_linear_scan_respects_insertion_order ... ok
test value_store::tests::value_store_object_field_missing_key_returns_not_found ... ok
test value_store::tests::value_store_object_field_on_wrong_object_returns_not_found ... ok
test value_store::tests::value_store_object_field_returns_first_duplicate_key ... ok
test value_store::tests::value_store_object_handle_high_id_rejected ... ok
test value_store::tests::value_store_rejected_blob_over_max_does_not_mutate_arena ... ok
test value_store::tests::value_store_rejected_list_over_max_does_not_mutate_arena ... ok
test value_store::tests::value_store_rejected_object_over_max_does_not_mutate_arena ... ok
test value_store::tests::value_store_rejected_symbol_over_max_does_not_mutate_arena ... ok
test value_store::tests::value_store_sequential_ids_are_monotonic ... ok
test value_store::tests::value_store_symbol_at_exact_max_length_is_accepted ... ok
test value_store::tests::value_store_symbol_handle_high_id_rejected ... ok
test value_store::tests::value_store_with_max_slots_allows_inserts_up_to_cap ... ok
test value_store::tests::value_store_with_max_slots_one_rejects_second_insert ... ok
test workflow::tests::tests::accessor_program_empty_path_constructs ... ok
test workflow::tests::tests::accessor_program_field_path_constructs ... ok
test workflow::tests::tests::accessor_program_index_path_constructs ... ok
test workflow::tests::tests::accessor_program_mixed_path_constructs ... ok
test workflow::tests::tests::check_expr_stack_bound_rejects_zero_capacity ... ok
test workflow::tests::tests::check_expr_stack_bound_single_load_returns_one ... ok
test workflow::tests::tests::compiled_node_constructs_with_all_fields ... ok
test workflow::tests::tests::compiled_node_kind_ask_constructs ... ok
test workflow::tests::tests::compiled_node_kind_ask_resume_constructs ... ok
test workflow::tests::tests::compiled_node_kind_build_list_constructs ... ok
test workflow::tests::tests::compiled_node_kind_build_object_constructs ... ok
test workflow::tests::tests::compiled_node_kind_choose_constructs ... ok
test workflow::tests::tests::compiled_node_kind_choose_slot_constructs ... ok
test workflow::tests::tests::compiled_node_kind_collect_finish_constructs ... ok
test workflow::tests::tests::compiled_node_kind_collect_next_constructs ... ok
test workflow::tests::tests::compiled_node_kind_collect_page_constructs ... ok
test workflow::tests::tests::compiled_node_kind_collect_start_constructs ... ok
test workflow::tests::tests::compiled_node_kind_copy_constructs ... ok
test workflow::tests::tests::compiled_node_kind_copy_field_access ... ok
test workflow::tests::tests::compiled_node_kind_do_constructs ... ok
test workflow::tests::tests::compiled_node_kind_do_field_access ... ok
test workflow::tests::tests::compiled_node_kind_error_handler_constructs ... ok
test workflow::tests::tests::compiled_node_kind_eval_expr_constructs ... ok
test workflow::tests::tests::compiled_node_kind_finish_constructs ... ok
test workflow::tests::tests::compiled_node_kind_finish_equality_and_debug ... ok
test workflow::tests::tests::compiled_node_kind_for_each_join_constructs ... ok
test workflow::tests::tests::compiled_node_kind_for_each_next_constructs ... ok
test workflow::tests::tests::compiled_node_kind_for_each_start_constructs ... ok
test workflow::tests::tests::compiled_node_kind_jump_and_eval_expr_field_access ... ok
test workflow::tests::tests::compiled_node_kind_jump_constructs ... ok
test workflow::tests::tests::compiled_node_kind_nop_constructs ... ok
test workflow::tests::tests::compiled_node_kind_reduce_finish_constructs ... ok
test workflow::tests::tests::compiled_node_kind_reduce_next_constructs ... ok
test workflow::tests::tests::compiled_node_kind_reduce_start_constructs ... ok
test workflow::tests::tests::compiled_node_kind_repeat_attempt_constructs ... ok
test workflow::tests::tests::compiled_node_kind_repeat_check_constructs ... ok
test workflow::tests::tests::compiled_node_kind_repeat_finish_constructs ... ok
test workflow::tests::tests::compiled_node_kind_repeat_start_constructs ... ok
test workflow::tests::tests::compiled_node_kind_retry_check_constructs ... ok
test workflow::tests::tests::compiled_node_kind_set_const_constructs ... ok
test workflow::tests::tests::compiled_node_kind_set_const_field_access ... ok
test workflow::tests::tests::compiled_node_kind_together_branch_constructs ... ok
test workflow::tests::tests::compiled_node_kind_together_join_constructs ... ok
test workflow::tests::tests::compiled_node_kind_together_start_constructs ... ok
test workflow::tests::tests::compiled_node_kind_variant_inequality ... ok
test workflow::tests::tests::compiled_node_kind_wait_event_constructs ... ok
test workflow::tests::tests::compiled_node_kind_wait_event_without_timeout_constructs ... ok
test workflow::tests::tests::compiled_node_kind_wait_until_constructs ... ok
test workflow::tests::tests::compiled_node_nop_construction_equality_and_debug ... ok
test workflow::tests::tests::compiled_node_optional_fields_can_be_none ... ok
test workflow::tests::tests::compiled_workflow_accessor_returns_none_for_out_of_bounds ... ok
test workflow::tests::tests::compiled_workflow_constant_returns_none_for_out_of_bounds ... ok
test workflow::tests::tests::compiled_workflow_constant_returns_some_for_valid_index ... ok
test workflow::tests::tests::compiled_workflow_digest_returns_correct_value ... ok
test workflow::tests::tests::compiled_workflow_entry_returns_entry_step ... ok
test workflow::tests::tests::compiled_workflow_expression_returns_none_for_out_of_bounds ... ok
test workflow::tests::tests::compiled_workflow_expression_returns_some_for_valid_expression ... ok
test workflow::tests::tests::compiled_workflow_name_returns_name ... ok
test workflow::tests::tests::compiled_workflow_node_count_returns_correct_count ... ok
test workflow::tests::tests::compiled_workflow_node_returns_none_for_out_of_bounds ... ok
test workflow::tests::tests::compiled_workflow_node_returns_some_for_valid_index ... ok
test workflow::tests::tests::compiled_workflow_slot_count_returns_correct_value ... ok
test workflow::tests::tests::compiled_workflow_to_parts_roundtrip_preserves_fields ... ok
test workflow::tests::tests::expr_branch_constructs_and_fields_match ... ok
test workflow::tests::tests::expr_branch_max_values ... ok
test workflow::tests::tests::expr_branch_zero_offset_construction_and_equality ... ok
test workflow::tests::tests::expr_op_arithmetic_variants_are_distinct ... ok
test workflow::tests::tests::expr_op_arithmetic_variants_pairwise_distinct ... ok
test workflow::tests::tests::expr_op_boolean_and_helper_variants_equality ... ok
test workflow::tests::tests::expr_op_boolean_variants_are_distinct ... ok
test workflow::tests::tests::expr_op_collection_helpers_are_distinct ... ok
test workflow::tests::tests::expr_op_comparison_variants_are_distinct ... ok
test workflow::tests::tests::expr_op_comparison_variants_pairwise_distinct ... ok
test workflow::tests::tests::expr_op_load_accessor_constructs ... ok
test workflow::tests::tests::expr_op_load_const_constructs ... ok
test workflow::tests::tests::expr_op_load_slot_constructs ... ok
test workflow::tests::tests::expr_op_load_variants_with_max_indices ... ok
test workflow::tests::tests::expr_op_string_helpers_are_distinct ... ok
test workflow::tests::tests::expr_op_unary_helpers_are_distinct ... ok
test workflow::tests::tests::expr_program_construction_and_field_access ... ok
test workflow::tests::tests::expr_program_empty_ops_rejected ... ok
test workflow::tests::tests::expr_program_eq_reduces_stack ... ok
test workflow::tests::tests::expr_program_not_preserves_stack ... ok
test workflow::tests::tests::expr_program_rejects_binary_underflow ... ok
test workflow::tests::tests::expr_program_rejects_capacity_overflow ... ok
test workflow::tests::tests::expr_program_rejects_extra_final_value ... ok
test workflow::tests::tests::expr_program_rejects_op_limit ... ok
test workflow::tests::tests::expr_program_rejects_stale_max_stack_metadata ... ok
test workflow::tests::tests::expr_program_single_load_accessor_succeeds ... ok
test workflow::tests::tests::expr_program_single_load_const_succeeds ... ok
test workflow::tests::tests::expr_program_single_load_slot_succeeds ... ok
test workflow::tests::tests::expr_program_try_from_parts_matches_computed_stack ... ok
test workflow::tests::tests::expr_program_try_from_parts_rejects_empty_ops ... ok
test workflow::tests::tests::path_segment_field_and_index_are_distinct ... ok
test workflow::tests::tests::path_segment_field_equality ... ok
test workflow::tests::tests::path_segment_index_equality ... ok
test workflow::tests::tests::phase46_accepts_accessor_empty_path ... ok
test workflow::tests::tests::phase46_accepts_accessor_field ... ok
test workflow::tests::tests::phase46_accepts_accessor_field_symbol_at_boundary ... ok
test workflow::tests::tests::phase46_accepts_accessor_index ... ok
test workflow::tests::tests::phase46_accepts_accessor_mixed_path ... ok
test workflow::tests::tests::phase46_accepts_accessor_path_at_max_depth ... ok
test workflow::tests::tests::phase46_accepts_build_object_symbols_within_range ... ok
test workflow::tests::tests::phase46_accepts_constant_symbol_at_boundary ... ok
test workflow::tests::tests::phase46_accepts_foreach_forward ... ok
test workflow::tests::tests::phase46_accepts_jump_backward ... ok
test workflow::tests::tests::phase46_accepts_proper_nesting ... ok
test workflow::tests::tests::phase46_accepts_reachable_chain ... ok
test workflow::tests::tests::phase46_rejects_accessor_field_symbol_out_of_bounds ... ok
test workflow::tests::tests::phase46_rejects_accessor_field_symbol_zero_when_no_symbols ... ok
test workflow::tests::tests::phase46_rejects_accessor_index_u32_max ... ok
test workflow::tests::tests::phase46_rejects_accessor_path_too_deep ... ok
test workflow::tests::tests::phase46_rejects_accessor_root_slot_out_of_bounds ... ok
test workflow::tests::tests::phase46_rejects_backward_next ... ok
test workflow::tests::tests::phase46_rejects_build_object_symbol_out_of_bounds ... ok
test workflow::tests::tests::phase46_rejects_constant_symbol_out_of_bounds ... ok
test workflow::tests::tests::phase46_rejects_constant_symbol_when_zero_symbols ... ok
test workflow::tests::tests::phase46_rejects_cycle_via_backward_next_edge ... ok
test workflow::tests::tests::phase46_rejects_duplicate_step_idx_via_node_id_mismatch ... ok
test workflow::tests::tests::phase46_rejects_improper_nesting ... ok
test workflow::tests::tests::phase46_rejects_mixed_path_with_bad_symbol ... ok
test workflow::tests::tests::phase46_rejects_second_constant_symbol_out_of_bounds ... ok
test workflow::tests::tests::phase46_rejects_slot_idx_out_of_bounds_in_build_list ... ok
test workflow::tests::tests::phase46_rejects_slot_idx_out_of_bounds_in_finish ... ok
test workflow::tests::tests::phase46_rejects_slot_idx_out_of_bounds_in_output ... ok
test workflow::tests::tests::phase46_rejects_unreachable_node ... ok
test workflow::tests::tests::phase46_rejects_unreachable_node_from_entry ... ok
test workflow::tests::tests::phase46_symbols_count_roundtrip ... ok
test workflow::tests::tests::slot_branch_constructs_and_fields_match ... ok
test workflow::tests::tests::slot_branch_zero_and_max_values ... ok
test workflow::tests::tests::validate_budget_maps_every_budget_error_variant_to_exact_detail ... ok
test workflow::tests::tests::workflow_budget_validation_reports_fanout_detail ... ok
test workflow::tests::tests::workflow_budget_validation_reports_nesting_depth_detail ... ok
test workflow::tests::tests::workflow_budget_validation_reports_result_bytes_detail ... ok
test workflow::tests::tests::workflow_budget_validation_reports_total_steps_detail ... ok
test workflow::tests::tests::workflow_build_list_slot_out_of_bounds_returns_slot_out_of_bounds ... ok
test workflow::tests::tests::workflow_copy_out_of_bounds_source_slot_returns_slot_out_of_bounds ... ok
test workflow::tests::tests::workflow_empty_nodes_rejected_with_empty_nodes_error ... ok
test workflow::tests::tests::workflow_entry_step_at_node_count_rejected_with_entry_out_of_bounds ... ok
test workflow::tests::tests::workflow_error_budget_policy_exceeded_display ... ok
test workflow::tests::tests::workflow_error_const_out_of_bounds_exact_variant ... ok
test workflow::tests::tests::workflow_error_empty_branch_table_display ... ok
test workflow::tests::tests::workflow_error_empty_branch_table_exact_variant ... ok
test workflow::tests::tests::workflow_error_empty_nodes_display ... ok
test workflow::tests::tests::workflow_error_empty_nodes_exact_variant ... ok
test workflow::tests::tests::workflow_error_entry_out_of_bounds_exact_variant ... ok
test workflow::tests::tests::workflow_error_expression_wrapped_core_error_exact_variant ... ok
test workflow::tests::tests::workflow_error_jump_cycle_exact_variant_fields ... ok
test workflow::tests::tests::workflow_error_node_id_mismatch_exact_variant ... ok
test workflow::tests::tests::workflow_error_slot_out_of_bounds_exact_variant ... ok
test workflow::tests::tests::workflow_error_step_count_overflow_exact_variant_fields ... ok
test workflow::tests::tests::workflow_error_step_out_of_bounds_exact_variant ... ok
test workflow::tests::tests::workflow_eval_expr_out_of_bounds_returns_expression_wrapped_error ... ok
test workflow::tests::tests::workflow_finish_result_slot_out_of_bounds_returns_slot_out_of_bounds ... ok
test workflow::tests::tests::workflow_jump_target_out_of_bounds_returns_step_out_of_bounds ... ok
test workflow::tests::tests::workflow_node_output_slot_out_of_bounds_returns_slot_out_of_bounds ... ok
test workflow::tests::tests::workflow_nop_next_step_out_of_bounds_returns_step_out_of_bounds ... ok
▮▮▮▮ velvet-ballastics:miri (running for 150s)
test workflow::tests::tests::workflow_parts_accept_build_list_at_exact_item_limit ... ok
test workflow::tests::tests::workflow_parts_accept_build_object_at_exact_field_limit ... ok
test workflow::tests::tests::workflow_parts_accept_choose_expr_branch_table_with_otherwise ... ok
test workflow::tests::tests::workflow_parts_accept_choose_slot_branch_table_with_otherwise ... ok
test workflow::tests::tests::workflow_parts_accept_resource_contract_at_exact_usage_bounds ... ok
test workflow::tests::tests::workflow_parts_preserve_build_object_duplicate_field_order ... ok
test workflow::tests::tests::workflow_parts_reject_accessors_hard_limit_exceeding_contract ... ok
test workflow::tests::tests::workflow_parts_reject_build_list_item_slot_out_of_bounds ... ok
▮▮▮▮ velvet-ballastics:miri (running for 180s)
test workflow::tests::tests::workflow_parts_reject_build_list_over_item_limit ... ok
test workflow::tests::tests::workflow_parts_reject_build_object_field_slot_out_of_bounds ... ok
test workflow::tests::tests::workflow_parts_reject_build_object_over_field_limit ... ok
test workflow::tests::tests::workflow_parts_reject_choose_expr_branch_target_out_of_bounds ... ok
test workflow::tests::tests::workflow_parts_reject_choose_expr_condition_out_of_bounds ... ok
test workflow::tests::tests::workflow_parts_reject_choose_expr_otherwise_out_of_bounds ... ok
test workflow::tests::tests::workflow_parts_reject_choose_slot_branch_target_out_of_bounds ... ok
test workflow::tests::tests::workflow_parts_reject_choose_slot_condition_out_of_bounds ... ok
test workflow::tests::tests::workflow_parts_reject_choose_slot_otherwise_out_of_bounds ... ok
test workflow::tests::tests::workflow_parts_reject_constants_exceeding_resource_contract ... ok
test workflow::tests::tests::workflow_parts_reject_empty_branch_table_without_otherwise ... ok
test workflow::tests::tests::workflow_parts_reject_expression_stack_exceeding_resource_contract ... ok
test workflow::tests::tests::workflow_parts_reject_expression_stack_hard_limit_exceeding_contract ... ok
test workflow::tests::tests::workflow_parts_reject_expressions_exceeding_resource_contract ... ok
test workflow::tests::tests::workflow_parts_reject_hard_limit_exceeding_contract ... ok
test workflow::tests::tests::workflow_parts_reject_node_id_mismatch ... ok
test workflow::tests::tests::workflow_parts_reject_nodes_exceeding_resource_contract ... ok
test workflow::tests::tests::workflow_parts_reject_slot_count_exceeding_resource_contract ... ok
test workflow::tests::tests::workflow_repeat_start_zero_max_attempts_returns_resource_exceeded ... ok
test workflow::tests::tests::workflow_second_node_id_mismatch_returns_node_id_mismatch ... ok
test workflow::tests::tests::workflow_set_const_out_of_bounds_constant_returns_const_out_of_bounds ... ok
test workflow::tests::tests::workflow_together_join_zero_branch_count_returns_resource_exceeded ... ok
test workflow::tests::tests::workflow_together_start_branch_out_of_bounds_returns_step_out_of_bounds ... ok
test workflow::tests::tests::workflow_together_start_join_out_of_bounds_returns_step_out_of_bounds ... ok
test workflow::tests::tests::workflow_zero_max_steps_with_one_node_returns_resource_contract_exceeded ... ok

test result: ok. 1301 passed; 0 failed; 2 ignored; 0 measured; 20 filtered out; finished in 355.70s

     Running unittests src/lib.rs (target/miri/x86_64-unknown-linux-gnu/debug/deps/vb_expr-905b73733ea34d55)

running 278 tests
test bytecode::tests::adversarial::blackhat_bc_001_fold_rejects_overflow_add ... ok
test bytecode::tests::adversarial::blackhat_bc_002_fold_rejects_overflow_mul ... ok
test bytecode::tests::adversarial::blackhat_bc_003_fold_rejects_div_by_zero ... ok
test bytecode::tests::adversarial::blackhat_bc_004_fold_accepts_valid_div ... ok
test bytecode::tests::adversarial::blackhat_bc_005_fold_rejects_neg_i64_min ... ok
test bytecode::tests::adversarial::blackhat_bc_006_constant_pool_overflow ... ok
test bytecode::tests::adversarial::blackhat_bc_007_stack_bound_rejects_empty ... ok
test bytecode::tests::adversarial::blackhat_bc_008_unresolved_reference ... ok
test bytecode::tests::adversarial::blackhat_bc_009_text_literal_rejected ... ok
test bytecode::tests::adversarial::blackhat_ev_001_i64_min_div_neg_one_is_overflow ... ok
test bytecode::tests::adversarial::blackhat_ev_001b_program_i64_min_div_neg_one ... ok
test bytecode::tests::adversarial::blackhat_ev_002_add_overflow_boundary ... ok
test bytecode::tests::adversarial::blackhat_ev_003_sub_overflow_boundary ... ok
test bytecode::tests::adversarial::blackhat_ev_004_mul_overflow_boundary ... ok
test bytecode::tests::adversarial::blackhat_ev_005_neg_overflow_i64_min ... ok
test bytecode::tests::adversarial::blackhat_ev_006_div_by_zero_returns_division_by_zero ... ok
test bytecode::tests::adversarial::blackhat_ev_007_type_confusion_rejected ... ok
test bytecode::tests::adversarial::blackhat_ev_008_stack_underflow_no_panic ... ok
test bytecode::tests::adversarial::blackhat_ev_009_oob_access_no_panic ... ok
test bytecode::tests::adversarial::blackhat_ev_010_division_truncation ... ok
test bytecode::tests::adversarial::blackhat_ev_011_e2e_overflow_nested ... ok
test bytecode::tests::adversarial::blackhat_ev_012_e2e_large_value_no_wrap ... ok
test bytecode::tests::adversarial::blackhat_ev_013_cross_type_equality_no_panic ... ok
test bytecode::tests::adversarial::blackhat_ev_014_neg_zero_no_overflow ... ok
test bytecode::tests::adversarial::check_expr_stack_bound_rejects_empty_ops ... ok
test bytecode::tests::adversarial::compile_expr_returns_invalid_reference_for_unknown_ref ... ok
test bytecode::tests::adversarial::compile_expr_to_bytecode_produces_correct_negation_ops ... ok
test bytecode::tests::adversarial::compile_expr_with_resolver_rejects_text_literal ... ok
test bytecode::tests::adversarial::const_fold_expr_folds_arithmetic ... ok
test bytecode::tests::adversarial::const_fold_expr_folds_boundary_subtraction_to_i64_min ... ok
test bytecode::tests::adversarial::const_fold_expr_folds_valid_division ... ok
test bytecode::tests::adversarial::const_fold_expr_rejects_division_by_zero ... ok
test bytecode::tests::adversarial::const_fold_expr_rejects_i64_max_overflow_addition ... ok
test bytecode::tests::adversarial::const_fold_expr_rejects_i64_max_overflow_multiplication ... ok
test bytecode::tests::adversarial::const_fold_expr_rejects_negation_of_negated_max ... ok
test bytecode::tests::adversarial::push_constant_returns_overflow_on_max_constants ... ok
test bytecode::tests::check_expr_stack_bound_returns_ok_within_limit ... ok
test bytecode::tests::compile_expr_to_bytecode_produces_non_empty_bytecode ... ok
test bytecode::tests::compile_expr_to_bytecode_roundtrips_with_eval ... ok
test bytecode::tests::compile_expr_with_pool_uses_constant_pool ... ok
test bytecode::tests::compile_expr_with_resolver_resolves_variables ... ok
test bytecode::tests::compiles_all_arithmetic_ops ... ok
test bytecode::tests::compiles_all_comparison_ops ... ok
test bytecode::tests::compiles_all_helpers ... ok
test bytecode::tests::compiles_binary_addition ... ok
test bytecode::tests::compiles_helper_call ... ok
test bytecode::tests::compiles_not_negation ... ok
test bytecode::tests::constant_folds_addition ... ok
test bytecode::tests::constant_folds_boolean_logic ... ok
test bytecode::tests::does_not_fold_references ... ok
test bytecode::tests::rejects_text_literals_explicitly ... ok
test bytecode::tests::resolver_drives_reference_lowering ... ok
test bytecode::tests::unresolved_reference_is_typed_error ... ok
test eval::tests::tests::edge_boolean_equality_and_inequality ... ok
test eval::tests::tests::edge_comparison_boundary_on_equal_values ... ok
test eval::tests::tests::edge_comparison_lower_precedence_than_arithmetic ... ok
test eval::tests::tests::edge_f64_rejected_by_comparison ... ok
test eval::tests::tests::edge_f64_rejected_by_integer_addition ... ok
test eval::tests::tests::edge_left_associative_subtraction_e2e ... ok
test eval::tests::tests::edge_logical_and_or_all_combinations ... ok
test eval::tests::tests::edge_negation_of_negative_returns_positive ... ok
test eval::tests::tests::edge_negative_division_e2e ... ok
test eval::tests::tests::edge_not_binds_tighter_than_or ... ok
test eval::tests::tests::edge_parenthesized_groups_override_precedence ... ok
test eval::tests::tests::edge_whitespace_only_rejected_by_parser ... ok
test eval::tests::tests::end_to_end_lex_parse_compile_eval ... ok
test eval::tests::tests::eval_binary_op_adds_two_numbers ... ok
test eval::tests::tests::eval_binary_op_compares_equality ... ok
test eval::tests::tests::eval_binary_op_compares_less_than ... ok
test eval::tests::tests::eval_binary_op_div_by_zero_still_returns_division_by_zero ... ok
test eval::tests::tests::eval_binary_op_divides_two_numbers ... ok
test eval::tests::tests::eval_binary_op_i64_max_plus_one_is_error ... ok
test eval::tests::tests::eval_binary_op_i64_max_times_two_is_error ... ok
test eval::tests::tests::eval_binary_op_i64_min_div_neg_one_is_integer_overflow_not_division_by_zero ... ok
test eval::tests::tests::eval_binary_op_i64_min_minus_one_is_error ... ok
test eval::tests::tests::eval_binary_op_multiplies_two_numbers ... ok
test eval::tests::tests::eval_binary_op_negation_of_i64_min_is_error ... ok
test eval::tests::tests::eval_binary_op_rejects_bool_in_multiplication ... ok
test eval::tests::tests::eval_binary_op_rejects_null_in_addition ... ok
test eval::tests::tests::eval_binary_op_rejects_null_in_or ... ok
test eval::tests::tests::eval_binary_op_rejects_number_in_and ... ok
test eval::tests::tests::eval_binary_op_returns_division_by_zero ... ok
test eval::tests::tests::eval_binary_op_returns_type_mismatch_for_string_in_arithmetic ... ok
test eval::tests::tests::eval_binary_op_subtracts_two_numbers ... ok
test eval::tests::tests::eval_expr_program_boolean_and_type_mismatch ... ok
test eval::tests::tests::eval_expr_program_chained_not_true ... ok
test eval::tests::tests::eval_expr_program_double_negation ... ok
test eval::tests::tests::eval_expr_program_end_to_end_division_by_zero ... ok
test eval::tests::tests::eval_expr_program_end_to_end_overflow ... ok
test eval::tests::tests::eval_expr_program_equality_null_vs_null ... ok
test eval::tests::tests::eval_expr_program_evaluates_simple_expression ... ok
test eval::tests::tests::eval_expr_program_i64_min_div_neg_one_is_integer_overflow ... ok
test eval::tests::tests::eval_expr_program_inequality_null_vs_i64 ... ok
test eval::tests::tests::eval_expr_program_returns_stack_overflow_for_deep_nesting ... ok
test eval::tests::tests::eval_expr_program_returns_stack_underflow_for_empty_stack_op ... ok
test eval::tests::tests::eval_expr_program_with_store_empty_list_returns_true ... ok
test eval::tests::tests::eval_expr_program_with_store_length_returns_correct_count ... ok
test eval::tests::tests::eval_expr_program_with_store_sum_computes_total ... ok
test eval::tests::tests::eval_expr_program_with_store_unique_deduplicates ... ok
test eval::tests::tests::eval_helper_append_returns_type_mismatch_for_i64_args ... ok
test eval::tests::tests::eval_helper_applies_known_helper_exists ... ok
test eval::tests::tests::eval_helper_contains_returns_type_mismatch_for_i64_args ... ok
test eval::tests::tests::eval_helper_empty_returns_true_for_null ... ok
test eval::tests::tests::eval_helper_empty_returns_type_mismatch_for_i64 ... ok
test eval::tests::tests::eval_helper_length_returns_type_mismatch_for_non_list ... ok
test eval::tests::tests::eval_helper_merge_returns_type_mismatch_for_i64_args ... ok
test eval::tests::tests::eval_helper_unique_rejects_non_list ... ok
test eval::tests::tests::eval_helper_with_store_append_adds_item_to_list ... ok
test eval::tests::tests::eval_helper_with_store_append_if_adds_when_true ... ok
test eval::tests::tests::eval_helper_with_store_append_if_skips_when_false ... ok
test eval::tests::tests::eval_helper_with_store_contains_checks_substring ... ok
test eval::tests::tests::eval_helper_with_store_contains_returns_false_for_absent ... ok
test eval::tests::tests::eval_helper_with_store_count_returns_list_length ... ok
test eval::tests::tests::eval_helper_with_store_empty_returns_false_for_nonempty_list ... ok
test eval::tests::tests::eval_helper_with_store_empty_returns_false_for_nonempty_symbol ... ok
test eval::tests::tests::eval_helper_with_store_empty_returns_true_for_empty_list ... ok
test eval::tests::tests::eval_helper_with_store_empty_returns_true_for_empty_object ... ok
▮▮▮▮ velvet-ballastics:miri (running for 210s)
test eval::tests::tests::eval_helper_with_store_empty_returns_true_for_empty_symbol ... ok
test eval::tests::tests::eval_helper_with_store_empty_returns_true_for_null ... ok
test eval::tests::tests::eval_helper_with_store_empty_returns_type_mismatch_for_i64 ... ok
test eval::tests::tests::eval_helper_with_store_ends_with_checks_suffix ... ok
test eval::tests::tests::eval_helper_with_store_exists_returns_false_for_null ... ok
test eval::tests::tests::eval_helper_with_store_exists_returns_true_for_non_null ... ok
test eval::tests::tests::eval_helper_with_store_has_checks_object_key ... ok
test eval::tests::tests::eval_helper_with_store_has_returns_false_for_missing_key ... ok
test eval::tests::tests::eval_helper_with_store_length_returns_list_length ... ok
test eval::tests::tests::eval_helper_with_store_length_returns_object_field_count ... ok
test eval::tests::tests::eval_helper_with_store_length_returns_symbol_length ... ok
test eval::tests::tests::eval_helper_with_store_merge_combines_objects ... ok
test eval::tests::tests::eval_helper_with_store_starts_with_checks_prefix ... ok
test eval::tests::tests::eval_helper_with_store_sum_returns_integer_overflow_on_overflow ... ok
test eval::tests::tests::eval_helper_with_store_sum_sums_list_elements ... ok
test eval::tests::tests::eval_helper_with_store_unique_deduplicates_list ... ok
test eval::tests::tests::eval_helper_with_store_unique_preserves_order ... ok
test eval::tests::tests::eval_helper_with_store_unique_rejects_non_list ... ok
test eval::tests::tests::eval_helper_with_store_unique_returns_empty_list_for_empty_input ... ok
test eval::tests::tests::eval_load_const_out_of_bounds_returns_error ... ok
test eval::tests::tests::eval_load_slot_out_of_bounds_returns_error ... ok
test eval::tests::tests::eval_program_with_only_load_const_no_ops_returns_stack_overflow ... ok
test eval::tests::tests::eval_unary_op_neg_rejects_bool ... ok
test eval::tests::tests::eval_unary_op_negates_number ... ok
test eval::tests::tests::eval_unary_op_not_negates_boolean ... ok
test eval::tests::tests::eval_unary_op_not_rejects_i64 ... ok
test eval::tests::tests::evaluates_addition ... ok
test eval::tests::tests::evaluates_boolean_and_or ... ok
test eval::tests::tests::evaluates_boolean_not ... ok
test eval::tests::tests::evaluates_comparison_ops ... ok
test eval::tests::tests::evaluates_division ... ok
test eval::tests::tests::evaluates_equality ... ok
test eval::tests::tests::evaluates_inequality ... ok
test eval::tests::tests::evaluates_load_slot ... ok
test eval::tests::tests::evaluates_multiplication ... ok
test eval::tests::tests::evaluates_subtraction ... ok
test eval::tests::tests::public_binary_eval_matches_stack_arithmetic ... ok
test eval::tests::tests::public_helper_eval_supports_scalar_exists ... ok
test eval::tests::tests::public_unary_eval_rejects_wrong_type ... ok
test eval::tests::tests::rejects_division_by_zero ... ok
test eval::tests::tests::rejects_type_mismatch_for_arithmetic ... ok
test lexer::tests::adversarial::blackhat_lx_001_integer_overflow_rejected ... ok
test lexer::tests::adversarial::blackhat_lx_002_unterminated_string_rejected ... ok
test lexer::tests::adversarial::blackhat_lx_003_unexpected_chars_rejected ... ok
test lexer::tests::adversarial::blackhat_lx_004_source_length_boundary_accepted ... ok
test lexer::tests::adversarial::blackhat_lx_005_source_length_one_over_rejected ... ok
test lexer::tests::adversarial::blackhat_lx_006_lone_dollar_no_crash ... ok
test lexer::tests::adversarial::blackhat_lx_007_bare_equals_rejected ... ok
test lexer::tests::adversarial::blackhat_lx_008_bare_exclamation_rejected ... ok
test lexer::tests::adversarial::blackhat_lx_009_i64_max_accepted ... ok
test lexer::tests::adversarial::blackhat_lx_010_negative_literal_is_unary_op ... ok
test lexer::tests::adversarial::lex_expr_handles_max_i64_literal ... ok
test lexer::tests::adversarial::lex_expr_handles_string_with_spaces ... ok
test lexer::tests::adversarial::lex_expr_lone_dollar_after_whitespace_is_dollar_token ... ok
test lexer::tests::adversarial::lex_expr_reference_with_dots_allows_path_access ... ok
test lexer::tests::adversarial::lex_expr_rejects_bare_equals_sign ... ok
test lexer::tests::adversarial::lex_expr_rejects_bare_exclamation_mark ... ok
test lexer::tests::adversarial::lex_expr_rejects_empty_string_as_only_end_token ... ok
test lexer::tests::adversarial::lex_expr_rejects_i64_overflow_literal ... ok
test lexer::tests::adversarial::lex_expr_rejects_unexpected_at_sign ... ok
test lexer::tests::adversarial::lex_expr_rejects_unexpected_unicode_character ... ok
test lexer::tests::adversarial::lex_expr_rejects_unterminated_string_immediately ... ok
test lexer::tests::adversarial::lex_expr_rejects_whitespace_only_input_as_only_end_token ... ok
test lexer::tests::adversarial::lex_expr_tokenizes_deeply_nested_parentheses ... ok
test lexer::tests::lex_expr_accepts_max_tokens_plus_end_sentinel ... ok
test lexer::tests::lex_expr_returns_error_for_unrecognized_character ... ok
test lexer::tests::lex_expr_spanned_preserves_exact_byte_spans ... ok
test lexer::tests::lex_expr_tokenizes_addition_expression ... ok
test lexer::tests::lex_expr_tokenizes_boolean_literals ... ok
test lexer::tests::lex_expr_tokenizes_comparison_operators ... ok
test lexer::tests::lex_expr_tokenizes_division_expression ... ok
test lexer::tests::lex_expr_tokenizes_multiplication_expression ... ok
test lexer::tests::lex_expr_tokenizes_not_keyword ... ok
test lexer::tests::lex_expr_tokenizes_null_literal ... ok
test lexer::tests::lex_expr_tokenizes_parenthesized_expression ... ok
test lexer::tests::lex_expr_tokenizes_string_literal ... ok
test lexer::tests::lex_expr_tokenizes_subtraction_expression ... ok
test lexer::tests::lex_expr_tokenizes_variable_reference ... ok
test lexer::tests::lexes_boolean_and_null_literals ... ok
test lexer::tests::lexes_helper_identifiers ... ok
test lexer::tests::lexes_integer_literal ... ok
test lexer::tests::lexes_keywords ... ok
test lexer::tests::lexes_operators ... ok
test lexer::tests::lexes_reference ... ok
test lexer::tests::lexes_string_literal ... ok
test lexer::tests::lone_dollar_produces_dollar_token ... ok
test lexer::tests::rejects_source_length_limit ... ok
test lexer::tests::rejects_token_limit ... ok
test lexer::tests::rejects_unexpected_character ... ok
test lexer::tests::rejects_unterminated_string ... ok
test parser::tests::adversarial::blackhat_pa_001_deep_nesting_no_crash ... ok
test parser::tests::adversarial::blackhat_pa_002_unknown_identifier_rejected ... ok
test parser::tests::adversarial::blackhat_pa_003_helper_arity_mismatch ... ok
test parser::tests::adversarial::blackhat_pa_004_trailing_operator ... ok
test parser::tests::adversarial::blackhat_pa_005_empty_parens_rejected ... ok
test parser::tests::adversarial::blackhat_pa_006_double_operator_rejected ... ok
test parser::tests::adversarial::blackhat_pa_007_extra_rparen_rejected ... ok
test parser::tests::adversarial::blackhat_pa_008_missing_rparen_rejected ... ok
test parser::tests::adversarial::parse_expr_chained_unary_not_true ... ok
test parser::tests::adversarial::parse_expr_deeply_nested_parentheses_within_limit ... ok
test parser::tests::adversarial::parse_expr_double_negation_parses_correctly ... ok
test parser::tests::adversarial::parse_expr_null_equality_parses_as_binary_eq ... ok
test parser::tests::adversarial::parse_expr_rejects_double_operator ... ok
test parser::tests::adversarial::parse_expr_rejects_empty_parentheses ... ok
test parser::tests::adversarial::parse_expr_rejects_extra_right_paren ... ok
test parser::tests::adversarial::parse_expr_rejects_helper_with_too_many_args ... ok
test parser::tests::adversarial::parse_expr_rejects_trailing_operator ... ok
test parser::tests::adversarial::parse_expr_rejects_unknown_identifier_without_paren ... ok
test parser::tests::parse_expr_parses_boolean_not ... ok
test parser::tests::parse_expr_parses_comparison_operators ... ok
test parser::tests::parse_expr_parses_helper_call_with_arguments ... ok
test parser::tests::parse_expr_parses_logical_and_or ... ok
test parser::tests::parse_expr_parses_operator_precedence_correctly ... ok
test parser::tests::parse_expr_parses_parenthesized_grouping ... ok
test parser::tests::parse_expr_parses_simple_addition ... ok
test parser::tests::parse_expr_parses_unary_negation ... ok
test parser::tests::parse_expr_parses_variable_reference ... ok
test parser::tests::parse_expr_returns_error_for_empty_input ... ok
test parser::tests::parse_expr_returns_error_for_missing_right_paren ... ok
test parser::tests::parse_expr_returns_unknown_helper_for_bad_helper ... ok
test parser::tests::parse_expr_returns_wrong_arity_error_for_contains_with_one_arg ... ok
test parser::tests::parses_addition_with_multiplication_precedence ... ok
test parser::tests::parses_helper_call ... ok
test parser::tests::parses_left_associative_subtraction ... ok
test parser::tests::parses_not_and_or_precedence ... ok
test parser::tests::rejects_parse_depth ... ok
test parser::tests::rejects_unknown_helper ... ok
test parser::tests::rejects_wrong_arity ... ok
test typecheck::tests::adversarial::blackhat_tc_001_null_rejected_in_all_arithmetic ... ok
test typecheck::tests::adversarial::blackhat_tc_002_null_rejected_in_all_comparisons ... ok
test typecheck::tests::adversarial::blackhat_tc_003_non_bool_rejected_in_logical ... ok
test typecheck::tests::adversarial::blackhat_tc_004_equality_allows_mixed_types ... ok
test typecheck::tests::adversarial::blackhat_tc_005_negation_rejects_non_numeric ... ok
test typecheck::tests::adversarial::blackhat_tc_006_not_rejects_non_bool ... ok
test typecheck::tests::adversarial::blackhat_tc_007_unknown_deferred_to_runtime ... ok
test typecheck::tests::adversarial::typecheck_expr_allows_eq_on_mixed_types ... ok
test typecheck::tests::adversarial::typecheck_expr_allows_not_eq_on_incompatible_types ... ok
test typecheck::tests::adversarial::typecheck_expr_rejects_negation_on_null ... ok
test typecheck::tests::adversarial::typecheck_expr_rejects_null_in_and ... ok
test typecheck::tests::adversarial::typecheck_expr_rejects_null_in_arithmetic ... ok
test typecheck::tests::adversarial::typecheck_expr_rejects_null_in_comparison ... ok
test typecheck::tests::adversarial::typecheck_expr_rejects_number_in_and ... ok
test typecheck::tests::adversarial::typecheck_expr_rejects_text_in_arithmetic ... ok
test typecheck::tests::context_resolves_known_variables ... ok
test typecheck::tests::infers_arithmetic_result ... ok
test typecheck::tests::infers_comparison_result ... ok
test typecheck::tests::infers_helper_result ... ok
test typecheck::tests::infers_literal_types ... ok
test typecheck::tests::infers_logical_result ... ok
test typecheck::tests::infers_negation_preserves_type ... ok
test typecheck::tests::infers_unary_not ... ok
test typecheck::tests::infix_binding_power_returns_correct_precedence_for_operators ... ok
test typecheck::tests::typecheck_expr_allows_unknown_in_arithmetic_left ... ok
test typecheck::tests::typecheck_expr_infers_helper_return_types ... ok
test typecheck::tests::typecheck_expr_rejects_negation_on_boolean ... ok
test typecheck::tests::typecheck_expr_rejects_number_in_logical_op ... ok
test typecheck::tests::typecheck_expr_rejects_string_in_arithmetic ... ok
test typecheck::tests::typecheck_expr_validates_boolean_operands_for_logical_ops ... ok
test typecheck::tests::typecheck_expr_validates_negation_on_number ... ok
test typecheck::tests::typecheck_expr_validates_numeric_operands ... ok
test typecheck::tests::unknown_type_for_unresolved_reference ... ok

test result: ok. 278 passed; 0 failed; 0 ignored; 0 measured; 0 filtered out; finished in 83.90s

     Running unittests src/lib.rs (target/miri/x86_64-unknown-linux-gnu/debug/deps/vb_validate-e010bc12ef6a3dcb)
warning: unused import: `ValidationResult`
 --> crates/vb_validate/src/type_taint_tests.rs:8:30
  |
8 | use crate::{ValidationError, ValidationResult};
  |                              ^^^^^^^^^^^^^^^^
  |
  = note: `#[warn(unused_imports)]` (part of `#[warn(unused)]`) on by default

warning: unexpected `cfg` condition name: `kani`
   --> crates/vb_validate/src/gate_08_accessor.rs:492:11
    |
492 |     #[cfg(kani)]
    |           ^^^^
    |
    = help: expected names are: `docsrs`, `feature`, and `test` and 32 more
    = help: consider using a Cargo feature instead
    = help: or consider adding in `Cargo.toml` the `check-cfg` lint config for the lint:
             [lints.rust]
             unexpected_cfgs = { level = "warn", check-cfg = ['cfg(kani)'] }
    = help: or consider adding `println!("cargo::rustc-check-cfg=cfg(kani)");` to the top of the `build.rs`
    = note: see <https://doc.rust-lang.org/nightly/rustc/check-cfg/cargo-specifics.html> for more information about checking conditional configuration
    = note: `#[warn(unexpected_cfgs)]` on by default


running 908 tests
test control_flow::tests::accepts_branching_flow ... ok
test control_flow::tests::accepts_linear_flow ... ok
test control_flow::tests::accepts_single_step ... ok
test control_flow::tests::adversarial_backward_then_target_is_rejected ... ok
test control_flow::tests::adversarial_exact_boundary_target_equals_step_count_is_rejected ... ok
test control_flow::tests::adversarial_isolated_step_not_reachable_from_entry_is_rejected ... ok
test control_flow::tests::adversarial_large_branch_target_out_of_bounds_is_rejected ... ok
test control_flow::tests::adversarial_multiple_branches_all_forward_are_accepted ... ok
test control_flow::tests::adversarial_step_without_id_orphan_reports_generic_name ... ok
test control_flow::tests::adversarial_then_target_out_of_bounds_is_rejected ... ok
test control_flow::tests::adversarial_then_target_pointing_to_self_is_rejected ... ok
test control_flow::tests::adversarial_three_step_cycle_a_to_b_to_c_to_a_is_rejected ... ok
test control_flow::tests::adversarial_zero_target_is_backward_from_step_zero ... ok
test control_flow::tests::rejects_backward_branch ... ok
test control_flow::tests::rejects_empty_workflow ... ok
test control_flow::tests::rejects_self_cycle ... ok
test control_flow::tests::rejects_target_out_of_bounds ... ok
test control_flow::tests::rejects_unreachable_step ... ok
test control_flow::tests::validate_control_flow_accepts_branch_and_merge ... ok
test control_flow::tests::validate_control_flow_accepts_linear_chain ... ok
test control_flow::tests::validate_control_flow_rejects_empty_steps_exact ... ok
test control_flow::tests::validate_control_flow_rejects_invalid_merge_without_branch ... ok
test control_flow::tests::validate_control_flow_rejects_out_of_bounds_target_exact ... ok
test control_flow::tests::validate_forward_only_then_accepts_forward_branch ... ok
test control_flow::tests::validate_forward_only_then_rejects_backward_branch ... ok
test control_flow::tests::validate_reachability_returns_error_for_orphan_step ... ok
test control_flow::tests::validate_reachability_returns_ok_for_connected_graph ... ok
test diag_codes::tests::all_codes_are_non_zero ... ok
test diag_codes::tests::all_codes_are_unique ... ok
test diag_codes::tests::code_count_matches_total ... ok
test diag_codes::tests::control_flow_codes_are_in_e03xx_range ... ok
test diag_codes::tests::gate_codes_are_in_e05xx_range ... ok
test diag_codes::tests::reference_codes_are_in_e02xx_range ... ok
test diag_codes::tests::schema_codes_are_in_e01xx_range ... ok
test diag_codes::tests::type_taint_codes_are_in_e04xx_range ... ok
test diag_convert::tests::all_variants_have_unique_diagnostic_codes ... ok
test diag_convert::tests::all_variants_produce_valid_diagnostic ... ok
test diag_convert::tests::control_flow_cycle_maps_to_e0302 ... ok
test diag_convert::tests::direct_runtime_maps_to_e0204 ... ok
test diag_convert::tests::duplicate_id_maps_to_e0109 ... ok
test diag_convert::tests::duplicate_key_maps_to_e0101 ... ok
test diag_convert::tests::error_code_returns_matching_code ... ok
test diag_convert::tests::invalid_version_maps_to_e0106 ... ok
test diag_convert::tests::secret_result_leak_maps_to_e0406 ... ok
test diag_convert::tests::type_mismatch_maps_to_e0407 ... ok
test diag_convert::tests::unknown_reference_maps_to_e0201 ... ok
test diag_convert::tests::unreachable_step_maps_to_e0303 ... ok
test diag_render::render_tests::accessor_slot_out_of_range_code_and_message ... ok
test diag_render::render_tests::action_contract_missing_code_and_message ... ok
test diag_render::render_tests::action_contract_orphan_code_and_message ... ok
test diag_render::render_tests::diagnostic_from_error_message_is_non_empty_for_all_variants ... ok
test diag_render::render_tests::diagnostic_from_error_returns_error_severity ... ok
test diag_render::render_tests::diagnostic_from_error_returns_zero_span ... ok
test diag_render::render_tests::direct_runtime_reference_code_is_e0204 ... ok
test diag_render::render_tests::duplicate_id_message_contains_id ... ok
test diag_render::render_tests::error_code_is_non_zero_for_all_variants ... ok
test diag_render::render_tests::error_code_is_unique_for_all_variants ... ok
test diag_render::render_tests::expression_stack_exceeded_code_and_message ... ok
test diag_render::render_tests::expression_stack_mismatch_code_and_message ... ok
test diag_render::render_tests::forbidden_yaml_feature_code_is_e0102 ... ok
test diag_render::render_tests::future_reference_message_contains_reference ... ok
test diag_render::render_tests::http_trigger_out_of_core_code_is_e040c ... ok
test diag_render::render_tests::invalid_id_message_contains_id ... ok
test diag_render::render_tests::invalid_version_message_contains_version ... ok
test diag_render::render_tests::limit_exceeded_message_contains_resource ... ok
test diag_render::render_tests::limit_required_message_contains_resource ... ok
test diag_render::render_tests::missing_required_field_message_contains_field_name ... ok
test diag_render::render_tests::non_deterministic_path_code_and_message ... ok
test diag_render::render_tests::payload_too_large_code_is_e0408 ... ok
test diag_render::render_tests::reserved_id_message_contains_id ... ok
test diag_render::render_tests::secret_not_declared_message_contains_secret ... ok
test diag_render::render_tests::secret_result_leak_code_is_e0406 ... ok
test diag_render::render_tests::slot_dependency_cycle_code_and_message ... ok
test diag_render::render_tests::slot_type_inconsistency_code_and_message ... ok
test diag_render::render_tests::type_mismatch_message_contains_both_types ... ok
test diag_render::render_tests::unknown_reference_message_contains_reference ... ok
test diag_render::render_tests::unreachable_step_message_contains_step ... ok
test diag_render::render_tests::unsupported_trigger_message_contains_trigger ... ok
test diag_tests::tests::diagnostic_from_error_for_duplicate_id_includes_id ... ok
test diag_tests::tests::diagnostic_from_error_for_future_reference_includes_reference ... ok
test diag_tests::tests::diagnostic_from_error_for_invalid_id_includes_id ... ok
test diag_tests::tests::diagnostic_from_error_for_limit_exceeded_includes_resource ... ok
test diag_tests::tests::diagnostic_from_error_for_reserved_id_includes_id ... ok
test diag_tests::tests::diagnostic_from_error_for_type_mismatch_includes_both_types ... ok
test diag_tests::tests::diagnostic_from_error_for_unknown_reference_includes_reference ... ok
test diag_tests::tests::diagnostic_from_error_for_unsupported_trigger_includes_trigger ... ok
test diag_tests::tests::diagnostic_from_error_includes_error_code ... ok
test diag_tests::tests::diagnostic_from_error_includes_location ... ok
test diag_tests::tests::diagnostic_from_error_includes_message ... ok
test diag_tests::tests::diagnostic_severity_is_always_error ... ok
test diag_tests::tests::error_code_is_non_empty_for_all_variants ... ok
test diag_tests::tests::error_code_returns_known_code_for_duplicate_key ... ok
test diag_tests::tests::error_code_returns_known_code_for_missing_required_field ... ok
test diagnostic::tests::all_variants_have_unique_diagnostic_codes ... ok
test diagnostic::tests::all_variants_produce_valid_diagnostic ... ok
test diagnostic::tests::control_flow_cycle_maps_to_e0302 ... ok
test diagnostic::tests::diagnostic_from_error_for_duplicate_id_includes_id ... ok
test diagnostic::tests::diagnostic_from_error_for_future_reference_includes_reference ... ok
test diagnostic::tests::diagnostic_from_error_for_invalid_id_includes_id ... ok
test diagnostic::tests::diagnostic_from_error_for_limit_exceeded_includes_resource ... ok
test diagnostic::tests::diagnostic_from_error_for_reserved_id_includes_id ... ok
test diagnostic::tests::diagnostic_from_error_for_type_mismatch_includes_both_types ... ok
test diagnostic::tests::diagnostic_from_error_for_unknown_reference_includes_reference ... ok
test diagnostic::tests::diagnostic_from_error_for_unsupported_trigger_includes_trigger ... ok
test diagnostic::tests::diagnostic_from_error_includes_error_code ... ok
test diagnostic::tests::diagnostic_from_error_includes_location ... ok
test diagnostic::tests::diagnostic_from_error_includes_message ... ok
test diagnostic::tests::diagnostic_severity_is_always_error ... ok
test diagnostic::tests::direct_runtime_maps_to_e0204 ... ok
test diagnostic::tests::duplicate_id_maps_to_e0109 ... ok
test diagnostic::tests::duplicate_key_maps_to_e0101 ... ok
test diagnostic::tests::error_code_is_non_empty_for_all_variants ... ok
test diagnostic::tests::error_code_returns_known_code_for_duplicate_key ... ok
test diagnostic::tests::error_code_returns_known_code_for_missing_required_field ... ok
test diagnostic::tests::error_code_returns_matching_code ... ok
test diagnostic::tests::invalid_version_maps_to_e0106 ... ok
test diagnostic::tests::secret_result_leak_maps_to_e0406 ... ok
test diagnostic::tests::type_mismatch_maps_to_e0407 ... ok
test diagnostic::tests::unknown_reference_maps_to_e0201 ... ok
test diagnostic::tests::unreachable_step_maps_to_e0303 ... ok
test fact_table::tests::facts_build_duplicate_input_last_wins ... ok
test fact_table::tests::facts_build_duplicate_var_last_wins ... ok
test fact_table::tests::facts_build_empty_workflow ... ok
test fact_table::tests::facts_build_resolves_clean_input ... ok
test fact_table::tests::facts_build_resolves_secret ... ok
test fact_table::tests::facts_build_resolves_secret_input ... ok
test fact_table::tests::facts_build_resolves_var ... ok
test fact_table::tests::facts_build_resolves_vars_alias ... ok
test fact_table::tests::facts_resolve_nested_path_uses_first_segment ... ok
test fact_table::tests::facts_resolve_no_dot_returns_any ... ok
test fact_table::tests::facts_resolve_unknown_name_in_known_root_returns_any ... ok
test fact_table::tests::facts_resolve_unknown_reference_returns_text ... ok
test fact_table::tests::facts_resolve_unknown_root_returns_any ... ok
test fact_table::tests::require_boolean_accepts_any ... ok
test fact_table::tests::require_boolean_accepts_boolean ... ok
test fact_table::tests::require_boolean_rejects_list ... ok
test fact_table::tests::require_boolean_rejects_null ... ok
test fact_table::tests::require_boolean_rejects_number ... ok
test fact_table::tests::require_boolean_rejects_object ... ok
test fact_table::tests::require_boolean_rejects_text ... ok
test fact_table::tests::resolve_value_composite_all_clean_stays_clean ... ok
test fact_table::tests::resolve_value_composite_merges_taints ... ok
test fact_table::tests::resolve_value_literal_returns_clean_type ... ok
test fact_table::tests::resolve_value_reference_resolves_input ... ok
test fact_table::tests::resolve_value_reference_resolves_secret ... ok
test fact_table::tests::resolve_value_slot_none_returns_any ... ok
test fact_table::tests::resolve_value_slot_out_of_bounds_returns_any ... ok
test fact_table::tests::resolve_value_slot_returns_some_value ... ok
test fact_table::tests::write_slot_out_of_bounds_is_noop ... ok
test fact_table::tests::write_slot_writes_to_valid_index ... ok
test gate_07_stack::tests::accepts_empty_expressions ... ok
test gate_07_stack::tests::accepts_multiple_expressions ... ok
test gate_07_stack::tests::accepts_unary_op_after_load ... ok
test gate_07_stack::tests::accepts_valid_load_and_binary_op ... ok
test gate_07_stack::tests::accepts_valid_single_load_expression ... ok
test gate_07_stack::tests::compute_depth_empty ... ok
test gate_07_stack::tests::compute_depth_load_and_binary ... ok
test gate_07_stack::tests::compute_depth_single_load ... ok
test gate_07_stack::tests::compute_depth_three_loads_then_two_binary ... ok
test gate_07_stack::tests::rejects_contract_exceeding_protocol_limit ... ok
test gate_07_stack::tests::rejects_expression_exceeding_contract ... ok
test gate_07_stack::tests::rejects_stack_mismatch_declared_too_high ... ok
test gate_07_stack::tests::rejects_stack_mismatch_declared_too_low ... ok
test gate_07_stack::tests::rejects_underflow_binary_op_on_empty_stack ... ok
test gate_07_stack::tests::rejects_underflow_unary_op_on_empty_stack ... ok
test gate_08_accessor::tests::focused_and_aggregate_gate_08_accept_field_zero_when_symbols_count_is_one ... ok
test gate_08_accessor::tests::focused_and_aggregate_gate_08_reject_field_equal_to_symbols_count ... ok
test gate_08_accessor::tests::gate_08_accepts_accessor_root_at_slot_count_minus_one ... ok
test gate_08_accessor::tests::gate_08_accepts_empty_accessor_collection ... ok
test gate_08_accessor::tests::gate_08_accepts_empty_accessor_paths ... ok
test gate_08_accessor::tests::gate_08_accepts_field_symbol_at_larger_symbols_count_minus_one ... ok
test gate_08_accessor::tests::gate_08_accepts_field_symbol_at_symbols_count_minus_one ... ok
test gate_08_accessor::tests::gate_08_accepts_field_symbol_zero_when_symbols_count_is_one ... ok
test gate_08_accessor::tests::gate_08_accepts_index_u32_max_minus_one ... ok
test gate_08_accessor::tests::gate_08_accepts_index_zero ... ok
test gate_08_accessor::tests::gate_08_checks_root_before_path_segments ... ok
test gate_08_accessor::tests::gate_08_rejects_accessor_root_equal_to_slot_count ... ok
test gate_08_accessor::tests::gate_08_rejects_accessor_root_greater_than_slot_count ... ok
test gate_08_accessor::tests::gate_08_rejects_field_segment_when_symbols_count_is_zero ... ok
test gate_08_accessor::tests::gate_08_rejects_field_symbol_above_symbols_count ... ok
test gate_08_accessor::tests::gate_08_rejects_field_symbol_equal_to_symbols_count ... ok
test gate_08_accessor::tests::gate_08_rejects_sentinel_index_segment ... ok
error: unsupported operation: `getcwd` not available when isolation is enabled
  --> /home/lewis/.rustup/toolchains/nightly-2026-04-28-x86_64-unknown-linux-gnu/lib/rustlib/src/rust/library/std/src/sys/paths/unix.rs:27:17
   |
27 |             if !libc::getcwd(ptr, buf.capacity()).is_null() {
   |                 ^^^^^^^^^^^^^^^^^^^^^^^^^^^^^^^^^ unsupported operation occurred here
   |
   = help: set `MIRIFLAGS=-Zmiri-disable-isolation` to disable isolation;
   = help: or set `MIRIFLAGS=-Zmiri-isolation-error=warn` to make Miri return an error code from isolated operations (if supported for that operation) and continue with a warning
   = note: this is on thread `gate_08_accesso`
   = note: stack backtrace:
           0: std::sys::paths::unix::getcwd
               at /home/lewis/.rustup/toolchains/nightly-2026-04-28-x86_64-unknown-linux-gnu/lib/rustlib/src/rust/library/std/src/sys/paths/unix.rs:27:17: 27:50
           1: std::env::current_dir
               at /home/lewis/.rustup/toolchains/nightly-2026-04-28-x86_64-unknown-linux-gnu/lib/rustlib/src/rust/library/std/src/env.rs:54:5: 54:24
           2: <fn() -> std::result::Result<std::path::PathBuf, std::io::Error> {std::env::current_dir} as std::ops::FnOnce<()>>::call_once - shim(fn() -> std::result::Result<std::path::PathBuf, std::io::Error> {std::env::current_dir})
               at /home/lewis/.rustup/toolchains/nightly-2026-04-28-x86_64-unknown-linux-gnu/lib/rustlib/src/rust/library/core/src/ops/function.rs:250:5: 250:71
           3: proptest::test_runner::failure_persistence::file::absolutize_source_file_with_cwd::<fn() -> std::result::Result<std::path::PathBuf, std::io::Error> {std::env::current_dir}>
               at /cache/cargo-shared/registry/src/index.crates.io-1949cf8c6b5b557f/proptest-1.11.0/src/test_runner/failure_persistence/file.rs:220:15: 220:23
           4: proptest::test_runner::failure_persistence::file::absolutize_source_file
               at /cache/cargo-shared/registry/src/index.crates.io-1949cf8c6b5b557f/proptest-1.11.0/src/test_runner/failure_persistence/file.rs:198:5: 198:62
           5: <proptest::test_runner::FileFailurePersistence as proptest::test_runner::FailurePersistence>::load_persisted_failures2::{closure#0}
               at /cache/cargo-shared/registry/src/index.crates.io-1949cf8c6b5b557f/proptest-1.11.0/src/test_runner/failure_persistence/file.rs:90:31: 90:67
           6: std::option::Option::<&str>::and_then::<std::borrow::Cow<'_, std::path::Path>, {closure@<proptest::test_runner::FileFailurePersistence as proptest::test_runner::FailurePersistence>::load_persisted_failures2::{closure#0}}>
               at /home/lewis/.rustup/toolchains/nightly-2026-04-28-x86_64-unknown-linux-gnu/lib/rustlib/src/rust/library/core/src/option.rs:1546:24: 1546:28
           7: <proptest::test_runner::FileFailurePersistence as proptest::test_runner::FailurePersistence>::load_persisted_failures2
               at /cache/cargo-shared/registry/src/index.crates.io-1949cf8c6b5b557f/proptest-1.11.0/src/test_runner/failure_persistence/file.rs:89:13: 90:68
           8: proptest::test_runner::TestRunner::run_in_process_with_replay::<proptest::strategy::Map<std::ops::RangeInclusive<u32>, {closure@/cache/cargo-shared/registry/src/index.crates.io-1949cf8c6b5b557f/proptest-1.11.0/src/sugar.rs:972:17: 972:25}>, {closure@/cache/cargo-shared/registry/src/index.crates.io-1949cf8c6b5b557f/proptest-1.11.0/src/sugar.rs:973:22: 974:70}, std::vec::IntoIter<std::result::Result<(), proptest::test_runner::TestCaseError>>>::{closure#0}
               at /cache/cargo-shared/registry/src/index.crates.io-1949cf8c6b5b557f/proptest-1.11.0/src/test_runner/runner.rs:596:22: 596:73
           9: std::option::Option::<&std::boxed::Box<dyn proptest::test_runner::FailurePersistence>>::map::<std::vec::Vec<proptest::test_runner::PersistedSeed>, {closure@proptest::test_runner::TestRunner::run_in_process_with_replay<proptest::strategy::Map<std::ops::RangeInclusive<u32>, {closure@/cache/cargo-shared/registry/src/index.crates.io-1949cf8c6b5b557f/proptest-1.11.0/src/sugar.rs:972:17: 972:25}>, {closure@/cache/cargo-shared/registry/src/index.crates.io-1949cf8c6b5b557f/proptest-1.11.0/src/sugar.rs:973:22: 974:70}, std::vec::IntoIter<std::result::Result<(), proptest::test_runner::TestCaseError>>>::{closure#0}}>
               at /home/lewis/.rustup/toolchains/nightly-2026-04-28-x86_64-unknown-linux-gnu/lib/rustlib/src/rust/library/core/src/option.rs:1165:29: 1165:33
           10: proptest::test_runner::TestRunner::run_in_process_with_replay::<proptest::strategy::Map<std::ops::RangeInclusive<u32>, {closure@/cache/cargo-shared/registry/src/index.crates.io-1949cf8c6b5b557f/proptest-1.11.0/src/sugar.rs:972:17: 972:25}>, {closure@/cache/cargo-shared/registry/src/index.crates.io-1949cf8c6b5b557f/proptest-1.11.0/src/sugar.rs:973:22: 974:70}, std::vec::IntoIter<std::result::Result<(), proptest::test_runner::TestCaseError>>>
               at /cache/cargo-shared/registry/src/index.crates.io-1949cf8c6b5b557f/proptest-1.11.0/src/test_runner/runner.rs:592:59: 596:74
           11: proptest::test_runner::TestRunner::run_in_process::<proptest::strategy::Map<std::ops::RangeInclusive<u32>, {closure@/cache/cargo-shared/registry/src/index.crates.io-1949cf8c6b5b557f/proptest-1.11.0/src/sugar.rs:972:17: 972:25}>, {closure@/cache/cargo-shared/registry/src/index.crates.io-1949cf8c6b5b557f/proptest-1.11.0/src/sugar.rs:973:22: 974:70}>
               at /cache/cargo-shared/registry/src/index.crates.io-1949cf8c6b5b557f/proptest-1.11.0/src/test_runner/runner.rs:575:9: 580:10
           12: proptest::test_runner::TestRunner::run::<proptest::strategy::Map<std::ops::RangeInclusive<u32>, {closure@/cache/cargo-shared/registry/src/index.crates.io-1949cf8c6b5b557f/proptest-1.11.0/src/sugar.rs:972:17: 972:25}>, {closure@/cache/cargo-shared/registry/src/index.crates.io-1949cf8c6b5b557f/proptest-1.11.0/src/sugar.rs:973:22: 974:70}>
               at /cache/cargo-shared/registry/src/index.crates.io-1949cf8c6b5b557f/proptest-1.11.0/src/test_runner/runner.rs:418:13: 418:48
test gate_08_accessor::tests::gate_08_reports_invalid_field_segment_coordinates ... ok
           13: gate_08_accessor::tests::proptest_above_bound_field_fixtures_use_checked_construction
               at /cache/cargo-shared/registry/src/index.crates.io-1949cf8c6b5b557f/proptest-1.11.0/src/sugar.rs:969:15: 978:15
           14: gate_08_accessor::tests::proptest_above_bound_field_fixtures_use_checked_construction::{closure#0}
               at /cache/cargo-shared/registry/src/index.crates.io-1949cf8c6b5b557f/proptest-1.11.0/src/sugar.rs:159:28: 159:28

note: some details are omitted, run with `MIRIFLAGS=-Zmiri-backtrace=full` for a verbose backtrace

error: aborting due to 1 previous error; 2 warnings emitted

error: test failed, to rerun pass `-p vb_validate --lib`

Caused by:
  process didn't exit successfully: `/home/lewis/.rustup/toolchains/nightly-2026-04-28-x86_64-unknown-linux-gnu/bin/cargo-miri runner /home/lewis/src/Velvet-ballistics-femdation-p0p1-25/target/miri/x86_64-unknown-linux-gnu/debug/deps/vb_validate-e010bc12ef6a3dcb --skip proptests` (exit status: 1)
note: test exited abnormally; to see the full output pass --no-capture to the harness.
test gate_08_accessor::tests::proptest_above_bound_field_fixtures_use_checked_construction ... 
▮▮▮▮ velvet-ballastics:miri (3m 56s 548ms, eae59c0c)
Error: task_runner::run_failed

  × Task velvet-ballastics:miri failed to run.
  ╰─▶ Process set failed: exit code 1

TASK_STATUS:1
FMT_STATUS:0
crates/vb_core/src/workflow/mod.rs:729:pub fn validate_symbol_references(parts: &WorkflowParts) -> Result<(), WorkflowError> {
API_PRESENT:pub fn validate_symbol_references
crates/vb_core/src/workflow/mod.rs:724:pub fn validate_resource_references(parts: &WorkflowParts) -> Result<(), WorkflowError> {
API_PRESENT:pub fn validate_resource_references
crates/vb_validate/src/shared.rs:156:pub fn validate_action_references(
API_PRESENT:pub fn validate_action_references

=== TASK check ===
▮▮▮▮ installing rust nightly-2026-04-28
▮▮▮▮ velvet-ballastics:agent-cli-contract (18ae27a4)
▮▮▮▮ velvet-ballastics:agent-cli-contract (35ms, 18ae27a4)
▮▮▮▮ velvet-ballastics:nightly-feature-gate (cc7f7923)
velvet-ballastics:check | warning: /home/lewis/src/Velvet-ballistics-femdation-p0p1-25/crates/velvet_ballastics/Cargo.toml: file `/home/lewis/src/Velvet-ballistics-femdation-p0p1-25/crates/velvet_ballastics/src/main.rs` found to be present in multiple build targets:
velvet-ballastics:check |   * `bin` target `vb`
velvet-ballastics:check |   * `bin` target `velvet-ballistics`
▮▮▮▮ velvet-ballastics:nightly-feature-gate (2s 861ms, cc7f7923)
▮▮▮▮ velvet-ballastics:check (9da9eb7b)
velvet-ballastics:check | warning: skipping duplicate package `bitflags v2.10.0 (https://github.com/makepad/makepad?branch=dev#20b6c53b)`:
velvet-ballastics:check |   /cache/cargo-shared/git/checkouts/makepad-ec2f134f34cd9f98/20b6c53/libs/vulkan/bitflags/Cargo.toml
velvet-ballastics:check | in favor of /cache/cargo-shared/git/checkouts/makepad-ec2f134f34cd9f98/20b6c53/libs/bitflags/Cargo.toml

velvet-ballastics:check |     Checking vb_core v0.1.0 (/home/lewis/src/Velvet-ballistics-femdation-p0p1-25/crates/vb_core)
velvet-ballastics:check | warning: unused import: `ResourceContract`
velvet-ballastics:check |   --> crates/vb_core/src/engine/tests/integration_accessor.rs:12:18
velvet-ballastics:check |    |
velvet-ballastics:check | 12 |     PathSegment, ResourceContract, WorkflowParts,
velvet-ballastics:check |    |                  ^^^^^^^^^^^^^^^^
velvet-ballastics:check |    |
velvet-ballastics:check |    = note: `#[warn(unused_imports)]` (part of `#[warn(unused)]`) on by default

velvet-ballastics:check | warning: unused imports: `AccessorIdx`, `ActionId`, `ExprIdx`, `ListId`, and `ObjectId`
velvet-ballastics:check |  --> crates/vb_core/src/engine/tests/integration_basic.rs:7:5
velvet-ballastics:check |   |
velvet-ballastics:check | 7 |     AccessorIdx, ActionId, ConstIdx, ExprIdx, ListId, ObjectId, RunId, SlotIdx, StepIdx, SymbolId,
velvet-ballastics:check |   |     ^^^^^^^^^^^  ^^^^^^^^            ^^^^^^^  ^^^^^^  ^^^^^^^^

velvet-ballastics:check | warning: unused import: `join_taint`
velvet-ballastics:check |   --> crates/vb_core/src/engine/tests/integration_basic.rs:10:50
velvet-ballastics:check |    |
velvet-ballastics:check | 10 | use crate::value::{ConstValue, SlotValue, Taint, join_taint};
velvet-ballastics:check |    |                                                  ^^^^^^^^^^

velvet-ballastics:check | warning: unused imports: `AccessorProgram`, `ExprBranch`, `ExprOp`, `ExprProgram`, `PathSegment`, `ResourceContract`, and `SlotBranch`
velvet-ballastics:check |   --> crates/vb_core/src/engine/tests/integration_basic.rs:13:5
velvet-ballastics:check |    |
velvet-ballastics:check | 13 |     AccessorProgram, CompiledNode, CompiledNodeKind, CompiledWorkflow, ExprBranch, ExprOp,
velvet-ballastics:check |    |     ^^^^^^^^^^^^^^^                                                    ^^^^^^^^^^  ^^^^^^
velvet-ballastics:check | 14 |     ExprProgram, PathSegment, ResourceContract, SlotBranch, WorkflowParts,
velvet-ballastics:check |    |     ^^^^^^^^^^^  ^^^^^^^^^^^  ^^^^^^^^^^^^^^^^  ^^^^^^^^^^

velvet-ballastics:check | warning: unused imports: `eval_accessor_with_store`, `eval_accessor`, and `eval_expr`
velvet-ballastics:check |   --> crates/vb_core/src/engine/tests/integration_basic.rs:18:67
velvet-ballastics:check |    |
velvet-ballastics:check | 18 |     EngineSignal, StepBudget, build_list_impl, build_object_impl, eval_accessor,
velvet-ballastics:check |    |                                                                   ^^^^^^^^^^^^^
velvet-ballastics:check | 19 |     eval_accessor_with_store, eval_expr, new_run_frame, run_until_blocked, step_once,
velvet-ballastics:check |    |     ^^^^^^^^^^^^^^^^^^^^^^^^  ^^^^^^^^^

velvet-ballastics:check | warning: unused import: `crate::errors::EngineError`
velvet-ballastics:check |  --> crates/vb_core/src/engine/tests/integration_budget.rs:4:5
velvet-ballastics:check |   |
velvet-ballastics:check | 4 | use crate::errors::EngineError;
velvet-ballastics:check |   |     ^^^^^^^^^^^^^^^^^^^^^^^^^^

velvet-ballastics:check | warning: unused import: `ResourceContract`
velvet-ballastics:check |  --> crates/vb_core/src/engine/tests/integration_budget.rs:9:55
velvet-ballastics:check |   |
velvet-ballastics:check | 9 |     CompiledNode, CompiledNodeKind, CompiledWorkflow, ResourceContract, WorkflowParts,
velvet-ballastics:check |   |                                                       ^^^^^^^^^^^^^^^^

velvet-ballastics:check | warning: unused import: `step_once`
velvet-ballastics:check |   --> crates/vb_core/src/engine/tests/integration_budget.rs:12:81
velvet-ballastics:check |    |
velvet-ballastics:check | 12 | use crate::engine::{EngineSignal, StepBudget, new_run_frame, run_until_blocked, step_once};
velvet-ballastics:check |    |                                                                                 ^^^^^^^^^

velvet-ballastics:check | warning: unused import: `ResourceContract`
velvet-ballastics:check |  --> crates/vb_core/src/engine/tests/integration_choose.rs:8:5
velvet-ballastics:check |   |
velvet-ballastics:check | 8 |     ResourceContract, SlotBranch, WorkflowParts,
velvet-ballastics:check |   |     ^^^^^^^^^^^^^^^^

velvet-ballastics:check | warning: unused import: `AccessorIdx`
velvet-ballastics:check |  --> crates/vb_core/src/engine/tests/integration_eval.rs:6:18
velvet-ballastics:check |   |
velvet-ballastics:check | 6 | use crate::ids::{AccessorIdx, ConstIdx, ExprIdx, RunId, SlotIdx, StepIdx, WorkflowDigest};
velvet-ballastics:check |   |                  ^^^^^^^^^^^

velvet-ballastics:check | warning: unused imports: `AccessorProgram`, `PathSegment`, and `ResourceContract`
velvet-ballastics:check |   --> crates/vb_core/src/engine/tests/integration_eval.rs:9:5
velvet-ballastics:check |    |
velvet-ballastics:check |  9 |     AccessorProgram, CompiledNode, CompiledNodeKind, CompiledWorkflow, ExprOp, ExprProgram,
velvet-ballastics:check |    |     ^^^^^^^^^^^^^^^
velvet-ballastics:check | 10 |     PathSegment, ResourceContract, WorkflowParts,
velvet-ballastics:check |    |     ^^^^^^^^^^^  ^^^^^^^^^^^^^^^^

velvet-ballastics:check | warning: unused imports: `eval_accessor_with_store` and `eval_accessor`
velvet-ballastics:check |   --> crates/vb_core/src/engine/tests/integration_eval.rs:14:31
velvet-ballastics:check |    |
velvet-ballastics:check | 14 |     EngineSignal, StepBudget, eval_accessor, eval_accessor_with_store, eval_expr, new_run_frame,
velvet-ballastics:check |    |                               ^^^^^^^^^^^^^  ^^^^^^^^^^^^^^^^^^^^^^^^

velvet-ballastics:check | warning: unused imports: `ListId` and `ObjectId`
velvet-ballastics:check |  --> crates/vb_core/src/engine/tests/integration_workflow.rs:7:34
velvet-ballastics:check |   |
velvet-ballastics:check | 7 |     ActionId, ConstIdx, ExprIdx, ListId, ObjectId, RunId, SlotIdx, StepIdx, SymbolId,
velvet-ballastics:check |   |                                  ^^^^^^  ^^^^^^^^

velvet-ballastics:check | warning: unused import: `ObjectField`
velvet-ballastics:check |   --> crates/vb_core/src/engine/tests/integration_workflow.rs:11:26
velvet-ballastics:check |    |
velvet-ballastics:check | 11 | use crate::value_store::{ObjectField, ValueStore};
velvet-ballastics:check |    |                          ^^^^^^^^^^^

velvet-ballastics:check | warning: unused imports: `AccessorProgram`, `ExprBranch`, `PathSegment`, `ResourceContract`, and `SlotBranch`
velvet-ballastics:check |   --> crates/vb_core/src/engine/tests/integration_workflow.rs:13:5
velvet-ballastics:check |    |
velvet-ballastics:check | 13 |     AccessorProgram, CompiledNode, CompiledNodeKind, CompiledWorkflow, ExprBranch, ExprOp,
velvet-ballastics:check |    |     ^^^^^^^^^^^^^^^                                                    ^^^^^^^^^^
velvet-ballastics:check | 14 |     ExprProgram, PathSegment, ResourceContract, SlotBranch, WorkflowParts,
velvet-ballastics:check |    |                  ^^^^^^^^^^^  ^^^^^^^^^^^^^^^^  ^^^^^^^^^^

velvet-ballastics:check | warning: unused imports: `eval_accessor_with_store`, `eval_accessor`, and `eval_expr`
velvet-ballastics:check |   --> crates/vb_core/src/engine/tests/integration_workflow.rs:18:31
velvet-ballastics:check |    |
velvet-ballastics:check | 18 |     EngineSignal, StepBudget, eval_accessor, eval_accessor_with_store, eval_expr, new_run_frame,
velvet-ballastics:check |    |                               ^^^^^^^^^^^^^  ^^^^^^^^^^^^^^^^^^^^^^^^  ^^^^^^^^^

velvet-ballastics:check |     Checking vb_storage v0.1.0 (/home/lewis/src/Velvet-ballistics-femdation-p0p1-25/crates/vb_storage)
velvet-ballastics:check |     Checking vb_validate v0.1.0 (/home/lewis/src/Velvet-ballistics-femdation-p0p1-25/crates/vb_validate)
velvet-ballastics:check |     Checking vb_expr v0.1.0 (/home/lewis/src/Velvet-ballistics-femdation-p0p1-25/crates/vb_expr)
velvet-ballastics:check |     Checking vb_codegen v0.1.0 (/home/lewis/src/Velvet-ballistics-femdation-p0p1-25/crates/vb_codegen)
velvet-ballastics:check |     Checking vb_ui_model v0.1.0 (/home/lewis/src/Velvet-ballistics-femdation-p0p1-25/crates/vb_ui_model)
velvet-ballastics:check | warning: unexpected `cfg` condition name: `kani`
velvet-ballastics:check |  --> crates/vb_core/tests/aggregate_resource_budget_kani_red.rs:1:7
velvet-ballastics:check |   |
velvet-ballastics:check | 1 | #[cfg(kani)]
velvet-ballastics:check |   |       ^^^^
velvet-ballastics:check |   |
velvet-ballastics:check |   = help: expected names are: `docsrs`, `feature`, and `test` and 32 more
velvet-ballastics:check |   = help: consider using a Cargo feature instead
velvet-ballastics:check |   = help: or consider adding in `Cargo.toml` the `check-cfg` lint config for the lint:
velvet-ballastics:check |            [lints.rust]
velvet-ballastics:check |            unexpected_cfgs = { level = "warn", check-cfg = ['cfg(kani)'] }
velvet-ballastics:check |   = help: or consider adding `println!("cargo::rustc-check-cfg=cfg(kani)");` to the top of the `build.rs`
velvet-ballastics:check |   = note: see <https://doc.rust-lang.org/nightly/rustc/check-cfg/cargo-specifics.html> for more information about checking conditional configuration
velvet-ballastics:check |   = note: `#[warn(unexpected_cfgs)]` on by default

velvet-ballastics:check | warning: `vb_core` (test "aggregate_resource_budget_kani_red") generated 1 warning
velvet-ballastics:check |     Checking vb_compile v0.1.0 (/home/lewis/src/Velvet-ballistics-femdation-p0p1-25/crates/vb_compile)
velvet-ballastics:check | warning: unused import: `ValidationResult`
velvet-ballastics:check |  --> crates/vb_validate/src/type_taint_tests.rs:8:30
velvet-ballastics:check |   |
velvet-ballastics:check | 8 | use crate::{ValidationError, ValidationResult};
velvet-ballastics:check |   |                              ^^^^^^^^^^^^^^^^
velvet-ballastics:check |   |
velvet-ballastics:check |   = note: `#[warn(unused_imports)]` (part of `#[warn(unused)]`) on by default

velvet-ballastics:check | warning: unexpected `cfg` condition name: `kani`
velvet-ballastics:check |    --> crates/vb_validate/src/gate_08_accessor.rs:492:11
velvet-ballastics:check |     |
velvet-ballastics:check | 492 |     #[cfg(kani)]
velvet-ballastics:check |     |           ^^^^
velvet-ballastics:check |     |
velvet-ballastics:check |     = help: expected names are: `docsrs`, `feature`, and `test` and 32 more
velvet-ballastics:check |     = help: consider using a Cargo feature instead
velvet-ballastics:check |     = help: or consider adding in `Cargo.toml` the `check-cfg` lint config for the lint:
velvet-ballastics:check |              [lints.rust]
velvet-ballastics:check |              unexpected_cfgs = { level = "warn", check-cfg = ['cfg(kani)'] }
velvet-ballastics:check |     = help: or consider adding `println!("cargo::rustc-check-cfg=cfg(kani)");` to the top of the `build.rs`
velvet-ballastics:check |     = note: see <https://doc.rust-lang.org/nightly/rustc/check-cfg/cargo-specifics.html> for more information about checking conditional configuration
velvet-ballastics:check |     = note: `#[warn(unexpected_cfgs)]` on by default

velvet-ballastics:check | warning: unreachable pattern
velvet-ballastics:check |     --> crates/vb_compile/src/lib.rs:3833:13
velvet-ballastics:check |      |
velvet-ballastics:check | 3833 |             other => panic!("Expected CompileErrors, got: {:?}", other),
velvet-ballastics:check |      |             ^^^^^ no value can reach this
velvet-ballastics:check |      |
velvet-ballastics:check | note: multiple earlier patterns match some of the same values
velvet-ballastics:check |     --> crates/vb_compile/src/lib.rs:3833:13
velvet-ballastics:check |      |
velvet-ballastics:check | 3799 |             Err(CompileErrors(ref errors)) => {
velvet-ballastics:check |      |             ------------------------------ matches some of the same values
velvet-ballastics:check | ...
velvet-ballastics:check | 3829 |             Ok(_) => panic!(
velvet-ballastics:check |      |             ----- matches some of the same values
velvet-ballastics:check | ...
velvet-ballastics:check | 3833 |             other => panic!("Expected CompileErrors, got: {:?}", other),
velvet-ballastics:check |      |             ^^^^^ collectively making this unreachable
velvet-ballastics:check |      = note: `#[warn(unreachable_patterns)]` (part of `#[warn(unused)]`) on by default

velvet-ballastics:check | warning: unreachable pattern
velvet-ballastics:check |     --> crates/vb_compile/src/lib.rs:3877:13
velvet-ballastics:check |      |
velvet-ballastics:check | 3877 |             other => panic!("Expected CompileErrors, got: {:?}", other),
velvet-ballastics:check |      |             ^^^^^ no value can reach this
velvet-ballastics:check |      |
velvet-ballastics:check | note: multiple earlier patterns match some of the same values
velvet-ballastics:check |     --> crates/vb_compile/src/lib.rs:3877:13
velvet-ballastics:check |      |
velvet-ballastics:check | 3846 |             Err(CompileErrors(ref errors)) => {
velvet-ballastics:check |      |             ------------------------------ matches some of the same values
velvet-ballastics:check | ...
velvet-ballastics:check | 3876 |             Ok(_) => panic!("Expected error from validate_ir, got Ok"),
velvet-ballastics:check |      |             ----- matches some of the same values
velvet-ballastics:check | 3877 |             other => panic!("Expected CompileErrors, got: {:?}", other),
velvet-ballastics:check |      |             ^^^^^ collectively making this unreachable

velvet-ballastics:check | warning: unreachable pattern
velvet-ballastics:check |     --> crates/vb_compile/src/lib.rs:3964:13
velvet-ballastics:check |      |
velvet-ballastics:check | 3964 |             other => panic!("Expected CompileErrors, got: {:?}", other),
velvet-ballastics:check |      |             ^^^^^ no value can reach this
velvet-ballastics:check |      |
velvet-ballastics:check | note: multiple earlier patterns match some of the same values
velvet-ballastics:check |     --> crates/vb_compile/src/lib.rs:3964:13
velvet-ballastics:check |      |
velvet-ballastics:check | 3950 |             Err(CompileErrors(ref errors)) => {
velvet-ballastics:check |      |             ------------------------------ matches some of the same values
velvet-ballastics:check | ...
velvet-ballastics:check | 3963 |             Ok(_) => panic!("Expected error, got Ok"),
velvet-ballastics:check |      |             ----- matches some of the same values
velvet-ballastics:check | 3964 |             other => panic!("Expected CompileErrors, got: {:?}", other),
velvet-ballastics:check |      |             ^^^^^ collectively making this unreachable

velvet-ballastics:check | warning: unreachable pattern
velvet-ballastics:check |     --> crates/vb_compile/src/lib.rs:4004:13
velvet-ballastics:check |      |
velvet-ballastics:check | 4004 |             other => panic!("Expected CompileErrors, got: {:?}", other),
velvet-ballastics:check |      |             ^^^^^ no value can reach this
velvet-ballastics:check |      |
velvet-ballastics:check | note: multiple earlier patterns match some of the same values
velvet-ballastics:check |     --> crates/vb_compile/src/lib.rs:4004:13
velvet-ballastics:check |      |
velvet-ballastics:check | 3987 |             Err(CompileErrors(ref errors)) => {
velvet-ballastics:check |      |             ------------------------------ matches some of the same values
velvet-ballastics:check | ...
velvet-ballastics:check | 4003 |             Ok(_) => panic!("Expected error, got Ok"),
velvet-ballastics:check |      |             ----- matches some of the same values
velvet-ballastics:check | 4004 |             other => panic!("Expected CompileErrors, got: {:?}", other),
velvet-ballastics:check |      |             ^^^^^ collectively making this unreachable

velvet-ballastics:check | warning: unreachable pattern
velvet-ballastics:check |     --> crates/vb_compile/src/lib.rs:4030:13
velvet-ballastics:check |      |
velvet-ballastics:check | 4030 |             other => panic!("Expected CompileErrors, got: {:?}", other),
velvet-ballastics:check |      |             ^^^^^ no value can reach this
velvet-ballastics:check |      |
velvet-ballastics:check | note: multiple earlier patterns match some of the same values
velvet-ballastics:check |     --> crates/vb_compile/src/lib.rs:4030:13
velvet-ballastics:check |      |
velvet-ballastics:check | 4016 |             Err(CompileErrors(ref errors)) => {
velvet-ballastics:check |      |             ------------------------------ matches some of the same values
velvet-ballastics:check | ...
velvet-ballastics:check | 4029 |             Ok(_) => panic!("Expected error, got Ok"),
velvet-ballastics:check |      |             ----- matches some of the same values
velvet-ballastics:check | 4030 |             other => panic!("Expected CompileErrors, got: {:?}", other),
velvet-ballastics:check |      |             ^^^^^ collectively making this unreachable

velvet-ballastics:check | warning: unreachable pattern
velvet-ballastics:check |     --> crates/vb_compile/src/lib.rs:4071:13
velvet-ballastics:check |      |
velvet-ballastics:check | 4071 |             other => panic!("Expected CompileErrors, got: {:?}", other),
velvet-ballastics:check |      |             ^^^^^ no value can reach this
velvet-ballastics:check |      |
velvet-ballastics:check | note: multiple earlier patterns match some of the same values
velvet-ballastics:check |     --> crates/vb_compile/src/lib.rs:4071:13
velvet-ballastics:check |      |
velvet-ballastics:check | 4054 |             Err(CompileErrors(ref errors)) => {
velvet-ballastics:check |      |             ------------------------------ matches some of the same values
velvet-ballastics:check | ...
velvet-ballastics:check | 4070 |             Ok(_) => panic!("Expected error, got Ok"),
velvet-ballastics:check |      |             ----- matches some of the same values
velvet-ballastics:check | 4071 |             other => panic!("Expected CompileErrors, got: {:?}", other),
velvet-ballastics:check |      |             ^^^^^ collectively making this unreachable

velvet-ballastics:check | warning: unreachable pattern
velvet-ballastics:check |     --> crates/vb_compile/src/lib.rs:4121:13
velvet-ballastics:check |      |
velvet-ballastics:check | 4121 |             other => panic!("Expected CompileErrors, got: {:?}", other),
velvet-ballastics:check |      |             ^^^^^ no value can reach this
velvet-ballastics:check |      |
velvet-ballastics:check | note: multiple earlier patterns match some of the same values
velvet-ballastics:check |     --> crates/vb_compile/src/lib.rs:4121:13
velvet-ballastics:check |      |
velvet-ballastics:check | 4104 |             Err(CompileErrors(ref errors)) => {
velvet-ballastics:check |      |             ------------------------------ matches some of the same values
velvet-ballastics:check | ...
velvet-ballastics:check | 4120 |             Ok(_) => panic!("Expected error, got Ok"),
velvet-ballastics:check |      |             ----- matches some of the same values
velvet-ballastics:check | 4121 |             other => panic!("Expected CompileErrors, got: {:?}", other),
velvet-ballastics:check |      |             ^^^^^ collectively making this unreachable

velvet-ballastics:check | warning: unreachable pattern
velvet-ballastics:check |     --> crates/vb_compile/src/lib.rs:4224:13
velvet-ballastics:check |      |
velvet-ballastics:check | 4224 |             other => panic!("Expected CompileErrors, got: {:?}", other),
velvet-ballastics:check |      |             ^^^^^ no value can reach this
velvet-ballastics:check |      |
velvet-ballastics:check | note: multiple earlier patterns match some of the same values
velvet-ballastics:check |     --> crates/vb_compile/src/lib.rs:4224:13
velvet-ballastics:check |      |
velvet-ballastics:check | 4215 |             Err(CompileErrors(ref errors)) => {
velvet-ballastics:check |      |             ------------------------------ matches some of the same values
velvet-ballastics:check | ...
velvet-ballastics:check | 4223 |             Ok(_) => panic!("Expected error, got Ok"),
velvet-ballastics:check |      |             ----- matches some of the same values
velvet-ballastics:check | 4224 |             other => panic!("Expected CompileErrors, got: {:?}", other),
velvet-ballastics:check |      |             ^^^^^ collectively making this unreachable

velvet-ballastics:check |     Checking vb_ui_snapshot v0.1.0 (/home/lewis/src/Velvet-ballistics-femdation-p0p1-25/crates/vb_ui_snapshot)
velvet-ballastics:check |     Checking vb_runtime v0.1.0 (/home/lewis/src/Velvet-ballistics-femdation-p0p1-25/crates/vb_runtime)
velvet-ballastics:check |     Checking velvet-ballastics-fuzz v0.1.0 (/home/lewis/src/Velvet-ballistics-femdation-p0p1-25/fuzz)
velvet-ballastics:check | warning: unused import: `replay_events`
velvet-ballastics:check |   --> crates/vb_storage/tests/vb_h6ix_integration.rs:14:81
velvet-ballastics:check |    |
velvet-ballastics:check | 14 |     ActionReplayTracker, RecoveryError, extract_terminal, recover_full_journal, replay_events,
velvet-ballastics:check |    |                                                                                 ^^^^^^^^^^^^^
velvet-ballastics:check |    |
velvet-ballastics:check |    = note: `#[warn(unused_imports)]` (part of `#[warn(unused)]`) on by default

velvet-ballastics:check | warning: unused import: `vb_storage::records::CompiledIrRecord`
velvet-ballastics:check |    --> crates/vb_storage/tests/accepted_artifact_red_phase.rs:235:9
velvet-ballastics:check |     |
velvet-ballastics:check | 235 |     use vb_storage::records::CompiledIrRecord;
velvet-ballastics:check |     |         ^^^^^^^^^^^^^^^^^^^^^^^^^^^^^^^^^^^^^
velvet-ballastics:check |     |
velvet-ballastics:check |     = note: `#[warn(unused_imports)]` (part of `#[warn(unused)]`) on by default

velvet-ballastics:check | warning: `vb_compile` (lib test) generated 8 warnings
velvet-ballastics:check | warning: `vb_storage` (test "vb_h6ix_integration") generated 1 warning (run `cargo fix --test "vb_h6ix_integration" -p vb_storage` to apply 1 suggestion)
velvet-ballastics:check | warning: `vb_validate` (lib test) generated 2 warnings (run `cargo fix --lib -p vb_validate --tests` to apply 1 suggestion)
velvet-ballastics:check | warning: `vb_storage` (test "accepted_artifact_red_phase") generated 1 warning (run `cargo fix --test "accepted_artifact_red_phase" -p vb_storage` to apply 1 suggestion)
velvet-ballastics:check |     Checking xtask v0.1.0 (/home/lewis/src/Velvet-ballistics-femdation-p0p1-25/xtask)
velvet-ballastics:check |     Checking vb_ipc v0.1.0 (/home/lewis/src/Velvet-ballistics-femdation-p0p1-25/crates/vb_ipc)
velvet-ballastics:check | warning: unused variable: `output`
velvet-ballastics:check |    --> xtask/tests/integration_gates.rs:366:9
velvet-ballastics:check |     |
velvet-ballastics:check | 366 |     let output = run_xtask(&["ai-fast", "--bead", bead_id]);
velvet-ballastics:check |     |         ^^^^^^ help: if this is intentional, prefix it with an underscore: `_output`
velvet-ballastics:check |     |
velvet-ballastics:check |     = note: `#[warn(unused_variables)]` (part of `#[warn(unused)]`) on by default

velvet-ballastics:check | warning: unused variable: `evidence_dir`
velvet-ballastics:check |    --> xtask/tests/integration_gates.rs:386:9
velvet-ballastics:check |     |
velvet-ballastics:check | 386 |     let evidence_dir = PathBuf::from(".evidence");
velvet-ballastics:check |     |         ^^^^^^^^^^^^ help: if this is intentional, prefix it with an underscore: `_evidence_dir`

velvet-ballastics:check | warning: unused variable: `output`
velvet-ballastics:check |    --> xtask/tests/integration_gates.rs:452:9
velvet-ballastics:check |     |
velvet-ballastics:check | 452 |     let output = run_xtask(&["ai-fast", "--bead", bead_id]);
velvet-ballastics:check |     |         ^^^^^^ help: if this is intentional, prefix it with an underscore: `_output`

velvet-ballastics:check | warning: unused import: `std::path::PathBuf`
velvet-ballastics:check |   --> xtask/src/gates.rs:15:5
velvet-ballastics:check |    |
velvet-ballastics:check | 15 | use std::path::PathBuf;
velvet-ballastics:check |    |     ^^^^^^^^^^^^^^^^^^
velvet-ballastics:check |    |
velvet-ballastics:check |    = note: `#[warn(unused_imports)]` (part of `#[warn(unused)]`) on by default

velvet-ballastics:check | warning: `xtask` (test "integration_gates") generated 3 warnings (run `cargo fix --test "integration_gates" -p xtask` to apply 3 suggestions)
velvet-ballastics:check | error[E0282]: type annotations needed
velvet-ballastics:check |    --> crates/vb_storage/src/vb_2bok_durability_gate_tests.rs:208:13
velvet-ballastics:check |     |
velvet-ballastics:check | 208 |             Ok(())
velvet-ballastics:check |     |             ^^ cannot infer type of the type parameter `E` declared on the enum `Result`
velvet-ballastics:check |     |
velvet-ballastics:check | help: consider specifying the generic arguments
velvet-ballastics:check |     |
velvet-ballastics:check | 208 |             Ok::<(), E>(())
velvet-ballastics:check |     |               +++++++++

velvet-ballastics:check | error[E0282]: type annotations needed
velvet-ballastics:check |    --> crates/vb_storage/src/vb_2bok_durability_gate_tests.rs:234:13
velvet-ballastics:check |     |
velvet-ballastics:check | 234 |             Ok(())
velvet-ballastics:check |     |             ^^ cannot infer type of the type parameter `E` declared on the enum `Result`
velvet-ballastics:check |     |
velvet-ballastics:check | help: consider specifying the generic arguments
velvet-ballastics:check |     |
velvet-ballastics:check | 234 |             Ok::<(), E>(())
velvet-ballastics:check |     |               +++++++++

velvet-ballastics:check | error[E0282]: type annotations needed
velvet-ballastics:check |     --> crates/vb_storage/src/vb_2bok_durability_gate_tests.rs:1046:13
velvet-ballastics:check |      |
velvet-ballastics:check | 1046 |             Ok(())
velvet-ballastics:check |      |             ^^ cannot infer type of the type parameter `E` declared on the enum `Result`
velvet-ballastics:check |      |
velvet-ballastics:check | help: consider specifying the generic arguments
velvet-ballastics:check |      |
velvet-ballastics:check | 1046 |             Ok::<(), E>(())
velvet-ballastics:check |      |               +++++++++

velvet-ballastics:check | error[E0282]: type annotations needed
velvet-ballastics:check |     --> crates/vb_storage/src/vb_2bok_durability_gate_tests.rs:1085:13
velvet-ballastics:check |      |
velvet-ballastics:check | 1085 |             Ok(())
velvet-ballastics:check |      |             ^^ cannot infer type of the type parameter `E` declared on the enum `Result`
velvet-ballastics:check |      |
velvet-ballastics:check | help: consider specifying the generic arguments
velvet-ballastics:check |      |
velvet-ballastics:check | 1085 |             Ok::<(), E>(())
velvet-ballastics:check |      |               +++++++++

velvet-ballastics:check | error[E0282]: type annotations needed
velvet-ballastics:check |     --> crates/vb_storage/src/vb_2bok_durability_gate_tests.rs:1580:13
velvet-ballastics:check |      |
velvet-ballastics:check | 1580 |             Ok(())
velvet-ballastics:check |      |             ^^ cannot infer type of the type parameter `E` declared on the enum `Result`
velvet-ballastics:check |      |
velvet-ballastics:check | help: consider specifying the generic arguments
velvet-ballastics:check |      |
velvet-ballastics:check | 1580 |             Ok::<(), E>(())
velvet-ballastics:check |      |               +++++++++

velvet-ballastics:check | warning: `vb_core` (lib test) generated 16 warnings (run `cargo fix --lib -p vb_core --tests` to apply 16 suggestions)
velvet-ballastics:check | warning: unused variable: `replayed`
velvet-ballastics:check |   --> crates/vb_storage/src/recovery/vb_h6ix_tests.rs:74:16
velvet-ballastics:check |    |
velvet-ballastics:check | 74 |         let Ok(replayed) = result else {
velvet-ballastics:check |    |                ^^^^^^^^ help: if this is intentional, prefix it with an underscore: `_replayed`
velvet-ballastics:check |    |
velvet-ballastics:check |    = note: `#[warn(unused_variables)]` (part of `#[warn(unused)]`) on by default

velvet-ballastics:check | warning: multiple variants are never constructed
velvet-ballastics:check |   --> xtask/src/evidence.rs:68:5
velvet-ballastics:check |    |
velvet-ballastics:check | 66 | pub enum Error {
velvet-ballastics:check |    |          ----- variants in this enum
velvet-ballastics:check | 67 |     /// Gate exceeded its configured timeout duration.
velvet-ballastics:check | 68 |     GateTimeout { gate: String, duration_secs: u64 },
velvet-ballastics:check |    |     ^^^^^^^^^^^
velvet-ballastics:check | ...
velvet-ballastics:check | 76 |     MissingEvidence { gate: String, path: PathBuf },
velvet-ballastics:check |    |     ^^^^^^^^^^^^^^^
velvet-ballastics:check | 77 |     /// YAML serialization or file write failed.
velvet-ballastics:check | 78 |     EvidenceWriteFailed {
velvet-ballastics:check |    |     ^^^^^^^^^^^^^^^^^^^
velvet-ballastics:check | ...
velvet-ballastics:check | 86 |     BeadDirectoryCreationFailed { bead: String, cause: String },
velvet-ballastics:check |    |     ^^^^^^^^^^^^^^^^^^^^^^^^^^^
velvet-ballastics:check | 87 |     /// saphyr error during evidence serialization.
velvet-ballastics:check | 88 |     YamlSerializationFailed { gate: String, cause: String },
velvet-ballastics:check |    |     ^^^^^^^^^^^^^^^^^^^^^^^
velvet-ballastics:check | 89 |     /// moon run task returned non-zero.
velvet-ballastics:check | 90 |     UpstreamMoonFailed { task: String, cause: String },
velvet-ballastics:check |    |     ^^^^^^^^^^^^^^^^^^
velvet-ballastics:check | 91 |     /// just recipe returned non-zero.
velvet-ballastics:check | 92 |     UpstreamJustFailed { recipe: String, cause: String },
velvet-ballastics:check |    |     ^^^^^^^^^^^^^^^^^^
velvet-ballastics:check |    |
velvet-ballastics:check |    = note: `Error` has derived impls for the traits `Clone` and `Debug`, but these are intentionally ignored during dead code analysis
velvet-ballastics:check |    = note: `#[warn(dead_code)]` (part of `#[warn(unused)]`) on by default

velvet-ballastics:check | warning: methods `gates` and `evidence_file` are never used
velvet-ballastics:check |    --> xtask/src/evidence.rs:176:12
velvet-ballastics:check |     |
velvet-ballastics:check | 174 | impl GateProfile {
velvet-ballastics:check |     | ---------------- methods in this implementation
velvet-ballastics:check | 175 |     /// Returns the list of gates in this profile.
velvet-ballastics:check | 176 |     pub fn gates(self) -> &'static [&'static str] {
velvet-ballastics:check |     |            ^^^^^
velvet-ballastics:check | ...
velvet-ballastics:check | 204 |     pub fn evidence_file(self) -> &'static str {
velvet-ballastics:check |     |            ^^^^^^^^^^^^^

velvet-ballastics:check | warning: function `explain_failure` is never used
velvet-ballastics:check |    --> xtask/src/evidence.rs:275:8
velvet-ballastics:check |     |
velvet-ballastics:check | 275 | pub fn explain_failure(evidence: &GateEvidence) -> Option<WhyFailed> {
velvet-ballastics:check |     |        ^^^^^^^^^^^^^^^

velvet-ballastics:check | warning: function `validate_evidence_dir` is never used
velvet-ballastics:check |    --> xtask/src/evidence.rs:292:8
velvet-ballastics:check |     |
velvet-ballastics:check | 292 | pub fn validate_evidence_dir(dir: &Path, required_gates: &[&str]) -> Result<Vec<Error>> {
velvet-ballastics:check |     |        ^^^^^^^^^^^^^^^^^^^^^

velvet-ballastics:check | warning: function `write_evidence` is never used
velvet-ballastics:check |    --> xtask/src/evidence.rs:324:8
velvet-ballastics:check |     |
velvet-ballastics:check | 324 | pub fn write_evidence(evidence: &GateEvidence, path: &Path) -> Result<()> {
velvet-ballastics:check |     |        ^^^^^^^^^^^^^^

velvet-ballastics:check | warning: `xtask` (bin "xtask") generated 6 warnings (run `cargo fix --bin "xtask" -p xtask` to apply 1 suggestion)
velvet-ballastics:check | For more information about this error, try `rustc --explain E0282`.
velvet-ballastics:check | warning: `vb_storage` (lib test) generated 1 warning
velvet-ballastics:check | error: could not compile `vb_storage` (lib test) due to 5 previous errors; 1 warning emitted
velvet-ballastics:check | warning: build failed, waiting for other jobs to finish...
velvet-ballastics:check | warning: variant `EvidenceWriteFailed` is never constructed
velvet-ballastics:check |   --> xtask/src/evidence.rs:78:5
velvet-ballastics:check |    |
velvet-ballastics:check | 66 | pub enum Error {
velvet-ballastics:check |    |          ----- variant in this enum
velvet-ballastics:check | ...
velvet-ballastics:check | 78 |     EvidenceWriteFailed {
velvet-ballastics:check |    |     ^^^^^^^^^^^^^^^^^^^
velvet-ballastics:check |    |
velvet-ballastics:check |    = note: `Error` has derived impls for the traits `Clone` and `Debug`, but these are intentionally ignored during dead code analysis
velvet-ballastics:check |    = note: `#[warn(dead_code)]` (part of `#[warn(unused)]`) on by default

velvet-ballastics:check | warning: `xtask` (bin "xtask" test) generated 2 warnings (1 duplicate)
velvet-ballastics:check | warning: variable does not need to be mutable
velvet-ballastics:check |    --> crates/vb_runtime/src/engine/tests.rs:665:9
velvet-ballastics:check |     |
velvet-ballastics:check | 665 |     let mut run = match RunFrame::new(RunId::new(1), StepIdx::new(0), 4, 2) {
velvet-ballastics:check |     |         ----^^^
velvet-ballastics:check |     |         |
velvet-ballastics:check |     |         help: remove this `mut`
velvet-ballastics:check |     |
velvet-ballastics:check |     = note: `#[warn(unused_mut)]` (part of `#[warn(unused)]`) on by default

velvet-ballastics:check | warning: unused variable: `run`
velvet-ballastics:check |    --> crates/vb_runtime/src/engine/tests.rs:665:9
velvet-ballastics:check |     |
velvet-ballastics:check | 665 |     let mut run = match RunFrame::new(RunId::new(1), StepIdx::new(0), 4, 2) {
velvet-ballastics:check |     |         ^^^^^^^ help: if this is intentional, prefix it with an underscore: `_run`
velvet-ballastics:check |     |
velvet-ballastics:check |     = note: `#[warn(unused_variables)]` (part of `#[warn(unused)]`) on by default

velvet-ballastics:check | warning: variable does not need to be mutable
velvet-ballastics:check |    --> crates/vb_runtime/src/engine/tests.rs:683:9
velvet-ballastics:check |     |
velvet-ballastics:check | 683 |     let mut run = match RunFrame::new(RunId::new(1), StepIdx::new(0), 4, 2) {
velvet-ballastics:check |     |         ----^^^
velvet-ballastics:check |     |         |
velvet-ballastics:check |     |         help: remove this `mut`

velvet-ballastics:check | warning: unused variable: `run`
velvet-ballastics:check |    --> crates/vb_runtime/src/engine/tests.rs:683:9
velvet-ballastics:check |     |
velvet-ballastics:check | 683 |     let mut run = match RunFrame::new(RunId::new(1), StepIdx::new(0), 4, 2) {
velvet-ballastics:check |     |         ^^^^^^^ help: if this is intentional, prefix it with an underscore: `_run`

velvet-ballastics:check | warning: variable does not need to be mutable
velvet-ballastics:check |    --> crates/vb_runtime/src/engine/tests.rs:709:9
velvet-ballastics:check |     |
velvet-ballastics:check | 709 |     let mut run = match RunFrame::new(RunId::new(1), StepIdx::new(0), 4, 2) {
velvet-ballastics:check |     |         ----^^^
velvet-ballastics:check |     |         |
velvet-ballastics:check |     |         help: remove this `mut`

velvet-ballastics:check | warning: unused variable: `run`
velvet-ballastics:check |    --> crates/vb_runtime/src/engine/tests.rs:709:9
velvet-ballastics:check |     |
velvet-ballastics:check | 709 |     let mut run = match RunFrame::new(RunId::new(1), StepIdx::new(0), 4, 2) {
velvet-ballastics:check |     |         ^^^^^^^ help: if this is intentional, prefix it with an underscore: `_run`

velvet-ballastics:check | warning: variable does not need to be mutable
velvet-ballastics:check |    --> crates/vb_runtime/src/engine/tests.rs:741:9
velvet-ballastics:check |     |
velvet-ballastics:check | 741 |     let mut run = match RunFrame::new(RunId::new(1), StepIdx::new(0), 4, 2) {
velvet-ballastics:check |     |         ----^^^
velvet-ballastics:check |     |         |
velvet-ballastics:check |     |         help: remove this `mut`

velvet-ballastics:check | warning: unused variable: `run`
velvet-ballastics:check |    --> crates/vb_runtime/src/engine/tests.rs:741:9
velvet-ballastics:check |     |
velvet-ballastics:check | 741 |     let mut run = match RunFrame::new(RunId::new(1), StepIdx::new(0), 4, 2) {
velvet-ballastics:check |     |         ^^^^^^^ help: if this is intentional, prefix it with an underscore: `_run`

velvet-ballastics:check | warning: variable does not need to be mutable
velvet-ballastics:check |     --> crates/vb_runtime/src/engine/tests.rs:1333:9
velvet-ballastics:check |      |
velvet-ballastics:check | 1333 |     let mut run = match RunFrame::new(RunId::new(1), StepIdx::new(0), 4, 2) {
velvet-ballastics:check |      |         ----^^^
velvet-ballastics:check |      |         |
velvet-ballastics:check |      |         help: remove this `mut`

velvet-ballastics:check | warning: unused variable: `run`
velvet-ballastics:check |     --> crates/vb_runtime/src/engine/tests.rs:1333:9
velvet-ballastics:check |      |
velvet-ballastics:check | 1333 |     let mut run = match RunFrame::new(RunId::new(1), StepIdx::new(0), 4, 2) {
velvet-ballastics:check |      |         ^^^^^^^ help: if this is intentional, prefix it with an underscore: `_run`

velvet-ballastics:check | warning: variable does not need to be mutable
velvet-ballastics:check |     --> crates/vb_runtime/src/engine/tests.rs:2158:13
velvet-ballastics:check |      |
velvet-ballastics:check | 2158 |         let mut run = RunFrame::new(RunId::new(99), StepIdx::ZERO, 4, 2)
velvet-ballastics:check |      |             ----^^^
velvet-ballastics:check |      |             |
velvet-ballastics:check |      |             help: remove this `mut`

velvet-ballastics:check | warning: unused variable: `run`
velvet-ballastics:check |     --> crates/vb_runtime/src/engine/tests.rs:2158:13
velvet-ballastics:check |      |
velvet-ballastics:check | 2158 |         let mut run = RunFrame::new(RunId::new(99), StepIdx::ZERO, 4, 2)
velvet-ballastics:check |      |             ^^^^^^^ help: if this is intentional, prefix it with an underscore: `_run`

velvet-ballastics:check | warning: variable does not need to be mutable
velvet-ballastics:check |     --> crates/vb_runtime/src/engine/tests.rs:2236:13
velvet-ballastics:check |      |
velvet-ballastics:check | 2236 |         let mut run = RunFrame::new(RunId::new(1), StepIdx::ZERO, 4, 2)
velvet-ballastics:check |      |             ----^^^
velvet-ballastics:check |      |             |
velvet-ballastics:check |      |             help: remove this `mut`

velvet-ballastics:check | warning: unused variable: `run`
velvet-ballastics:check |     --> crates/vb_runtime/src/engine/tests.rs:2236:13
velvet-ballastics:check |      |
velvet-ballastics:check | 2236 |         let mut run = RunFrame::new(RunId::new(1), StepIdx::ZERO, 4, 2)
velvet-ballastics:check |      |             ^^^^^^^ help: if this is intentional, prefix it with an underscore: `_run`

velvet-ballastics:check | warning: unused variable: `first_page`
velvet-ballastics:check |     --> crates/vb_runtime/src/primitives/../collect_tests.rs:3050:9
velvet-ballastics:check |      |
velvet-ballastics:check | 3050 |     let first_page = slot_list_id(&run, collector)?;
velvet-ballastics:check |      |         ^^^^^^^^^^ help: if this is intentional, prefix it with an underscore: `_first_page`

velvet-ballastics:check | warning: variable does not need to be mutable
velvet-ballastics:check |     --> crates/vb_runtime/src/shard/tests.rs:6350:9
velvet-ballastics:check |      |
velvet-ballastics:check | 6350 |     let mut shard = Shard::new(config);
velvet-ballastics:check |      |         ----^^^^^
velvet-ballastics:check |      |         |
velvet-ballastics:check |      |         help: remove this `mut`

velvet-ballastics:check | warning: variable does not need to be mutable
velvet-ballastics:check |     --> crates/vb_runtime/src/shard/tests.rs:6361:9
velvet-ballastics:check |      |
velvet-ballastics:check | 6361 |     let mut shard = Shard::new(config);
velvet-ballastics:check |      |         ----^^^^^
velvet-ballastics:check |      |         |
velvet-ballastics:check |      |         help: remove this `mut`

velvet-ballastics:check | warning: `vb_runtime` (lib test) generated 17 warnings (run `cargo fix --lib -p vb_runtime --tests` to apply 17 suggestions)
▮▮▮▮ velvet-ballastics:check (2s 241ms, 9da9eb7b)
Error: task_runner::run_failed

  × Task velvet-ballastics:check failed to run.
  ╰─▶ Process set failed: exit code 101

TASK_STATUS:1
FMT_STATUS:0
crates/vb_core/src/workflow/mod.rs:729:pub fn validate_symbol_references(parts: &WorkflowParts) -> Result<(), WorkflowError> {
API_PRESENT:pub fn validate_symbol_references
crates/vb_core/src/workflow/mod.rs:724:pub fn validate_resource_references(parts: &WorkflowParts) -> Result<(), WorkflowError> {
API_PRESENT:pub fn validate_resource_references
crates/vb_validate/src/shared.rs:156:pub fn validate_action_references(
API_PRESENT:pub fn validate_action_references

=== TASK nightly-feature-cargo-probe ===
▮▮▮▮ installing rust nightly-2026-04-28
▮▮▮▮ velvet-ballastics:agent-cli-contract (18ae27a4)
▮▮▮▮ velvet-ballastics:agent-cli-contract (35ms, 18ae27a4)
▮▮▮▮ velvet-ballastics:nightly-feature-gate (45a8d3f3)
velvet-ballastics:nightly-feature-cargo-probe | warning: /home/lewis/src/Velvet-ballistics-femdation-p0p1-25/crates/velvet_ballastics/Cargo.toml: file `/home/lewis/src/Velvet-ballistics-femdation-p0p1-25/crates/velvet_ballastics/src/main.rs` found to be present in multiple build targets:
velvet-ballastics:nightly-feature-cargo-probe |   * `bin` target `vb`
velvet-ballastics:nightly-feature-cargo-probe |   * `bin` target `velvet-ballistics`
velvet-ballastics:nightly-feature-cargo-probe | warning: skipping duplicate package `bitflags v2.10.0 (https://github.com/makepad/makepad?branch=dev#20b6c53b)`:
velvet-ballastics:nightly-feature-cargo-probe |   /cache/cargo-shared/git/checkouts/makepad-ec2f134f34cd9f98/20b6c53/libs/vulkan/bitflags/Cargo.toml
velvet-ballastics:nightly-feature-cargo-probe | in favor of /cache/cargo-shared/git/checkouts/makepad-ec2f134f34cd9f98/20b6c53/libs/bitflags/Cargo.toml

▮▮▮▮ velvet-ballastics:nightly-feature-gate (2s 860ms, 45a8d3f3)
▮▮▮▮ velvet-ballastics:nightly-feature-cargo-probe (b99d1f0e)
velvet-ballastics:nightly-feature-cargo-probe |     Checking velvet_ballastics v0.1.0 (/home/lewis/src/Velvet-ballistics-femdation-p0p1-25/crates/velvet_ballastics)
velvet-ballastics:nightly-feature-cargo-probe |     Checking velvet-ballastics-workspace v0.1.0 (/home/lewis/src/Velvet-ballistics-femdation-p0p1-25)
velvet-ballastics:nightly-feature-cargo-probe | warning: unused variable: `output`
velvet-ballastics:nightly-feature-cargo-probe |    --> xtask/tests/integration_gates.rs:366:9
velvet-ballastics:nightly-feature-cargo-probe |     |
velvet-ballastics:nightly-feature-cargo-probe | 366 |     let output = run_xtask(&["ai-fast", "--bead", bead_id]);
velvet-ballastics:nightly-feature-cargo-probe |     |         ^^^^^^ help: if this is intentional, prefix it with an underscore: `_output`
velvet-ballastics:nightly-feature-cargo-probe |     |
velvet-ballastics:nightly-feature-cargo-probe |     = note: `#[warn(unused_variables)]` (part of `#[warn(unused)]`) on by default

velvet-ballastics:nightly-feature-cargo-probe | warning: unused variable: `evidence_dir`
velvet-ballastics:nightly-feature-cargo-probe |    --> xtask/tests/integration_gates.rs:386:9
velvet-ballastics:nightly-feature-cargo-probe |     |
velvet-ballastics:nightly-feature-cargo-probe | 386 |     let evidence_dir = PathBuf::from(".evidence");
velvet-ballastics:nightly-feature-cargo-probe |     |         ^^^^^^^^^^^^ help: if this is intentional, prefix it with an underscore: `_evidence_dir`

velvet-ballastics:nightly-feature-cargo-probe | warning: unused variable: `output`
velvet-ballastics:nightly-feature-cargo-probe |    --> xtask/tests/integration_gates.rs:452:9
velvet-ballastics:nightly-feature-cargo-probe |     |
velvet-ballastics:nightly-feature-cargo-probe | 452 |     let output = run_xtask(&["ai-fast", "--bead", bead_id]);
velvet-ballastics:nightly-feature-cargo-probe |     |         ^^^^^^ help: if this is intentional, prefix it with an underscore: `_output`

velvet-ballastics:nightly-feature-cargo-probe | warning: unused import: `std::path::PathBuf`
velvet-ballastics:nightly-feature-cargo-probe |   --> xtask/src/gates.rs:15:5
velvet-ballastics:nightly-feature-cargo-probe |    |
velvet-ballastics:nightly-feature-cargo-probe | 15 | use std::path::PathBuf;
velvet-ballastics:nightly-feature-cargo-probe |    |     ^^^^^^^^^^^^^^^^^^
velvet-ballastics:nightly-feature-cargo-probe |    |
velvet-ballastics:nightly-feature-cargo-probe |    = note: `#[warn(unused_imports)]` (part of `#[warn(unused)]`) on by default

velvet-ballastics:nightly-feature-cargo-probe | warning: variant `EvidenceWriteFailed` is never constructed
velvet-ballastics:nightly-feature-cargo-probe |   --> xtask/src/evidence.rs:78:5
velvet-ballastics:nightly-feature-cargo-probe |    |
velvet-ballastics:nightly-feature-cargo-probe | 66 | pub enum Error {
velvet-ballastics:nightly-feature-cargo-probe |    |          ----- variant in this enum
velvet-ballastics:nightly-feature-cargo-probe | ...
velvet-ballastics:nightly-feature-cargo-probe | 78 |     EvidenceWriteFailed {
velvet-ballastics:nightly-feature-cargo-probe |    |     ^^^^^^^^^^^^^^^^^^^
velvet-ballastics:nightly-feature-cargo-probe |    |
velvet-ballastics:nightly-feature-cargo-probe |    = note: `Error` has derived impls for the traits `Clone` and `Debug`, but these are intentionally ignored during dead code analysis
velvet-ballastics:nightly-feature-cargo-probe |    = note: `#[warn(dead_code)]` (part of `#[warn(unused)]`) on by default

velvet-ballastics:nightly-feature-cargo-probe | warning: multiple variants are never constructed
velvet-ballastics:nightly-feature-cargo-probe |   --> xtask/src/evidence.rs:68:5
velvet-ballastics:nightly-feature-cargo-probe |    |
velvet-ballastics:nightly-feature-cargo-probe | 66 | pub enum Error {
velvet-ballastics:nightly-feature-cargo-probe |    |          ----- variants in this enum
velvet-ballastics:nightly-feature-cargo-probe | 67 |     /// Gate exceeded its configured timeout duration.
velvet-ballastics:nightly-feature-cargo-probe | 68 |     GateTimeout { gate: String, duration_secs: u64 },
velvet-ballastics:nightly-feature-cargo-probe |    |     ^^^^^^^^^^^
velvet-ballastics:nightly-feature-cargo-probe | ...
velvet-ballastics:nightly-feature-cargo-probe | 76 |     MissingEvidence { gate: String, path: PathBuf },
velvet-ballastics:nightly-feature-cargo-probe |    |     ^^^^^^^^^^^^^^^
velvet-ballastics:nightly-feature-cargo-probe | 77 |     /// YAML serialization or file write failed.
velvet-ballastics:nightly-feature-cargo-probe | 78 |     EvidenceWriteFailed {
velvet-ballastics:nightly-feature-cargo-probe |    |     ^^^^^^^^^^^^^^^^^^^
velvet-ballastics:nightly-feature-cargo-probe | ...
velvet-ballastics:nightly-feature-cargo-probe | 86 |     BeadDirectoryCreationFailed { bead: String, cause: String },
velvet-ballastics:nightly-feature-cargo-probe |    |     ^^^^^^^^^^^^^^^^^^^^^^^^^^^
velvet-ballastics:nightly-feature-cargo-probe | 87 |     /// saphyr error during evidence serialization.
velvet-ballastics:nightly-feature-cargo-probe | 88 |     YamlSerializationFailed { gate: String, cause: String },
velvet-ballastics:nightly-feature-cargo-probe |    |     ^^^^^^^^^^^^^^^^^^^^^^^
velvet-ballastics:nightly-feature-cargo-probe | 89 |     /// moon run task returned non-zero.
velvet-ballastics:nightly-feature-cargo-probe | 90 |     UpstreamMoonFailed { task: String, cause: String },
velvet-ballastics:nightly-feature-cargo-probe |    |     ^^^^^^^^^^^^^^^^^^
velvet-ballastics:nightly-feature-cargo-probe | 91 |     /// just recipe returned non-zero.
velvet-ballastics:nightly-feature-cargo-probe | 92 |     UpstreamJustFailed { recipe: String, cause: String },
velvet-ballastics:nightly-feature-cargo-probe |    |     ^^^^^^^^^^^^^^^^^^
velvet-ballastics:nightly-feature-cargo-probe |    |
velvet-ballastics:nightly-feature-cargo-probe |    = note: `Error` has derived impls for the traits `Clone` and `Debug`, but these are intentionally ignored during dead code analysis
velvet-ballastics:nightly-feature-cargo-probe |    = note: `#[warn(dead_code)]` (part of `#[warn(unused)]`) on by default

velvet-ballastics:nightly-feature-cargo-probe | warning: methods `gates` and `evidence_file` are never used
velvet-ballastics:nightly-feature-cargo-probe |    --> xtask/src/evidence.rs:176:12
velvet-ballastics:nightly-feature-cargo-probe |     |
velvet-ballastics:nightly-feature-cargo-probe | 174 | impl GateProfile {
velvet-ballastics:nightly-feature-cargo-probe |     | ---------------- methods in this implementation
velvet-ballastics:nightly-feature-cargo-probe | 175 |     /// Returns the list of gates in this profile.
velvet-ballastics:nightly-feature-cargo-probe | 176 |     pub fn gates(self) -> &'static [&'static str] {
velvet-ballastics:nightly-feature-cargo-probe |     |            ^^^^^
velvet-ballastics:nightly-feature-cargo-probe | ...
velvet-ballastics:nightly-feature-cargo-probe | 204 |     pub fn evidence_file(self) -> &'static str {
velvet-ballastics:nightly-feature-cargo-probe |     |            ^^^^^^^^^^^^^

velvet-ballastics:nightly-feature-cargo-probe | warning: function `explain_failure` is never used
velvet-ballastics:nightly-feature-cargo-probe |    --> xtask/src/evidence.rs:275:8
velvet-ballastics:nightly-feature-cargo-probe |     |
velvet-ballastics:nightly-feature-cargo-probe | 275 | pub fn explain_failure(evidence: &GateEvidence) -> Option<WhyFailed> {
velvet-ballastics:nightly-feature-cargo-probe |     |        ^^^^^^^^^^^^^^^

velvet-ballastics:nightly-feature-cargo-probe | warning: function `validate_evidence_dir` is never used
velvet-ballastics:nightly-feature-cargo-probe |    --> xtask/src/evidence.rs:292:8
velvet-ballastics:nightly-feature-cargo-probe |     |
velvet-ballastics:nightly-feature-cargo-probe | 292 | pub fn validate_evidence_dir(dir: &Path, required_gates: &[&str]) -> Result<Vec<Error>> {
velvet-ballastics:nightly-feature-cargo-probe |     |        ^^^^^^^^^^^^^^^^^^^^^

velvet-ballastics:nightly-feature-cargo-probe | warning: function `write_evidence` is never used
velvet-ballastics:nightly-feature-cargo-probe |    --> xtask/src/evidence.rs:324:8
velvet-ballastics:nightly-feature-cargo-probe |     |
velvet-ballastics:nightly-feature-cargo-probe | 324 | pub fn write_evidence(evidence: &GateEvidence, path: &Path) -> Result<()> {
velvet-ballastics:nightly-feature-cargo-probe |     |        ^^^^^^^^^^^^^^

velvet-ballastics:nightly-feature-cargo-probe | warning: unused import: `vb_storage::records::CompiledIrRecord`
velvet-ballastics:nightly-feature-cargo-probe |    --> crates/vb_storage/tests/accepted_artifact_red_phase.rs:235:9
velvet-ballastics:nightly-feature-cargo-probe |     |
velvet-ballastics:nightly-feature-cargo-probe | 235 |     use vb_storage::records::CompiledIrRecord;
velvet-ballastics:nightly-feature-cargo-probe |     |         ^^^^^^^^^^^^^^^^^^^^^^^^^^^^^^^^^^^^^
velvet-ballastics:nightly-feature-cargo-probe |     |
velvet-ballastics:nightly-feature-cargo-probe |     = note: `#[warn(unused_imports)]` (part of `#[warn(unused)]`) on by default

velvet-ballastics:nightly-feature-cargo-probe | warning: unused import: `replay_events`
velvet-ballastics:nightly-feature-cargo-probe |   --> crates/vb_storage/tests/vb_h6ix_integration.rs:14:81
velvet-ballastics:nightly-feature-cargo-probe |    |
velvet-ballastics:nightly-feature-cargo-probe | 14 |     ActionReplayTracker, RecoveryError, extract_terminal, recover_full_journal, replay_events,
velvet-ballastics:nightly-feature-cargo-probe |    |                                                                                 ^^^^^^^^^^^^^
velvet-ballastics:nightly-feature-cargo-probe |    |
velvet-ballastics:nightly-feature-cargo-probe |    = note: `#[warn(unused_imports)]` (part of `#[warn(unused)]`) on by default

velvet-ballastics:nightly-feature-cargo-probe | warning: variable does not need to be mutable
velvet-ballastics:nightly-feature-cargo-probe |    --> crates/vb_runtime/src/engine/tests.rs:665:9
velvet-ballastics:nightly-feature-cargo-probe |     |
velvet-ballastics:nightly-feature-cargo-probe | 665 |     let mut run = match RunFrame::new(RunId::new(1), StepIdx::new(0), 4, 2) {
velvet-ballastics:nightly-feature-cargo-probe |     |         ----^^^
velvet-ballastics:nightly-feature-cargo-probe |     |         |
velvet-ballastics:nightly-feature-cargo-probe |     |         help: remove this `mut`
velvet-ballastics:nightly-feature-cargo-probe |     |
velvet-ballastics:nightly-feature-cargo-probe |     = note: `#[warn(unused_mut)]` (part of `#[warn(unused)]`) on by default

velvet-ballastics:nightly-feature-cargo-probe | warning: unused variable: `run`
velvet-ballastics:nightly-feature-cargo-probe |    --> crates/vb_runtime/src/engine/tests.rs:665:9
velvet-ballastics:nightly-feature-cargo-probe |     |
velvet-ballastics:nightly-feature-cargo-probe | 665 |     let mut run = match RunFrame::new(RunId::new(1), StepIdx::new(0), 4, 2) {
velvet-ballastics:nightly-feature-cargo-probe |     |         ^^^^^^^ help: if this is intentional, prefix it with an underscore: `_run`
velvet-ballastics:nightly-feature-cargo-probe |     |
velvet-ballastics:nightly-feature-cargo-probe |     = note: `#[warn(unused_variables)]` (part of `#[warn(unused)]`) on by default

velvet-ballastics:nightly-feature-cargo-probe | warning: variable does not need to be mutable
velvet-ballastics:nightly-feature-cargo-probe |    --> crates/vb_runtime/src/engine/tests.rs:683:9
velvet-ballastics:nightly-feature-cargo-probe |     |
velvet-ballastics:nightly-feature-cargo-probe | 683 |     let mut run = match RunFrame::new(RunId::new(1), StepIdx::new(0), 4, 2) {
velvet-ballastics:nightly-feature-cargo-probe |     |         ----^^^
velvet-ballastics:nightly-feature-cargo-probe |     |         |
velvet-ballastics:nightly-feature-cargo-probe |     |         help: remove this `mut`

velvet-ballastics:nightly-feature-cargo-probe | warning: unused variable: `run`
velvet-ballastics:nightly-feature-cargo-probe |    --> crates/vb_runtime/src/engine/tests.rs:683:9
velvet-ballastics:nightly-feature-cargo-probe |     |
velvet-ballastics:nightly-feature-cargo-probe | 683 |     let mut run = match RunFrame::new(RunId::new(1), StepIdx::new(0), 4, 2) {
velvet-ballastics:nightly-feature-cargo-probe |     |         ^^^^^^^ help: if this is intentional, prefix it with an underscore: `_run`

velvet-ballastics:nightly-feature-cargo-probe | warning: variable does not need to be mutable
velvet-ballastics:nightly-feature-cargo-probe |    --> crates/vb_runtime/src/engine/tests.rs:709:9
velvet-ballastics:nightly-feature-cargo-probe |     |
velvet-ballastics:nightly-feature-cargo-probe | 709 |     let mut run = match RunFrame::new(RunId::new(1), StepIdx::new(0), 4, 2) {
velvet-ballastics:nightly-feature-cargo-probe |     |         ----^^^
velvet-ballastics:nightly-feature-cargo-probe |     |         |
velvet-ballastics:nightly-feature-cargo-probe |     |         help: remove this `mut`

velvet-ballastics:nightly-feature-cargo-probe | warning: unused variable: `run`
velvet-ballastics:nightly-feature-cargo-probe |    --> crates/vb_runtime/src/engine/tests.rs:709:9
velvet-ballastics:nightly-feature-cargo-probe |     |
velvet-ballastics:nightly-feature-cargo-probe | 709 |     let mut run = match RunFrame::new(RunId::new(1), StepIdx::new(0), 4, 2) {
velvet-ballastics:nightly-feature-cargo-probe |     |         ^^^^^^^ help: if this is intentional, prefix it with an underscore: `_run`

velvet-ballastics:nightly-feature-cargo-probe | warning: variable does not need to be mutable
velvet-ballastics:nightly-feature-cargo-probe |    --> crates/vb_runtime/src/engine/tests.rs:741:9
velvet-ballastics:nightly-feature-cargo-probe |     |
velvet-ballastics:nightly-feature-cargo-probe | 741 |     let mut run = match RunFrame::new(RunId::new(1), StepIdx::new(0), 4, 2) {
velvet-ballastics:nightly-feature-cargo-probe |     |         ----^^^
velvet-ballastics:nightly-feature-cargo-probe |     |         |
velvet-ballastics:nightly-feature-cargo-probe |     |         help: remove this `mut`

velvet-ballastics:nightly-feature-cargo-probe | warning: unused variable: `run`
velvet-ballastics:nightly-feature-cargo-probe |    --> crates/vb_runtime/src/engine/tests.rs:741:9
velvet-ballastics:nightly-feature-cargo-probe |     |
velvet-ballastics:nightly-feature-cargo-probe | 741 |     let mut run = match RunFrame::new(RunId::new(1), StepIdx::new(0), 4, 2) {
velvet-ballastics:nightly-feature-cargo-probe |     |         ^^^^^^^ help: if this is intentional, prefix it with an underscore: `_run`

velvet-ballastics:nightly-feature-cargo-probe | warning: variable does not need to be mutable
velvet-ballastics:nightly-feature-cargo-probe |     --> crates/vb_runtime/src/engine/tests.rs:1333:9
velvet-ballastics:nightly-feature-cargo-probe |      |
velvet-ballastics:nightly-feature-cargo-probe | 1333 |     let mut run = match RunFrame::new(RunId::new(1), StepIdx::new(0), 4, 2) {
velvet-ballastics:nightly-feature-cargo-probe |      |         ----^^^
velvet-ballastics:nightly-feature-cargo-probe |      |         |
velvet-ballastics:nightly-feature-cargo-probe |      |         help: remove this `mut`

velvet-ballastics:nightly-feature-cargo-probe | warning: unused variable: `run`
velvet-ballastics:nightly-feature-cargo-probe |     --> crates/vb_runtime/src/engine/tests.rs:1333:9
velvet-ballastics:nightly-feature-cargo-probe |      |
velvet-ballastics:nightly-feature-cargo-probe | 1333 |     let mut run = match RunFrame::new(RunId::new(1), StepIdx::new(0), 4, 2) {
velvet-ballastics:nightly-feature-cargo-probe |      |         ^^^^^^^ help: if this is intentional, prefix it with an underscore: `_run`

velvet-ballastics:nightly-feature-cargo-probe | warning: variable does not need to be mutable
velvet-ballastics:nightly-feature-cargo-probe |     --> crates/vb_runtime/src/engine/tests.rs:2158:13
velvet-ballastics:nightly-feature-cargo-probe |      |
velvet-ballastics:nightly-feature-cargo-probe | 2158 |         let mut run = RunFrame::new(RunId::new(99), StepIdx::ZERO, 4, 2)
velvet-ballastics:nightly-feature-cargo-probe |      |             ----^^^
velvet-ballastics:nightly-feature-cargo-probe |      |             |
velvet-ballastics:nightly-feature-cargo-probe |      |             help: remove this `mut`

velvet-ballastics:nightly-feature-cargo-probe | warning: unused variable: `run`
velvet-ballastics:nightly-feature-cargo-probe |     --> crates/vb_runtime/src/engine/tests.rs:2158:13
velvet-ballastics:nightly-feature-cargo-probe |      |
velvet-ballastics:nightly-feature-cargo-probe | 2158 |         let mut run = RunFrame::new(RunId::new(99), StepIdx::ZERO, 4, 2)
velvet-ballastics:nightly-feature-cargo-probe |      |             ^^^^^^^ help: if this is intentional, prefix it with an underscore: `_run`

velvet-ballastics:nightly-feature-cargo-probe | warning: variable does not need to be mutable
velvet-ballastics:nightly-feature-cargo-probe |     --> crates/vb_runtime/src/engine/tests.rs:2236:13
velvet-ballastics:nightly-feature-cargo-probe |      |
velvet-ballastics:nightly-feature-cargo-probe | 2236 |         let mut run = RunFrame::new(RunId::new(1), StepIdx::ZERO, 4, 2)
velvet-ballastics:nightly-feature-cargo-probe |      |             ----^^^
velvet-ballastics:nightly-feature-cargo-probe |      |             |
velvet-ballastics:nightly-feature-cargo-probe |      |             help: remove this `mut`

velvet-ballastics:nightly-feature-cargo-probe | warning: unused variable: `run`
velvet-ballastics:nightly-feature-cargo-probe |     --> crates/vb_runtime/src/engine/tests.rs:2236:13
velvet-ballastics:nightly-feature-cargo-probe |      |
velvet-ballastics:nightly-feature-cargo-probe | 2236 |         let mut run = RunFrame::new(RunId::new(1), StepIdx::ZERO, 4, 2)
velvet-ballastics:nightly-feature-cargo-probe |      |             ^^^^^^^ help: if this is intentional, prefix it with an underscore: `_run`

velvet-ballastics:nightly-feature-cargo-probe | warning: unused variable: `first_page`
velvet-ballastics:nightly-feature-cargo-probe |     --> crates/vb_runtime/src/primitives/../collect_tests.rs:3050:9
velvet-ballastics:nightly-feature-cargo-probe |      |
velvet-ballastics:nightly-feature-cargo-probe | 3050 |     let first_page = slot_list_id(&run, collector)?;
velvet-ballastics:nightly-feature-cargo-probe |      |         ^^^^^^^^^^ help: if this is intentional, prefix it with an underscore: `_first_page`

velvet-ballastics:nightly-feature-cargo-probe | warning: variable does not need to be mutable
velvet-ballastics:nightly-feature-cargo-probe |     --> crates/vb_runtime/src/shard/tests.rs:6350:9
velvet-ballastics:nightly-feature-cargo-probe |      |
velvet-ballastics:nightly-feature-cargo-probe | 6350 |     let mut shard = Shard::new(config);
velvet-ballastics:nightly-feature-cargo-probe |      |         ----^^^^^
velvet-ballastics:nightly-feature-cargo-probe |      |         |
velvet-ballastics:nightly-feature-cargo-probe |      |         help: remove this `mut`

velvet-ballastics:nightly-feature-cargo-probe | warning: variable does not need to be mutable
velvet-ballastics:nightly-feature-cargo-probe |     --> crates/vb_runtime/src/shard/tests.rs:6361:9
velvet-ballastics:nightly-feature-cargo-probe |      |
velvet-ballastics:nightly-feature-cargo-probe | 6361 |     let mut shard = Shard::new(config);
velvet-ballastics:nightly-feature-cargo-probe |      |         ----^^^^^
velvet-ballastics:nightly-feature-cargo-probe |      |         |
velvet-ballastics:nightly-feature-cargo-probe |      |         help: remove this `mut`

velvet-ballastics:nightly-feature-cargo-probe | warning: `xtask` (test "integration_gates") generated 3 warnings (run `cargo fix --test "integration_gates" -p xtask` to apply 3 suggestions)
velvet-ballastics:nightly-feature-cargo-probe | warning: `xtask` (bin "xtask" test) generated 2 warnings (run `cargo fix --bin "xtask" -p xtask --tests` to apply 1 suggestion)
velvet-ballastics:nightly-feature-cargo-probe | warning: `xtask` (bin "xtask") generated 6 warnings (1 duplicate)
velvet-ballastics:nightly-feature-cargo-probe | warning: `vb_storage` (test "accepted_artifact_red_phase") generated 1 warning (run `cargo fix --test "accepted_artifact_red_phase" -p vb_storage` to apply 1 suggestion)
velvet-ballastics:nightly-feature-cargo-probe | warning: `vb_storage` (test "vb_h6ix_integration") generated 1 warning (run `cargo fix --test "vb_h6ix_integration" -p vb_storage` to apply 1 suggestion)
velvet-ballastics:nightly-feature-cargo-probe | warning: `vb_runtime` (lib test) generated 17 warnings (run `cargo fix --lib -p vb_runtime --tests` to apply 17 suggestions)
velvet-ballastics:nightly-feature-cargo-probe |     Checking vb_ui v0.1.0 (/home/lewis/src/Velvet-ballistics-femdation-p0p1-25/crates/vb_ui)
velvet-ballastics:nightly-feature-cargo-probe | warning: unused import: `ResourceContract`
velvet-ballastics:nightly-feature-cargo-probe |   --> crates/vb_core/src/engine/tests/integration_accessor.rs:12:18
velvet-ballastics:nightly-feature-cargo-probe |    |
velvet-ballastics:nightly-feature-cargo-probe | 12 |     PathSegment, ResourceContract, WorkflowParts,
velvet-ballastics:nightly-feature-cargo-probe |    |                  ^^^^^^^^^^^^^^^^
velvet-ballastics:nightly-feature-cargo-probe |    |
velvet-ballastics:nightly-feature-cargo-probe |    = note: `#[warn(unused_imports)]` (part of `#[warn(unused)]`) on by default

velvet-ballastics:nightly-feature-cargo-probe | warning: unused imports: `AccessorIdx`, `ActionId`, `ExprIdx`, `ListId`, and `ObjectId`
velvet-ballastics:nightly-feature-cargo-probe |  --> crates/vb_core/src/engine/tests/integration_basic.rs:7:5
velvet-ballastics:nightly-feature-cargo-probe |   |
velvet-ballastics:nightly-feature-cargo-probe | 7 |     AccessorIdx, ActionId, ConstIdx, ExprIdx, ListId, ObjectId, RunId, SlotIdx, StepIdx, SymbolId,
velvet-ballastics:nightly-feature-cargo-probe |   |     ^^^^^^^^^^^  ^^^^^^^^            ^^^^^^^  ^^^^^^  ^^^^^^^^

velvet-ballastics:nightly-feature-cargo-probe | warning: unused import: `join_taint`
velvet-ballastics:nightly-feature-cargo-probe |   --> crates/vb_core/src/engine/tests/integration_basic.rs:10:50
velvet-ballastics:nightly-feature-cargo-probe |    |
velvet-ballastics:nightly-feature-cargo-probe | 10 | use crate::value::{ConstValue, SlotValue, Taint, join_taint};
velvet-ballastics:nightly-feature-cargo-probe |    |                                                  ^^^^^^^^^^

velvet-ballastics:nightly-feature-cargo-probe | warning: unused imports: `AccessorProgram`, `ExprBranch`, `ExprOp`, `ExprProgram`, `PathSegment`, `ResourceContract`, and `SlotBranch`
velvet-ballastics:nightly-feature-cargo-probe |   --> crates/vb_core/src/engine/tests/integration_basic.rs:13:5
velvet-ballastics:nightly-feature-cargo-probe |    |
velvet-ballastics:nightly-feature-cargo-probe | 13 |     AccessorProgram, CompiledNode, CompiledNodeKind, CompiledWorkflow, ExprBranch, ExprOp,
velvet-ballastics:nightly-feature-cargo-probe |    |     ^^^^^^^^^^^^^^^                                                    ^^^^^^^^^^  ^^^^^^
velvet-ballastics:nightly-feature-cargo-probe | 14 |     ExprProgram, PathSegment, ResourceContract, SlotBranch, WorkflowParts,
velvet-ballastics:nightly-feature-cargo-probe |    |     ^^^^^^^^^^^  ^^^^^^^^^^^  ^^^^^^^^^^^^^^^^  ^^^^^^^^^^

velvet-ballastics:nightly-feature-cargo-probe | warning: unused imports: `eval_accessor_with_store`, `eval_accessor`, and `eval_expr`
velvet-ballastics:nightly-feature-cargo-probe |   --> crates/vb_core/src/engine/tests/integration_basic.rs:18:67
velvet-ballastics:nightly-feature-cargo-probe |    |
velvet-ballastics:nightly-feature-cargo-probe | 18 |     EngineSignal, StepBudget, build_list_impl, build_object_impl, eval_accessor,
velvet-ballastics:nightly-feature-cargo-probe |    |                                                                   ^^^^^^^^^^^^^
velvet-ballastics:nightly-feature-cargo-probe | 19 |     eval_accessor_with_store, eval_expr, new_run_frame, run_until_blocked, step_once,
velvet-ballastics:nightly-feature-cargo-probe |    |     ^^^^^^^^^^^^^^^^^^^^^^^^  ^^^^^^^^^

velvet-ballastics:nightly-feature-cargo-probe | warning: unused import: `crate::errors::EngineError`
velvet-ballastics:nightly-feature-cargo-probe |  --> crates/vb_core/src/engine/tests/integration_budget.rs:4:5
velvet-ballastics:nightly-feature-cargo-probe |   |
velvet-ballastics:nightly-feature-cargo-probe | 4 | use crate::errors::EngineError;
velvet-ballastics:nightly-feature-cargo-probe |   |     ^^^^^^^^^^^^^^^^^^^^^^^^^^

velvet-ballastics:nightly-feature-cargo-probe | warning: unused import: `ResourceContract`
velvet-ballastics:nightly-feature-cargo-probe |  --> crates/vb_core/src/engine/tests/integration_budget.rs:9:55
velvet-ballastics:nightly-feature-cargo-probe |   |
velvet-ballastics:nightly-feature-cargo-probe | 9 |     CompiledNode, CompiledNodeKind, CompiledWorkflow, ResourceContract, WorkflowParts,
velvet-ballastics:nightly-feature-cargo-probe |   |                                                       ^^^^^^^^^^^^^^^^

velvet-ballastics:nightly-feature-cargo-probe | warning: unused import: `step_once`
velvet-ballastics:nightly-feature-cargo-probe |   --> crates/vb_core/src/engine/tests/integration_budget.rs:12:81
velvet-ballastics:nightly-feature-cargo-probe |    |
velvet-ballastics:nightly-feature-cargo-probe | 12 | use crate::engine::{EngineSignal, StepBudget, new_run_frame, run_until_blocked, step_once};
velvet-ballastics:nightly-feature-cargo-probe |    |                                                                                 ^^^^^^^^^

velvet-ballastics:nightly-feature-cargo-probe | warning: unused import: `ResourceContract`
velvet-ballastics:nightly-feature-cargo-probe |  --> crates/vb_core/src/engine/tests/integration_choose.rs:8:5
velvet-ballastics:nightly-feature-cargo-probe |   |
velvet-ballastics:nightly-feature-cargo-probe | 8 |     ResourceContract, SlotBranch, WorkflowParts,
velvet-ballastics:nightly-feature-cargo-probe |   |     ^^^^^^^^^^^^^^^^

velvet-ballastics:nightly-feature-cargo-probe | warning: unused import: `AccessorIdx`
velvet-ballastics:nightly-feature-cargo-probe |  --> crates/vb_core/src/engine/tests/integration_eval.rs:6:18
velvet-ballastics:nightly-feature-cargo-probe |   |
velvet-ballastics:nightly-feature-cargo-probe | 6 | use crate::ids::{AccessorIdx, ConstIdx, ExprIdx, RunId, SlotIdx, StepIdx, WorkflowDigest};
velvet-ballastics:nightly-feature-cargo-probe |   |                  ^^^^^^^^^^^

velvet-ballastics:nightly-feature-cargo-probe | warning: unused imports: `AccessorProgram`, `PathSegment`, and `ResourceContract`
velvet-ballastics:nightly-feature-cargo-probe |   --> crates/vb_core/src/engine/tests/integration_eval.rs:9:5
velvet-ballastics:nightly-feature-cargo-probe |    |
velvet-ballastics:nightly-feature-cargo-probe |  9 |     AccessorProgram, CompiledNode, CompiledNodeKind, CompiledWorkflow, ExprOp, ExprProgram,
velvet-ballastics:nightly-feature-cargo-probe |    |     ^^^^^^^^^^^^^^^
velvet-ballastics:nightly-feature-cargo-probe | 10 |     PathSegment, ResourceContract, WorkflowParts,
velvet-ballastics:nightly-feature-cargo-probe |    |     ^^^^^^^^^^^  ^^^^^^^^^^^^^^^^

velvet-ballastics:nightly-feature-cargo-probe | warning: unused imports: `eval_accessor_with_store` and `eval_accessor`
velvet-ballastics:nightly-feature-cargo-probe |   --> crates/vb_core/src/engine/tests/integration_eval.rs:14:31
velvet-ballastics:nightly-feature-cargo-probe |    |
velvet-ballastics:nightly-feature-cargo-probe | 14 |     EngineSignal, StepBudget, eval_accessor, eval_accessor_with_store, eval_expr, new_run_frame,
velvet-ballastics:nightly-feature-cargo-probe |    |                               ^^^^^^^^^^^^^  ^^^^^^^^^^^^^^^^^^^^^^^^

velvet-ballastics:nightly-feature-cargo-probe | warning: unused imports: `ListId` and `ObjectId`
velvet-ballastics:nightly-feature-cargo-probe |  --> crates/vb_core/src/engine/tests/integration_workflow.rs:7:34
velvet-ballastics:nightly-feature-cargo-probe |   |
velvet-ballastics:nightly-feature-cargo-probe | 7 |     ActionId, ConstIdx, ExprIdx, ListId, ObjectId, RunId, SlotIdx, StepIdx, SymbolId,
velvet-ballastics:nightly-feature-cargo-probe |   |                                  ^^^^^^  ^^^^^^^^

velvet-ballastics:nightly-feature-cargo-probe | warning: unused import: `ObjectField`
velvet-ballastics:nightly-feature-cargo-probe |   --> crates/vb_core/src/engine/tests/integration_workflow.rs:11:26
velvet-ballastics:nightly-feature-cargo-probe |    |
velvet-ballastics:nightly-feature-cargo-probe | 11 | use crate::value_store::{ObjectField, ValueStore};
velvet-ballastics:nightly-feature-cargo-probe |    |                          ^^^^^^^^^^^

velvet-ballastics:nightly-feature-cargo-probe | warning: unused imports: `AccessorProgram`, `ExprBranch`, `PathSegment`, `ResourceContract`, and `SlotBranch`
velvet-ballastics:nightly-feature-cargo-probe |   --> crates/vb_core/src/engine/tests/integration_workflow.rs:13:5
velvet-ballastics:nightly-feature-cargo-probe |    |
velvet-ballastics:nightly-feature-cargo-probe | 13 |     AccessorProgram, CompiledNode, CompiledNodeKind, CompiledWorkflow, ExprBranch, ExprOp,
velvet-ballastics:nightly-feature-cargo-probe |    |     ^^^^^^^^^^^^^^^                                                    ^^^^^^^^^^
velvet-ballastics:nightly-feature-cargo-probe | 14 |     ExprProgram, PathSegment, ResourceContract, SlotBranch, WorkflowParts,
velvet-ballastics:nightly-feature-cargo-probe |    |                  ^^^^^^^^^^^  ^^^^^^^^^^^^^^^^  ^^^^^^^^^^

velvet-ballastics:nightly-feature-cargo-probe | warning: unused imports: `eval_accessor_with_store`, `eval_accessor`, and `eval_expr`
velvet-ballastics:nightly-feature-cargo-probe |   --> crates/vb_core/src/engine/tests/integration_workflow.rs:18:31
velvet-ballastics:nightly-feature-cargo-probe |    |
velvet-ballastics:nightly-feature-cargo-probe | 18 |     EngineSignal, StepBudget, eval_accessor, eval_accessor_with_store, eval_expr, new_run_frame,
velvet-ballastics:nightly-feature-cargo-probe |    |                               ^^^^^^^^^^^^^  ^^^^^^^^^^^^^^^^^^^^^^^^  ^^^^^^^^^

velvet-ballastics:nightly-feature-cargo-probe |     Checking vb_storage v0.1.0 (/home/lewis/src/Velvet-ballistics-femdation-p0p1-25/crates/vb_storage)
velvet-ballastics:nightly-feature-cargo-probe | warning: unexpected `cfg` condition name: `kani`
velvet-ballastics:nightly-feature-cargo-probe |  --> crates/vb_core/tests/aggregate_resource_budget_kani_red.rs:1:7
velvet-ballastics:nightly-feature-cargo-probe |   |
velvet-ballastics:nightly-feature-cargo-probe | 1 | #[cfg(kani)]
velvet-ballastics:nightly-feature-cargo-probe |   |       ^^^^
velvet-ballastics:nightly-feature-cargo-probe |   |
velvet-ballastics:nightly-feature-cargo-probe |   = help: expected names are: `docsrs`, `feature`, and `test` and 32 more
velvet-ballastics:nightly-feature-cargo-probe |   = help: consider using a Cargo feature instead
velvet-ballastics:nightly-feature-cargo-probe |   = help: or consider adding in `Cargo.toml` the `check-cfg` lint config for the lint:
velvet-ballastics:nightly-feature-cargo-probe |            [lints.rust]
velvet-ballastics:nightly-feature-cargo-probe |            unexpected_cfgs = { level = "warn", check-cfg = ['cfg(kani)'] }
velvet-ballastics:nightly-feature-cargo-probe |   = help: or consider adding `println!("cargo::rustc-check-cfg=cfg(kani)");` to the top of the `build.rs`
velvet-ballastics:nightly-feature-cargo-probe |   = note: see <https://doc.rust-lang.org/nightly/rustc/check-cfg/cargo-specifics.html> for more information about checking conditional configuration
velvet-ballastics:nightly-feature-cargo-probe |   = note: `#[warn(unexpected_cfgs)]` on by default

velvet-ballastics:nightly-feature-cargo-probe | warning: `vb_core` (lib test) generated 16 warnings (run `cargo fix --lib -p vb_core --tests` to apply 16 suggestions)
velvet-ballastics:nightly-feature-cargo-probe | warning: `vb_core` (test "aggregate_resource_budget_kani_red") generated 1 warning
velvet-ballastics:nightly-feature-cargo-probe | warning: unused import: `ValidationResult`
velvet-ballastics:nightly-feature-cargo-probe |  --> crates/vb_validate/src/type_taint_tests.rs:8:30
velvet-ballastics:nightly-feature-cargo-probe |   |
velvet-ballastics:nightly-feature-cargo-probe | 8 | use crate::{ValidationError, ValidationResult};
velvet-ballastics:nightly-feature-cargo-probe |   |                              ^^^^^^^^^^^^^^^^
velvet-ballastics:nightly-feature-cargo-probe |   |
velvet-ballastics:nightly-feature-cargo-probe |   = note: `#[warn(unused_imports)]` (part of `#[warn(unused)]`) on by default

velvet-ballastics:nightly-feature-cargo-probe | warning: unexpected `cfg` condition name: `kani`
velvet-ballastics:nightly-feature-cargo-probe |    --> crates/vb_validate/src/gate_08_accessor.rs:492:11
velvet-ballastics:nightly-feature-cargo-probe |     |
velvet-ballastics:nightly-feature-cargo-probe | 492 |     #[cfg(kani)]
velvet-ballastics:nightly-feature-cargo-probe |     |           ^^^^
velvet-ballastics:nightly-feature-cargo-probe |     |
velvet-ballastics:nightly-feature-cargo-probe |     = help: expected names are: `docsrs`, `feature`, and `test` and 32 more
velvet-ballastics:nightly-feature-cargo-probe |     = help: consider using a Cargo feature instead
velvet-ballastics:nightly-feature-cargo-probe |     = help: or consider adding in `Cargo.toml` the `check-cfg` lint config for the lint:
velvet-ballastics:nightly-feature-cargo-probe |              [lints.rust]
velvet-ballastics:nightly-feature-cargo-probe |              unexpected_cfgs = { level = "warn", check-cfg = ['cfg(kani)'] }
velvet-ballastics:nightly-feature-cargo-probe |     = help: or consider adding `println!("cargo::rustc-check-cfg=cfg(kani)");` to the top of the `build.rs`
velvet-ballastics:nightly-feature-cargo-probe |     = note: see <https://doc.rust-lang.org/nightly/rustc/check-cfg/cargo-specifics.html> for more information about checking conditional configuration
velvet-ballastics:nightly-feature-cargo-probe |     = note: `#[warn(unexpected_cfgs)]` on by default

velvet-ballastics:nightly-feature-cargo-probe | warning: unreachable pattern
velvet-ballastics:nightly-feature-cargo-probe |     --> crates/vb_compile/src/lib.rs:3833:13
velvet-ballastics:nightly-feature-cargo-probe |      |
velvet-ballastics:nightly-feature-cargo-probe | 3833 |             other => panic!("Expected CompileErrors, got: {:?}", other),
velvet-ballastics:nightly-feature-cargo-probe |      |             ^^^^^ no value can reach this
velvet-ballastics:nightly-feature-cargo-probe |      |
velvet-ballastics:nightly-feature-cargo-probe | note: multiple earlier patterns match some of the same values
velvet-ballastics:nightly-feature-cargo-probe |     --> crates/vb_compile/src/lib.rs:3833:13
velvet-ballastics:nightly-feature-cargo-probe |      |
velvet-ballastics:nightly-feature-cargo-probe | 3799 |             Err(CompileErrors(ref errors)) => {
velvet-ballastics:nightly-feature-cargo-probe |      |             ------------------------------ matches some of the same values
velvet-ballastics:nightly-feature-cargo-probe | ...
velvet-ballastics:nightly-feature-cargo-probe | 3829 |             Ok(_) => panic!(
velvet-ballastics:nightly-feature-cargo-probe |      |             ----- matches some of the same values
velvet-ballastics:nightly-feature-cargo-probe | ...
velvet-ballastics:nightly-feature-cargo-probe | 3833 |             other => panic!("Expected CompileErrors, got: {:?}", other),
velvet-ballastics:nightly-feature-cargo-probe |      |             ^^^^^ collectively making this unreachable
velvet-ballastics:nightly-feature-cargo-probe |      = note: `#[warn(unreachable_patterns)]` (part of `#[warn(unused)]`) on by default

velvet-ballastics:nightly-feature-cargo-probe | warning: unreachable pattern
velvet-ballastics:nightly-feature-cargo-probe |     --> crates/vb_compile/src/lib.rs:3877:13
velvet-ballastics:nightly-feature-cargo-probe |      |
velvet-ballastics:nightly-feature-cargo-probe | 3877 |             other => panic!("Expected CompileErrors, got: {:?}", other),
velvet-ballastics:nightly-feature-cargo-probe |      |             ^^^^^ no value can reach this
velvet-ballastics:nightly-feature-cargo-probe |      |
velvet-ballastics:nightly-feature-cargo-probe | note: multiple earlier patterns match some of the same values
velvet-ballastics:nightly-feature-cargo-probe |     --> crates/vb_compile/src/lib.rs:3877:13
velvet-ballastics:nightly-feature-cargo-probe |      |
velvet-ballastics:nightly-feature-cargo-probe | 3846 |             Err(CompileErrors(ref errors)) => {
velvet-ballastics:nightly-feature-cargo-probe |      |             ------------------------------ matches some of the same values
velvet-ballastics:nightly-feature-cargo-probe | ...
velvet-ballastics:nightly-feature-cargo-probe | 3876 |             Ok(_) => panic!("Expected error from validate_ir, got Ok"),
velvet-ballastics:nightly-feature-cargo-probe |      |             ----- matches some of the same values
velvet-ballastics:nightly-feature-cargo-probe | 3877 |             other => panic!("Expected CompileErrors, got: {:?}", other),
velvet-ballastics:nightly-feature-cargo-probe |      |             ^^^^^ collectively making this unreachable

velvet-ballastics:nightly-feature-cargo-probe | warning: unreachable pattern
velvet-ballastics:nightly-feature-cargo-probe |     --> crates/vb_compile/src/lib.rs:3964:13
velvet-ballastics:nightly-feature-cargo-probe |      |
velvet-ballastics:nightly-feature-cargo-probe | 3964 |             other => panic!("Expected CompileErrors, got: {:?}", other),
velvet-ballastics:nightly-feature-cargo-probe |      |             ^^^^^ no value can reach this
velvet-ballastics:nightly-feature-cargo-probe |      |
velvet-ballastics:nightly-feature-cargo-probe | note: multiple earlier patterns match some of the same values
velvet-ballastics:nightly-feature-cargo-probe |     --> crates/vb_compile/src/lib.rs:3964:13
velvet-ballastics:nightly-feature-cargo-probe |      |
velvet-ballastics:nightly-feature-cargo-probe | 3950 |             Err(CompileErrors(ref errors)) => {
velvet-ballastics:nightly-feature-cargo-probe |      |             ------------------------------ matches some of the same values
velvet-ballastics:nightly-feature-cargo-probe | ...
velvet-ballastics:nightly-feature-cargo-probe | 3963 |             Ok(_) => panic!("Expected error, got Ok"),
velvet-ballastics:nightly-feature-cargo-probe |      |             ----- matches some of the same values
velvet-ballastics:nightly-feature-cargo-probe | 3964 |             other => panic!("Expected CompileErrors, got: {:?}", other),
velvet-ballastics:nightly-feature-cargo-probe |      |             ^^^^^ collectively making this unreachable

velvet-ballastics:nightly-feature-cargo-probe | warning: unreachable pattern
velvet-ballastics:nightly-feature-cargo-probe |     --> crates/vb_compile/src/lib.rs:4004:13
velvet-ballastics:nightly-feature-cargo-probe |      |
velvet-ballastics:nightly-feature-cargo-probe | 4004 |             other => panic!("Expected CompileErrors, got: {:?}", other),
velvet-ballastics:nightly-feature-cargo-probe |      |             ^^^^^ no value can reach this
velvet-ballastics:nightly-feature-cargo-probe |      |
velvet-ballastics:nightly-feature-cargo-probe | note: multiple earlier patterns match some of the same values
velvet-ballastics:nightly-feature-cargo-probe |     --> crates/vb_compile/src/lib.rs:4004:13
velvet-ballastics:nightly-feature-cargo-probe |      |
velvet-ballastics:nightly-feature-cargo-probe | 3987 |             Err(CompileErrors(ref errors)) => {
velvet-ballastics:nightly-feature-cargo-probe |      |             ------------------------------ matches some of the same values
velvet-ballastics:nightly-feature-cargo-probe | ...
velvet-ballastics:nightly-feature-cargo-probe | 4003 |             Ok(_) => panic!("Expected error, got Ok"),
velvet-ballastics:nightly-feature-cargo-probe |      |             ----- matches some of the same values
velvet-ballastics:nightly-feature-cargo-probe | 4004 |             other => panic!("Expected CompileErrors, got: {:?}", other),
velvet-ballastics:nightly-feature-cargo-probe |      |             ^^^^^ collectively making this unreachable

velvet-ballastics:nightly-feature-cargo-probe | warning: unreachable pattern
velvet-ballastics:nightly-feature-cargo-probe |     --> crates/vb_compile/src/lib.rs:4030:13
velvet-ballastics:nightly-feature-cargo-probe |      |
velvet-ballastics:nightly-feature-cargo-probe | 4030 |             other => panic!("Expected CompileErrors, got: {:?}", other),
velvet-ballastics:nightly-feature-cargo-probe |      |             ^^^^^ no value can reach this
velvet-ballastics:nightly-feature-cargo-probe |      |
velvet-ballastics:nightly-feature-cargo-probe | note: multiple earlier patterns match some of the same values
velvet-ballastics:nightly-feature-cargo-probe |     --> crates/vb_compile/src/lib.rs:4030:13
velvet-ballastics:nightly-feature-cargo-probe |      |
velvet-ballastics:nightly-feature-cargo-probe | 4016 |             Err(CompileErrors(ref errors)) => {
velvet-ballastics:nightly-feature-cargo-probe |      |             ------------------------------ matches some of the same values
velvet-ballastics:nightly-feature-cargo-probe | ...
velvet-ballastics:nightly-feature-cargo-probe | 4029 |             Ok(_) => panic!("Expected error, got Ok"),
velvet-ballastics:nightly-feature-cargo-probe |      |             ----- matches some of the same values
velvet-ballastics:nightly-feature-cargo-probe | 4030 |             other => panic!("Expected CompileErrors, got: {:?}", other),
velvet-ballastics:nightly-feature-cargo-probe |      |             ^^^^^ collectively making this unreachable

velvet-ballastics:nightly-feature-cargo-probe | warning: unreachable pattern
velvet-ballastics:nightly-feature-cargo-probe |     --> crates/vb_compile/src/lib.rs:4071:13
velvet-ballastics:nightly-feature-cargo-probe |      |
velvet-ballastics:nightly-feature-cargo-probe | 4071 |             other => panic!("Expected CompileErrors, got: {:?}", other),
velvet-ballastics:nightly-feature-cargo-probe |      |             ^^^^^ no value can reach this
velvet-ballastics:nightly-feature-cargo-probe |      |
velvet-ballastics:nightly-feature-cargo-probe | note: multiple earlier patterns match some of the same values
velvet-ballastics:nightly-feature-cargo-probe |     --> crates/vb_compile/src/lib.rs:4071:13
velvet-ballastics:nightly-feature-cargo-probe |      |
velvet-ballastics:nightly-feature-cargo-probe | 4054 |             Err(CompileErrors(ref errors)) => {
velvet-ballastics:nightly-feature-cargo-probe |      |             ------------------------------ matches some of the same values
velvet-ballastics:nightly-feature-cargo-probe | ...
velvet-ballastics:nightly-feature-cargo-probe | 4070 |             Ok(_) => panic!("Expected error, got Ok"),
velvet-ballastics:nightly-feature-cargo-probe |      |             ----- matches some of the same values
velvet-ballastics:nightly-feature-cargo-probe | 4071 |             other => panic!("Expected CompileErrors, got: {:?}", other),
velvet-ballastics:nightly-feature-cargo-probe |      |             ^^^^^ collectively making this unreachable

velvet-ballastics:nightly-feature-cargo-probe | warning: unreachable pattern
velvet-ballastics:nightly-feature-cargo-probe |     --> crates/vb_compile/src/lib.rs:4121:13
velvet-ballastics:nightly-feature-cargo-probe |      |
velvet-ballastics:nightly-feature-cargo-probe | 4121 |             other => panic!("Expected CompileErrors, got: {:?}", other),
velvet-ballastics:nightly-feature-cargo-probe |      |             ^^^^^ no value can reach this
velvet-ballastics:nightly-feature-cargo-probe |      |
velvet-ballastics:nightly-feature-cargo-probe | note: multiple earlier patterns match some of the same values
velvet-ballastics:nightly-feature-cargo-probe |     --> crates/vb_compile/src/lib.rs:4121:13
velvet-ballastics:nightly-feature-cargo-probe |      |
velvet-ballastics:nightly-feature-cargo-probe | 4104 |             Err(CompileErrors(ref errors)) => {
velvet-ballastics:nightly-feature-cargo-probe |      |             ------------------------------ matches some of the same values
velvet-ballastics:nightly-feature-cargo-probe | ...
velvet-ballastics:nightly-feature-cargo-probe | 4120 |             Ok(_) => panic!("Expected error, got Ok"),
velvet-ballastics:nightly-feature-cargo-probe |      |             ----- matches some of the same values
velvet-ballastics:nightly-feature-cargo-probe | 4121 |             other => panic!("Expected CompileErrors, got: {:?}", other),
velvet-ballastics:nightly-feature-cargo-probe |      |             ^^^^^ collectively making this unreachable

velvet-ballastics:nightly-feature-cargo-probe | warning: unreachable pattern
velvet-ballastics:nightly-feature-cargo-probe |     --> crates/vb_compile/src/lib.rs:4224:13
velvet-ballastics:nightly-feature-cargo-probe |      |
velvet-ballastics:nightly-feature-cargo-probe | 4224 |             other => panic!("Expected CompileErrors, got: {:?}", other),
velvet-ballastics:nightly-feature-cargo-probe |      |             ^^^^^ no value can reach this
velvet-ballastics:nightly-feature-cargo-probe |      |
velvet-ballastics:nightly-feature-cargo-probe | note: multiple earlier patterns match some of the same values
velvet-ballastics:nightly-feature-cargo-probe |     --> crates/vb_compile/src/lib.rs:4224:13
velvet-ballastics:nightly-feature-cargo-probe |      |
velvet-ballastics:nightly-feature-cargo-probe | 4215 |             Err(CompileErrors(ref errors)) => {
velvet-ballastics:nightly-feature-cargo-probe |      |             ------------------------------ matches some of the same values
velvet-ballastics:nightly-feature-cargo-probe | ...
velvet-ballastics:nightly-feature-cargo-probe | 4223 |             Ok(_) => panic!("Expected error, got Ok"),
velvet-ballastics:nightly-feature-cargo-probe |      |             ----- matches some of the same values
velvet-ballastics:nightly-feature-cargo-probe | 4224 |             other => panic!("Expected CompileErrors, got: {:?}", other),
velvet-ballastics:nightly-feature-cargo-probe |      |             ^^^^^ collectively making this unreachable

velvet-ballastics:nightly-feature-cargo-probe | warning: `vb_validate` (lib test) generated 2 warnings (run `cargo fix --lib -p vb_validate --tests` to apply 1 suggestion)
velvet-ballastics:nightly-feature-cargo-probe | warning: `vb_compile` (lib test) generated 8 warnings
velvet-ballastics:nightly-feature-cargo-probe | warning: unused import: `super::*`
velvet-ballastics:nightly-feature-cargo-probe |  --> crates/vb_ui/src/graph_builder_tests.rs:7:9
velvet-ballastics:nightly-feature-cargo-probe |   |
velvet-ballastics:nightly-feature-cargo-probe | 7 |     use super::*;
velvet-ballastics:nightly-feature-cargo-probe |   |         ^^^^^^^^
velvet-ballastics:nightly-feature-cargo-probe |   |
velvet-ballastics:nightly-feature-cargo-probe |   = note: `#[warn(unused_imports)]` (part of `#[warn(unused)]`) on by default

velvet-ballastics:nightly-feature-cargo-probe | warning: unused import: `crate::verify::certificates::verify_workflow`
velvet-ballastics:nightly-feature-cargo-probe |   --> crates/vb_ui/src/graph_builder_tests.rs:16:9
velvet-ballastics:nightly-feature-cargo-probe |    |
velvet-ballastics:nightly-feature-cargo-probe | 16 |     use crate::verify::certificates::verify_workflow;
velvet-ballastics:nightly-feature-cargo-probe |    |         ^^^^^^^^^^^^^^^^^^^^^^^^^^^^^^^^^^^^^^^^^^^^

velvet-ballastics:nightly-feature-cargo-probe | error[E0282]: type annotations needed
velvet-ballastics:nightly-feature-cargo-probe |    --> crates/vb_storage/src/vb_2bok_durability_gate_tests.rs:208:13
velvet-ballastics:nightly-feature-cargo-probe |     |
velvet-ballastics:nightly-feature-cargo-probe | 208 |             Ok(())
velvet-ballastics:nightly-feature-cargo-probe |     |             ^^ cannot infer type of the type parameter `E` declared on the enum `Result`
velvet-ballastics:nightly-feature-cargo-probe |     |
velvet-ballastics:nightly-feature-cargo-probe | help: consider specifying the generic arguments
velvet-ballastics:nightly-feature-cargo-probe |     |
velvet-ballastics:nightly-feature-cargo-probe | 208 |             Ok::<(), E>(())
velvet-ballastics:nightly-feature-cargo-probe |     |               +++++++++

velvet-ballastics:nightly-feature-cargo-probe | error[E0282]: type annotations needed
velvet-ballastics:nightly-feature-cargo-probe |    --> crates/vb_storage/src/vb_2bok_durability_gate_tests.rs:234:13
velvet-ballastics:nightly-feature-cargo-probe |     |
velvet-ballastics:nightly-feature-cargo-probe | 234 |             Ok(())
velvet-ballastics:nightly-feature-cargo-probe |     |             ^^ cannot infer type of the type parameter `E` declared on the enum `Result`
velvet-ballastics:nightly-feature-cargo-probe |     |
velvet-ballastics:nightly-feature-cargo-probe | help: consider specifying the generic arguments
velvet-ballastics:nightly-feature-cargo-probe |     |
velvet-ballastics:nightly-feature-cargo-probe | 234 |             Ok::<(), E>(())
velvet-ballastics:nightly-feature-cargo-probe |     |               +++++++++

velvet-ballastics:nightly-feature-cargo-probe | warning: unused import: `super::*`
velvet-ballastics:nightly-feature-cargo-probe |  --> crates/vb_ui/src/verify/certificates_tests.rs:7:9
velvet-ballastics:nightly-feature-cargo-probe |   |
velvet-ballastics:nightly-feature-cargo-probe | 7 |     use super::*;
velvet-ballastics:nightly-feature-cargo-probe |   |         ^^^^^^^^

velvet-ballastics:nightly-feature-cargo-probe | warning: unused imports: `EdgeStyle` and `GroupKind`
velvet-ballastics:nightly-feature-cargo-probe |   --> crates/vb_ui/src/verify/certificates_tests.rs:18:32
velvet-ballastics:nightly-feature-cargo-probe |    |
velvet-ballastics:nightly-feature-cargo-probe | 18 |     use crate::graph_builder::{EdgeStyle, GroupKind};
velvet-ballastics:nightly-feature-cargo-probe |    |                                ^^^^^^^^^  ^^^^^^^^^

velvet-ballastics:nightly-feature-cargo-probe | warning: unused import: `super::*`
velvet-ballastics:nightly-feature-cargo-probe |  --> crates/vb_ui/src/verify/durability_tests.rs:7:9
velvet-ballastics:nightly-feature-cargo-probe |   |
velvet-ballastics:nightly-feature-cargo-probe | 7 |     use super::*;
velvet-ballastics:nightly-feature-cargo-probe |   |         ^^^^^^^^

velvet-ballastics:nightly-feature-cargo-probe | error[E0282]: type annotations needed
velvet-ballastics:nightly-feature-cargo-probe |     --> crates/vb_storage/src/vb_2bok_durability_gate_tests.rs:1046:13
velvet-ballastics:nightly-feature-cargo-probe |      |
velvet-ballastics:nightly-feature-cargo-probe | 1046 |             Ok(())
velvet-ballastics:nightly-feature-cargo-probe |      |             ^^ cannot infer type of the type parameter `E` declared on the enum `Result`
velvet-ballastics:nightly-feature-cargo-probe |      |
velvet-ballastics:nightly-feature-cargo-probe | help: consider specifying the generic arguments
velvet-ballastics:nightly-feature-cargo-probe |      |
velvet-ballastics:nightly-feature-cargo-probe | 1046 |             Ok::<(), E>(())
velvet-ballastics:nightly-feature-cargo-probe |      |               +++++++++

velvet-ballastics:nightly-feature-cargo-probe | error[E0282]: type annotations needed
velvet-ballastics:nightly-feature-cargo-probe |     --> crates/vb_storage/src/vb_2bok_durability_gate_tests.rs:1085:13
velvet-ballastics:nightly-feature-cargo-probe |      |
velvet-ballastics:nightly-feature-cargo-probe | 1085 |             Ok(())
velvet-ballastics:nightly-feature-cargo-probe |      |             ^^ cannot infer type of the type parameter `E` declared on the enum `Result`
velvet-ballastics:nightly-feature-cargo-probe |      |
velvet-ballastics:nightly-feature-cargo-probe | help: consider specifying the generic arguments
velvet-ballastics:nightly-feature-cargo-probe |      |
velvet-ballastics:nightly-feature-cargo-probe | 1085 |             Ok::<(), E>(())
velvet-ballastics:nightly-feature-cargo-probe |      |               +++++++++

velvet-ballastics:nightly-feature-cargo-probe | error[E0282]: type annotations needed
velvet-ballastics:nightly-feature-cargo-probe |     --> crates/vb_storage/src/vb_2bok_durability_gate_tests.rs:1580:13
velvet-ballastics:nightly-feature-cargo-probe |      |
velvet-ballastics:nightly-feature-cargo-probe | 1580 |             Ok(())
velvet-ballastics:nightly-feature-cargo-probe |      |             ^^ cannot infer type of the type parameter `E` declared on the enum `Result`
velvet-ballastics:nightly-feature-cargo-probe |      |
velvet-ballastics:nightly-feature-cargo-probe | help: consider specifying the generic arguments
velvet-ballastics:nightly-feature-cargo-probe |      |
velvet-ballastics:nightly-feature-cargo-probe | 1580 |             Ok::<(), E>(())
velvet-ballastics:nightly-feature-cargo-probe |      |               +++++++++

velvet-ballastics:nightly-feature-cargo-probe | warning: unused variable: `replayed`
velvet-ballastics:nightly-feature-cargo-probe |   --> crates/vb_storage/src/recovery/vb_h6ix_tests.rs:74:16
velvet-ballastics:nightly-feature-cargo-probe |    |
velvet-ballastics:nightly-feature-cargo-probe | 74 |         let Ok(replayed) = result else {
velvet-ballastics:nightly-feature-cargo-probe |    |                ^^^^^^^^ help: if this is intentional, prefix it with an underscore: `_replayed`
velvet-ballastics:nightly-feature-cargo-probe |    |
velvet-ballastics:nightly-feature-cargo-probe |    = note: `#[warn(unused_variables)]` (part of `#[warn(unused)]`) on by default

velvet-ballastics:nightly-feature-cargo-probe | For more information about this error, try `rustc --explain E0282`.
velvet-ballastics:nightly-feature-cargo-probe | warning: `vb_storage` (lib test) generated 1 warning
velvet-ballastics:nightly-feature-cargo-probe | error: could not compile `vb_storage` (lib test) due to 5 previous errors; 1 warning emitted
velvet-ballastics:nightly-feature-cargo-probe | warning: build failed, waiting for other jobs to finish...
velvet-ballastics:nightly-feature-cargo-probe | warning: `vb_ui` (lib test) generated 5 warnings (run `cargo fix --lib -p vb_ui --tests` to apply 5 suggestions)
▮▮▮▮ velvet-ballastics:nightly-feature-cargo-probe (4s 490ms, b99d1f0e)
Error: task_runner::run_failed

  × Task velvet-ballastics:nightly-feature-cargo-probe failed to run.
  ╰─▶ Process set failed: exit code 101

TASK_STATUS:1
FMT_STATUS:0
crates/vb_core/src/workflow/mod.rs:729:pub fn validate_symbol_references(parts: &WorkflowParts) -> Result<(), WorkflowError> {
API_PRESENT:pub fn validate_symbol_references
crates/vb_core/src/workflow/mod.rs:724:pub fn validate_resource_references(parts: &WorkflowParts) -> Result<(), WorkflowError> {
API_PRESENT:pub fn validate_resource_references
crates/vb_validate/src/shared.rs:156:pub fn validate_action_references(
API_PRESENT:pub fn validate_action_references

=== TASK lint-src ===
▮▮▮▮ installing rust nightly-2026-04-28
warning: /home/lewis/src/Velvet-ballistics-femdation-p0p1-25/crates/velvet_ballastics/Cargo.toml: file `/home/lewis/src/Velvet-ballistics-femdation-p0p1-25/crates/velvet_ballastics/src/main.rs` found to be present in multiple build targets:
  * `bin` target `vb`
  * `bin` target `velvet-ballistics`
▮▮▮▮ velvet-ballastics:lint-src (121f3785)
warning: skipping duplicate package `bitflags v2.10.0 (https://github.com/makepad/makepad?branch=dev#20b6c53b)`:
  /cache/cargo-shared/git/checkouts/makepad-ec2f134f34cd9f98/20b6c53/libs/vulkan/bitflags/Cargo.toml
in favor of /cache/cargo-shared/git/checkouts/makepad-ec2f134f34cd9f98/20b6c53/libs/bitflags/Cargo.toml

    Checking vb_core v0.1.0 (/home/lewis/src/Velvet-ballistics-femdation-p0p1-25/crates/vb_core)
    Checking vb_storage v0.1.0 (/home/lewis/src/Velvet-ballistics-femdation-p0p1-25/crates/vb_storage)
    Checking vb_validate v0.1.0 (/home/lewis/src/Velvet-ballistics-femdation-p0p1-25/crates/vb_validate)
    Checking vb_expr v0.1.0 (/home/lewis/src/Velvet-ballistics-femdation-p0p1-25/crates/vb_expr)
    Checking vb_ui_model v0.1.0 (/home/lewis/src/Velvet-ballistics-femdation-p0p1-25/crates/vb_ui_model)
    Checking vb_codegen v0.1.0 (/home/lewis/src/Velvet-ballistics-femdation-p0p1-25/crates/vb_codegen)
    Checking vb_compile v0.1.0 (/home/lewis/src/Velvet-ballistics-femdation-p0p1-25/crates/vb_compile)
    Checking vb_ui_snapshot v0.1.0 (/home/lewis/src/Velvet-ballistics-femdation-p0p1-25/crates/vb_ui_snapshot)
    Checking velvet-ballastics-fuzz v0.1.0 (/home/lewis/src/Velvet-ballistics-femdation-p0p1-25/fuzz)
    Checking vb_runtime v0.1.0 (/home/lewis/src/Velvet-ballistics-femdation-p0p1-25/crates/vb_runtime)
error: non-binding `let` on an expression with `#[must_use]` type
 --> fuzz/src/bin/recover_runtime_frame_seed_contract.rs:7:5
  |
7 |     let _ = recover_runtime_frame_seed_from_events(&events);
  |     ^^^^^^^^^^^^^^^^^^^^^^^^^^^^^^^^^^^^^^^^^^^^^^^^^^^^^^^^
  |
  = help: consider explicitly using expression value
  = help: for further information visit https://rust-lang.github.io/rust-clippy/master/index.html#let_underscore_must_use
  = note: requested on the command line with `-D clippy::let-underscore-must-use`

error: used `assert_eq!` with a literal bool
 --> fuzz/src/bin/aggregate_artifact_budget.rs:6:5
  |
6 |     assert_eq!(budget_source.contains("from_whole_workflow_budget"), true);
  |     ^^^^^^^^^^^^^^^^^^^^^^^^^^^^^^^^^^^^^^^^^^^^^^^^^^^^^^^^^^^^^^^^^^^^^^
  |
  = help: for further information visit https://rust-lang.github.io/rust-clippy/master/index.html#bool_assert_comparison
  = note: `-D clippy::bool-assert-comparison` implied by `-D warnings`
  = help: to override `-D warnings` add `#[allow(clippy::bool_assert_comparison)]`
help: replace it with `assert!(..)`
  |
6 -     assert_eq!(budget_source.contains("from_whole_workflow_budget"), true);
6 +     assert!(budget_source.contains("from_whole_workflow_budget"));
  |

error: used `assert_eq!` with a literal bool
 --> fuzz/src/bin/aggregate_workflow_budget.rs:5:5
  |
5 |     assert_eq!(source.contains("AggregateResourceBudget"), true);
  |     ^^^^^^^^^^^^^^^^^^^^^^^^^^^^^^^^^^^^^^^^^^^^^^^^^^^^^^^^^^^^
  |
  = help: for further information visit https://rust-lang.github.io/rust-clippy/master/index.html#bool_assert_comparison
  = note: `-D clippy::bool-assert-comparison` implied by `-D warnings`
  = help: to override `-D warnings` add `#[allow(clippy::bool_assert_comparison)]`
help: replace it with `assert!(..)`
  |
5 -     assert_eq!(source.contains("AggregateResourceBudget"), true);
5 +     assert!(source.contains("AggregateResourceBudget"));
  |

error: used `assert_eq!` with a literal bool
 --> fuzz/src/bin/aggregate_artifact_budget.rs:7:5
  |
7 |     assert_eq!(admission_source.contains("admit_run_with_budget"), true);
  |     ^^^^^^^^^^^^^^^^^^^^^^^^^^^^^^^^^^^^^^^^^^^^^^^^^^^^^^^^^^^^^^^^^^^^
  |
  = help: for further information visit https://rust-lang.github.io/rust-clippy/master/index.html#bool_assert_comparison
help: replace it with `assert!(..)`
  |
7 -     assert_eq!(admission_source.contains("admit_run_with_budget"), true);
7 +     assert!(admission_source.contains("admit_run_with_budget"));
  |

error: used `assert_eq!` with a literal bool
 --> fuzz/src/bin/aggregate_workflow_budget.rs:6:5
  |
6 |     assert_eq!(source.contains("from_workflow"), true);
  |     ^^^^^^^^^^^^^^^^^^^^^^^^^^^^^^^^^^^^^^^^^^^^^^^^^^
  |
  = help: for further information visit https://rust-lang.github.io/rust-clippy/master/index.html#bool_assert_comparison
help: replace it with `assert!(..)`
  |
6 -     assert_eq!(source.contains("from_workflow"), true);
6 +     assert!(source.contains("from_workflow"));
  |

error: could not compile `velvet-ballastics-fuzz` (bin "recover_runtime_frame_seed_contract") due to 1 previous error
warning: build failed, waiting for other jobs to finish...
error: could not compile `velvet-ballastics-fuzz` (bin "aggregate_workflow_budget") due to 2 previous errors
error: could not compile `velvet-ballastics-fuzz` (bin "aggregate_artifact_budget") due to 2 previous errors
▮▮▮▮ velvet-ballastics:lint-src (1s 525ms, 121f3785)
Error: task_runner::run_failed

  × Task velvet-ballastics:lint-src failed to run.
  ╰─▶ Process set failed: exit code 101

TASK_STATUS:1
FMT_STATUS:0
crates/vb_core/src/workflow/mod.rs:729:pub fn validate_symbol_references(parts: &WorkflowParts) -> Result<(), WorkflowError> {
API_PRESENT:pub fn validate_symbol_references
crates/vb_core/src/workflow/mod.rs:724:pub fn validate_resource_references(parts: &WorkflowParts) -> Result<(), WorkflowError> {
API_PRESENT:pub fn validate_resource_references
crates/vb_validate/src/shared.rs:156:pub fn validate_action_references(
API_PRESENT:pub fn validate_action_references

=== TASK fuzz-smoke ===
▮▮▮▮ installing rust nightly-2026-04-28
warning: /home/lewis/src/Velvet-ballistics-femdation-p0p1-25/crates/velvet_ballastics/Cargo.toml: file `/home/lewis/src/Velvet-ballistics-femdation-p0p1-25/crates/velvet_ballastics/src/main.rs` found to be present in multiple build targets:
  * `bin` target `vb`
  * `bin` target `velvet-ballistics`
▮▮▮▮ velvet-ballastics:fuzz-smoke (e24dbfd7)
warning: skipping duplicate package `bitflags v2.10.0 (https://github.com/makepad/makepad?branch=dev#20b6c53b)`:
  /cache/cargo-shared/git/checkouts/makepad-ec2f134f34cd9f98/20b6c53/libs/vulkan/bitflags/Cargo.toml
in favor of /cache/cargo-shared/git/checkouts/makepad-ec2f134f34cd9f98/20b6c53/libs/bitflags/Cargo.toml

   Compiling vb_core v0.1.0 (/home/lewis/src/Velvet-ballistics-femdation-p0p1-25/crates/vb_core)
   Compiling vb_expr v0.1.0 (/home/lewis/src/Velvet-ballistics-femdation-p0p1-25/crates/vb_expr)
   Compiling vb_storage v0.1.0 (/home/lewis/src/Velvet-ballistics-femdation-p0p1-25/crates/vb_storage)
   Compiling vb_validate v0.1.0 (/home/lewis/src/Velvet-ballistics-femdation-p0p1-25/crates/vb_validate)
   Compiling velvet-ballastics-fuzz v0.1.0 (/home/lewis/src/Velvet-ballistics-femdation-p0p1-25/fuzz)
    Finished `release` profile [optimized + debuginfo] target(s) in 17.56s
▮▮▮▮ velvet-ballastics:fuzz-smoke (17s 673ms, e24dbfd7)

Tasks: 1 completed
 Time: 17s 730ms

TASK_STATUS:0
FMT_STATUS:0
crates/vb_core/src/workflow/mod.rs:729:pub fn validate_symbol_references(parts: &WorkflowParts) -> Result<(), WorkflowError> {
API_PRESENT:pub fn validate_symbol_references
crates/vb_core/src/workflow/mod.rs:724:pub fn validate_resource_references(parts: &WorkflowParts) -> Result<(), WorkflowError> {
API_PRESENT:pub fn validate_resource_references
crates/vb_validate/src/shared.rs:156:pub fn validate_action_references(
API_PRESENT:pub fn validate_action_references

=== TASK agent-cli-contract ===
▮▮▮▮ installing rust nightly-2026-04-28
▮▮▮▮ velvet-ballastics:agent-cli-contract (18ae27a4)
▮▮▮▮ velvet-ballastics:agent-cli-contract (31ms, 18ae27a4)

Tasks: 1 completed
 Time: 70ms

TASK_STATUS:0
FMT_STATUS:0
crates/vb_core/src/workflow/mod.rs:729:pub fn validate_symbol_references(parts: &WorkflowParts) -> Result<(), WorkflowError> {
API_PRESENT:pub fn validate_symbol_references
crates/vb_core/src/workflow/mod.rs:724:pub fn validate_resource_references(parts: &WorkflowParts) -> Result<(), WorkflowError> {
API_PRESENT:pub fn validate_resource_references
crates/vb_validate/src/shared.rs:156:pub fn validate_action_references(
API_PRESENT:pub fn validate_action_references

=== TASK source-length ===
▮▮▮▮ installing rust nightly-2026-04-28
▮▮▮▮ velvet-ballastics:source-length (0edb3824)
▮▮▮▮ velvet-ballastics:source-length (335ms, 0edb3824)

Tasks: 1 completed
 Time: 425ms

TASK_STATUS:0
FMT_STATUS:0
crates/vb_core/src/workflow/mod.rs:729:pub fn validate_symbol_references(parts: &WorkflowParts) -> Result<(), WorkflowError> {
API_PRESENT:pub fn validate_symbol_references
crates/vb_core/src/workflow/mod.rs:724:pub fn validate_resource_references(parts: &WorkflowParts) -> Result<(), WorkflowError> {
API_PRESENT:pub fn validate_resource_references
crates/vb_validate/src/shared.rs:156:pub fn validate_action_references(
API_PRESENT:pub fn validate_action_references

=== TASK nightly-feature-gate ===
▮▮▮▮ installing rust nightly-2026-04-28
▮▮▮▮ velvet-ballastics:nightly-feature-gate (cff80e19)
▮▮▮▮ velvet-ballastics:nightly-feature-gate (2s 852ms, cff80e19)

Tasks: 1 completed
 Time: 2s 946ms

TASK_STATUS:0
FMT_STATUS:0
crates/vb_core/src/workflow/mod.rs:729:pub fn validate_symbol_references(parts: &WorkflowParts) -> Result<(), WorkflowError> {
API_PRESENT:pub fn validate_symbol_references
crates/vb_core/src/workflow/mod.rs:724:pub fn validate_resource_references(parts: &WorkflowParts) -> Result<(), WorkflowError> {
API_PRESENT:pub fn validate_resource_references
crates/vb_validate/src/shared.rs:156:pub fn validate_action_references(
API_PRESENT:pub fn validate_action_references

=== TASK supply-chain ===
▮▮▮▮ installing rust nightly-2026-04-28
    Fetching advisory database from `https://github.com/RustSec/advisory-db.git`
▮▮▮▮ velvet-ballastics:supply-chain (a2121623)
      Loaded 1068 security advisories (from /cache/cargo-shared/advisory-db)
    Updating crates.io index
    Scanning Cargo.lock for vulnerabilities (438 crate dependencies)
Crate:     atomic-polyfill
Version:   1.0.3
Warning:   unmaintained
Title:     atomic-polyfill is unmaintained
Date:      2023-07-11
ID:        RUSTSEC-2023-0089
URL:       https://rustsec.org/advisories/RUSTSEC-2023-0089
Dependency tree:
atomic-polyfill 1.0.3
└── heapless 0.7.17
    └── postcard 1.1.3
        ├── velvet_ballastics 0.1.0
        ├── velvet-ballastics-workspace 0.1.0
        ├── velvet-ballastics-fuzz 0.1.0
        ├── vb_ui 0.1.0
        ├── vb_storage 0.1.0
        │   ├── velvet_ballastics 0.1.0
        │   ├── velvet-ballastics-workspace 0.1.0
        │   ├── velvet-ballastics-fuzz 0.1.0
        │   ├── vb_ui 0.1.0
        │   └── vb_runtime 0.1.0
        │       ├── velvet_ballastics 0.1.0
        │       ├── velvet-ballastics-workspace 0.1.0
        │       ├── vb_ipc 0.1.0
        │       │   ├── velvet_ballastics 0.1.0
        │       │   ├── velvet-ballastics-workspace 0.1.0
        │       │   └── vb_ui 0.1.0
        │       └── vb_codegen 0.1.0
        │           ├── velvet_ballastics 0.1.0
        │           ├── velvet-ballastics-workspace 0.1.0
        │           └── vb_compile 0.1.0
        │               ├── velvet_ballastics 0.1.0
        │               └── velvet-ballastics-workspace 0.1.0
        ├── vb_runtime 0.1.0
        ├── vb_ipc 0.1.0
        ├── vb_core 0.1.0
        │   ├── velvet_ballastics 0.1.0
        │   ├── velvet-ballastics-workspace 0.1.0
        │   ├── velvet-ballastics-fuzz 0.1.0
        │   ├── vb_validate 0.1.0
        │   │   ├── velvet_ballastics 0.1.0
        │   │   ├── velvet-ballastics-workspace 0.1.0
        │   │   ├── velvet-ballastics-fuzz 0.1.0
        │   │   ├── vb_ipc 0.1.0
        │   │   └── vb_compile 0.1.0
        │   ├── vb_ui_model 0.1.0
        │   │   ├── vb_ui_snapshot 0.1.0
warning: 2 allowed warnings found
        │   │   │   └── xtask 0.1.0
        │   │   └── vb_ui 0.1.0
        │   ├── vb_ui 0.1.0
        │   ├── vb_storage 0.1.0
        │   ├── vb_runtime 0.1.0
        │   ├── vb_ipc 0.1.0
        │   ├── vb_expr 0.1.0
        │   │   ├── velvet_ballastics 0.1.0
        │   │   ├── velvet-ballastics-workspace 0.1.0
        │   │   └── velvet-ballastics-fuzz 0.1.0
        │   ├── vb_compile 0.1.0
        │   └── vb_codegen 0.1.0
        └── vb_compile 0.1.0

Crate:     fxhash
Version:   0.2.1
Warning:   unmaintained
Title:     fxhash - no longer maintained
Date:      2025-09-05
ID:        RUSTSEC-2025-0057
URL:       https://rustsec.org/advisories/RUSTSEC-2025-0057
Dependency tree:
fxhash 0.2.1
└── makepad-draw 1.0.0
    └── makepad-widgets 1.0.0
        └── vb_ui_makepad 0.1.0

warning[license-not-encountered]: license was not encountered
   ┌─ /home/lewis/src/Velvet-ballistics-femdation-p0p1-25/deny.toml:14:6
   │
14 │     "BSD-3-Clause",
   │      ━━━━━━━━━━━━ unmatched license allowance

warning[license-not-encountered]: license was not encountered
   ┌─ /home/lewis/src/Velvet-ballistics-femdation-p0p1-25/deny.toml:15:6
   │
15 │     "ISC",
   │      ━━━ unmatched license allowance

warning[duplicate]: found 4 duplicate entries for crate 'hashbrown'
   ┌─ /home/lewis/src/Velvet-ballistics-femdation-p0p1-25/Cargo.lock:62:1
   │  
62 │ ╭ hashbrown 0.14.5 registry+https://github.com/rust-lang/crates.io-index
63 │ │ hashbrown 0.15.5 registry+https://github.com/rust-lang/crates.io-index
64 │ │ hashbrown 0.16.1 registry+https://github.com/rust-lang/crates.io-index
65 │ │ hashbrown 0.17.0 registry+https://github.com/rust-lang/crates.io-index
   │ ╰──────────────────────────────────────────────────────────────────────┘ lock entries
   │  
   ├ hashbrown v0.14.5
     └── dashmap v6.1.0
         └── fjall v3.1.4
             └── vb_storage v0.1.0
                 ├── vb_runtime v0.1.0
                 │   ├── (dev) vb_codegen v0.1.0
                 │   │   ├── vb_compile v0.1.0
                 │   │   │   └── (dev) velvet-ballastics-workspace v0.1.0
                 │   │   └── (dev) velvet-ballastics-workspace v0.1.0 (*)
                 │   ├── vb_ipc v0.1.0
                 │   │   └── (dev) velvet-ballastics-workspace v0.1.0 (*)
                 │   └── (dev) velvet-ballastics-workspace v0.1.0 (*)
                 └── (dev) velvet-ballastics-workspace v0.1.0 (*)
   ├ hashbrown v0.15.5
     └── hashlink v0.10.0
         ├── saphyr v0.0.6
         │   ├── vb_compile v0.1.0
         │   │   └── (dev) velvet-ballastics-workspace v0.1.0
         │   ├── vb_yaml v0.1.0
         │   │   └── (dev) velvet-ballastics-workspace v0.1.0 (*)
         │   └── (dev) velvet-ballastics-workspace v0.1.0 (*)
         └── saphyr-parser v0.0.6
             ├── saphyr v0.0.6 (*)
             ├── vb_compile v0.1.0 (*)
             └── vb_yaml v0.1.0 (*)
   ├ hashbrown v0.16.1
     └── quick_cache v0.6.21
         └── lsm-tree v3.1.4
             └── fjall v3.1.4
                 └── vb_storage v0.1.0
                     ├── vb_runtime v0.1.0
                     │   ├── (dev) vb_codegen v0.1.0
                     │   │   ├── vb_compile v0.1.0
                     │   │   │   └── (dev) velvet-ballastics-workspace v0.1.0
                     │   │   └── (dev) velvet-ballastics-workspace v0.1.0 (*)
                     │   ├── vb_ipc v0.1.0
                     │   │   └── (dev) velvet-ballastics-workspace v0.1.0 (*)
                     │   └── (dev) velvet-ballastics-workspace v0.1.0 (*)
                     └── (dev) velvet-ballastics-workspace v0.1.0 (*)
   ├ hashbrown v0.17.0
     └── indexmap v2.14.0
         ├── vb_core v0.1.0
         │   ├── vb_codegen v0.1.0
         │   │   ├── vb_compile v0.1.0
         │   │   │   └── (dev) velvet-ballastics-workspace v0.1.0
         │   │   └── (dev) velvet-ballastics-workspace v0.1.0 (*)
         │   ├── vb_compile v0.1.0 (*)
         │   ├── vb_expr v0.1.0
         │   │   └── (dev) velvet-ballastics-workspace v0.1.0 (*)
         │   ├── vb_ipc v0.1.0
         │   │   └── (dev) velvet-ballastics-workspace v0.1.0 (*)
         │   ├── (dev) vb_runtime v0.1.0
         │   │   ├── (dev) vb_codegen v0.1.0 (*)
         │   │   ├── vb_ipc v0.1.0 (*)
         │   │   └── (dev) velvet-ballastics-workspace v0.1.0 (*)
         │   ├── vb_storage v0.1.0
         │   │   ├── vb_runtime v0.1.0 (*)
         │   │   └── (dev) velvet-ballastics-workspace v0.1.0 (*)
         │   ├── vb_validate v0.1.0
         │   │   ├── vb_compile v0.1.0 (*)
         │   │   ├── vb_ipc v0.1.0 (*)
         │   │   └── (dev) velvet-ballastics-workspace v0.1.0 (*)
         │   └── (dev) velvet-ballastics-workspace v0.1.0 (*)
         └── vb_runtime v0.1.0 (*)

warning[duplicate]: found 2 duplicate entries for crate 'winnow'
    ┌─ /home/lewis/src/Velvet-ballistics-femdation-p0p1-25/Cargo.lock:182:1
    │  
182 │ ╭ winnow 0.7.15 registry+https://github.com/rust-lang/crates.io-index
183 │ │ winnow 1.0.2 registry+https://github.com/rust-lang/crates.io-index
    │ ╰──────────────────────────────────────────────────────────────────┘ lock entries
    │  
    ├ winnow v0.7.15
      └── toml v0.9.12+spec-1.1.0
          └── (dev) velvet-ballastics-workspace v0.1.0
    ├ winnow v1.0.2
      ├── toml v1.1.2+spec-1.1.0
      │   └── trybuild v1.0.116
      │       └── (dev) vb_codegen v0.1.0
      │           ├── vb_compile v0.1.0
      │           │   └── (dev) velvet-ballastics-workspace v0.1.0
      │           └── (dev) velvet-ballastics-workspace v0.1.0 (*)
      └── toml_parser v1.1.2+spec-1.1.0
          ├── toml v0.9.12+spec-1.1.0
          │   └── (dev) velvet-ballastics-workspace v0.1.0 (*)
          └── toml v1.1.2+spec-1.1.0 (*)

warning[duplicate]: found 2 duplicate entries for crate 'wit-bindgen'
    ┌─ /home/lewis/src/Velvet-ballistics-femdation-p0p1-25/Cargo.lock:184:1
    │  
184 │ ╭ wit-bindgen 0.51.0 registry+https://github.com/rust-lang/crates.io-index
185 │ │ wit-bindgen 0.57.1 registry+https://github.com/rust-lang/crates.io-index
    │ ╰────────────────────────────────────────────────────────────────────────┘ lock entries
    │  
    ├ wit-bindgen v0.51.0
      └── wasip3 v0.4.0+wasi-0.3.0-rc-2026-01-06
          └── getrandom v0.4.2
              └── tempfile v3.27.0
                  ├── fjall v3.1.4
                  │   └── vb_storage v0.1.0
                  │       ├── vb_runtime v0.1.0
                  │       │   ├── (dev) vb_codegen v0.1.0
                  │       │   │   ├── vb_compile v0.1.0
                  │       │   │   │   └── (dev) velvet-ballastics-workspace v0.1.0
                  │       │   │   └── (dev) velvet-ballastics-workspace v0.1.0 (*)
                  │       │   ├── vb_ipc v0.1.0
                  │       │   │   └── (dev) velvet-ballastics-workspace v0.1.0 (*)
                  │       │   └── (dev) velvet-ballastics-workspace v0.1.0 (*)
                  │       └── (dev) velvet-ballastics-workspace v0.1.0 (*)
                  ├── lsm-tree v3.1.4
                  │   └── fjall v3.1.4 (*)
                  ├── proptest v1.11.0
                  │   ├── (dev) vb_codegen v0.1.0 (*)
                  │   ├── (dev) vb_core v0.1.0
                  │   │   ├── vb_codegen v0.1.0 (*)
                  │   │   ├── vb_compile v0.1.0 (*)
                  │   │   ├── vb_expr v0.1.0
                  │   │   │   └── (dev) velvet-ballastics-workspace v0.1.0 (*)
                  │   │   ├── vb_ipc v0.1.0 (*)
                  │   │   ├── (dev) vb_runtime v0.1.0 (*)
                  │   │   ├── vb_storage v0.1.0 (*)
                  │   │   ├── vb_validate v0.1.0
                  │   │   │   ├── vb_compile v0.1.0 (*)
                  │   │   │   ├── vb_ipc v0.1.0 (*)
                  │   │   │   └── (dev) velvet-ballastics-workspace v0.1.0 (*)
                  │   │   └── (dev) velvet-ballastics-workspace v0.1.0 (*)
                  │   ├── (dev) vb_ipc v0.1.0 (*)
                  │   ├── (dev) vb_runtime v0.1.0 (*)
                  │   ├── (dev) vb_storage v0.1.0 (*)
                  │   ├── (dev) vb_validate v0.1.0 (*)
                  │   └── (dev) velvet-ballastics-workspace v0.1.0 (*)
                  ├── rusty-fork v0.3.1
                  │   └── proptest v1.11.0 (*)
                  ├── (dev) vb_codegen v0.1.0 (*)
                  ├── (dev) vb_runtime v0.1.0 (*)
                  ├── (dev) vb_storage v0.1.0 (*)
                  └── (dev) velvet-ballastics-workspace v0.1.0 (*)
    ├ wit-bindgen v0.57.1
      └── wasip2 v1.0.3+wasi-0.2.9
          ├── getrandom v0.3.4
          │   └── rand_core v0.9.5
          │       ├── rand v0.9.4
          │       │   └── proptest v1.11.0
          │       │       ├── (dev) vb_codegen v0.1.0
          │       │       │   ├── vb_compile v0.1.0
          │       │       │   │   └── (dev) velvet-ballastics-workspace v0.1.0
          │       │       │   └── (dev) velvet-ballastics-workspace v0.1.0 (*)
          │       │       ├── (dev) vb_core v0.1.0
          │       │       │   ├── vb_codegen v0.1.0 (*)
          │       │       │   ├── vb_compile v0.1.0 (*)
          │       │       │   ├── vb_expr v0.1.0
          │       │       │   │   └── (dev) velvet-ballastics-workspace v0.1.0 (*)
          │       │       │   ├── vb_ipc v0.1.0
          │       │       │   │   └── (dev) velvet-ballastics-workspace v0.1.0 (*)
          │       │       │   ├── (dev) vb_runtime v0.1.0
          │       │       │   │   ├── (dev) vb_codegen v0.1.0 (*)
          │       │       │   │   ├── vb_ipc v0.1.0 (*)
          │       │       │   │   └── (dev) velvet-ballastics-workspace v0.1.0 (*)
          │       │       │   ├── vb_storage v0.1.0
          │       │       │   │   ├── vb_runtime v0.1.0 (*)
          │       │       │   │   └── (dev) velvet-ballastics-workspace v0.1.0 (*)
          │       │       │   ├── vb_validate v0.1.0
          │       │       │   │   ├── vb_compile v0.1.0 (*)
          │       │       │   │   ├── vb_ipc v0.1.0 (*)
          │       │       │   │   └── (dev) velvet-ballastics-workspace v0.1.0 (*)
          │       │       │   └── (dev) velvet-ballastics-workspace v0.1.0 (*)
          │       │       ├── (dev) vb_ipc v0.1.0 (*)
          │       │       ├── (dev) vb_runtime v0.1.0 (*)
          │       │       ├── (dev) vb_storage v0.1.0 (*)
          │       │       ├── (dev) vb_validate v0.1.0 (*)
          │       │       └── (dev) velvet-ballastics-workspace v0.1.0 (*)
          │       ├── rand_chacha v0.9.0
          │       │   └── proptest v1.11.0 (*)
          │       └── rand_xorshift v0.4.0
          │           └── proptest v1.11.0 (*)
          └── getrandom v0.4.2
              └── tempfile v3.27.0
                  ├── fjall v3.1.4
                  │   └── vb_storage v0.1.0 (*)
                  ├── lsm-tree v3.1.4
                  │   └── fjall v3.1.4 (*)
                  ├── proptest v1.11.0 (*)
                  ├── rusty-fork v0.3.1
                  │   └── proptest v1.11.0 (*)
                  ├── (dev) vb_codegen v0.1.0 (*)
                  ├── (dev) vb_runtime v0.1.0 (*)
                  ├── (dev) vb_storage v0.1.0 (*)
                  └── (dev) velvet-ballastics-workspace v0.1.0 (*)

advisories ok, bans ok, licenses ok, sources ok
ERROR   × Couldn't acquire the store
  ╰─▶ No such file or directory (os error 2)

▮▮▮▮ velvet-ballastics:supply-chain (1s 484ms, a2121623)
Error: task_runner::run_failed

  × Task velvet-ballastics:supply-chain failed to run.
  ╰─▶ Process set failed: exit code 255

TASK_STATUS:1
Diff in /home/lewis/src/Velvet-ballistics-femdation-p0p1-25/crates/vb_compile/src/lib.rs:3797:
         // Check that result is Err with exactly one ValidationError::SlotReferenceOutOfRange
         match result {
             Err(CompileErrors(ref errors)) => {
[31m-                assert_eq!(errors.len(), 1, "Expected exactly 1 error, got {}", errors.len());
(B[m[32m+                assert_eq!(
(B[m[32m+                    errors.len(),
(B[m[32m+                    1,
(B[m[32m+                    "Expected exactly 1 error, got {}",
(B[m[32m+                    errors.len()
(B[m[32m+                );
(B[m                 let err = errors.first().expect("should have first error");
                 match err {
[31m-                    CompileError::Validation(vb_validate::ValidationError::SlotReferenceOutOfRange {
(B[m[31m-                        slot,
(B[m[31m-                        slot_count: sc,
(B[m[31m-                        context,
(B[m[31m-                    }) => {
(B[m[32m+                    CompileError::Validation(
(B[m[32m+                        vb_validate::ValidationError::SlotReferenceOutOfRange {
(B[m[32m+                            slot,
(B[m[32m+                            slot_count: sc,
(B[m[32m+                            context,
(B[m[32m+                        },
(B[m[32m+                    ) => {
(B[m                         assert_eq!(*slot, 1);
                         assert_eq!(*sc, 1);
                         assert!(
Diff in /home/lewis/src/Velvet-ballistics-femdation-p0p1-25/crates/vb_compile/src/lib.rs:3837:
 
         match result {
             Err(CompileErrors(ref errors)) => {
[31m-                assert_eq!(errors.len(), 1, "Expected exactly 1 error, got {}", errors.len());
(B[m[32m+                assert_eq!(
(B[m[32m+                    errors.len(),
(B[m[32m+                    1,
(B[m[32m+                    "Expected exactly 1 error, got {}",
(B[m[32m+                    errors.len()
(B[m[32m+                );
(B[m                 let err = errors.first().expect("should have first error");
                 match err {
[31m-                    CompileError::Validation(vb_validate::ValidationError::SlotReferenceOutOfRange {
(B[m[31m-                        slot,
(B[m[31m-                        slot_count: sc,
(B[m[31m-                        context,
(B[m[31m-                    }) => {
(B[m[32m+                    CompileError::Validation(
(B[m[32m+                        vb_validate::ValidationError::SlotReferenceOutOfRange {
(B[m[32m+                            slot,
(B[m[32m+                            slot_count: sc,
(B[m[32m+                            context,
(B[m[32m+                        },
(B[m[32m+                    ) => {
(B[m                         assert_eq!(*slot, 1);
                         assert_eq!(*sc, 1);
                         assert!(
Diff in /home/lewis/src/Velvet-ballistics-femdation-p0p1-25/crates/vb_compile/src/lib.rs:3881:
             parts.digest,
         );
 
[31m-        assert!(result.is_ok(), "lower_steps_to_ir should succeed for valid parts");
(B[m[32m+        assert!(
(B[m[32m+            result.is_ok(),
(B[m[32m+            "lower_steps_to_ir should succeed for valid parts"
(B[m[32m+        );
(B[m 
         let workflow = result.unwrap();
         let output_parts = workflow.to_parts();
Diff in /home/lewis/src/Velvet-ballistics-femdation-p0p1-25/crates/vb_compile/src/lib.rs:3931:
 
         match result {
             Err(CompileErrors(ref errors)) => {
[31m-                assert_eq!(errors.len(), 1, "Expected exactly 1 error, got {}", errors.len());
(B[m[32m+                assert_eq!(
(B[m[32m+                    errors.len(),
(B[m[32m+                    1,
(B[m[32m+                    "Expected exactly 1 error, got {}",
(B[m[32m+                    errors.len()
(B[m[32m+                );
(B[m                 let err = errors.first().expect("should have first error");
                 match err {
                     CompileError::Workflow(WorkflowError::EmptyNodes) => {}
Diff in /home/lewis/src/Velvet-ballistics-femdation-p0p1-25/crates/vb_compile/src/lib.rs:3963:
 
         match result {
             Err(CompileErrors(ref errors)) => {
[31m-                assert_eq!(errors.len(), 1, "Expected exactly 1 error, got {}", errors.len());
(B[m[32m+                assert_eq!(
(B[m[32m+                    errors.len(),
(B[m[32m+                    1,
(B[m[32m+                    "Expected exactly 1 error, got {}",
(B[m[32m+                    errors.len()
(B[m[32m+                );
(B[m                 let err = errors.first().expect("should have first error");
                 match err {
                     CompileError::Workflow(WorkflowError::NodeIdMismatch { expected, actual }) => {
Diff in /home/lewis/src/Velvet-ballistics-femdation-p0p1-25/crates/vb_compile/src/lib.rs:3987:
 
         match result {
             Err(CompileErrors(ref errors)) => {
[31m-                assert_eq!(errors.len(), 1, "Expected exactly 1 error, got {}", errors.len());
(B[m[32m+                assert_eq!(
(B[m[32m+                    errors.len(),
(B[m[32m+                    1,
(B[m[32m+                    "Expected exactly 1 error, got {}",
(B[m[32m+                    errors.len()
(B[m[32m+                );
(B[m                 let err = errors.first().expect("should have first error");
                 match err {
                     CompileError::Workflow(WorkflowError::EmptyNodes) => {}
Diff in /home/lewis/src/Velvet-ballistics-femdation-p0p1-25/crates/vb_compile/src/lib.rs:4020:
 
         match result {
             Err(CompileErrors(ref errors)) => {
[31m-                assert_eq!(errors.len(), 1, "Expected exactly 1 error, got {}", errors.len());
(B[m[32m+                assert_eq!(
(B[m[32m+                    errors.len(),
(B[m[32m+                    1,
(B[m[32m+                    "Expected exactly 1 error, got {}",
(B[m[32m+                    errors.len()
(B[m[32m+                );
(B[m                 let err = errors.first().expect("should have first error");
                 match err {
[31m-                    CompileError::UnknownSlotType {
(B[m[31m-                        field,
(B[m[31m-                        slot,
(B[m[31m-                    } => {
(B[m[32m+                    CompileError::UnknownSlotType { field, slot } => {
(B[m                         assert_eq!(*field, "run.input");
                         assert_eq!(*slot, 0);
                     }
Diff in /home/lewis/src/Velvet-ballistics-femdation-p0p1-25/crates/vb_compile/src/lib.rs:4033:
[31m-                    other => panic!(
(B[m[31m-                        "Expected CompileError::UnknownSlotType, got: {:?}",
(B[m[31m-                        other
(B[m[31m-                    ),
(B[m[32m+                    other => panic!("Expected CompileError::UnknownSlotType, got: {:?}", other),
(B[m                 }
             }
             Ok(_) => panic!("Expected error, got Ok"),
Diff in /home/lewis/src/Velvet-ballistics-femdation-p0p1-25/crates/vb_compile/src/lib.rs:4071:
 
         match result {
             Err(CompileErrors(ref errors)) => {
[31m-                assert_eq!(errors.len(), 1, "Expected exactly 1 error, got {}", errors.len());
(B[m[32m+                assert_eq!(
(B[m[32m+                    errors.len(),
(B[m[32m+                    1,
(B[m[32m+                    "Expected exactly 1 error, got {}",
(B[m[32m+                    errors.len()
(B[m[32m+                );
(B[m                 let err = errors.first().expect("should have first error");
                 match err {
[31m-                    CompileError::UnknownSlotType {
(B[m[31m-                        field,
(B[m[31m-                        slot,
(B[m[31m-                    } => {
(B[m[32m+                    CompileError::UnknownSlotType { field, slot } => {
(B[m                         assert_eq!(*field, "finish.result");
                         assert_eq!(*slot, 0);
                     }
Diff in /home/lewis/src/Velvet-ballistics-femdation-p0p1-25/crates/vb_compile/src/lib.rs:4084:
[31m-                    other => panic!(
(B[m[31m-                        "Expected CompileError::UnknownSlotType, got: {:?}",
(B[m[31m-                        other
(B[m[31m-                    ),
(B[m[32m+                    other => panic!("Expected CompileError::UnknownSlotType, got: {:?}", other),
(B[m                 }
             }
             Ok(_) => panic!("Expected error, got Ok"),
Diff in /home/lewis/src/Velvet-ballistics-femdation-p0p1-25/crates/vb_compile/src/lib.rs:4124:
                 assert_eq!(node_index, 0);
             }
             Ok(_) => panic!("Expected error, got Ok"),
[31m-            other => panic!("Expected ValidationError::ActionContractMissing, got: {:?}", other),
(B[m[32m+            other => panic!(
(B[m[32m+                "Expected ValidationError::ActionContractMissing, got: {:?}",
(B[m[32m+                other
(B[m[32m+            ),
(B[m         }
     }
 
Diff in /home/lewis/src/Velvet-ballistics-femdation-p0p1-25/crates/vb_compile/src/lib.rs:4154:
                 assert_eq!(action_id, 99);
             }
             Ok(_) => panic!("Expected error, got Ok"),
[31m-            other => panic!("Expected ValidationError::ActionContractOrphan, got: {:?}", other),
(B[m[32m+            other => panic!(
(B[m[32m+                "Expected ValidationError::ActionContractOrphan, got: {:?}",
(B[m[32m+                other
(B[m[32m+            ),
(B[m         }
     }
 
Diff in /home/lewis/src/Velvet-ballistics-femdation-p0p1-25/crates/vb_runtime/src/primitives/../collect_tests.rs:27:
     let mut states = fresh_states();
     let source = SlotIdx::new(0);
     // Use 2 items with page_size=1 so state is preserved after first page
[31m-    list_in_slot(&mut *run, &mut store, source, vec![SlotValue::I64(10), SlotValue::I64(20)]);
(B[m[32m+    list_in_slot(
(B[m[32m+        &mut *run,
(B[m[32m+        &mut store,
(B[m[32m+        source,
(B[m[32m+        vec![SlotValue::I64(10), SlotValue::I64(20)],
(B[m[32m+    );
(B[m     collect_start(
         run,
         &mut store,
Diff in /home/lewis/src/Velvet-ballistics-femdation-p0p1-25/crates/vb_storage/src/batch.rs:876:
 
         // Stage 3 events using indexed iteration
         let events: Vec<_> = (0..3)
[31m-            .map(|i| {
(B[m[31m-                JournalEvent::RunAccepted {
(B[m[31m-                    run,
(B[m[31m-                    seq: EventSeq::new(i),
(B[m[31m-                    workflow: WorkflowDigest::from_bytes([0; 32]),
(B[m[31m-                }
(B[m[32m+            .map(|i| JournalEvent::RunAccepted {
(B[m[32m+                run,
(B[m[32m+                seq: EventSeq::new(i),
(B[m[32m+                workflow: WorkflowDigest::from_bytes([0; 32]),
(B[m             })
             .collect();
 
Diff in /home/lewis/src/Velvet-ballistics-femdation-p0p1-25/crates/vb_storage/src/batch.rs:944:
 
         let operations = 5;
         let events: Vec<_> = (0..operations)
[31m-            .map(|i| {
(B[m[31m-                JournalEvent::RunAccepted {
(B[m[31m-                    run,
(B[m[31m-                    seq: EventSeq::new(i),
(B[m[31m-                    workflow: WorkflowDigest::from_bytes([0; 32]),
(B[m[31m-                }
(B[m[32m+            .map(|i| JournalEvent::RunAccepted {
(B[m[32m+                run,
(B[m[32m+                seq: EventSeq::new(i),
(B[m[32m+                workflow: WorkflowDigest::from_bytes([0; 32]),
(B[m             })
             .collect();
 
Diff in /home/lewis/src/Velvet-ballistics-femdation-p0p1-25/crates/vb_storage/src/batch.rs:1153:
         let mut batch = JournalWriteBatch::new(&journal);
         assert_eq!(batch.len(), 0);
 
[31m-        batch.append_event(&make_event(run, 0)).expect("append event");
(B[m[32m+        batch
(B[m[32m+            .append_event(&make_event(run, 0))
(B[m[32m+            .expect("append event");
(B[m         assert_eq!(batch.len(), 1);
 
         let header = make_run_header(run);
Diff in /home/lewis/src/Velvet-ballistics-femdation-p0p1-25/crates/vb_storage/src/batch.rs:1162:
 
         let source = b"test source".to_vec();
         let digest = WorkflowDigest::from_bytes(blake3::hash(&source).into());
[31m-        let wf_record = WorkflowSourceRecord {
(B[m[31m-            digest,
(B[m[31m-            source,
(B[m[31m-        };
(B[m[31m-        batch.put_workflow_source(&wf_record).expect("put wf source");
(B[m[32m+        let wf_record = WorkflowSourceRecord { digest, source };
(B[m[32m+        batch
(B[m[32m+            .put_workflow_source(&wf_record)
(B[m[32m+            .expect("put wf source");
(B[m         assert_eq!(batch.len(), 3);
 
[31m-        batch.put_status_index(1, 1000, run).expect("put status idx");
(B[m[32m+        batch
(B[m[32m+            .put_status_index(1, 1000, run)
(B[m[32m+            .expect("put status idx");
(B[m         assert_eq!(batch.len(), 4);
     }
 
Diff in /home/lewis/src/Velvet-ballistics-femdation-p0p1-25/crates/vb_storage/src/batch.rs:1216:
 
         (0..4u8).for_each(|state| {
             let mut batch = JournalWriteBatch::new(&journal);
[31m-            batch.put_status_index(state, 1000 + u64::from(state), run).expect("put status index");
(B[m[32m+            batch
(B[m[32m+                .put_status_index(state, 1000 + u64::from(state), run)
(B[m[32m+                .expect("put status index");
(B[m             batch.commit().expect("commit should succeed");
         });
     }
Diff in /home/lewis/src/Velvet-ballistics-femdation-p0p1-25/crates/vb_storage/src/batch.rs:1229:
         (0..4u32).for_each(|i| {
             let workflow_id = vb_core::WorkflowId::new(i + 1);
             let mut batch = JournalWriteBatch::new(&journal);
[31m-            batch.put_workflow_index(workflow_id, run).expect("put workflow idx");
(B[m[32m+            batch
(B[m[32m+                .put_workflow_index(workflow_id, run)
(B[m[32m+                .expect("put workflow idx");
(B[m             batch.commit().expect("commit should succeed");
         });
     }
Diff in /home/lewis/src/Velvet-ballistics-femdation-p0p1-25/crates/vb_storage/src/batch.rs:1243:
         (0..4u16).for_each(|i| {
             let action_id = vb_core::ActionId::new(i + 1);
             let mut batch = JournalWriteBatch::new(&journal);
[31m-            batch.put_action_index(action_id, run, step).expect("put action idx");
(B[m[32m+            batch
(B[m[32m+                .put_action_index(action_id, run, step)
(B[m[32m+                .expect("put action idx");
(B[m             batch.commit().expect("commit should succeed");
         });
     }
Diff in /home/lewis/src/Velvet-ballistics-femdation-p0p1-25/crates/vb_storage/src/batch.rs:1262:
         batch.put_blob(&record).expect("put blob should succeed");
         batch.commit().expect("commit should succeed");
 
[31m-        let loaded = journal.blob(record.digest).expect("get blob").expect("blob should exist");
(B[m[32m+        let loaded = journal
(B[m[32m+            .blob(record.digest)
(B[m[32m+            .expect("get blob")
(B[m[32m+            .expect("blob should exist");
(B[m         assert_eq!(loaded.bytes, record.bytes);
     }
 
Diff in /home/lewis/src/Velvet-ballistics-femdation-p0p1-25/crates/vb_storage/src/batch.rs:1280:
         batch.put_compiled_ir(&record).expect("put compiled ir");
         batch.commit().expect("commit should succeed");
 
[31m-        let loaded = journal.compiled_ir(digest).expect("get compiled ir").expect("ir should exist");
(B[m[32m+        let loaded = journal
(B[m[32m+            .compiled_ir(digest)
(B[m[32m+            .expect("get compiled ir")
(B[m[32m+            .expect("ir should exist");
(B[m         assert_eq!(loaded.ir, ir);
     }
 
Diff in /home/lewis/src/Velvet-ballistics-femdation-p0p1-25/crates/vb_storage/src/batch.rs:1300:
 
         {
             let mut batch = JournalWriteBatch::new(&journal);
[31m-            batch.put_workflow_source(&WorkflowSourceRecord {
(B[m[31m-                digest: source_digest,
(B[m[31m-                source: source.clone(),
(B[m[31m-            }).expect("put wf source");
(B[m[32m+            batch
(B[m[32m+                .put_workflow_source(&WorkflowSourceRecord {
(B[m[32m+                    digest: source_digest,
(B[m[32m+                    source: source.clone(),
(B[m[32m+                })
(B[m[32m+                .expect("put wf source");
(B[m             batch.put_run_header(&header).expect("put header");
[31m-            batch.append_event(&make_event(run, 0)).expect("append event");
(B[m[32m+            batch
(B[m[32m+                .append_event(&make_event(run, 0))
(B[m[32m+                .expect("append event");
(B[m             batch.commit().expect("commit should succeed");
         }
 
Diff in /home/lewis/src/Velvet-ballistics-femdation-p0p1-25/crates/vb_storage/src/batch.rs:1312:
[31m-        let ws = journal.workflow_source(source_digest).expect("get ws").expect("ws should exist");
(B[m[32m+        let ws = journal
(B[m[32m+            .workflow_source(source_digest)
(B[m[32m+            .expect("get ws")
(B[m[32m+            .expect("ws should exist");
(B[m         assert_eq!(ws.source, source);
[31m-        let h = journal.run_header(run).expect("get header").expect("header should exist");
(B[m[32m+        let h = journal
(B[m[32m+            .run_header(run)
(B[m[32m+            .expect("get header")
(B[m[32m+            .expect("header should exist");
(B[m         assert_eq!(h.workflow_id, header.workflow_id);
         let events = journal.events_for_run(run).expect("get events");
         assert_eq!(events.len(), 1);
Diff in /home/lewis/src/Velvet-ballistics-femdation-p0p1-25/crates/vb_storage/src/batch.rs:1328:
         batch.append_event(&make_event(run, 0)).expect("append");
         assert_eq!(batch.len(), initial_len + 1);
 
[31m-        batch.put_run_header(&make_run_header(run)).expect("put header");
(B[m[32m+        batch
(B[m[32m+            .put_run_header(&make_run_header(run))
(B[m[32m+            .expect("put header");
(B[m         assert_eq!(batch.len(), initial_len + 2);
 
         batch.put_status_index(1, 1000, run).expect("put status");
Diff in /home/lewis/src/Velvet-ballistics-femdation-p0p1-25/crates/vb_storage/src/batch.rs:1366:
         let run = RunId::new(2301);
 
         let mut batch = JournalWriteBatch::new(&journal).strict();
[31m-        batch.append_event(&make_event(run, 0)).expect("append should succeed");
(B[m[32m+        batch
(B[m[32m+            .append_event(&make_event(run, 0))
(B[m[32m+            .expect("append should succeed");
(B[m         assert_eq!(batch.len(), 1);
         batch.commit().expect("commit should succeed");
     }
Diff in /home/lewis/src/Velvet-ballistics-femdation-p0p1-25/crates/vb_storage/src/batch.rs:1379:
 
         {
             let mut batch1 = JournalWriteBatch::new(&journal);
[31m-            batch1.append_event(&event).expect("first append should succeed");
(B[m[32m+            batch1
(B[m[32m+                .append_event(&event)
(B[m[32m+                .expect("first append should succeed");
(B[m             batch1.commit().expect("commit should succeed");
         }
 
Diff in /home/lewis/src/Velvet-ballistics-femdation-p0p1-25/crates/vb_storage/src/batch.rs:1430:
         };
 
         let mut batch = JournalWriteBatch::new(&journal);
[31m-        batch.put_workflow_source(&record).expect("put should succeed");
(B[m[32m+        batch
(B[m[32m+            .put_workflow_source(&record)
(B[m[32m+            .expect("put should succeed");
(B[m         batch.commit().expect("commit should succeed");
 
[31m-        let loaded = journal.workflow_source(digest).expect("get should succeed").expect("should be found");
(B[m[32m+        let loaded = journal
(B[m[32m+            .workflow_source(digest)
(B[m[32m+            .expect("get should succeed")
(B[m[32m+            .expect("should be found");
(B[m         assert_eq!(loaded.source, source);
     }
 
Diff in /home/lewis/src/Velvet-ballistics-femdation-p0p1-25/crates/vb_storage/src/batch.rs:1453:
         batch.put_run_header(&header).expect("put should succeed");
         batch.commit().expect("commit should succeed");
 
[31m-        let loaded = journal.run_header(run).expect("get should succeed").expect("should be found");
(B[m[32m+        let loaded = journal
(B[m[32m+            .run_header(run)
(B[m[32m+            .expect("get should succeed")
(B[m[32m+            .expect("should be found");
(B[m         assert_eq!(loaded.workflow_id, header.workflow_id);
         assert_eq!(loaded.status, header.status);
     }
Diff in /home/lewis/src/Velvet-ballistics-femdation-p0p1-25/crates/vb_storage/src/batch.rs:1499:
         expected += 1;
         assert_eq!(batch.len(), expected);
 
[31m-        batch.put_workflow_index(WorkflowId::new(1), run).expect("put workflow");
(B[m[32m+        batch
(B[m[32m+            .put_workflow_index(WorkflowId::new(1), run)
(B[m[32m+            .expect("put workflow");
(B[m         expected += 1;
         assert_eq!(batch.len(), expected);
 
Diff in /home/lewis/src/Velvet-ballistics-femdation-p0p1-25/crates/vb_storage/src/batch.rs:1506:
[31m-        batch.put_action_index(vb_core::ActionId::new(1), run, StepIdx::new(0)).expect("put action");
(B[m[32m+        batch
(B[m[32m+            .put_action_index(vb_core::ActionId::new(1), run, StepIdx::new(0))
(B[m[32m+            .expect("put action");
(B[m         expected += 1;
         assert_eq!(batch.len(), expected);
 
Diff in /home/lewis/src/Velvet-ballistics-femdation-p0p1-25/crates/vb_storage/src/batch.rs:1510:
[31m-        batch.put_run_header(&make_run_header(run)).expect("put header");
(B[m[32m+        batch
(B[m[32m+            .put_run_header(&make_run_header(run))
(B[m[32m+            .expect("put header");
(B[m         expected += 1;
         assert_eq!(batch.len(), expected);
     }
Diff in /home/lewis/src/Velvet-ballistics-femdation-p0p1-25/crates/vb_storage/src/batch.rs:1519:
 
         let mut batch = JournalWriteBatch::new(&journal);
         batch.put_status_index(2, 5000, run).expect("status idx");
[31m-        batch.put_workflow_index(WorkflowId::new(10), run).expect("workflow idx");
(B[m[31m-        batch.put_action_index(vb_core::ActionId::new(20), run, StepIdx::new(1)).expect("action idx");
(B[m[32m+        batch
(B[m[32m+            .put_workflow_index(WorkflowId::new(10), run)
(B[m[32m+            .expect("workflow idx");
(B[m[32m+        batch
(B[m[32m+            .put_action_index(vb_core::ActionId::new(20), run, StepIdx::new(1))
(B[m[32m+            .expect("action idx");
(B[m         assert_eq!(batch.len(), 3);
         batch.commit().expect("commit should succeed");
     }
Diff in /home/lewis/src/Velvet-ballistics-femdation-p0p1-25/crates/vb_storage/src/batch.rs:1568:
         let run2 = RunId::new(3101);
 
         let mut batch1 = JournalWriteBatch::new(&journal);
[31m-        batch1.append_event(&make_event(run1, 0)).expect("append run1");
(B[m[32m+        batch1
(B[m[32m+            .append_event(&make_event(run1, 0))
(B[m[32m+            .expect("append run1");
(B[m         batch1.commit().expect("commit run1");
 
         let mut batch2 = JournalWriteBatch::new(&journal);
Diff in /home/lewis/src/Velvet-ballistics-femdation-p0p1-25/crates/vb_storage/src/batch.rs:1575:
[31m-        batch2.append_event(&make_event(run2, 0)).expect("append run2");
(B[m[32m+        batch2
(B[m[32m+            .append_event(&make_event(run2, 0))
(B[m[32m+            .expect("append run2");
(B[m         batch2.commit().expect("commit run2");
 
         let events1 = journal.events_for_run(run1).expect("replay run1");
Diff in /home/lewis/src/Velvet-ballistics-femdation-p0p1-25/crates/vb_storage/src/batch.rs:1600:
         let ir = b"valid compiled ir".to_vec();
         let ir_clone = ir.clone();
         let digest = WorkflowDigest::from_bytes(blake3::hash(&ir).into());
[31m-        let record = CompiledIrRecord {
(B[m[31m-            digest,
(B[m[31m-            ir,
(B[m[31m-        };
(B[m[32m+        let record = CompiledIrRecord { digest, ir };
(B[m 
         let mut batch = JournalWriteBatch::new(&journal);
         batch.put_compiled_ir(&record).expect("put should succeed");
Diff in /home/lewis/src/Velvet-ballistics-femdation-p0p1-25/crates/vb_storage/src/batch.rs:1610:
         batch.commit().expect("commit should succeed");
 
[31m-        let loaded = journal.compiled_ir(digest).expect("get should succeed").expect("should be found");
(B[m[32m+        let loaded = journal
(B[m[32m+            .compiled_ir(digest)
(B[m[32m+            .expect("get should succeed")
(B[m[32m+            .expect("should be found");
(B[m         assert_eq!(loaded.ir, ir_clone);
     }
 
Diff in /home/lewis/src/Velvet-ballistics-femdation-p0p1-25/crates/vb_storage/src/batch.rs:1618:
         let (_temp, journal) = temp_journal();
         let source = b"valid workflow source".to_vec();
         let digest = WorkflowDigest::from_bytes(blake3::hash(&source).into());
[31m-        let record = WorkflowSourceRecord {
(B[m[31m-            digest,
(B[m[31m-            source,
(B[m[31m-        };
(B[m[32m+        let record = WorkflowSourceRecord { digest, source };
(B[m 
         let mut batch = JournalWriteBatch::new(&journal);
[31m-        batch.put_workflow_source(&record).expect("put should succeed");
(B[m[32m+        batch
(B[m[32m+            .put_workflow_source(&record)
(B[m[32m+            .expect("put should succeed");
(B[m         batch.commit().expect("commit should succeed");
 
[31m-        let loaded = journal.workflow_source(digest).expect("get should succeed").expect("should be found");
(B[m[32m+        let loaded = journal
(B[m[32m+            .workflow_source(digest)
(B[m[32m+            .expect("get should succeed")
(B[m[32m+            .expect("should be found");
(B[m         assert_eq!(loaded.source, record.source);
     }
 
Diff in /home/lewis/src/Velvet-ballistics-femdation-p0p1-25/crates/vb_storage/src/batch.rs:1637:
         let run = RunId::new(3300);
 
         let mut batch = JournalWriteBatch::new(&journal);
[31m-        batch.put_status_index(1, 1000, run).expect("put status idx");
(B[m[32m+        batch
(B[m[32m+            .put_status_index(1, 1000, run)
(B[m[32m+            .expect("put status idx");
(B[m         batch.commit().expect("commit should succeed");
 
         let markers = journal.index_status.iter().count();
Diff in /home/lewis/src/Velvet-ballistics-femdation-p0p1-25/crates/vb_storage/src/batch.rs:1651:
         let workflow_id = WorkflowId::new(42);
 
         let mut batch = JournalWriteBatch::new(&journal);
[31m-        batch.put_workflow_index(workflow_id, run).expect("put workflow idx");
(B[m[32m+        batch
(B[m[32m+            .put_workflow_index(workflow_id, run)
(B[m[32m+            .expect("put workflow idx");
(B[m         batch.commit().expect("commit should succeed");
 
         let markers = journal.index_workflow.iter().count();
Diff in /home/lewis/src/Velvet-ballistics-femdation-p0p1-25/crates/vb_storage/src/batch.rs:1666:
         let step = StepIdx::new(3);
 
         let mut batch = JournalWriteBatch::new(&journal);
[31m-        batch.put_action_index(action_id, run, step).expect("put action idx");
(B[m[32m+        batch
(B[m[32m+            .put_action_index(action_id, run, step)
(B[m[32m+            .expect("put action idx");
(B[m         batch.commit().expect("commit should succeed");
 
         let markers = journal.index_action.iter().count();
Diff in /home/lewis/src/Velvet-ballistics-femdation-p0p1-25/crates/vb_storage/src/batch.rs:1689:
 
         {
             let mut batch = JournalWriteBatch::new(&journal);
[31m-            batch.put_workflow_source(&WorkflowSourceRecord {
(B[m[31m-                digest: source_digest,
(B[m[31m-                source: source.clone(),
(B[m[31m-            }).expect("put wf source");
(B[m[32m+            batch
(B[m[32m+                .put_workflow_source(&WorkflowSourceRecord {
(B[m[32m+                    digest: source_digest,
(B[m[32m+                    source: source.clone(),
(B[m[32m+                })
(B[m[32m+                .expect("put wf source");
(B[m             batch.put_run_header(&header).expect("put header");
[31m-            batch.append_event(&make_event(run, 0)).expect("append event");
(B[m[32m+            batch
(B[m[32m+                .append_event(&make_event(run, 0))
(B[m[32m+                .expect("append event");
(B[m             batch.commit().expect("commit should succeed");
         }
 
Diff in /home/lewis/src/Velvet-ballistics-femdation-p0p1-25/crates/vb_storage/src/batch.rs:1701:
[31m-        let ws_exists = journal.workflow_source(source_digest).expect("get ws").is_some();
(B[m[32m+        let ws_exists = journal
(B[m[32m+            .workflow_source(source_digest)
(B[m[32m+            .expect("get ws")
(B[m[32m+            .is_some();
(B[m         let header_exists = journal.run_header(run).expect("get header").is_some();
         let event_exists = !journal.events_for_run(run).expect("get events").is_empty();
[31m-        assert!(ws_exists && header_exists && event_exists, "all keyspaces must be present after atomic commit");
(B[m[32m+        assert!(
(B[m[32m+            ws_exists && header_exists && event_exists,
(B[m[32m+            "all keyspaces must be present after atomic commit"
(B[m[32m+        );
(B[m     }
 
     #[test]
Diff in /home/lewis/src/Velvet-ballistics-femdation-p0p1-25/crates/vb_storage/src/recovery/replay/summary.rs:953:
         assert!(result.is_ok(), "Expected Ok, got: {:?}", result);
         let seed = result.unwrap();
         assert_eq!(seed.step_count, 1);
[31m-        assert!(seed.steps.iter().any(|entry| entry.step == StepIdx::new(0)
(B[m[31m-            && entry.state == RecoveredStepState::Succeeded));
(B[m[32m+        assert!(
(B[m[32m+            seed.steps.iter().any(|entry| entry.step == StepIdx::new(0)
(B[m[32m+                && entry.state == RecoveredStepState::Succeeded)
(B[m[32m+        );
(B[m     }
 
     #[test]
Diff in /home/lewis/src/Velvet-ballistics-femdation-p0p1-25/crates/vb_storage/src/recovery/replay/summary.rs:989:
 
         let recovered = seed.expect("should recover successfully");
         assert!(
[31m-            recovered.slots.iter().any(|entry|
(B[m[31m-                entry.slot == SlotIdx::new(0)
(B[m[32m+            recovered
(B[m[32m+                .slots
(B[m[32m+                .iter()
(B[m[32m+                .any(|entry| entry.slot == SlotIdx::new(0)
(B[m                     && entry.value == SlotValue::Bool(true)
[31m-                    && entry.taint == Taint::DerivedFromSecret
(B[m[31m-            ),
(B[m[32m+                    && entry.taint == Taint::DerivedFromSecret),
(B[m             "Expected slot 0 with Bool(true) and DerivedFromSecret taint"
         );
         assert!(
Diff in /home/lewis/src/Velvet-ballistics-femdation-p0p1-25/crates/vb_storage/src/vb_2bok_durability_gate_tests.rs:17:
     use crate::admission::{admit_compiled_artifact, submit_artifact};
     use crate::codec::{decode_record, encode_record};
     use crate::constants::{
[31m-        CRC_OFFSET, MAGIC_BLOB, MAGIC_JOURNAL_EVENT,
(B[m[31m-        MAX_JOURNAL_EVENT_PAYLOAD_BYTES, RECORD_HEADER_BYTES,
(B[m[32m+        CRC_OFFSET, MAGIC_BLOB, MAGIC_JOURNAL_EVENT, MAX_JOURNAL_EVENT_PAYLOAD_BYTES,
(B[m[32m+        RECORD_HEADER_BYTES,
(B[m     };
     use crate::records::RecordKind;
     use crate::{
Diff in /home/lewis/src/Velvet-ballistics-femdation-p0p1-25/crates/vb_storage/src/vb_2bok_durability_gate_tests.rs:25:
[31m-        BlobRecord, DIGEST_BYTES, EventSeq, FjallJournal, JournalError,
(B[m[31m-        JournalEvent, WorkflowSourceRecord,
(B[m[32m+        BlobRecord, DIGEST_BYTES, EventSeq, FjallJournal, JournalError, JournalEvent,
(B[m[32m+        WorkflowSourceRecord,
(B[m     };
[31m-    use vb_core::{
(B[m[31m-        CompiledWorkflow, RunId, RuntimePolicy, SlotIdx, StepIdx, WorkflowDigest,
(B[m[31m-    };
(B[m[32m+    use vb_core::{CompiledWorkflow, RunId, RuntimePolicy, SlotIdx, StepIdx, WorkflowDigest};
(B[m 
     // =========================================================================
     // Test fixtures and helpers
Diff in /home/lewis/src/Velvet-ballistics-femdation-p0p1-25/crates/vb_storage/src/vb_2bok_durability_gate_tests.rs:193:
         let (_temp, journal) = temp_journal().map_err(|e| format!("journal open: {e}"))?;
         let workflow = minimal_valid_workflow()?;
 
[31m-        [RuntimePolicy::Relaxed, RuntimePolicy::Journaled, RuntimePolicy::Strict]
(B[m[31m-            .iter()
(B[m[31m-            .try_for_each(|policy| {
(B[m[31m-                let result = submit_artifact(&journal, &workflow, *policy)
(B[m[31m-                    .map_err(|e| format!("submit_artifact({policy:?}) failed: {e}"))?;
(B[m[31m-                assert_eq!(
(B[m[31m-                    result.digest,
(B[m[31m-                    workflow.digest(),
(B[m[31m-                    "artifact.digest must equal workflow.digest() for policy {policy:?}"
(B[m[31m-                );
(B[m[31m-                Ok(())
(B[m[31m-            })?;
(B[m[32m+        [
(B[m[32m+            RuntimePolicy::Relaxed,
(B[m[32m+            RuntimePolicy::Journaled,
(B[m[32m+            RuntimePolicy::Strict,
(B[m[32m+        ]
(B[m[32m+        .iter()
(B[m[32m+        .try_for_each(|policy| {
(B[m[32m+            let result = submit_artifact(&journal, &workflow, *policy)
(B[m[32m+                .map_err(|e| format!("submit_artifact({policy:?}) failed: {e}"))?;
(B[m[32m+            assert_eq!(
(B[m[32m+                result.digest,
(B[m[32m+                workflow.digest(),
(B[m[32m+                "artifact.digest must equal workflow.digest() for policy {policy:?}"
(B[m[32m+            );
(B[m[32m+            Ok(())
(B[m[32m+        })?;
(B[m         Ok(())
     }
 
Diff in /home/lewis/src/Velvet-ballistics-femdation-p0p1-25/crates/vb_storage/src/vb_2bok_durability_gate_tests.rs:216:
         let (_temp, journal) = temp_journal().map_err(|e| format!("journal open: {e}"))?;
         let workflow = minimal_valid_workflow()?;
 
[31m-        [RuntimePolicy::Relaxed, RuntimePolicy::Journaled, RuntimePolicy::Strict]
(B[m[31m-            .iter()
(B[m[31m-            .try_for_each(|policy| {
(B[m[31m-                let result = submit_artifact(&journal, &workflow, *policy)
(B[m[31m-                    .map_err(|e| format!("submit_artifact({policy:?}) failed: {e}"))?;
(B[m[31m-                assert!(
(B[m[31m-                    !result.ir.is_empty(),
(B[m[31m-                    "artifact.ir must be non-empty for policy {policy:?}"
(B[m[31m-                );
(B[m[31m-                Ok(())
(B[m[31m-            })?;
(B[m[32m+        [
(B[m[32m+            RuntimePolicy::Relaxed,
(B[m[32m+            RuntimePolicy::Journaled,
(B[m[32m+            RuntimePolicy::Strict,
(B[m[32m+        ]
(B[m[32m+        .iter()
(B[m[32m+        .try_for_each(|policy| {
(B[m[32m+            let result = submit_artifact(&journal, &workflow, *policy)
(B[m[32m+                .map_err(|e| format!("submit_artifact({policy:?}) failed: {e}"))?;
(B[m[32m+            assert!(
(B[m[32m+                !result.ir.is_empty(),
(B[m[32m+                "artifact.ir must be non-empty for policy {policy:?}"
(B[m[32m+            );
(B[m[32m+            Ok(())
(B[m[32m+        })?;
(B[m         Ok(())
     }
 
Diff in /home/lewis/src/Velvet-ballistics-femdation-p0p1-25/crates/vb_storage/src/vb_2bok_durability_gate_tests.rs:623:
         .map_err(|e| format!("encode failed: {e}"))?;
 
         let mut corrupt = bytes;
[31m-        corrupt.iter_mut().skip(RECORD_HEADER_BYTES).for_each(|byte| {
(B[m[31m-            *byte = byte.wrapping_add(1);
(B[m[31m-        });
(B[m[32m+        corrupt
(B[m[32m+            .iter_mut()
(B[m[32m+            .skip(RECORD_HEADER_BYTES)
(B[m[32m+            .for_each(|byte| {
(B[m[32m+                *byte = byte.wrapping_add(1);
(B[m[32m+            });
(B[m 
         let result = decode_record::<JournalEvent>(
             &corrupt,
Diff in /home/lewis/src/Velvet-ballistics-femdation-p0p1-25/crates/vb_storage/src/vb_2bok_durability_gate_tests.rs:1019:
         let (_temp, journal) = temp_journal().map_err(|e| format!("journal open: {e}"))?;
         let workflow = minimal_valid_workflow()?;
 
[31m-        [RuntimePolicy::Relaxed, RuntimePolicy::Journaled, RuntimePolicy::Strict]
(B[m[31m-            .iter()
(B[m[31m-            .try_for_each(|policy| {
(B[m[31m-                let artifact = submit_artifact(&journal, &workflow, *policy)
(B[m[31m-                    .map_err(|e| format!("submit failed: {e}"))?;
(B[m[32m+        [
(B[m[32m+            RuntimePolicy::Relaxed,
(B[m[32m+            RuntimePolicy::Journaled,
(B[m[32m+            RuntimePolicy::Strict,
(B[m[32m+        ]
(B[m[32m+        .iter()
(B[m[32m+        .try_for_each(|policy| {
(B[m[32m+            let artifact = submit_artifact(&journal, &workflow, *policy)
(B[m[32m+                .map_err(|e| format!("submit failed: {e}"))?;
(B[m 
[31m-                assert_eq!(
(B[m[31m-                    artifact.digest.as_bytes(),
(B[m[31m-                    workflow.digest().as_bytes(),
(B[m[31m-                    "artifact.digest must equal workflow.digest() for policy {policy:?}"
(B[m[31m-                );
(B[m[31m-                Ok(())
(B[m[31m-            })?;
(B[m[32m+            assert_eq!(
(B[m[32m+                artifact.digest.as_bytes(),
(B[m[32m+                workflow.digest().as_bytes(),
(B[m[32m+                "artifact.digest must equal workflow.digest() for policy {policy:?}"
(B[m[32m+            );
(B[m[32m+            Ok(())
(B[m[32m+        })?;
(B[m         Ok(())
     }
 
Diff in /home/lewis/src/Velvet-ballistics-femdation-p0p1-25/crates/vb_storage/src/vb_2bok_durability_gate_tests.rs:1687:
         .map_err(|e| format!("encode: {e}"))?;
 
         let mut corrupt = bytes;
[31m-        corrupt.iter_mut().skip(RECORD_HEADER_BYTES).for_each(|byte| {
(B[m[31m-            *byte = byte.wrapping_add(1);
(B[m[31m-        });
(B[m[32m+        corrupt
(B[m[32m+            .iter_mut()
(B[m[32m+            .skip(RECORD_HEADER_BYTES)
(B[m[32m+            .for_each(|byte| {
(B[m[32m+                *byte = byte.wrapping_add(1);
(B[m[32m+            });
(B[m 
         let result = decode_record::<JournalEvent>(
             &corrupt,
Diff in /home/lewis/src/Velvet-ballistics-femdation-p0p1-25/crates/vb_storage/tests/accepted_artifact_red_phase.rs:6:
     CompiledNode, CompiledNodeKind, CompiledWorkflow, ConstIdx, RuntimePolicy, SlotIdx, StepIdx,
     WorkflowDigest,
 };
[31m-use vb_storage::admission::{AcceptedArtifact, VerificationWarning, submit_artifact};
(B[m use vb_storage::FjallJournal;
[32m+use vb_storage::admission::{AcceptedArtifact, VerificationWarning, submit_artifact};
(B[m 
 fn temp_journal() -> Result<FjallJournal, String> {
     let dir = tempfile::tempdir().map_err(|error| format!("tempdir failed: {error}"))?;
Diff in /home/lewis/src/Velvet-ballistics-femdation-p0p1-25/crates/vb_storage/tests/accepted_artifact_red_phase.rs:118:
     let result = submit_artifact(&journal, &workflow, RuntimePolicy::Relaxed);
     assert!(result.is_ok(), "Relaxed policy must be accepted");
     let artifact = result.unwrap();
[31m-    assert_eq!(artifact.verification.gate_count, 0, "Relaxed must have 0 gates");
(B[m[31m-    assert!(!artifact.verification.durable, "Relaxed must not be durable");
(B[m[32m+    assert_eq!(
(B[m[32m+        artifact.verification.gate_count, 0,
(B[m[32m+        "Relaxed must have 0 gates"
(B[m[32m+    );
(B[m[32m+    assert!(
(B[m[32m+        !artifact.verification.durable,
(B[m[32m+        "Relaxed must not be durable"
(B[m[32m+    );
(B[m     Ok(())
 }
 
Diff in /home/lewis/src/Velvet-ballistics-femdation-p0p1-25/crates/vb_storage/tests/accepted_artifact_red_phase.rs:126:
 #[test]
[31m-fn accepted_artifact_store_payload_is_raw_workflow_parts_not_nested_artifact()
(B[m[31m--> Result<(), String> {
(B[m[32m+fn accepted_artifact_store_payload_is_raw_workflow_parts_not_nested_artifact() -> Result<(), String>
(B[m[32m+{
(B[m     let artifact = submit_minimal(RuntimePolicy::Strict)?;
     let decoded_parts = postcard::from_bytes::<WorkflowParts>(&artifact.ir)
         .map_err(|error| format!("workflow parts decode failed: {error}"))?;
Diff in /home/lewis/src/Velvet-ballistics-femdation-p0p1-25/crates/vb_storage/tests/accepted_artifact_red_phase.rs:156:
 }
 
 #[test]
[31m-fn accepted_artifact_encoder_journaled_proof_has_durable_false()
(B[m[31m--> Result<(), String> {
(B[m[32m+fn accepted_artifact_encoder_journaled_proof_has_durable_false() -> Result<(), String> {
(B[m     let artifact = submit_minimal(RuntimePolicy::Journaled)?;
[31m-    assert!(!artifact.verification.durable, "Journaled policy must not be durable");
(B[m[32m+    assert!(
(B[m[32m+        !artifact.verification.durable,
(B[m[32m+        "Journaled policy must not be durable"
(B[m[32m+    );
(B[m     Ok(())
 }
 
Diff in /home/lewis/src/Velvet-ballistics-femdation-p0p1-25/crates/vb_storage/tests/accepted_artifact_red_phase.rs:166:
 #[test]
[31m-fn accepted_artifact_encoder_strict_proof_has_durable_true()
(B[m[31m--> Result<(), String> {
(B[m[32m+fn accepted_artifact_encoder_strict_proof_has_durable_true() -> Result<(), String> {
(B[m     let artifact = submit_minimal(RuntimePolicy::Strict)?;
[31m-    assert!(artifact.verification.durable, "Strict policy must be durable");
(B[m[32m+    assert!(
(B[m[32m+        artifact.verification.durable,
(B[m[32m+        "Strict policy must be durable"
(B[m[32m+    );
(B[m     Ok(())
 }
 
Diff in /home/lewis/src/Velvet-ballistics-femdation-p0p1-25/crates/vb_storage/tests/accepted_artifact_red_phase.rs:174:
 #[test]
[31m-fn accepted_artifact_encoder_journaled_gate_count_equals_fifteen()
(B[m[31m--> Result<(), String> {
(B[m[32m+fn accepted_artifact_encoder_journaled_gate_count_equals_fifteen() -> Result<(), String> {
(B[m     let artifact = submit_minimal(RuntimePolicy::Journaled)?;
[31m-    assert_eq!(artifact.verification.gate_count, 2, "Journaled must have 2 gates");
(B[m[32m+    assert_eq!(
(B[m[32m+        artifact.verification.gate_count, 2,
(B[m[32m+        "Journaled must have 2 gates"
(B[m[32m+    );
(B[m     Ok(())
 }
 
Diff in /home/lewis/src/Velvet-ballistics-femdation-p0p1-25/crates/vb_storage/tests/accepted_artifact_red_phase.rs:182:
 #[test]
[31m-fn accepted_artifact_encoder_strict_gate_count_equals_fifteen()
(B[m[31m--> Result<(), String> {
(B[m[32m+fn accepted_artifact_encoder_strict_gate_count_equals_fifteen() -> Result<(), String> {
(B[m     let artifact = submit_minimal(RuntimePolicy::Strict)?;
[31m-    assert_eq!(artifact.verification.gate_count, 2, "Strict must have 2 gates");
(B[m[32m+    assert_eq!(
(B[m[32m+        artifact.verification.gate_count, 2,
(B[m[32m+        "Strict must have 2 gates"
(B[m[32m+    );
(B[m     Ok(())
 }
 
Diff in /home/lewis/src/Velvet-ballistics-femdation-p0p1-25/crates/vb_storage/tests/accepted_artifact_red_phase.rs:190:
 #[test]
[31m-fn accepted_artifact_validator_accepts_empty_warnings_array()
(B[m[31m--> Result<(), String> {
(B[m[32m+fn accepted_artifact_validator_accepts_empty_warnings_array() -> Result<(), String> {
(B[m     let artifact = submit_minimal(RuntimePolicy::Strict)?;
     assert!(artifact.verification.warnings.is_empty());
     Ok(())
Diff in /home/lewis/src/Velvet-ballistics-femdation-p0p1-25/crates/vb_storage/tests/accepted_artifact_red_phase.rs:196:
 }
 
 #[test]
[31m-fn accepted_artifact_validator_accepts_empty_idempotency_lists()
(B[m[31m--> Result<(), String> {
(B[m[32m+fn accepted_artifact_validator_accepts_empty_idempotency_lists() -> Result<(), String> {
(B[m     let artifact = submit_minimal(RuntimePolicy::Strict)?;
     assert!(artifact.verification.idempotency_keyed.is_empty());
     assert!(artifact.verification.idempotency_attested.is_empty());
Diff in /home/lewis/src/Velvet-ballistics-femdation-p0p1-25/crates/vb_storage/tests/accepted_artifact_red_phase.rs:205:
 }
 
 #[test]
[31m-fn accepted_artifact_encoder_records_empty_required_capabilities()
(B[m[31m--> Result<(), String> {
(B[m[32m+fn accepted_artifact_encoder_records_empty_required_capabilities() -> Result<(), String> {
(B[m     let artifact = submit_minimal(RuntimePolicy::Strict)?;
     assert!(artifact.required_capabilities.is_empty());
     Ok(())
Diff in /home/lewis/src/Velvet-ballistics-femdation-p0p1-25/crates/vb_storage/tests/accepted_artifact_red_phase.rs:213:
 }
 
 #[test]
[31m-fn accepted_artifact_encoder_records_zero_accepted_at_seq()
(B[m[31m--> Result<(), String> {
(B[m[32m+fn accepted_artifact_encoder_records_zero_accepted_at_seq() -> Result<(), String> {
(B[m     let artifact = submit_minimal(RuntimePolicy::Strict)?;
     assert_eq!(artifact.accepted_at_seq.get(), 0);
     Ok(())
Diff in /home/lewis/src/Velvet-ballistics-femdation-p0p1-25/crates/vb_storage/tests/accepted_artifact_red_phase.rs:221:
 }
 
 #[test]
[31m-fn accepted_artifact_roundtrip_through_storage_persists_and_loads()
(B[m[31m--> Result<(), String> {
(B[m[32m+fn accepted_artifact_roundtrip_through_storage_persists_and_loads() -> Result<(), String> {
(B[m     use vb_storage::records::CompiledIrRecord;
 
     let journal = temp_journal()?;
Diff in /home/lewis/src/Velvet-ballistics-femdation-p0p1-25/crates/vb_storage/tests/accepted_artifact_red_phase.rs:230:
     let artifact = submit_artifact(&journal, &workflow, RuntimePolicy::Strict)
         .map_err(|e| format!("submit failed: {e}"))?;
 
[31m-    let stored = journal.compiled_ir(artifact.digest)
(B[m[32m+    let stored = journal
(B[m[32m+        .compiled_ir(artifact.digest)
(B[m         .map_err(|e| format!("load failed: {e}"))?
         .ok_or_else(|| String::from("artifact not found after submit"))?;
 
Diff in /home/lewis/src/Velvet-ballistics-femdation-p0p1-25/crates/vb_storage/tests/accepted_artifact_red_phase.rs:240:
 }
 
 #[test]
[31m-fn accepted_artifact_stored_bytes_are_postcard_encoded()
(B[m[31m--> Result<(), String> {
(B[m[32m+fn accepted_artifact_stored_bytes_are_postcard_encoded() -> Result<(), String> {
(B[m     let journal = temp_journal()?;
     let workflow = minimal_workflow()?;
     let artifact = submit_artifact(&journal, &workflow, RuntimePolicy::Strict)
Diff in /home/lewis/src/Velvet-ballistics-femdation-p0p1-25/crates/vb_storage/tests/accepted_artifact_red_phase.rs:255:
 }
 
 #[test]
[31m-fn runtime_admission_requires_artifact_digest_not_raw_workflow()
(B[m[31m--> Result<(), String> {
(B[m[32m+fn runtime_admission_requires_artifact_digest_not_raw_workflow() -> Result<(), String> {
(B[m     let journal = temp_journal()?;
     let workflow = minimal_workflow()?;
     let result = submit_artifact(&journal, &workflow, RuntimePolicy::Relaxed);
Diff in /home/lewis/src/Velvet-ballistics-femdation-p0p1-25/crates/vb_storage/tests/accepted_artifact_red_phase.rs:267:
 }
 
 #[test]
[31m-fn submit_artifact_rejects_missing_workflow_digest()
(B[m[31m--> Result<(), String> {
(B[m[32m+fn submit_artifact_rejects_missing_workflow_digest() -> Result<(), String> {
(B[m     let journal = temp_journal()?;
     let workflow = minimal_workflow()?;
[31m-    let bad_workflow = CompiledWorkflow::try_from_parts(
(B[m[31m-        vb_core::workflow::WorkflowParts {
(B[m[31m-            name: Box::<str>::from("scope.bad"),
(B[m[31m-            digest: WorkflowDigest::from_bytes([0_u8; 32]),
(B[m[31m-            nodes: workflow.to_parts().nodes,
(B[m[31m-            expressions: workflow.to_parts().expressions,
(B[m[31m-            accessors: workflow.to_parts().accessors,
(B[m[31m-            constants: workflow.to_parts().constants,
(B[m[31m-            slot_count: workflow.to_parts().slot_count,
(B[m[31m-            symbols_count: 0,
(B[m[31m-            entry: workflow.to_parts().entry,
(B[m[31m-            resource_contract: ResourceContract::DEFAULT,
(B[m[31m-            step_names: Box::new([]),
(B[m[31m-        }
(B[m[31m-    ).map_err(|e| format!("workflow with zero digest should fail: {e}"))?;
(B[m[32m+    let bad_workflow = CompiledWorkflow::try_from_parts(vb_core::workflow::WorkflowParts {
(B[m[32m+        name: Box::<str>::from("scope.bad"),
(B[m[32m+        digest: WorkflowDigest::from_bytes([0_u8; 32]),
(B[m[32m+        nodes: workflow.to_parts().nodes,
(B[m[32m+        expressions: workflow.to_parts().expressions,
(B[m[32m+        accessors: workflow.to_parts().accessors,
(B[m[32m+        constants: workflow.to_parts().constants,
(B[m[32m+        slot_count: workflow.to_parts().slot_count,
(B[m[32m+        symbols_count: 0,
(B[m[32m+        entry: workflow.to_parts().entry,
(B[m[32m+        resource_contract: ResourceContract::DEFAULT,
(B[m[32m+        step_names: Box::new([]),
(B[m[32m+    })
(B[m[32m+    .map_err(|e| format!("workflow with zero digest should fail: {e}"))?;
(B[m     let result = submit_artifact(&journal, &bad_workflow, RuntimePolicy::Strict);
[31m-    assert!(result.is_err(), "workflow with zero digest should be rejected");
(B[m[32m+    assert!(
(B[m[32m+        result.is_err(),
(B[m[32m+        "workflow with zero digest should be rejected"
(B[m[32m+    );
(B[m     Ok(())
 }
 
Diff in /home/lewis/src/Velvet-ballistics-femdation-p0p1-25/crates/vb_storage/tests/accepted_artifact_red_phase.rs:294:
 #[test]
[31m-fn submit_artifact_validates_workflow_structure()
(B[m[31m--> Result<(), String> {
(B[m[32m+fn submit_artifact_validates_workflow_structure() -> Result<(), String> {
(B[m     let journal = temp_journal()?;
     let workflow = minimal_workflow()?;
     let result = submit_artifact(&journal, &workflow, RuntimePolicy::Strict);
Diff in /home/lewis/src/Velvet-ballistics-femdation-p0p1-25/crates/vb_storage/tests/accepted_artifact_red_phase.rs:302:
 }
 
 #[test]
[31m-fn submit_artifact_returns_artifact_with_correct_digest()
(B[m[31m--> Result<(), String> {
(B[m[32m+fn submit_artifact_returns_artifact_with_correct_digest() -> Result<(), String> {
(B[m     let journal = temp_journal()?;
     let workflow = minimal_workflow()?;
     let artifact = submit_artifact(&journal, &workflow, RuntimePolicy::Strict)
Diff in /home/lewis/src/Velvet-ballistics-femdation-p0p1-25/crates/vb_storage/tests/accepted_artifact_red_phase.rs:313:
 }
 
 #[test]
[31m-fn submit_artifact_persists_artifact_to_journal()
(B[m[31m--> Result<(), String> {
(B[m[32m+fn submit_artifact_persists_artifact_to_journal() -> Result<(), String> {
(B[m     let journal = temp_journal()?;
     let workflow = minimal_workflow()?;
     let artifact = submit_artifact(&journal, &workflow, RuntimePolicy::Strict)
Diff in /home/lewis/src/Velvet-ballistics-femdation-p0p1-25/crates/vb_storage/tests/accepted_artifact_red_phase.rs:321:
         .map_err(|e| format!("submit failed: {e}"))?;
 
[31m-    let loaded = journal.compiled_ir(artifact.digest)
(B[m[32m+    let loaded = journal
(B[m[32m+        .compiled_ir(artifact.digest)
(B[m         .map_err(|e| format!("load failed: {e}"))?;
     assert!(loaded.is_some(), "artifact must be persisted");
     Ok(())
Diff in /home/lewis/src/Velvet-ballistics-femdation-p0p1-25/crates/vb_storage/tests/accepted_artifact_red_phase.rs:327:
 }
 
 #[test]
[31m-fn submit_artifact_journaled_does_not_persist_strictly()
(B[m[31m--> Result<(), String> {
(B[m[32m+fn submit_artifact_journaled_does_not_persist_strictly() -> Result<(), String> {
(B[m     let journal = temp_journal()?;
     let workflow = minimal_workflow()?;
     let artifact = submit_artifact(&journal, &workflow, RuntimePolicy::Journaled)
Diff in /home/lewis/src/Velvet-ballistics-femdation-p0p1-25/crates/vb_storage/tests/accepted_artifact_red_phase.rs:335:
         .map_err(|e| format!("submit failed: {e}"))?;
 
[31m-    let loaded = journal.compiled_ir(artifact.digest)
(B[m[32m+    let loaded = journal
(B[m[32m+        .compiled_ir(artifact.digest)
(B[m         .map_err(|e| format!("load failed: {e}"))?;
[31m-    assert!(loaded.is_some(), "Journaled artifact must still be persisted");
(B[m[32m+    assert!(
(B[m[32m+        loaded.is_some(),
(B[m[32m+        "Journaled artifact must still be persisted"
(B[m[32m+    );
(B[m     Ok(())
 }
 
Diff in /home/lewis/src/Velvet-ballistics-femdation-p0p1-25/crates/vb_storage/tests/accepted_artifact_red_phase.rs:343:
 #[test]
[31m-fn accepted_artifact_proof_contains_workflow_digest()
(B[m[31m--> Result<(), String> {
(B[m[32m+fn accepted_artifact_proof_contains_workflow_digest() -> Result<(), String> {
(B[m     let journal = temp_journal()?;
     let workflow = minimal_workflow()?;
     let artifact = submit_artifact(&journal, &workflow, RuntimePolicy::Strict)
Diff in /home/lewis/src/Velvet-ballistics-femdation-p0p1-25/crates/vb_storage/tests/accepted_artifact_red_phase.rs:352:
 }
 
 #[test]
[31m-fn accepted_artifact_validator_requires_all_proof_flags_true_under_strict()
(B[m[31m--> Result<(), String> {
(B[m[32m+fn accepted_artifact_validator_requires_all_proof_flags_true_under_strict() -> Result<(), String> {
(B[m     let artifact = submit_minimal(RuntimePolicy::Strict)?;
     let p = &artifact.verification;
     assert!(p.bounded && p.taint_safe && p.retry_safe && p.replayable && p.durable);
Diff in /home/lewis/src/Velvet-ballistics-femdation-p0p1-25/crates/vb_storage/tests/accepted_artifact_red_phase.rs:361:
 }
 
 #[test]
[31m-fn accepted_artifact_validator_requires_all_proof_flags_true_under_journaled()
(B[m[31m--> Result<(), String> {
(B[m[32m+fn accepted_artifact_validator_requires_all_proof_flags_true_under_journaled() -> Result<(), String>
(B[m[32m+{
(B[m     let artifact = submit_minimal(RuntimePolicy::Journaled)?;
     let p = &artifact.verification;
     assert!(p.bounded && p.taint_safe && p.retry_safe && p.replayable && !p.durable);
Diff in /home/lewis/src/Velvet-ballistics-femdation-p0p1-25/crates/vb_storage/tests/accepted_artifact_red_phase.rs:369:
     Ok(())
 }
[32m+
(B[mDiff in /home/lewis/src/Velvet-ballistics-femdation-p0p1-25/crates/vb_ui_model/src/envelope.rs:131:
     fn fmt(&self, f: &mut fmt::Formatter<'_>) -> fmt::Result {
         match self {
             EnvelopeError::InvalidSchemaVersion { value } => {
[31m-                write!(f, "schema version {} is out of valid range 1..=65535", value)
(B[m[32m+                write!(
(B[m[32m+                    f,
(B[m[32m+                    "schema version {} is out of valid range 1..=65535",
(B[m[32m+                    value
(B[m[32m+                )
(B[m             }
             EnvelopeError::SuccessCannotHaveDiagnostic => {
                 write!(f, "Success envelope cannot have a diagnostic")
Diff in /home/lewis/src/Velvet-ballistics-femdation-p0p1-25/crates/vb_ui_model/src/envelope.rs:328:
             None,
         );
         assert!(result.is_err());
[31m-        assert_eq!(result.unwrap_err(), EnvelopeError::SuccessCannotHaveDiagnostic);
(B[m[32m+        assert_eq!(
(B[m[32m+            result.unwrap_err(),
(B[m[32m+            EnvelopeError::SuccessCannotHaveDiagnostic
(B[m[32m+        );
(B[m     }
 
     #[test]
Diff in /home/lewis/src/Velvet-ballistics-femdation-p0p1-25/crates/vb_ui_model/src/envelope.rs:411:
         assert!(format!("{}", err).contains("both"));
     }
 }
[32m+
(B[mDiff in /home/lewis/src/Velvet-ballistics-femdation-p0p1-25/crates/velvet_ballastics/src/main.rs:3453:
             max,
         } => {
             outln!("Capability Name Too Long");
[31m-            outln!("  Action {action_id}: capability {capability_index} name length {len} exceeds max {max}.");
(B[m[32m+            outln!(
(B[m[32m+                "  Action {action_id}: capability {capability_index} name length {len} exceeds max {max}."
(B[m[32m+            );
(B[m         }
         ValidationError::CapabilityNameInvalid {
             action_id,
Diff in /home/lewis/src/Velvet-ballistics-femdation-p0p1-25/crates/velvet_ballastics/src/main.rs:3469:
             capability_index,
         } => {
             outln!("Capability Action Mismatch");
[31m-            outln!("  Contract action {contract_action_id} != capability action {capability_action_id} at index {capability_index}.");
(B[m[32m+            outln!(
(B[m[32m+                "  Contract action {contract_action_id} != capability action {capability_action_id} at index {capability_index}."
(B[m[32m+            );
(B[m         }
         ValidationError::CapabilityDuplicate {
             action_id,
Diff in /home/lewis/src/Velvet-ballistics-femdation-p0p1-25/crates/velvet_ballastics/src/main.rs:3478:
             name,
         } => {
             outln!("Capability Duplicate");
[31m-            outln!("  Action {action_id}: capability '{name}' first at {first_index}, duplicate at {duplicate_index}.");
(B[m[32m+            outln!(
(B[m[32m+                "  Action {action_id}: capability '{name}' first at {first_index}, duplicate at {duplicate_index}."
(B[m[32m+            );
(B[m         }
     }
 }
Diff in /home/lewis/src/Velvet-ballistics-femdation-p0p1-25/crates/velvet_ballastics/src/main.rs:3834:
             let mut runs = Vec::new();
             for run in &diag.runs {
                 match run {
[31m-                    vb_storage::TrimEligibility::Eligible { run: r, safe_point, events_trimmable } => {
(B[m[32m+                    vb_storage::TrimEligibility::Eligible {
(B[m[32m+                        run: r,
(B[m[32m+                        safe_point,
(B[m[32m+                        events_trimmable,
(B[m[32m+                    } => {
(B[m                         runs.push(serde_json::json!({
                             "run": r.get(),
                             "status": "eligible",
Diff in /home/lewis/src/Velvet-ballistics-femdation-p0p1-25/crates/velvet_ballastics/src/main.rs:3909:
         if let Ok(diag) = journal.trim_eligibility_diagnostic(vb_storage::TrimPolicy::default()) {
             outln!(
                 "doctor: trim eligibility — {} total, {} eligible, {} blocked, {} events trimmable",
[31m-                diag.total_runs, diag.eligible_runs, diag.blocked_runs, diag.total_events_trimmable
(B[m[32m+                diag.total_runs,
(B[m[32m+                diag.eligible_runs,
(B[m[32m+                diag.blocked_runs,
(B[m[32m+                diag.total_events_trimmable
(B[m             );
             for run in &diag.runs {
                 match run {
Diff in /home/lewis/src/Velvet-ballistics-femdation-p0p1-25/crates/velvet_ballastics/src/main.rs:3916:
[31m-                    vb_storage::TrimEligibility::Eligible { run: r, safe_point, events_trimmable } => {
(B[m[32m+                    vb_storage::TrimEligibility::Eligible {
(B[m[32m+                        run: r,
(B[m[32m+                        safe_point,
(B[m[32m+                        events_trimmable,
(B[m[32m+                    } => {
(B[m                         outln!(
                             "doctor:   run {} eligible — safe_point={} events_trimmable={}",
[31m-                            r.get(), safe_point.get(), events_trimmable
(B[m[32m+                            r.get(),
(B[m[32m+                            safe_point.get(),
(B[m[32m+                            events_trimmable
(B[m                         );
                     }
                     vb_storage::TrimEligibility::Blocked { run: r, blocker } => {
Diff in /home/lewis/src/Velvet-ballistics-femdation-p0p1-25/crates/velvet_ballastics/src/main.rs:3924:
                             vb_storage::TrimBlocker::NoDurableSnapshot => "no_durable_snapshot",
                             vb_storage::TrimBlocker::RetentionPolicy { .. } => "retention_policy",
                         };
[31m-                        outln!("doctor:   run {} blocked — blocker={}", r.get(), blocker_name);
(B[m[32m+                        outln!(
(B[m[32m+                            "doctor:   run {} blocked — blocker={}",
(B[m[32m+                            r.get(),
(B[m[32m+                            blocker_name
(B[m[32m+                        );
(B[m                     }
                 }
             }
Diff in /home/lewis/src/Velvet-ballistics-femdation-p0p1-25/crates/velvet_ballastics/tests/cli_integration.rs:2278:
                     run,
                     seq: vb_storage::EventSeq::new(i),
                     step: vb_core::StepIdx::new(i as u16 - 1),
[31m-                    
(B[m                 }
             }
         })
Diff in /home/lewis/src/Velvet-ballistics-femdation-p0p1-25/crates/velvet_ballastics/tests/cli_integration.rs:2285:
         .collect();
     if let Err(err) = journal.append_strict_batch(&events) {
[31m-        assert!(
(B[m[31m-            forced_assertion_failure(),
(B[m[31m-            "failed to append events: {err}"
(B[m[31m-        );
(B[m[32m+        assert!(forced_assertion_failure(), "failed to append events: {err}");
(B[m         return;
     }
 
Diff in /home/lewis/src/Velvet-ballistics-femdation-p0p1-25/crates/velvet_ballastics/tests/cli_integration.rs:2299:
         accepted_at_ms: 100_000,
     };
     if let Err(err) = journal.put_run_header(&header) {
[31m-        assert!(
(B[m[31m-            forced_assertion_failure(),
(B[m[31m-            "failed to write header: {err}"
(B[m[31m-        );
(B[m[32m+        assert!(forced_assertion_failure(), "failed to write header: {err}");
(B[m         return;
     }
 
Diff in /home/lewis/src/Velvet-ballistics-femdation-p0p1-25/crates/velvet_ballastics/tests/cli_integration.rs:2323:
     drop(journal);
 
     let output = match run_cli(&[
[31m-            std::ffi::OsStr::new("doctor"),
(B[m[31m-            std::ffi::OsStr::new("--db"),
(B[m[31m-            db_path.as_os_str(),
(B[m[31m-            std::ffi::OsStr::new("--json"),
(B[m[31m-        ]) {
(B[m[32m+        std::ffi::OsStr::new("doctor"),
(B[m[32m+        std::ffi::OsStr::new("--db"),
(B[m[32m+        db_path.as_os_str(),
(B[m[32m+        std::ffi::OsStr::new("--json"),
(B[m[32m+    ]) {
(B[m         Some(output) => output,
         None => return,
     };
Diff in /home/lewis/src/Velvet-ballistics-femdation-p0p1-25/crates/velvet_ballastics/tests/cli_integration.rs:2334:
[31m-    assert_cli_success(&output,
(B[m[31m-        "doctor --db <path> --json"
(B[m[31m-    );
(B[m[32m+    assert_cli_success(&output, "doctor --db <path> --json");
(B[m 
     let stdout = output_stdout(&output);
     let packet: serde_json::Value = match serde_json::from_str(&stdout) {
Diff in /home/lewis/src/Velvet-ballistics-femdation-p0p1-25/crates/velvet_ballastics/tests/cli_integration.rs:2368:
         "doctor JSON should include trim_eligibility check: {stdout}"
     );
     let trim_check = trim_check.unwrap();
[32m+    assert_eq!(trim_check.get("status"), Some(&serde_json::json!("pass")));
(B[m[32m+    assert_eq!(trim_check.get("total_runs"), Some(&serde_json::json!(1)));
(B[m[32m+    assert_eq!(trim_check.get("eligible_runs"), Some(&serde_json::json!(1)));
(B[m[32m+    assert_eq!(trim_check.get("blocked_runs"), Some(&serde_json::json!(0)));
(B[m     assert_eq!(
[31m-        trim_check.get("status"),
(B[m[31m-        Some(&serde_json::json!("pass"))
(B[m[31m-    );
(B[m[31m-    assert_eq!(
(B[m[31m-        trim_check.get("total_runs"),
(B[m[31m-        Some(&serde_json::json!(1))
(B[m[31m-    );
(B[m[31m-    assert_eq!(
(B[m[31m-        trim_check.get("eligible_runs"),
(B[m[31m-        Some(&serde_json::json!(1))
(B[m[31m-    );
(B[m[31m-    assert_eq!(
(B[m[31m-        trim_check.get("blocked_runs"),
(B[m[31m-        Some(&serde_json::json!(0))
(B[m[31m-    );
(B[m[31m-    assert_eq!(
(B[m         trim_check.get("total_events_trimmable"),
         Some(&serde_json::json!(3))
     );
Diff in /home/lewis/src/Velvet-ballistics-femdation-p0p1-25/crates/velvet_ballastics/tests/cli_integration.rs:2421:
             run,
             seq: vb_storage::EventSeq::new(1),
             step: vb_core::StepIdx::new(0),
[31m-            
(B[m         },
     ];
     if let Err(err) = journal.append_strict_batch(&events) {
Diff in /home/lewis/src/Velvet-ballistics-femdation-p0p1-25/crates/velvet_ballastics/tests/cli_integration.rs:2428:
[31m-        assert!(
(B[m[31m-            forced_assertion_failure(),
(B[m[31m-            "failed to append events: {err}"
(B[m[31m-        );
(B[m[32m+        assert!(forced_assertion_failure(), "failed to append events: {err}");
(B[m         return;
     }
 
Diff in /home/lewis/src/Velvet-ballistics-femdation-p0p1-25/crates/velvet_ballastics/tests/cli_integration.rs:2440:
         accepted_at_ms: 100_001,
     };
     if let Err(err) = journal.put_run_header(&header) {
[31m-        assert!(
(B[m[31m-            forced_assertion_failure(),
(B[m[31m-            "failed to write header: {err}"
(B[m[31m-        );
(B[m[32m+        assert!(forced_assertion_failure(), "failed to write header: {err}");
(B[m         return;
     }
 
Diff in /home/lewis/src/Velvet-ballistics-femdation-p0p1-25/crates/velvet_ballastics/tests/cli_integration.rs:2451:
     drop(journal);
 
     let output = match run_cli(&[
[31m-            std::ffi::OsStr::new("doctor"),
(B[m[31m-            std::ffi::OsStr::new("--db"),
(B[m[31m-            db_path.as_os_str(),
(B[m[31m-        ]) {
(B[m[32m+        std::ffi::OsStr::new("doctor"),
(B[m[32m+        std::ffi::OsStr::new("--db"),
(B[m[32m+        db_path.as_os_str(),
(B[m[32m+    ]) {
(B[m         Some(output) => output,
         None => return,
     };
Diff in /home/lewis/src/Velvet-ballistics-femdation-p0p1-25/crates/velvet_ballastics/tests/cli_integration.rs:2461:
[31m-    assert_cli_success(&output,
(B[m[31m-        "doctor --db <path>"
(B[m[31m-    );
(B[m[32m+    assert_cli_success(&output, "doctor --db <path>");
(B[m 
     let stdout = output_stdout(&output);
     assert!(
Diff in /home/lewis/src/Velvet-ballistics-femdation-p0p1-25/crates/velvet_ballastics/tests/cli_integration.rs:2515:
                     run,
                     seq: vb_storage::EventSeq::new(i),
                     step: vb_core::StepIdx::new(i as u16 - 1),
[31m-                    
(B[m                 }
             }
         })
Diff in /home/lewis/src/Velvet-ballistics-femdation-p0p1-25/crates/velvet_ballastics/tests/cli_integration.rs:2522:
         .collect();
     if let Err(err) = journal.append_strict_batch(&events) {
[31m-        assert!(
(B[m[31m-            forced_assertion_failure(),
(B[m[31m-            "failed to append events: {err}"
(B[m[31m-        );
(B[m[32m+        assert!(forced_assertion_failure(), "failed to append events: {err}");
(B[m         return;
     }
 
Diff in /home/lewis/src/Velvet-ballistics-femdation-p0p1-25/crates/velvet_ballastics/tests/cli_integration.rs:2536:
         accepted_at_ms: 100_002,
     };
     if let Err(err) = journal.put_run_header(&header) {
[31m-        assert!(
(B[m[31m-            forced_assertion_failure(),
(B[m[31m-            "failed to write header: {err}"
(B[m[31m-        );
(B[m[32m+        assert!(forced_assertion_failure(), "failed to write header: {err}");
(B[m         return;
     }
 
Diff in /home/lewis/src/Velvet-ballistics-femdation-p0p1-25/crates/velvet_ballastics/tests/cli_integration.rs:2560:
     drop(journal);
 
     let output = match run_cli(&[
[31m-            std::ffi::OsStr::new("doctor"),
(B[m[31m-            std::ffi::OsStr::new("--db"),
(B[m[31m-            db_path.as_os_str(),
(B[m[31m-        ]) {
(B[m[32m+        std::ffi::OsStr::new("doctor"),
(B[m[32m+        std::ffi::OsStr::new("--db"),
(B[m[32m+        db_path.as_os_str(),
(B[m[32m+    ]) {
(B[m         Some(output) => output,
         None => return,
     };
Diff in /home/lewis/src/Velvet-ballistics-femdation-p0p1-25/crates/velvet_ballastics/tests/cli_integration.rs:2570:
[31m-    assert_cli_success(&output,
(B[m[31m-        "doctor --db <path>"
(B[m[31m-    );
(B[m[32m+    assert_cli_success(&output, "doctor --db <path>");
(B[m }
 
 #[test]
Diff in /home/lewis/src/Velvet-ballistics-femdation-p0p1-25/crates/velvet_ballastics/tests/cli_integration.rs:2577:
     let nonexistent = std::path::PathBuf::from("/nonexistent/path/to/db");
 
     let output = match run_cli(&[
[31m-            std::ffi::OsStr::new("doctor"),
(B[m[31m-            std::ffi::OsStr::new("--db"),
(B[m[31m-            nonexistent.as_os_str(),
(B[m[31m-        ]) {
(B[m[32m+        std::ffi::OsStr::new("doctor"),
(B[m[32m+        std::ffi::OsStr::new("--db"),
(B[m[32m+        nonexistent.as_os_str(),
(B[m[32m+    ]) {
(B[m         Some(output) => output,
         None => return,
     };
Diff in /home/lewis/src/Velvet-ballistics-femdation-p0p1-25/tests/vb_qi37_1_1_red_recovery_contract_test.rs:7:
     RecoveredSlotEntry, RecoveredStepEntry, RecoveredStepState, RecoveryFrameSeed,
     RecoveryRuntimeSummary, UnsupportedRecoveryState, recover_runtime_frame_seed_from_events,
 };
[31m-use vb_storage::{EventSeq, FjallJournal, JournalEvent, JournalWriterFlushReport, JournalWriterQueue, StorageLimits};
(B[m[32m+use vb_storage::{
(B[m[32m+    EventSeq, FjallJournal, JournalEvent, JournalWriterFlushReport, JournalWriterQueue,
(B[m[32m+    StorageLimits,
(B[m[32m+};
(B[m 
 fn encoded(value: SlotValue) -> Result<Vec<u8>, postcard::Error> {
     postcard::to_allocvec(&value)
Diff in /home/lewis/src/Velvet-ballistics-femdation-p0p1-25/tests/vb_qi37_1_1_red_recovery_contract_test.rs:301:
 fn drain_report_contract_requires_three_drained_and_three_written() {
     let temp_dir = tempfile::tempdir().expect("tempdir must succeed");
     let journal = FjallJournal::open(temp_dir.path(), None).expect("journal open must succeed");
[31m-    let queue = JournalWriterQueue::new(8, 8, StorageLimits::DEFAULT).expect("queue create must succeed");
(B[m[32m+    let queue =
(B[m[32m+        JournalWriterQueue::new(8, 8, StorageLimits::DEFAULT).expect("queue create must succeed");
(B[m     let run = RunId::new(9999);
 
     queue
Diff in /home/lewis/src/Velvet-ballistics-femdation-p0p1-25/xtask/src/evidence.rs:65:
 #[derive(Debug, Clone, PartialEq, Eq)]
 pub enum Error {
     /// Gate exceeded its configured timeout duration.
[31m-    GateTimeout {
(B[m[31m-        gate: String,
(B[m[31m-        duration_secs: u64,
(B[m[31m-    },
(B[m[32m+    GateTimeout { gate: String, duration_secs: u64 },
(B[m     /// Underlying command returned non-zero exit code.
     GateFailed {
         gate: String,
Diff in /home/lewis/src/Velvet-ballistics-femdation-p0p1-25/xtask/src/evidence.rs:76:
         log: PathBuf,
     },
     /// Evidence file for a required gate does not exist (fail-closed).
[31m-    MissingEvidence {
(B[m[31m-        gate: String,
(B[m[31m-        path: PathBuf,
(B[m[31m-    },
(B[m[32m+    MissingEvidence { gate: String, path: PathBuf },
(B[m     /// YAML serialization or file write failed.
     EvidenceWriteFailed {
         gate: String,
Diff in /home/lewis/src/Velvet-ballistics-femdation-p0p1-25/xtask/src/evidence.rs:101:
 impl std::fmt::Display for Error {
     fn fmt(&self, f: &mut std::fmt::Formatter<'_>) -> std::fmt::Result {
         match self {
[31m-            Error::GateTimeout { gate, duration_secs } => {
(B[m[32m+            Error::GateTimeout {
(B[m[32m+                gate,
(B[m[32m+                duration_secs,
(B[m[32m+            } => {
(B[m                 write!(f, "Gate '{}' exceeded timeout of {}s", gate, duration_secs)
             }
[31m-            Error::GateFailed { gate, exit_code, log } => {
(B[m[31m-                write!(f, "Gate '{}' failed with exit code {} (log: {})", gate, exit_code, log.display())
(B[m[32m+            Error::GateFailed {
(B[m[32m+                gate,
(B[m[32m+                exit_code,
(B[m[32m+                log,
(B[m[32m+            } => {
(B[m[32m+                write!(
(B[m[32m+                    f,
(B[m[32m+                    "Gate '{}' failed with exit code {} (log: {})",
(B[m[32m+                    gate,
(B[m[32m+                    exit_code,
(B[m[32m+                    log.display()
(B[m[32m+                )
(B[m             }
             Error::MissingEvidence { gate, path } => {
[31m-                write!(f, "Missing evidence for gate '{}' at {}", gate, path.display())
(B[m[32m+                write!(
(B[m[32m+                    f,
(B[m[32m+                    "Missing evidence for gate '{}' at {}",
(B[m[32m+                    gate,
(B[m[32m+                    path.display()
(B[m[32m+                )
(B[m             }
             Error::EvidenceWriteFailed { gate, path, cause } => {
[31m-                write!(f, "Failed to write evidence for '{}' to {}: {}", gate, path.display(), cause)
(B[m[32m+                write!(
(B[m[32m+                    f,
(B[m[32m+                    "Failed to write evidence for '{}' to {}: {}",
(B[m[32m+                    gate,
(B[m[32m+                    path.display(),
(B[m[32m+                    cause
(B[m[32m+                )
(B[m             }
             Error::SubcommandNotFound { name } => {
                 write!(f, "Subcommand not found: '{}'", name)
Diff in /home/lewis/src/Velvet-ballistics-femdation-p0p1-25/xtask/src/evidence.rs:118:
             }
             Error::BeadDirectoryCreationFailed { bead, cause } => {
[31m-                write!(f, "Failed to create evidence directory for bead '{}': {}", bead, cause)
(B[m[32m+                write!(
(B[m[32m+                    f,
(B[m[32m+                    "Failed to create evidence directory for bead '{}': {}",
(B[m[32m+                    bead, cause
(B[m[32m+                )
(B[m             }
             Error::YamlSerializationFailed { gate, cause } => {
                 write!(f, "YAML serialization failed for '{}': {}", gate, cause)
Diff in /home/lewis/src/Velvet-ballistics-femdation-p0p1-25/xtask/src/evidence.rs:154:
     pub fn gates(self) -> &'static [&'static str] {
         match self {
             GateProfile::AiFast => &[
[31m-                "fmt", "check", "clippy", "nextest", "forbidden-scan", "hotpath-scan",
(B[m[32m+                "fmt",
(B[m[32m+                "check",
(B[m[32m+                "clippy",
(B[m[32m+                "nextest",
(B[m[32m+                "forbidden-scan",
(B[m[32m+                "hotpath-scan",
(B[m             ],
             GateProfile::AiDeep => &["miri", "mutants", "llvm-cov", "fuzz-build"],
             GateProfile::AiRelease => &[
Diff in /home/lewis/src/Velvet-ballistics-femdation-p0p1-25/xtask/src/evidence.rs:622:
     fn test_run_gate_returns_gate_evidence() {
         // Given: a valid gate and command
         let gate = "fmt";
[31m-        let cmd = vec!["cargo".to_string(), "+nightly".to_string(), "fmt".to_string(), "--all".to_string()];
(B[m[32m+        let cmd = vec![
(B[m[32m+            "cargo".to_string(),
(B[m[32m+            "+nightly".to_string(),
(B[m[32m+            "fmt".to_string(),
(B[m[32m+            "--all".to_string(),
(B[m[32m+        ];
(B[m         let evidence_path = PathBuf::from(".evidence/vb-test/fmt.yaml");
 
         // When: run_gate is called
Diff in /home/lewis/src/Velvet-ballistics-femdation-p0p1-25/xtask/src/evidence.rs:630:
 
         // Then: returns GateEvidence (RED phase: currently returns Error)
         // After implementation: evidence.exit_code should be 0 for passing fmt
[31m-        assert!(result.is_ok(), "run_gate should return Ok(GateEvidence), got: {:?}", result);
(B[m[32m+        assert!(
(B[m[32m+            result.is_ok(),
(B[m[32m+            "run_gate should return Ok(GateEvidence), got: {:?}",
(B[m[32m+            result
(B[m[32m+        );
(B[m     }
 
     #[test]
Diff in /home/lewis/src/Velvet-ballistics-femdation-p0p1-25/xtask/src/evidence.rs:637:
     fn test_run_gate_timeout_returns_error() {
         // Given: a gate that would timeout
         let gate = "miri";
[31m-        let cmd = vec!["cargo".to_string(), "+nightly".to_string(), "miri".to_string(), "test".to_string()];
(B[m[32m+        let cmd = vec![
(B[m[32m+            "cargo".to_string(),
(B[m[32m+            "+nightly".to_string(),
(B[m[32m+            "miri".to_string(),
(B[m[32m+            "test".to_string(),
(B[m[32m+        ];
(B[m         let evidence_path = PathBuf::from(".evidence/vb-test/miri.yaml");
 
         // When: run_gate is called with a mock that times out
Diff in /home/lewis/src/Velvet-ballistics-femdation-p0p1-25/xtask/src/evidence.rs:646:
 
         // Then: returns Error::GateTimeout (RED phase: currently returns GateFailed with exit 0)
         match result {
[31m-            Err(Error::GateTimeout { gate, duration_secs }) => {
(B[m[32m+            Err(Error::GateTimeout {
(B[m[32m+                gate,
(B[m[32m+                duration_secs,
(B[m[32m+            }) => {
(B[m                 assert_eq!(gate, "miri");
                 assert!(duration_secs > 0);
             }
Diff in /home/lewis/src/Velvet-ballistics-femdation-p0p1-25/xtask/src/evidence.rs:672:
 
         // Then: returns MissingEvidence for clippy
         // RED_PHASE: Currently returns Ok(vec![]) - should return Err with MissingEvidence
[31m-        assert!(result.is_ok(), "validate_evidence_dir should return Ok(vec![]) or Err");
(B[m[32m+        assert!(
(B[m[32m+            result.is_ok(),
(B[m[32m+            "validate_evidence_dir should return Ok(vec![]) or Err"
(B[m[32m+        );
(B[m         let errors = result.unwrap();
         // After implementation, this should contain MissingEvidence for absent files
         // RED_PHASE: Check that the implementation correctly identifies missing evidence
Diff in /home/lewis/src/Velvet-ballistics-femdation-p0p1-25/xtask/src/evidence.rs:679:
[31m-        let missing: Vec<_> = errors.iter().filter(|e| matches!(e, Error::MissingEvidence { .. })).collect();
(B[m[31m-        assert!(!missing.is_empty(), "Should find missing evidence for absent files");
(B[m[32m+        let missing: Vec<_> = errors
(B[m[32m+            .iter()
(B[m[32m+            .filter(|e| matches!(e, Error::MissingEvidence { .. }))
(B[m[32m+            .collect();
(B[m[32m+        assert!(
(B[m[32m+            !missing.is_empty(),
(B[m[32m+            "Should find missing evidence for absent files"
(B[m[32m+        );
(B[m     }
 
     #[test]
Diff in /home/lewis/src/Velvet-ballistics-femdation-p0p1-25/xtask/src/evidence.rs:694:
         assert!(result.is_ok());
         let errors = result.unwrap();
         // After implementation, should have 3 MissingEvidence errors
[31m-        assert_eq!(errors.len(), 3, "Should have MissingEvidence for all 3 absent gates");
(B[m[32m+        assert_eq!(
(B[m[32m+            errors.len(),
(B[m[32m+            3,
(B[m[32m+            "Should have MissingEvidence for all 3 absent gates"
(B[m[32m+        );
(B[m     }
 
     // ========================================================================
Diff in /home/lewis/src/Velvet-ballistics-femdation-p0p1-25/xtask/src/evidence.rs:719:
         let result = write_evidence(&evidence, &path);
 
         // Then: file is created (RED_PHASE: returns error)
[31m-        assert!(result.is_ok(), "write_evidence should succeed, got: {:?}", result);
(B[m[32m+        assert!(
(B[m[32m+            result.is_ok(),
(B[m[32m+            "write_evidence should succeed, got: {:?}",
(B[m[32m+            result
(B[m[32m+        );
(B[m     }
 
     // ========================================================================
Diff in /home/lewis/src/Velvet-ballistics-femdation-p0p1-25/xtask/src/evidence.rs:738:
 
         // Then: returns ProfileEvidence with all gates
         // RED_PHASE: Currently returns Error::SubcommandNotFound
[31m-        assert!(result.is_ok(), "run_profile should return Ok(ProfileEvidence), got: {:?}", result);
(B[m[32m+        assert!(
(B[m[32m+            result.is_ok(),
(B[m[32m+            "run_profile should return Ok(ProfileEvidence), got: {:?}",
(B[m[32m+            result
(B[m[32m+        );
(B[m     }
 }
 
Diff in /home/lewis/src/Velvet-ballistics-femdation-p0p1-25/xtask/src/gates.rs:11:
 //! 2. Capture exit code and log output
 //! 3. Return evidence bundle via `run_gate`
 
[31m-use crate::evidence::{run_gate, GateEvidence, Result};
(B[m[32m+use crate::evidence::{GateEvidence, Result, run_gate};
(B[m use std::path::PathBuf;
 
 /// Gate identifiers matching Section 77.1 requirements.
Diff in /home/lewis/src/Velvet-ballistics-femdation-p0p1-25/xtask/src/gates.rs:84:
                 "run".to_string(),
                 "--workspace".to_string(),
             ],
[31m-            Gate::ForbiddenScan => vec![
(B[m[31m-                "bash".to_string(),
(B[m[31m-                "scripts/forbidden-scan.sh".to_string(),
(B[m[31m-            ],
(B[m[31m-            Gate::HotpathScan => vec![
(B[m[31m-                "bash".to_string(),
(B[m[31m-                "scripts/hotpath-scan.sh".to_string(),
(B[m[31m-            ],
(B[m[32m+            Gate::ForbiddenScan => {
(B[m[32m+                vec!["bash".to_string(), "scripts/forbidden-scan.sh".to_string()]
(B[m[32m+            }
(B[m[32m+            Gate::HotpathScan => vec!["bash".to_string(), "scripts/hotpath-scan.sh".to_string()],
(B[m             Gate::Miri => vec![
                 "cargo".to_string(),
                 "+nightly".to_string(),
Diff in /home/lewis/src/Velvet-ballistics-femdation-p0p1-25/xtask/src/gates.rs:107:
             ],
             Gate::LlvmCov => vec!["cargo".to_string(), "llvm-cov".to_string()],
             Gate::FuzzBuild => vec!["cargo".to_string(), "fuzz".to_string(), "build".to_string()],
[31m-            Gate::SupplyChain => vec!["moon".to_string(), "run".to_string(), ":supply-chain".to_string()],
(B[m[31m-            Gate::FuzzSmoke => vec!["moon".to_string(), "run".to_string(), ":fuzz-smoke".to_string()],
(B[m[31m-            Gate::Coverage => vec!["moon".to_string(), "run".to_string(), ":coverage".to_string()],
(B[m[32m+            Gate::SupplyChain => vec![
(B[m[32m+                "moon".to_string(),
(B[m[32m+                "run".to_string(),
(B[m[32m+                ":supply-chain".to_string(),
(B[m[32m+            ],
(B[m[32m+            Gate::FuzzSmoke => vec![
(B[m[32m+                "moon".to_string(),
(B[m[32m+                "run".to_string(),
(B[m[32m+                ":fuzz-smoke".to_string(),
(B[m[32m+            ],
(B[m[32m+            Gate::Coverage => vec![
(B[m[32m+                "moon".to_string(),
(B[m[32m+                "run".to_string(),
(B[m[32m+                ":coverage".to_string(),
(B[m[32m+            ],
(B[m             Gate::MutantsSmoke => vec![
                 "moon".to_string(),
                 "run".to_string(),
Diff in /home/lewis/src/Velvet-ballistics-femdation-p0p1-25/xtask/src/gates.rs:116:
                 ":mutants-smoke".to_string(),
             ],
[31m-            Gate::BenchBuild => vec!["moon".to_string(), "run".to_string(), ":bench-build".to_string()],
(B[m[32m+            Gate::BenchBuild => vec![
(B[m[32m+                "moon".to_string(),
(B[m[32m+                "run".to_string(),
(B[m[32m+                ":bench-build".to_string(),
(B[m[32m+            ],
(B[m             Gate::FeaturePowerset => vec![
                 "moon".to_string(),
                 "run".to_string(),
Diff in /home/lewis/src/Velvet-ballistics-femdation-p0p1-25/xtask/src/gates.rs:125:
                 "bash".to_string(),
                 "scripts/check-source-length.sh".to_string(),
             ],
[31m-            Gate::Maxperf => vec!["moon".to_string(), "run".to_string(), ":maxperf".to_string()],
(B[m[32m+            Gate::Maxperf => vec![
(B[m[32m+                "moon".to_string(),
(B[m[32m+                "run".to_string(),
(B[m[32m+                ":maxperf".to_string(),
(B[m[32m+            ],
(B[m         }
     }
 
Diff in /home/lewis/src/Velvet-ballistics-femdation-p0p1-25/xtask/src/gates.rs:140:
 /// Executes `cargo +nightly fmt --all` and returns evidence.
 pub fn run_fmt_gate(bead_id: Option<&str>) -> Result<GateEvidence> {
     let gate = Gate::Fmt;
[31m-    let evidence_path = crate::evidence::evidence_path(
(B[m[31m-        bead_id.unwrap_or("default"),
(B[m[31m-        gate.name(),
(B[m[31m-    );
(B[m[32m+    let evidence_path = crate::evidence::evidence_path(bead_id.unwrap_or("default"), gate.name());
(B[m     run_gate(gate.name(), &gate.command(), &evidence_path)
 }
 
Diff in /home/lewis/src/Velvet-ballistics-femdation-p0p1-25/xtask/src/gates.rs:152:
 /// Executes `moon run :check` and returns evidence.
 pub fn run_check_gate(bead_id: Option<&str>) -> Result<GateEvidence> {
     let gate = Gate::Check;
[31m-    let evidence_path = crate::evidence::evidence_path(
(B[m[31m-        bead_id.unwrap_or("default"),
(B[m[31m-        gate.name(),
(B[m[31m-    );
(B[m[32m+    let evidence_path = crate::evidence::evidence_path(bead_id.unwrap_or("default"), gate.name());
(B[m     run_gate(gate.name(), &gate.command(), &evidence_path)
 }
 
Diff in /home/lewis/src/Velvet-ballistics-femdation-p0p1-25/xtask/src/gates.rs:164:
 /// Executes `cargo +nightly clippy --workspace` and returns evidence.
 pub fn run_clippy_gate(bead_id: Option<&str>) -> Result<GateEvidence> {
     let gate = Gate::Clippy;
[31m-    let evidence_path = crate::evidence::evidence_path(
(B[m[31m-        bead_id.unwrap_or("default"),
(B[m[31m-        gate.name(),
(B[m[31m-    );
(B[m[32m+    let evidence_path = crate::evidence::evidence_path(bead_id.unwrap_or("default"), gate.name());
(B[m     run_gate(gate.name(), &gate.command(), &evidence_path)
 }
 
Diff in /home/lewis/src/Velvet-ballistics-femdation-p0p1-25/xtask/src/gates.rs:176:
 /// Executes `cargo nextest run --workspace` and returns evidence.
 pub fn run_nextest_gate(bead_id: Option<&str>) -> Result<GateEvidence> {
     let gate = Gate::Nextest;
[31m-    let evidence_path = crate::evidence::evidence_path(
(B[m[31m-        bead_id.unwrap_or("default"),
(B[m[31m-        gate.name(),
(B[m[31m-    );
(B[m[32m+    let evidence_path = crate::evidence::evidence_path(bead_id.unwrap_or("default"), gate.name());
(B[m     run_gate(gate.name(), &gate.command(), &evidence_path)
 }
 
Diff in /home/lewis/src/Velvet-ballistics-femdation-p0p1-25/xtask/src/gates.rs:188:
 /// Executes the forbidden pattern scan script and returns evidence.
 pub fn run_forbidden_scan_gate(bead_id: Option<&str>) -> Result<GateEvidence> {
     let gate = Gate::ForbiddenScan;
[31m-    let evidence_path = crate::evidence::evidence_path(
(B[m[31m-        bead_id.unwrap_or("default"),
(B[m[31m-        gate.name(),
(B[m[31m-    );
(B[m[32m+    let evidence_path = crate::evidence::evidence_path(bead_id.unwrap_or("default"), gate.name());
(B[m     run_gate(gate.name(), &gate.command(), &evidence_path)
 }
 
Diff in /home/lewis/src/Velvet-ballistics-femdation-p0p1-25/xtask/src/gates.rs:200:
 /// Executes the hotpath scan script and returns evidence.
 pub fn run_hotpath_scan_gate(bead_id: Option<&str>) -> Result<GateEvidence> {
     let gate = Gate::HotpathScan;
[31m-    let evidence_path = crate::evidence::evidence_path(
(B[m[31m-        bead_id.unwrap_or("default"),
(B[m[31m-        gate.name(),
(B[m[31m-    );
(B[m[32m+    let evidence_path = crate::evidence::evidence_path(bead_id.unwrap_or("default"), gate.name());
(B[m     run_gate(gate.name(), &gate.command(), &evidence_path)
 }
 
Diff in /home/lewis/src/Velvet-ballistics-femdation-p0p1-25/xtask/src/gates.rs:212:
 /// Executes `cargo +nightly miri test --workspace` and returns evidence.
 pub fn run_miri_gate(bead_id: Option<&str>) -> Result<GateEvidence> {
     let gate = Gate::Miri;
[31m-    let evidence_path = crate::evidence::evidence_path(
(B[m[31m-        bead_id.unwrap_or("default"),
(B[m[31m-        gate.name(),
(B[m[31m-    );
(B[m[32m+    let evidence_path = crate::evidence::evidence_path(bead_id.unwrap_or("default"), gate.name());
(B[m     run_gate(gate.name(), &gate.command(), &evidence_path)
 }
 
Diff in /home/lewis/src/Velvet-ballistics-femdation-p0p1-25/xtask/src/gates.rs:224:
 /// Executes `cargo mutants --package velvet_ballastics` and returns evidence.
 pub fn run_mutants_gate(bead_id: Option<&str>) -> Result<GateEvidence> {
     let gate = Gate::Mutants;
[31m-    let evidence_path = crate::evidence::evidence_path(
(B[m[31m-        bead_id.unwrap_or("default"),
(B[m[31m-        gate.name(),
(B[m[31m-    );
(B[m[32m+    let evidence_path = crate::evidence::evidence_path(bead_id.unwrap_or("default"), gate.name());
(B[m     run_gate(gate.name(), &gate.command(), &evidence_path)
 }
 
Diff in /home/lewis/src/Velvet-ballistics-femdation-p0p1-25/xtask/src/gates.rs:236:
 /// Executes `cargo llvm-cov` and returns evidence.
 pub fn run_llvm_cov_gate(bead_id: Option<&str>) -> Result<GateEvidence> {
     let gate = Gate::LlvmCov;
[31m-    let evidence_path = crate::evidence::evidence_path(
(B[m[31m-        bead_id.unwrap_or("default"),
(B[m[31m-        gate.name(),
(B[m[31m-    );
(B[m[32m+    let evidence_path = crate::evidence::evidence_path(bead_id.unwrap_or("default"), gate.name());
(B[m     run_gate(gate.name(), &gate.command(), &evidence_path)
 }
 
Diff in /home/lewis/src/Velvet-ballistics-femdation-p0p1-25/xtask/src/gates.rs:248:
 /// Executes `cargo fuzz build` and returns evidence.
 pub fn run_fuzz_build_gate(bead_id: Option<&str>) -> Result<GateEvidence> {
     let gate = Gate::FuzzBuild;
[31m-    let evidence_path = crate::evidence::evidence_path(
(B[m[31m-        bead_id.unwrap_or("default"),
(B[m[31m-        gate.name(),
(B[m[31m-    );
(B[m[32m+    let evidence_path = crate::evidence::evidence_path(bead_id.unwrap_or("default"), gate.name());
(B[m     run_gate(gate.name(), &gate.command(), &evidence_path)
 }
 
Diff in /home/lewis/src/Velvet-ballistics-femdation-p0p1-25/xtask/src/gates.rs:260:
 /// Delegates to moon `:supply-chain` and returns evidence.
 pub fn run_supply_chain_gate(bead_id: Option<&str>) -> Result<GateEvidence> {
     let gate = Gate::SupplyChain;
[31m-    let evidence_path = crate::evidence::evidence_path(
(B[m[31m-        bead_id.unwrap_or("default"),
(B[m[31m-        gate.name(),
(B[m[31m-    );
(B[m[32m+    let evidence_path = crate::evidence::evidence_path(bead_id.unwrap_or("default"), gate.name());
(B[m     run_gate(gate.name(), &gate.command(), &evidence_path)
 }
 
Diff in /home/lewis/src/Velvet-ballistics-femdation-p0p1-25/xtask/src/gates.rs:272:
 /// Delegates to moon `:fuzz-smoke` and returns evidence.
 pub fn run_fuzz_smoke_gate(bead_id: Option<&str>) -> Result<GateEvidence> {
     let gate = Gate::FuzzSmoke;
[31m-    let evidence_path = crate::evidence::evidence_path(
(B[m[31m-        bead_id.unwrap_or("default"),
(B[m[31m-        gate.name(),
(B[m[31m-    );
(B[m[32m+    let evidence_path = crate::evidence::evidence_path(bead_id.unwrap_or("default"), gate.name());
(B[m     run_gate(gate.name(), &gate.command(), &evidence_path)
 }
 
Diff in /home/lewis/src/Velvet-ballistics-femdation-p0p1-25/xtask/src/gates.rs:284:
 /// Delegates to moon `:coverage` and returns evidence.
 pub fn run_coverage_gate(bead_id: Option<&str>) -> Result<GateEvidence> {
     let gate = Gate::Coverage;
[31m-    let evidence_path = crate::evidence::evidence_path(
(B[m[31m-        bead_id.unwrap_or("default"),
(B[m[31m-        gate.name(),
(B[m[31m-    );
(B[m[32m+    let evidence_path = crate::evidence::evidence_path(bead_id.unwrap_or("default"), gate.name());
(B[m     run_gate(gate.name(), &gate.command(), &evidence_path)
 }
 
Diff in /home/lewis/src/Velvet-ballistics-femdation-p0p1-25/xtask/src/gates.rs:296:
 /// Delegates to moon `:mutants-smoke` and returns evidence.
 pub fn run_mutants_smoke_gate(bead_id: Option<&str>) -> Result<GateEvidence> {
     let gate = Gate::MutantsSmoke;
[31m-    let evidence_path = crate::evidence::evidence_path(
(B[m[31m-        bead_id.unwrap_or("default"),
(B[m[31m-        gate.name(),
(B[m[31m-    );
(B[m[32m+    let evidence_path = crate::evidence::evidence_path(bead_id.unwrap_or("default"), gate.name());
(B[m     run_gate(gate.name(), &gate.command(), &evidence_path)
 }
 
Diff in /home/lewis/src/Velvet-ballistics-femdation-p0p1-25/xtask/src/gates.rs:308:
 /// Delegates to moon `:bench-build` and returns evidence.
 pub fn run_bench_build_gate(bead_id: Option<&str>) -> Result<GateEvidence> {
     let gate = Gate::BenchBuild;
[31m-    let evidence_path = crate::evidence::evidence_path(
(B[m[31m-        bead_id.unwrap_or("default"),
(B[m[31m-        gate.name(),
(B[m[31m-    );
(B[m[32m+    let evidence_path = crate::evidence::evidence_path(bead_id.unwrap_or("default"), gate.name());
(B[m     run_gate(gate.name(), &gate.command(), &evidence_path)
 }
 
Diff in /home/lewis/src/Velvet-ballistics-femdation-p0p1-25/xtask/src/gates.rs:320:
 /// Delegates to moon `:feature-powerset` and returns evidence.
 pub fn run_feature_powerset_gate(bead_id: Option<&str>) -> Result<GateEvidence> {
     let gate = Gate::FeaturePowerset;
[31m-    let evidence_path = crate::evidence::evidence_path(
(B[m[31m-        bead_id.unwrap_or("default"),
(B[m[31m-        gate.name(),
(B[m[31m-    );
(B[m[32m+    let evidence_path = crate::evidence::evidence_path(bead_id.unwrap_or("default"), gate.name());
(B[m     run_gate(gate.name(), &gate.command(), &evidence_path)
 }
 
Diff in /home/lewis/src/Velvet-ballistics-femdation-p0p1-25/xtask/src/gates.rs:332:
 /// Executes `bash scripts/check-source-length.sh` and returns evidence.
 pub fn run_source_length_gate(bead_id: Option<&str>) -> Result<GateEvidence> {
     let gate = Gate::SourceLength;
[31m-    let evidence_path = crate::evidence::evidence_path(
(B[m[31m-        bead_id.unwrap_or("default"),
(B[m[31m-        gate.name(),
(B[m[31m-    );
(B[m[32m+    let evidence_path = crate::evidence::evidence_path(bead_id.unwrap_or("default"), gate.name());
(B[m     run_gate(gate.name(), &gate.command(), &evidence_path)
 }
 
Diff in /home/lewis/src/Velvet-ballistics-femdation-p0p1-25/xtask/src/gates.rs:344:
 /// Executes the maxperf build and returns evidence.
 pub fn run_maxperf_gate(bead_id: Option<&str>) -> Result<GateEvidence> {
     let gate = Gate::Maxperf;
[31m-    let evidence_path = crate::evidence::evidence_path(
(B[m[31m-        bead_id.unwrap_or("default"),
(B[m[31m-        gate.name(),
(B[m[31m-    );
(B[m[32m+    let evidence_path = crate::evidence::evidence_path(bead_id.unwrap_or("default"), gate.name());
(B[m     run_gate(gate.name(), &gate.command(), &evidence_path)
 }
 
Diff in /home/lewis/src/Velvet-ballistics-femdation-p0p1-25/xtask/src/gates.rs:425:
         ];
         for gate in gates {
             let cmd = gate.command();
[31m-            assert!(!cmd.is_empty(), "Gate {} should have a command", gate.name());
(B[m[32m+            assert!(
(B[m[32m+                !cmd.is_empty(),
(B[m[32m+                "Gate {} should have a command",
(B[m[32m+                gate.name()
(B[m[32m+            );
(B[m             let evidence_file = gate.evidence_file();
[31m-            assert!(evidence_file.ends_with(".yaml"), "Evidence file should end with .yaml");
(B[m[32m+            assert!(
(B[m[32m+                evidence_file.ends_with(".yaml"),
(B[m[32m+                "Evidence file should end with .yaml"
(B[m[32m+            );
(B[m         }
     }
 
Diff in /home/lewis/src/Velvet-ballistics-femdation-p0p1-25/xtask/src/gates.rs:436:
         let gates = [Gate::Miri, Gate::Mutants, Gate::LlvmCov, Gate::FuzzBuild];
         for gate in gates {
             let cmd = gate.command();
[31m-            assert!(!cmd.is_empty(), "Gate {} should have a command", gate.name());
(B[m[32m+            assert!(
(B[m[32m+                !cmd.is_empty(),
(B[m[32m+                "Gate {} should have a command",
(B[m[32m+                gate.name()
(B[m[32m+            );
(B[m         }
     }
 
Diff in /home/lewis/src/Velvet-ballistics-femdation-p0p1-25/xtask/src/gates.rs:457:
         ];
         for gate in gates {
             let cmd = gate.command();
[31m-            assert!(!cmd.is_empty(), "Gate {} should have a command", gate.name());
(B[m[32m+            assert!(
(B[m[32m+                !cmd.is_empty(),
(B[m[32m+                "Gate {} should have a command",
(B[m[32m+                gate.name()
(B[m[32m+            );
(B[m         }
     }
 
Diff in /home/lewis/src/Velvet-ballistics-femdation-p0p1-25/xtask/src/gates.rs:470:
         let result = run_fmt_gate(Some("vb-test"));
         // RED_PHASE: Currently returns Error::GateFailed { exit_code: 0, ... }
         // After implementation: should return Ok(GateEvidence) with exit_code=0
[31m-        assert!(result.is_ok(), "run_fmt_gate should return Ok(GateEvidence), got: {:?}", result);
(B[m[32m+        assert!(
(B[m[32m+            result.is_ok(),
(B[m[32m+            "run_fmt_gate should return Ok(GateEvidence), got: {:?}",
(B[m[32m+            result
(B[m[32m+        );
(B[m     }
 
     #[test]
Diff in /home/lewis/src/Velvet-ballistics-femdation-p0p1-25/xtask/src/gates.rs:478:
         let result = run_clippy_gate(Some("vb-test"));
         // RED_PHASE: Currently returns Error
         // After implementation: should return Ok(GateEvidence)
[31m-        assert!(result.is_ok(), "run_clippy_gate should return Ok(GateEvidence), got: {:?}", result);
(B[m[32m+        assert!(
(B[m[32m+            result.is_ok(),
(B[m[32m+            "run_clippy_gate should return Ok(GateEvidence), got: {:?}",
(B[m[32m+            result
(B[m[32m+        );
(B[m     }
 
     #[test]
Diff in /home/lewis/src/Velvet-ballistics-femdation-p0p1-25/xtask/src/gates.rs:485:
     fn test_run_nextest_gate_returns_evidence() {
         let result = run_nextest_gate(Some("vb-test"));
         // RED_PHASE: Currently returns Error
[31m-        assert!(result.is_ok(), "run_nextest_gate should return Ok(GateEvidence), got: {:?}", result);
(B[m[32m+        assert!(
(B[m[32m+            result.is_ok(),
(B[m[32m+            "run_nextest_gate should return Ok(GateEvidence), got: {:?}",
(B[m[32m+            result
(B[m[32m+        );
(B[m     }
 
     #[test]
Diff in /home/lewis/src/Velvet-ballistics-femdation-p0p1-25/xtask/src/gates.rs:492:
     fn test_run_miri_gate_returns_evidence() {
         let result = run_miri_gate(Some("vb-test"));
         // RED_PHASE: Currently returns Error
[31m-        assert!(result.is_ok(), "run_miri_gate should return Ok(GateEvidence), got: {:?}", result);
(B[m[32m+        assert!(
(B[m[32m+            result.is_ok(),
(B[m[32m+            "run_miri_gate should return Ok(GateEvidence), got: {:?}",
(B[m[32m+            result
(B[m[32m+        );
(B[m     }
 
     // ========================================================================
Diff in /home/lewis/src/Velvet-ballistics-femdation-p0p1-25/xtask/tests/integration_gates.rs:127:
     let evidence_path = PathBuf::from(".evidence")
         .join(bead_id)
         .join("ai-fast.yaml");
[31m-    
(B[m[32m+
(B[m     if evidence_path.exists() {
[31m-        let content = fs::read_to_string(&evidence_path)
(B[m[31m-            .expect("Failed to read evidence file");
(B[m[32m+        let content = fs::read_to_string(&evidence_path).expect("Failed to read evidence file");
(B[m 
         // Then: YAML contains all required fields per gate entry
         // Each gate should have: kind, gate_name, command, exit_code, log, status
Diff in /home/lewis/src/Velvet-ballistics-femdation-p0p1-25/xtask/tests/integration_gates.rs:258:
         .join("ai-fast.yaml");
 
     if evidence_path.exists() {
[31m-        let content = fs::read_to_string(&evidence_path)
(B[m[31m-            .expect("Failed to read evidence file");
(B[m[32m+        let content = fs::read_to_string(&evidence_path).expect("Failed to read evidence file");
(B[m 
         // Then: contains entries for all 6 ai-fast gates
[31m-        let expected_gates = ["fmt", "check", "clippy", "nextest", "forbidden-scan", "hotpath-scan"];
(B[m[32m+        let expected_gates = [
(B[m[32m+            "fmt",
(B[m[32m+            "check",
(B[m[32m+            "clippy",
(B[m[32m+            "nextest",
(B[m[32m+            "forbidden-scan",
(B[m[32m+            "hotpath-scan",
(B[m[32m+        ];
(B[m         for gate in expected_gates {
             assert!(
                 content.contains(gate),
Diff in /home/lewis/src/Velvet-ballistics-femdation-p0p1-25/xtask/tests/integration_gates.rs:289:
         .join("ai-deep.yaml");
 
     if evidence_path.exists() {
[31m-        let content = fs::read_to_string(&evidence_path)
(B[m[31m-            .expect("Failed to read evidence file");
(B[m[32m+        let content = fs::read_to_string(&evidence_path).expect("Failed to read evidence file");
(B[m 
         // Then: contains entries for all 4 ai-deep gates
         let expected_gates = ["miri", "mutants", "llvm-cov", "fuzz-build"];
Diff in /home/lewis/src/Velvet-ballistics-femdation-p0p1-25/xtask/tests/integration_gates.rs:320:
         .join("ai-release.yaml");
 
     if evidence_path.exists() {
[31m-        let content = fs::read_to_string(&evidence_path)
(B[m[31m-            .expect("Failed to read evidence file");
(B[m[32m+        let content = fs::read_to_string(&evidence_path).expect("Failed to read evidence file");
(B[m 
         // Then: contains entries for all 11 ai-release gates
         let expected_gates = [
Diff in /home/lewis/src/Velvet-ballistics-femdation-p0p1-25/xtask/tests/integration_gates.rs:328:
[31m-            "check", "test", "supply-chain", "miri", "fuzz-smoke",
(B[m[31m-            "coverage", "mutants-smoke", "bench-build",
(B[m[31m-            "feature-powerset", "source-length", "maxperf",
(B[m[32m+            "check",
(B[m[32m+            "test",
(B[m[32m+            "supply-chain",
(B[m[32m+            "miri",
(B[m[32m+            "fuzz-smoke",
(B[m[32m+            "coverage",
(B[m[32m+            "mutants-smoke",
(B[m[32m+            "bench-build",
(B[m[32m+            "feature-powerset",
(B[m[32m+            "source-length",
(B[m[32m+            "maxperf",
(B[m         ];
         for gate in expected_gates {
             assert!(
Diff in /home/lewis/src/Velvet-ballistics-femdation-p0p1-25/xtask/tests/integration_gates.rs:373:
 
     // Then: stdout is valid YAML (no .evidence/ directory created)
     let evidence_dir = PathBuf::from(".evidence");
[31m-    
(B[m[32m+
(B[m     // If the command succeeded, check stdout is YAML
     if output.status.success() {
         let stdout = String::from_utf8_lossy(&output.stdout);
Diff in /home/lewis/src/Velvet-ballistics-femdation-p0p1-25/xtask/tests/integration_gates.rs:418:
     let output = run_xtask(&["unknown-gate-name"]);
 
     // Then: exit code is 1
[31m-    assert!(
(B[m[31m-        !output.status.success(),
(B[m[31m-        "Unknown subcommand should fail"
(B[m[31m-    );
(B[m[32m+    assert!(!output.status.success(), "Unknown subcommand should fail");
(B[m 
     // And: error message mentions the unknown command
     let stderr = String::from_utf8_lossy(&output.stderr);
Diff in /home/lewis/src/Velvet-ballistics-femdation-p0p1-25/xtask/tests/integration_gates.rs:428:
     assert!(
[31m-        stderr.contains("unknown-gate-name") || stderr.contains("not found") || stderr.contains("Subcommand"),
(B[m[32m+        stderr.contains("unknown-gate-name")
(B[m[32m+            || stderr.contains("not found")
(B[m[32m+            || stderr.contains("Subcommand"),
(B[m         "Error should mention the unknown subcommand, got: {}",
         stderr
     );
Diff in /home/lewis/src/Velvet-ballistics-femdation-p0p1-25/xtask/tests/integration_gates.rs:462:
     // Then: stdout is valid YAML (INV-005: structured output only)
     // Raw tool output (fmt diffs, clippy warnings) should be in log files only
     let stdout = String::from_utf8_lossy(&output.stdout);
[31m-    
(B[m[32m+
(B[m     if !stdout.is_empty() {
         // stdout should be YAML (starts with --- or contains YAML structure)
         // It should NOT contain raw cargo fmt/clippy output
Diff in /home/lewis/src/Velvet-ballistics-femdation-p0p1-25/xtask/tests/integration_gates.rs:519:
 
     // When: evidence files are inspected
     let evidence_dir = PathBuf::from(".evidence").join(bead_id);
[31m-    
(B[m[32m+
(B[m     if evidence_dir.exists() {
         // Read any evidence file and check structure
         if let Ok(entries) = fs::read_dir(&evidence_dir) {
Diff in /home/lewis/src/Velvet-ballistics-femdation-p0p1-25/xtask/tests/integration_gates.rs:531:
                         if yaml.contains("status: Fail") || yaml.contains("status: Fail\n") {
                             // The why_failed block should exist for failed gates
                             assert!(
[31m-                                yaml.contains("why_failed:") || yaml.contains("hint:") || yaml.contains("repair_command:"),
(B[m[32m+                                yaml.contains("why_failed:")
(B[m[32m+                                    || yaml.contains("hint:")
(B[m[32m+                                    || yaml.contains("repair_command:"),
(B[m                                 "Failed gate should have why_failed diagnostic"
                             );
                         }
FMT_STATUS:1
API_MISSING:pub fn validate_symbol_references
API_MISSING:pub fn validate_resource_references
API_MISSING:pub fn validate_action_references
STOP_ON_FMT_AFTER:supply-chain
