▮▮▮▮ installing rust nightly-2026-04-28
    Fetching advisory database from `https://github.com/RustSec/advisory-db.git`
▮▮▮▮ velvet-ballastics:supply-chain (c56fec65)
      Loaded 1068 security advisories (from /cache/cargo-shared/advisory-db)
    Updating crates.io index
    Scanning Cargo.lock for vulnerabilities (438 crate dependencies)
Crate:     atomic-polyfill
Version:   1.0.3
Warning:   unmaintained
Title:     atomic-polyfill is unmaintained
Date:      2023-07-11
ID:        RUSTSEC-2023-0089
URL:       https://rustsec.org/advisories/RUSTSEC-2023-0089
Dependency tree:
atomic-polyfill 1.0.3
└── heapless 0.7.17
    └── postcard 1.1.3
        ├── velvet_ballastics 0.1.0
        ├── velvet-ballastics-workspace 0.1.0
        ├── velvet-ballastics-fuzz 0.1.0
        ├── vb_ui 0.1.0
        ├── vb_storage 0.1.0
        │   ├── velvet_ballastics 0.1.0
        │   ├── velvet-ballastics-workspace 0.1.0
        │   ├── velvet-ballastics-fuzz 0.1.0
        │   ├── vb_ui 0.1.0
        │   └── vb_runtime 0.1.0
        │       ├── velvet_ballastics 0.1.0
        │       ├── velvet-ballastics-workspace 0.1.0
        │       ├── vb_ipc 0.1.0
        │       │   ├── velvet_ballastics 0.1.0
        │       │   ├── velvet-ballastics-workspace 0.1.0
        │       │   └── vb_ui 0.1.0
        │       └── vb_codegen 0.1.0
        │           ├── velvet_ballastics 0.1.0
        │           ├── velvet-ballastics-workspace 0.1.0
        │           └── vb_compile 0.1.0
        │               ├── velvet_ballastics 0.1.0
        │               └── velvet-ballastics-workspace 0.1.0
        ├── vb_runtime 0.1.0
        ├── vb_ipc 0.1.0
        ├── vb_core 0.1.0
        │   ├── velvet_ballastics 0.1.0
        │   ├── velvet-ballastics-workspace 0.1.0
        │   ├── velvet-ballastics-fuzz 0.1.0
        │   ├── vb_validate 0.1.0
        │   │   ├── velvet_ballastics 0.1.0
        │   │   ├── velvet-ballastics-workspace 0.1.0
        │   │   ├── velvet-ballastics-fuzz 0.1.0
        │   │   ├── vb_ipc 0.1.0
        │   │   └── vb_compile 0.1.0
        │   ├── vb_ui_model 0.1.0
        │   │   ├── vb_ui_snapshot 0.1.0
warning: 2 allowed warnings found
        │   │   │   └── xtask 0.1.0
        │   │   └── vb_ui 0.1.0
        │   ├── vb_ui 0.1.0
        │   ├── vb_storage 0.1.0
        │   ├── vb_runtime 0.1.0
        │   ├── vb_ipc 0.1.0
        │   ├── vb_expr 0.1.0
        │   │   ├── velvet_ballastics 0.1.0
        │   │   ├── velvet-ballastics-workspace 0.1.0
        │   │   └── velvet-ballastics-fuzz 0.1.0
        │   ├── vb_compile 0.1.0
        │   └── vb_codegen 0.1.0
        └── vb_compile 0.1.0

Crate:     fxhash
Version:   0.2.1
Warning:   unmaintained
Title:     fxhash - no longer maintained
Date:      2025-09-05
ID:        RUSTSEC-2025-0057
URL:       https://rustsec.org/advisories/RUSTSEC-2025-0057
Dependency tree:
fxhash 0.2.1
└── makepad-draw 1.0.0
    └── makepad-widgets 1.0.0
        └── vb_ui_makepad 0.1.0

warning[license-not-encountered]: license was not encountered
   ┌─ /home/lewis/src/Velvet-ballistics-femdation-p0p1-25/deny.toml:14:6
   │
14 │     "BSD-3-Clause",
   │      ━━━━━━━━━━━━ unmatched license allowance

warning[license-not-encountered]: license was not encountered
   ┌─ /home/lewis/src/Velvet-ballistics-femdation-p0p1-25/deny.toml:15:6
   │
15 │     "ISC",
   │      ━━━ unmatched license allowance

warning[duplicate]: found 4 duplicate entries for crate 'hashbrown'
   ┌─ /home/lewis/src/Velvet-ballistics-femdation-p0p1-25/Cargo.lock:62:1
   │  
62 │ ╭ hashbrown 0.14.5 registry+https://github.com/rust-lang/crates.io-index
63 │ │ hashbrown 0.15.5 registry+https://github.com/rust-lang/crates.io-index
64 │ │ hashbrown 0.16.1 registry+https://github.com/rust-lang/crates.io-index
65 │ │ hashbrown 0.17.0 registry+https://github.com/rust-lang/crates.io-index
   │ ╰──────────────────────────────────────────────────────────────────────┘ lock entries
   │  
   ├ hashbrown v0.14.5
     └── dashmap v6.1.0
         └── fjall v3.1.4
             └── vb_storage v0.1.0
                 ├── vb_runtime v0.1.0
                 │   ├── (dev) vb_codegen v0.1.0
                 │   │   ├── vb_compile v0.1.0
                 │   │   │   └── (dev) velvet-ballastics-workspace v0.1.0
                 │   │   └── (dev) velvet-ballastics-workspace v0.1.0 (*)
                 │   ├── vb_ipc v0.1.0
                 │   │   └── (dev) velvet-ballastics-workspace v0.1.0 (*)
                 │   └── (dev) velvet-ballastics-workspace v0.1.0 (*)
                 └── (dev) velvet-ballastics-workspace v0.1.0 (*)
   ├ hashbrown v0.15.5
     └── hashlink v0.10.0
         ├── saphyr v0.0.6
         │   ├── vb_compile v0.1.0
         │   │   └── (dev) velvet-ballastics-workspace v0.1.0
         │   ├── vb_yaml v0.1.0
         │   │   └── (dev) velvet-ballastics-workspace v0.1.0 (*)
         │   └── (dev) velvet-ballastics-workspace v0.1.0 (*)
         └── saphyr-parser v0.0.6
             ├── saphyr v0.0.6 (*)
             ├── vb_compile v0.1.0 (*)
             └── vb_yaml v0.1.0 (*)
   ├ hashbrown v0.16.1
     └── quick_cache v0.6.21
         └── lsm-tree v3.1.4
             └── fjall v3.1.4
                 └── vb_storage v0.1.0
                     ├── vb_runtime v0.1.0
                     │   ├── (dev) vb_codegen v0.1.0
                     │   │   ├── vb_compile v0.1.0
                     │   │   │   └── (dev) velvet-ballastics-workspace v0.1.0
                     │   │   └── (dev) velvet-ballastics-workspace v0.1.0 (*)
                     │   ├── vb_ipc v0.1.0
                     │   │   └── (dev) velvet-ballastics-workspace v0.1.0 (*)
                     │   └── (dev) velvet-ballastics-workspace v0.1.0 (*)
                     └── (dev) velvet-ballastics-workspace v0.1.0 (*)
   ├ hashbrown v0.17.0
     └── indexmap v2.14.0
         ├── vb_core v0.1.0
         │   ├── vb_codegen v0.1.0
         │   │   ├── vb_compile v0.1.0
         │   │   │   └── (dev) velvet-ballastics-workspace v0.1.0
         │   │   └── (dev) velvet-ballastics-workspace v0.1.0 (*)
         │   ├── vb_compile v0.1.0 (*)
         │   ├── vb_expr v0.1.0
         │   │   └── (dev) velvet-ballastics-workspace v0.1.0 (*)
         │   ├── vb_ipc v0.1.0
         │   │   └── (dev) velvet-ballastics-workspace v0.1.0 (*)
         │   ├── (dev) vb_runtime v0.1.0
         │   │   ├── (dev) vb_codegen v0.1.0 (*)
         │   │   ├── vb_ipc v0.1.0 (*)
         │   │   └── (dev) velvet-ballastics-workspace v0.1.0 (*)
         │   ├── vb_storage v0.1.0
         │   │   ├── vb_runtime v0.1.0 (*)
         │   │   └── (dev) velvet-ballastics-workspace v0.1.0 (*)
         │   ├── vb_validate v0.1.0
         │   │   ├── vb_compile v0.1.0 (*)
         │   │   ├── vb_ipc v0.1.0 (*)
         │   │   └── (dev) velvet-ballastics-workspace v0.1.0 (*)
         │   └── (dev) velvet-ballastics-workspace v0.1.0 (*)
         └── vb_runtime v0.1.0 (*)

warning[duplicate]: found 2 duplicate entries for crate 'winnow'
    ┌─ /home/lewis/src/Velvet-ballistics-femdation-p0p1-25/Cargo.lock:182:1
    │  
182 │ ╭ winnow 0.7.15 registry+https://github.com/rust-lang/crates.io-index
183 │ │ winnow 1.0.2 registry+https://github.com/rust-lang/crates.io-index
    │ ╰──────────────────────────────────────────────────────────────────┘ lock entries
    │  
    ├ winnow v0.7.15
      └── toml v0.9.12+spec-1.1.0
          └── (dev) velvet-ballastics-workspace v0.1.0
    ├ winnow v1.0.2
      ├── toml v1.1.2+spec-1.1.0
      │   └── trybuild v1.0.116
      │       └── (dev) vb_codegen v0.1.0
      │           ├── vb_compile v0.1.0
      │           │   └── (dev) velvet-ballastics-workspace v0.1.0
      │           └── (dev) velvet-ballastics-workspace v0.1.0 (*)
      └── toml_parser v1.1.2+spec-1.1.0
          ├── toml v0.9.12+spec-1.1.0
          │   └── (dev) velvet-ballastics-workspace v0.1.0 (*)
          └── toml v1.1.2+spec-1.1.0 (*)

warning[duplicate]: found 2 duplicate entries for crate 'wit-bindgen'
    ┌─ /home/lewis/src/Velvet-ballistics-femdation-p0p1-25/Cargo.lock:184:1
    │  
184 │ ╭ wit-bindgen 0.51.0 registry+https://github.com/rust-lang/crates.io-index
185 │ │ wit-bindgen 0.57.1 registry+https://github.com/rust-lang/crates.io-index
    │ ╰────────────────────────────────────────────────────────────────────────┘ lock entries
    │  
    ├ wit-bindgen v0.51.0
      └── wasip3 v0.4.0+wasi-0.3.0-rc-2026-01-06
          └── getrandom v0.4.2
              └── tempfile v3.27.0
                  ├── fjall v3.1.4
                  │   └── vb_storage v0.1.0
                  │       ├── vb_runtime v0.1.0
                  │       │   ├── (dev) vb_codegen v0.1.0
                  │       │   │   ├── vb_compile v0.1.0
                  │       │   │   │   └── (dev) velvet-ballastics-workspace v0.1.0
                  │       │   │   └── (dev) velvet-ballastics-workspace v0.1.0 (*)
                  │       │   ├── vb_ipc v0.1.0
                  │       │   │   └── (dev) velvet-ballastics-workspace v0.1.0 (*)
                  │       │   └── (dev) velvet-ballastics-workspace v0.1.0 (*)
                  │       └── (dev) velvet-ballastics-workspace v0.1.0 (*)
                  ├── lsm-tree v3.1.4
                  │   └── fjall v3.1.4 (*)
                  ├── proptest v1.11.0
                  │   ├── (dev) vb_codegen v0.1.0 (*)
                  │   ├── (dev) vb_core v0.1.0
                  │   │   ├── vb_codegen v0.1.0 (*)
                  │   │   ├── vb_compile v0.1.0 (*)
                  │   │   ├── vb_expr v0.1.0
                  │   │   │   └── (dev) velvet-ballastics-workspace v0.1.0 (*)
                  │   │   ├── vb_ipc v0.1.0 (*)
                  │   │   ├── (dev) vb_runtime v0.1.0 (*)
                  │   │   ├── vb_storage v0.1.0 (*)
                  │   │   ├── vb_validate v0.1.0
                  │   │   │   ├── vb_compile v0.1.0 (*)
                  │   │   │   ├── vb_ipc v0.1.0 (*)
                  │   │   │   └── (dev) velvet-ballastics-workspace v0.1.0 (*)
                  │   │   └── (dev) velvet-ballastics-workspace v0.1.0 (*)
                  │   ├── (dev) vb_ipc v0.1.0 (*)
                  │   ├── (dev) vb_runtime v0.1.0 (*)
                  │   ├── (dev) vb_storage v0.1.0 (*)
                  │   ├── (dev) vb_validate v0.1.0 (*)
                  │   └── (dev) velvet-ballastics-workspace v0.1.0 (*)
                  ├── rusty-fork v0.3.1
                  │   └── proptest v1.11.0 (*)
                  ├── (dev) vb_codegen v0.1.0 (*)
                  ├── (dev) vb_runtime v0.1.0 (*)
                  ├── (dev) vb_storage v0.1.0 (*)
                  └── (dev) velvet-ballastics-workspace v0.1.0 (*)
    ├ wit-bindgen v0.57.1
      └── wasip2 v1.0.3+wasi-0.2.9
          ├── getrandom v0.3.4
          │   └── rand_core v0.9.5
          │       ├── rand v0.9.4
          │       │   └── proptest v1.11.0
          │       │       ├── (dev) vb_codegen v0.1.0
          │       │       │   ├── vb_compile v0.1.0
          │       │       │   │   └── (dev) velvet-ballastics-workspace v0.1.0
          │       │       │   └── (dev) velvet-ballastics-workspace v0.1.0 (*)
          │       │       ├── (dev) vb_core v0.1.0
          │       │       │   ├── vb_codegen v0.1.0 (*)
          │       │       │   ├── vb_compile v0.1.0 (*)
          │       │       │   ├── vb_expr v0.1.0
          │       │       │   │   └── (dev) velvet-ballastics-workspace v0.1.0 (*)
          │       │       │   ├── vb_ipc v0.1.0
          │       │       │   │   └── (dev) velvet-ballastics-workspace v0.1.0 (*)
          │       │       │   ├── (dev) vb_runtime v0.1.0
          │       │       │   │   ├── (dev) vb_codegen v0.1.0 (*)
          │       │       │   │   ├── vb_ipc v0.1.0 (*)
          │       │       │   │   └── (dev) velvet-ballastics-workspace v0.1.0 (*)
          │       │       │   ├── vb_storage v0.1.0
          │       │       │   │   ├── vb_runtime v0.1.0 (*)
          │       │       │   │   └── (dev) velvet-ballastics-workspace v0.1.0 (*)
          │       │       │   ├── vb_validate v0.1.0
          │       │       │   │   ├── vb_compile v0.1.0 (*)
          │       │       │   │   ├── vb_ipc v0.1.0 (*)
          │       │       │   │   └── (dev) velvet-ballastics-workspace v0.1.0 (*)
          │       │       │   └── (dev) velvet-ballastics-workspace v0.1.0 (*)
          │       │       ├── (dev) vb_ipc v0.1.0 (*)
          │       │       ├── (dev) vb_runtime v0.1.0 (*)
          │       │       ├── (dev) vb_storage v0.1.0 (*)
          │       │       ├── (dev) vb_validate v0.1.0 (*)
          │       │       └── (dev) velvet-ballastics-workspace v0.1.0 (*)
          │       ├── rand_chacha v0.9.0
          │       │   └── proptest v1.11.0 (*)
          │       └── rand_xorshift v0.4.0
          │           └── proptest v1.11.0 (*)
          └── getrandom v0.4.2
              └── tempfile v3.27.0
                  ├── fjall v3.1.4
                  │   └── vb_storage v0.1.0 (*)
                  ├── lsm-tree v3.1.4
                  │   └── fjall v3.1.4 (*)
                  ├── proptest v1.11.0 (*)
                  ├── rusty-fork v0.3.1
                  │   └── proptest v1.11.0 (*)
                  ├── (dev) vb_codegen v0.1.0 (*)
                  ├── (dev) vb_runtime v0.1.0 (*)
                  ├── (dev) vb_storage v0.1.0 (*)
                  └── (dev) velvet-ballastics-workspace v0.1.0 (*)

advisories ok, bans ok, licenses ok, sources ok
ERROR   × Couldn't acquire the store
  ╰─▶ No such file or directory (os error 2)

▮▮▮▮ velvet-ballastics:supply-chain (1s 285ms, c56fec65)
Error: task_runner::run_failed

  × Task velvet-ballastics:supply-chain failed to run.
  ╰─▶ Process set failed: exit code 255

Diff in /home/lewis/src/Velvet-ballistics-femdation-p0p1-25/crates/vb_compile/src/lib.rs:3797:
         // Check that result is Err with exactly one ValidationError::SlotReferenceOutOfRange
         match result {
             Err(CompileErrors(ref errors)) => {
[31m-                assert_eq!(errors.len(), 1, "Expected exactly 1 error, got {}", errors.len());
(B[m[32m+                assert_eq!(
(B[m[32m+                    errors.len(),
(B[m[32m+                    1,
(B[m[32m+                    "Expected exactly 1 error, got {}",
(B[m[32m+                    errors.len()
(B[m[32m+                );
(B[m                 let err = errors.first().expect("should have first error");
                 match err {
[31m-                    CompileError::Validation(vb_validate::ValidationError::SlotReferenceOutOfRange {
(B[m[31m-                        slot,
(B[m[31m-                        slot_count: sc,
(B[m[31m-                        context,
(B[m[31m-                    }) => {
(B[m[32m+                    CompileError::Validation(
(B[m[32m+                        vb_validate::ValidationError::SlotReferenceOutOfRange {
(B[m[32m+                            slot,
(B[m[32m+                            slot_count: sc,
(B[m[32m+                            context,
(B[m[32m+                        },
(B[m[32m+                    ) => {
(B[m                         assert_eq!(*slot, 1);
                         assert_eq!(*sc, 1);
                         assert!(
Diff in /home/lewis/src/Velvet-ballistics-femdation-p0p1-25/crates/vb_compile/src/lib.rs:3837:
 
         match result {
             Err(CompileErrors(ref errors)) => {
[31m-                assert_eq!(errors.len(), 1, "Expected exactly 1 error, got {}", errors.len());
(B[m[32m+                assert_eq!(
(B[m[32m+                    errors.len(),
(B[m[32m+                    1,
(B[m[32m+                    "Expected exactly 1 error, got {}",
(B[m[32m+                    errors.len()
(B[m[32m+                );
(B[m                 let err = errors.first().expect("should have first error");
                 match err {
[31m-                    CompileError::Validation(vb_validate::ValidationError::SlotReferenceOutOfRange {
(B[m[31m-                        slot,
(B[m[31m-                        slot_count: sc,
(B[m[31m-                        context,
(B[m[31m-                    }) => {
(B[m[32m+                    CompileError::Validation(
(B[m[32m+                        vb_validate::ValidationError::SlotReferenceOutOfRange {
(B[m[32m+                            slot,
(B[m[32m+                            slot_count: sc,
(B[m[32m+                            context,
(B[m[32m+                        },
(B[m[32m+                    ) => {
(B[m                         assert_eq!(*slot, 1);
                         assert_eq!(*sc, 1);
                         assert!(
Diff in /home/lewis/src/Velvet-ballistics-femdation-p0p1-25/crates/vb_compile/src/lib.rs:3881:
             parts.digest,
         );
 
[31m-        assert!(result.is_ok(), "lower_steps_to_ir should succeed for valid parts");
(B[m[32m+        assert!(
(B[m[32m+            result.is_ok(),
(B[m[32m+            "lower_steps_to_ir should succeed for valid parts"
(B[m[32m+        );
(B[m 
         let workflow = result.unwrap();
         let output_parts = workflow.to_parts();
Diff in /home/lewis/src/Velvet-ballistics-femdation-p0p1-25/crates/vb_compile/src/lib.rs:3931:
 
         match result {
             Err(CompileErrors(ref errors)) => {
[31m-                assert_eq!(errors.len(), 1, "Expected exactly 1 error, got {}", errors.len());
(B[m[32m+                assert_eq!(
(B[m[32m+                    errors.len(),
(B[m[32m+                    1,
(B[m[32m+                    "Expected exactly 1 error, got {}",
(B[m[32m+                    errors.len()
(B[m[32m+                );
(B[m                 let err = errors.first().expect("should have first error");
                 match err {
                     CompileError::Workflow(WorkflowError::EmptyNodes) => {}
Diff in /home/lewis/src/Velvet-ballistics-femdation-p0p1-25/crates/vb_compile/src/lib.rs:3963:
 
         match result {
             Err(CompileErrors(ref errors)) => {
[31m-                assert_eq!(errors.len(), 1, "Expected exactly 1 error, got {}", errors.len());
(B[m[32m+                assert_eq!(
(B[m[32m+                    errors.len(),
(B[m[32m+                    1,
(B[m[32m+                    "Expected exactly 1 error, got {}",
(B[m[32m+                    errors.len()
(B[m[32m+                );
(B[m                 let err = errors.first().expect("should have first error");
                 match err {
                     CompileError::Workflow(WorkflowError::NodeIdMismatch { expected, actual }) => {
Diff in /home/lewis/src/Velvet-ballistics-femdation-p0p1-25/crates/vb_compile/src/lib.rs:3987:
 
         match result {
             Err(CompileErrors(ref errors)) => {
[31m-                assert_eq!(errors.len(), 1, "Expected exactly 1 error, got {}", errors.len());
(B[m[32m+                assert_eq!(
(B[m[32m+                    errors.len(),
(B[m[32m+                    1,
(B[m[32m+                    "Expected exactly 1 error, got {}",
(B[m[32m+                    errors.len()
(B[m[32m+                );
(B[m                 let err = errors.first().expect("should have first error");
                 match err {
                     CompileError::Workflow(WorkflowError::EmptyNodes) => {}
Diff in /home/lewis/src/Velvet-ballistics-femdation-p0p1-25/crates/vb_compile/src/lib.rs:4020:
 
         match result {
             Err(CompileErrors(ref errors)) => {
[31m-                assert_eq!(errors.len(), 1, "Expected exactly 1 error, got {}", errors.len());
(B[m[32m+                assert_eq!(
(B[m[32m+                    errors.len(),
(B[m[32m+                    1,
(B[m[32m+                    "Expected exactly 1 error, got {}",
(B[m[32m+                    errors.len()
(B[m[32m+                );
(B[m                 let err = errors.first().expect("should have first error");
                 match err {
[31m-                    CompileError::UnknownSlotType {
(B[m[31m-                        field,
(B[m[31m-                        slot,
(B[m[31m-                    } => {
(B[m[32m+                    CompileError::UnknownSlotType { field, slot } => {
(B[m                         assert_eq!(*field, "run.input");
                         assert_eq!(*slot, 0);
                     }
Diff in /home/lewis/src/Velvet-ballistics-femdation-p0p1-25/crates/vb_compile/src/lib.rs:4033:
[31m-                    other => panic!(
(B[m[31m-                        "Expected CompileError::UnknownSlotType, got: {:?}",
(B[m[31m-                        other
(B[m[31m-                    ),
(B[m[32m+                    other => panic!("Expected CompileError::UnknownSlotType, got: {:?}", other),
(B[m                 }
             }
             Ok(_) => panic!("Expected error, got Ok"),
Diff in /home/lewis/src/Velvet-ballistics-femdation-p0p1-25/crates/vb_compile/src/lib.rs:4071:
 
         match result {
             Err(CompileErrors(ref errors)) => {
[31m-                assert_eq!(errors.len(), 1, "Expected exactly 1 error, got {}", errors.len());
(B[m[32m+                assert_eq!(
(B[m[32m+                    errors.len(),
(B[m[32m+                    1,
(B[m[32m+                    "Expected exactly 1 error, got {}",
(B[m[32m+                    errors.len()
(B[m[32m+                );
(B[m                 let err = errors.first().expect("should have first error");
                 match err {
[31m-                    CompileError::UnknownSlotType {
(B[m[31m-                        field,
(B[m[31m-                        slot,
(B[m[31m-                    } => {
(B[m[32m+                    CompileError::UnknownSlotType { field, slot } => {
(B[m                         assert_eq!(*field, "finish.result");
                         assert_eq!(*slot, 0);
                     }
Diff in /home/lewis/src/Velvet-ballistics-femdation-p0p1-25/crates/vb_compile/src/lib.rs:4084:
[31m-                    other => panic!(
(B[m[31m-                        "Expected CompileError::UnknownSlotType, got: {:?}",
(B[m[31m-                        other
(B[m[31m-                    ),
(B[m[32m+                    other => panic!("Expected CompileError::UnknownSlotType, got: {:?}", other),
(B[m                 }
             }
             Ok(_) => panic!("Expected error, got Ok"),
Diff in /home/lewis/src/Velvet-ballistics-femdation-p0p1-25/crates/vb_compile/src/lib.rs:4124:
                 assert_eq!(node_index, 0);
             }
             Ok(_) => panic!("Expected error, got Ok"),
[31m-            other => panic!("Expected ValidationError::ActionContractMissing, got: {:?}", other),
(B[m[32m+            other => panic!(
(B[m[32m+                "Expected ValidationError::ActionContractMissing, got: {:?}",
(B[m[32m+                other
(B[m[32m+            ),
(B[m         }
     }
 
Diff in /home/lewis/src/Velvet-ballistics-femdation-p0p1-25/crates/vb_compile/src/lib.rs:4154:
                 assert_eq!(action_id, 99);
             }
             Ok(_) => panic!("Expected error, got Ok"),
[31m-            other => panic!("Expected ValidationError::ActionContractOrphan, got: {:?}", other),
(B[m[32m+            other => panic!(
(B[m[32m+                "Expected ValidationError::ActionContractOrphan, got: {:?}",
(B[m[32m+                other
(B[m[32m+            ),
(B[m         }
     }
 
Diff in /home/lewis/src/Velvet-ballistics-femdation-p0p1-25/crates/vb_runtime/src/primitives/../collect_tests.rs:27:
     let mut states = fresh_states();
     let source = SlotIdx::new(0);
     // Use 2 items with page_size=1 so state is preserved after first page
[31m-    list_in_slot(&mut *run, &mut store, source, vec![SlotValue::I64(10), SlotValue::I64(20)]);
(B[m[32m+    list_in_slot(
(B[m[32m+        &mut *run,
(B[m[32m+        &mut store,
(B[m[32m+        source,
(B[m[32m+        vec![SlotValue::I64(10), SlotValue::I64(20)],
(B[m[32m+    );
(B[m     collect_start(
         run,
         &mut store,
Diff in /home/lewis/src/Velvet-ballistics-femdation-p0p1-25/crates/vb_storage/src/batch.rs:876:
 
         // Stage 3 events using indexed iteration
         let events: Vec<_> = (0..3)
[31m-            .map(|i| {
(B[m[31m-                JournalEvent::RunAccepted {
(B[m[31m-                    run,
(B[m[31m-                    seq: EventSeq::new(i),
(B[m[31m-                    workflow: WorkflowDigest::from_bytes([0; 32]),
(B[m[31m-                }
(B[m[32m+            .map(|i| JournalEvent::RunAccepted {
(B[m[32m+                run,
(B[m[32m+                seq: EventSeq::new(i),
(B[m[32m+                workflow: WorkflowDigest::from_bytes([0; 32]),
(B[m             })
             .collect();
 
Diff in /home/lewis/src/Velvet-ballistics-femdation-p0p1-25/crates/vb_storage/src/batch.rs:944:
 
         let operations = 5;
         let events: Vec<_> = (0..operations)
[31m-            .map(|i| {
(B[m[31m-                JournalEvent::RunAccepted {
(B[m[31m-                    run,
(B[m[31m-                    seq: EventSeq::new(i),
(B[m[31m-                    workflow: WorkflowDigest::from_bytes([0; 32]),
(B[m[31m-                }
(B[m[32m+            .map(|i| JournalEvent::RunAccepted {
(B[m[32m+                run,
(B[m[32m+                seq: EventSeq::new(i),
(B[m[32m+                workflow: WorkflowDigest::from_bytes([0; 32]),
(B[m             })
             .collect();
 
Diff in /home/lewis/src/Velvet-ballistics-femdation-p0p1-25/crates/vb_storage/src/batch.rs:1153:
         let mut batch = JournalWriteBatch::new(&journal);
         assert_eq!(batch.len(), 0);
 
[31m-        batch.append_event(&make_event(run, 0)).expect("append event");
(B[m[32m+        batch
(B[m[32m+            .append_event(&make_event(run, 0))
(B[m[32m+            .expect("append event");
(B[m         assert_eq!(batch.len(), 1);
 
         let header = make_run_header(run);
Diff in /home/lewis/src/Velvet-ballistics-femdation-p0p1-25/crates/vb_storage/src/batch.rs:1162:
 
         let source = b"test source".to_vec();
         let digest = WorkflowDigest::from_bytes(blake3::hash(&source).into());
[31m-        let wf_record = WorkflowSourceRecord {
(B[m[31m-            digest,
(B[m[31m-            source,
(B[m[31m-        };
(B[m[31m-        batch.put_workflow_source(&wf_record).expect("put wf source");
(B[m[32m+        let wf_record = WorkflowSourceRecord { digest, source };
(B[m[32m+        batch
(B[m[32m+            .put_workflow_source(&wf_record)
(B[m[32m+            .expect("put wf source");
(B[m         assert_eq!(batch.len(), 3);
 
[31m-        batch.put_status_index(1, 1000, run).expect("put status idx");
(B[m[32m+        batch
(B[m[32m+            .put_status_index(1, 1000, run)
(B[m[32m+            .expect("put status idx");
(B[m         assert_eq!(batch.len(), 4);
     }
 
Diff in /home/lewis/src/Velvet-ballistics-femdation-p0p1-25/crates/vb_storage/src/batch.rs:1216:
 
         (0..4u8).for_each(|state| {
             let mut batch = JournalWriteBatch::new(&journal);
[31m-            batch.put_status_index(state, 1000 + u64::from(state), run).expect("put status index");
(B[m[32m+            batch
(B[m[32m+                .put_status_index(state, 1000 + u64::from(state), run)
(B[m[32m+                .expect("put status index");
(B[m             batch.commit().expect("commit should succeed");
         });
     }
Diff in /home/lewis/src/Velvet-ballistics-femdation-p0p1-25/crates/vb_storage/src/batch.rs:1229:
         (0..4u32).for_each(|i| {
             let workflow_id = vb_core::WorkflowId::new(i + 1);
             let mut batch = JournalWriteBatch::new(&journal);
[31m-            batch.put_workflow_index(workflow_id, run).expect("put workflow idx");
(B[m[32m+            batch
(B[m[32m+                .put_workflow_index(workflow_id, run)
(B[m[32m+                .expect("put workflow idx");
(B[m             batch.commit().expect("commit should succeed");
         });
     }
Diff in /home/lewis/src/Velvet-ballistics-femdation-p0p1-25/crates/vb_storage/src/batch.rs:1243:
         (0..4u16).for_each(|i| {
             let action_id = vb_core::ActionId::new(i + 1);
             let mut batch = JournalWriteBatch::new(&journal);
[31m-            batch.put_action_index(action_id, run, step).expect("put action idx");
(B[m[32m+            batch
(B[m[32m+                .put_action_index(action_id, run, step)
(B[m[32m+                .expect("put action idx");
(B[m             batch.commit().expect("commit should succeed");
         });
     }
Diff in /home/lewis/src/Velvet-ballistics-femdation-p0p1-25/crates/vb_storage/src/batch.rs:1262:
         batch.put_blob(&record).expect("put blob should succeed");
         batch.commit().expect("commit should succeed");
 
[31m-        let loaded = journal.blob(record.digest).expect("get blob").expect("blob should exist");
(B[m[32m+        let loaded = journal
(B[m[32m+            .blob(record.digest)
(B[m[32m+            .expect("get blob")
(B[m[32m+            .expect("blob should exist");
(B[m         assert_eq!(loaded.bytes, record.bytes);
     }
 
Diff in /home/lewis/src/Velvet-ballistics-femdation-p0p1-25/crates/vb_storage/src/batch.rs:1280:
         batch.put_compiled_ir(&record).expect("put compiled ir");
         batch.commit().expect("commit should succeed");
 
[31m-        let loaded = journal.compiled_ir(digest).expect("get compiled ir").expect("ir should exist");
(B[m[32m+        let loaded = journal
(B[m[32m+            .compiled_ir(digest)
(B[m[32m+            .expect("get compiled ir")
(B[m[32m+            .expect("ir should exist");
(B[m         assert_eq!(loaded.ir, ir);
     }
 
Diff in /home/lewis/src/Velvet-ballistics-femdation-p0p1-25/crates/vb_storage/src/batch.rs:1300:
 
         {
             let mut batch = JournalWriteBatch::new(&journal);
[31m-            batch.put_workflow_source(&WorkflowSourceRecord {
(B[m[31m-                digest: source_digest,
(B[m[31m-                source: source.clone(),
(B[m[31m-            }).expect("put wf source");
(B[m[32m+            batch
(B[m[32m+                .put_workflow_source(&WorkflowSourceRecord {
(B[m[32m+                    digest: source_digest,
(B[m[32m+                    source: source.clone(),
(B[m[32m+                })
(B[m[32m+                .expect("put wf source");
(B[m             batch.put_run_header(&header).expect("put header");
[31m-            batch.append_event(&make_event(run, 0)).expect("append event");
(B[m[32m+            batch
(B[m[32m+                .append_event(&make_event(run, 0))
(B[m[32m+                .expect("append event");
(B[m             batch.commit().expect("commit should succeed");
         }
 
Diff in /home/lewis/src/Velvet-ballistics-femdation-p0p1-25/crates/vb_storage/src/batch.rs:1312:
[31m-        let ws = journal.workflow_source(source_digest).expect("get ws").expect("ws should exist");
(B[m[32m+        let ws = journal
(B[m[32m+            .workflow_source(source_digest)
(B[m[32m+            .expect("get ws")
(B[m[32m+            .expect("ws should exist");
(B[m         assert_eq!(ws.source, source);
[31m-        let h = journal.run_header(run).expect("get header").expect("header should exist");
(B[m[32m+        let h = journal
(B[m[32m+            .run_header(run)
(B[m[32m+            .expect("get header")
(B[m[32m+            .expect("header should exist");
(B[m         assert_eq!(h.workflow_id, header.workflow_id);
         let events = journal.events_for_run(run).expect("get events");
         assert_eq!(events.len(), 1);
Diff in /home/lewis/src/Velvet-ballistics-femdation-p0p1-25/crates/vb_storage/src/batch.rs:1328:
         batch.append_event(&make_event(run, 0)).expect("append");
         assert_eq!(batch.len(), initial_len + 1);
 
[31m-        batch.put_run_header(&make_run_header(run)).expect("put header");
(B[m[32m+        batch
(B[m[32m+            .put_run_header(&make_run_header(run))
(B[m[32m+            .expect("put header");
(B[m         assert_eq!(batch.len(), initial_len + 2);
 
         batch.put_status_index(1, 1000, run).expect("put status");
Diff in /home/lewis/src/Velvet-ballistics-femdation-p0p1-25/crates/vb_storage/src/batch.rs:1366:
         let run = RunId::new(2301);
 
         let mut batch = JournalWriteBatch::new(&journal).strict();
[31m-        batch.append_event(&make_event(run, 0)).expect("append should succeed");
(B[m[32m+        batch
(B[m[32m+            .append_event(&make_event(run, 0))
(B[m[32m+            .expect("append should succeed");
(B[m         assert_eq!(batch.len(), 1);
         batch.commit().expect("commit should succeed");
     }
Diff in /home/lewis/src/Velvet-ballistics-femdation-p0p1-25/crates/vb_storage/src/batch.rs:1379:
 
         {
             let mut batch1 = JournalWriteBatch::new(&journal);
[31m-            batch1.append_event(&event).expect("first append should succeed");
(B[m[32m+            batch1
(B[m[32m+                .append_event(&event)
(B[m[32m+                .expect("first append should succeed");
(B[m             batch1.commit().expect("commit should succeed");
         }
 
Diff in /home/lewis/src/Velvet-ballistics-femdation-p0p1-25/crates/vb_storage/src/batch.rs:1430:
         };
 
         let mut batch = JournalWriteBatch::new(&journal);
[31m-        batch.put_workflow_source(&record).expect("put should succeed");
(B[m[32m+        batch
(B[m[32m+            .put_workflow_source(&record)
(B[m[32m+            .expect("put should succeed");
(B[m         batch.commit().expect("commit should succeed");
 
[31m-        let loaded = journal.workflow_source(digest).expect("get should succeed").expect("should be found");
(B[m[32m+        let loaded = journal
(B[m[32m+            .workflow_source(digest)
(B[m[32m+            .expect("get should succeed")
(B[m[32m+            .expect("should be found");
(B[m         assert_eq!(loaded.source, source);
     }
 
Diff in /home/lewis/src/Velvet-ballistics-femdation-p0p1-25/crates/vb_storage/src/batch.rs:1453:
         batch.put_run_header(&header).expect("put should succeed");
         batch.commit().expect("commit should succeed");
 
[31m-        let loaded = journal.run_header(run).expect("get should succeed").expect("should be found");
(B[m[32m+        let loaded = journal
(B[m[32m+            .run_header(run)
(B[m[32m+            .expect("get should succeed")
(B[m[32m+            .expect("should be found");
(B[m         assert_eq!(loaded.workflow_id, header.workflow_id);
         assert_eq!(loaded.status, header.status);
     }
Diff in /home/lewis/src/Velvet-ballistics-femdation-p0p1-25/crates/vb_storage/src/batch.rs:1499:
         expected += 1;
         assert_eq!(batch.len(), expected);
 
[31m-        batch.put_workflow_index(WorkflowId::new(1), run).expect("put workflow");
(B[m[32m+        batch
(B[m[32m+            .put_workflow_index(WorkflowId::new(1), run)
(B[m[32m+            .expect("put workflow");
(B[m         expected += 1;
         assert_eq!(batch.len(), expected);
 
Diff in /home/lewis/src/Velvet-ballistics-femdation-p0p1-25/crates/vb_storage/src/batch.rs:1506:
[31m-        batch.put_action_index(vb_core::ActionId::new(1), run, StepIdx::new(0)).expect("put action");
(B[m[32m+        batch
(B[m[32m+            .put_action_index(vb_core::ActionId::new(1), run, StepIdx::new(0))
(B[m[32m+            .expect("put action");
(B[m         expected += 1;
         assert_eq!(batch.len(), expected);
 
Diff in /home/lewis/src/Velvet-ballistics-femdation-p0p1-25/crates/vb_storage/src/batch.rs:1510:
[31m-        batch.put_run_header(&make_run_header(run)).expect("put header");
(B[m[32m+        batch
(B[m[32m+            .put_run_header(&make_run_header(run))
(B[m[32m+            .expect("put header");
(B[m         expected += 1;
         assert_eq!(batch.len(), expected);
     }
Diff in /home/lewis/src/Velvet-ballistics-femdation-p0p1-25/crates/vb_storage/src/batch.rs:1519:
 
         let mut batch = JournalWriteBatch::new(&journal);
         batch.put_status_index(2, 5000, run).expect("status idx");
[31m-        batch.put_workflow_index(WorkflowId::new(10), run).expect("workflow idx");
(B[m[31m-        batch.put_action_index(vb_core::ActionId::new(20), run, StepIdx::new(1)).expect("action idx");
(B[m[32m+        batch
(B[m[32m+            .put_workflow_index(WorkflowId::new(10), run)
(B[m[32m+            .expect("workflow idx");
(B[m[32m+        batch
(B[m[32m+            .put_action_index(vb_core::ActionId::new(20), run, StepIdx::new(1))
(B[m[32m+            .expect("action idx");
(B[m         assert_eq!(batch.len(), 3);
         batch.commit().expect("commit should succeed");
     }
Diff in /home/lewis/src/Velvet-ballistics-femdation-p0p1-25/crates/vb_storage/src/batch.rs:1568:
         let run2 = RunId::new(3101);
 
         let mut batch1 = JournalWriteBatch::new(&journal);
[31m-        batch1.append_event(&make_event(run1, 0)).expect("append run1");
(B[m[32m+        batch1
(B[m[32m+            .append_event(&make_event(run1, 0))
(B[m[32m+            .expect("append run1");
(B[m         batch1.commit().expect("commit run1");
 
         let mut batch2 = JournalWriteBatch::new(&journal);
Diff in /home/lewis/src/Velvet-ballistics-femdation-p0p1-25/crates/vb_storage/src/batch.rs:1575:
[31m-        batch2.append_event(&make_event(run2, 0)).expect("append run2");
(B[m[32m+        batch2
(B[m[32m+            .append_event(&make_event(run2, 0))
(B[m[32m+            .expect("append run2");
(B[m         batch2.commit().expect("commit run2");
 
         let events1 = journal.events_for_run(run1).expect("replay run1");
Diff in /home/lewis/src/Velvet-ballistics-femdation-p0p1-25/crates/vb_storage/src/batch.rs:1600:
         let ir = b"valid compiled ir".to_vec();
         let ir_clone = ir.clone();
         let digest = WorkflowDigest::from_bytes(blake3::hash(&ir).into());
[31m-        let record = CompiledIrRecord {
(B[m[31m-            digest,
(B[m[31m-            ir,
(B[m[31m-        };
(B[m[32m+        let record = CompiledIrRecord { digest, ir };
(B[m 
         let mut batch = JournalWriteBatch::new(&journal);
         batch.put_compiled_ir(&record).expect("put should succeed");
Diff in /home/lewis/src/Velvet-ballistics-femdation-p0p1-25/crates/vb_storage/src/batch.rs:1610:
         batch.commit().expect("commit should succeed");
 
[31m-        let loaded = journal.compiled_ir(digest).expect("get should succeed").expect("should be found");
(B[m[32m+        let loaded = journal
(B[m[32m+            .compiled_ir(digest)
(B[m[32m+            .expect("get should succeed")
(B[m[32m+            .expect("should be found");
(B[m         assert_eq!(loaded.ir, ir_clone);
     }
 
Diff in /home/lewis/src/Velvet-ballistics-femdation-p0p1-25/crates/vb_storage/src/batch.rs:1618:
         let (_temp, journal) = temp_journal();
         let source = b"valid workflow source".to_vec();
         let digest = WorkflowDigest::from_bytes(blake3::hash(&source).into());
[31m-        let record = WorkflowSourceRecord {
(B[m[31m-            digest,
(B[m[31m-            source,
(B[m[31m-        };
(B[m[32m+        let record = WorkflowSourceRecord { digest, source };
(B[m 
         let mut batch = JournalWriteBatch::new(&journal);
[31m-        batch.put_workflow_source(&record).expect("put should succeed");
(B[m[32m+        batch
(B[m[32m+            .put_workflow_source(&record)
(B[m[32m+            .expect("put should succeed");
(B[m         batch.commit().expect("commit should succeed");
 
[31m-        let loaded = journal.workflow_source(digest).expect("get should succeed").expect("should be found");
(B[m[32m+        let loaded = journal
(B[m[32m+            .workflow_source(digest)
(B[m[32m+            .expect("get should succeed")
(B[m[32m+            .expect("should be found");
(B[m         assert_eq!(loaded.source, record.source);
     }
 
Diff in /home/lewis/src/Velvet-ballistics-femdation-p0p1-25/crates/vb_storage/src/batch.rs:1637:
         let run = RunId::new(3300);
 
         let mut batch = JournalWriteBatch::new(&journal);
[31m-        batch.put_status_index(1, 1000, run).expect("put status idx");
(B[m[32m+        batch
(B[m[32m+            .put_status_index(1, 1000, run)
(B[m[32m+            .expect("put status idx");
(B[m         batch.commit().expect("commit should succeed");
 
         let markers = journal.index_status.iter().count();
Diff in /home/lewis/src/Velvet-ballistics-femdation-p0p1-25/crates/vb_storage/src/batch.rs:1651:
         let workflow_id = WorkflowId::new(42);
 
         let mut batch = JournalWriteBatch::new(&journal);
[31m-        batch.put_workflow_index(workflow_id, run).expect("put workflow idx");
(B[m[32m+        batch
(B[m[32m+            .put_workflow_index(workflow_id, run)
(B[m[32m+            .expect("put workflow idx");
(B[m         batch.commit().expect("commit should succeed");
 
         let markers = journal.index_workflow.iter().count();
Diff in /home/lewis/src/Velvet-ballistics-femdation-p0p1-25/crates/vb_storage/src/batch.rs:1666:
         let step = StepIdx::new(3);
 
         let mut batch = JournalWriteBatch::new(&journal);
[31m-        batch.put_action_index(action_id, run, step).expect("put action idx");
(B[m[32m+        batch
(B[m[32m+            .put_action_index(action_id, run, step)
(B[m[32m+            .expect("put action idx");
(B[m         batch.commit().expect("commit should succeed");
 
         let markers = journal.index_action.iter().count();
Diff in /home/lewis/src/Velvet-ballistics-femdation-p0p1-25/crates/vb_storage/src/batch.rs:1689:
 
         {
             let mut batch = JournalWriteBatch::new(&journal);
[31m-            batch.put_workflow_source(&WorkflowSourceRecord {
(B[m[31m-                digest: source_digest,
(B[m[31m-                source: source.clone(),
(B[m[31m-            }).expect("put wf source");
(B[m[32m+            batch
(B[m[32m+                .put_workflow_source(&WorkflowSourceRecord {
(B[m[32m+                    digest: source_digest,
(B[m[32m+                    source: source.clone(),
(B[m[32m+                })
(B[m[32m+                .expect("put wf source");
(B[m             batch.put_run_header(&header).expect("put header");
[31m-            batch.append_event(&make_event(run, 0)).expect("append event");
(B[m[32m+            batch
(B[m[32m+                .append_event(&make_event(run, 0))
(B[m[32m+                .expect("append event");
(B[m             batch.commit().expect("commit should succeed");
         }
 
Diff in /home/lewis/src/Velvet-ballistics-femdation-p0p1-25/crates/vb_storage/src/batch.rs:1701:
[31m-        let ws_exists = journal.workflow_source(source_digest).expect("get ws").is_some();
(B[m[32m+        let ws_exists = journal
(B[m[32m+            .workflow_source(source_digest)
(B[m[32m+            .expect("get ws")
(B[m[32m+            .is_some();
(B[m         let header_exists = journal.run_header(run).expect("get header").is_some();
         let event_exists = !journal.events_for_run(run).expect("get events").is_empty();
[31m-        assert!(ws_exists && header_exists && event_exists, "all keyspaces must be present after atomic commit");
(B[m[32m+        assert!(
(B[m[32m+            ws_exists && header_exists && event_exists,
(B[m[32m+            "all keyspaces must be present after atomic commit"
(B[m[32m+        );
(B[m     }
 
     #[test]
Diff in /home/lewis/src/Velvet-ballistics-femdation-p0p1-25/crates/vb_storage/src/recovery/replay/summary.rs:953:
         assert!(result.is_ok(), "Expected Ok, got: {:?}", result);
         let seed = result.unwrap();
         assert_eq!(seed.step_count, 1);
[31m-        assert!(seed.steps.iter().any(|entry| entry.step == StepIdx::new(0)
(B[m[31m-            && entry.state == RecoveredStepState::Succeeded));
(B[m[32m+        assert!(
(B[m[32m+            seed.steps.iter().any(|entry| entry.step == StepIdx::new(0)
(B[m[32m+                && entry.state == RecoveredStepState::Succeeded)
(B[m[32m+        );
(B[m     }
 
     #[test]
Diff in /home/lewis/src/Velvet-ballistics-femdation-p0p1-25/crates/vb_storage/src/recovery/replay/summary.rs:989:
 
         let recovered = seed.expect("should recover successfully");
         assert!(
[31m-            recovered.slots.iter().any(|entry|
(B[m[31m-                entry.slot == SlotIdx::new(0)
(B[m[32m+            recovered
(B[m[32m+                .slots
(B[m[32m+                .iter()
(B[m[32m+                .any(|entry| entry.slot == SlotIdx::new(0)
(B[m                     && entry.value == SlotValue::Bool(true)
[31m-                    && entry.taint == Taint::DerivedFromSecret
(B[m[31m-            ),
(B[m[32m+                    && entry.taint == Taint::DerivedFromSecret),
(B[m             "Expected slot 0 with Bool(true) and DerivedFromSecret taint"
         );
         assert!(
Diff in /home/lewis/src/Velvet-ballistics-femdation-p0p1-25/crates/vb_storage/src/vb_2bok_durability_gate_tests.rs:17:
     use crate::admission::{admit_compiled_artifact, submit_artifact};
     use crate::codec::{decode_record, encode_record};
     use crate::constants::{
[31m-        CRC_OFFSET, MAGIC_BLOB, MAGIC_JOURNAL_EVENT,
(B[m[31m-        MAX_JOURNAL_EVENT_PAYLOAD_BYTES, RECORD_HEADER_BYTES,
(B[m[32m+        CRC_OFFSET, MAGIC_BLOB, MAGIC_JOURNAL_EVENT, MAX_JOURNAL_EVENT_PAYLOAD_BYTES,
(B[m[32m+        RECORD_HEADER_BYTES,
(B[m     };
     use crate::records::RecordKind;
     use crate::{
Diff in /home/lewis/src/Velvet-ballistics-femdation-p0p1-25/crates/vb_storage/src/vb_2bok_durability_gate_tests.rs:25:
[31m-        BlobRecord, DIGEST_BYTES, EventSeq, FjallJournal, JournalError,
(B[m[31m-        JournalEvent, WorkflowSourceRecord,
(B[m[32m+        BlobRecord, DIGEST_BYTES, EventSeq, FjallJournal, JournalError, JournalEvent,
(B[m[32m+        WorkflowSourceRecord,
(B[m     };
[31m-    use vb_core::{
(B[m[31m-        CompiledWorkflow, RunId, RuntimePolicy, SlotIdx, StepIdx, WorkflowDigest,
(B[m[31m-    };
(B[m[32m+    use vb_core::{CompiledWorkflow, RunId, RuntimePolicy, SlotIdx, StepIdx, WorkflowDigest};
(B[m 
     // =========================================================================
     // Test fixtures and helpers
Diff in /home/lewis/src/Velvet-ballistics-femdation-p0p1-25/crates/vb_storage/src/vb_2bok_durability_gate_tests.rs:193:
         let (_temp, journal) = temp_journal().map_err(|e| format!("journal open: {e}"))?;
         let workflow = minimal_valid_workflow()?;
 
[31m-        [RuntimePolicy::Relaxed, RuntimePolicy::Journaled, RuntimePolicy::Strict]
(B[m[31m-            .iter()
(B[m[31m-            .try_for_each(|policy| {
(B[m[31m-                let result = submit_artifact(&journal, &workflow, *policy)
(B[m[31m-                    .map_err(|e| format!("submit_artifact({policy:?}) failed: {e}"))?;
(B[m[31m-                assert_eq!(
(B[m[31m-                    result.digest,
(B[m[31m-                    workflow.digest(),
(B[m[31m-                    "artifact.digest must equal workflow.digest() for policy {policy:?}"
(B[m[31m-                );
(B[m[31m-                Ok(())
(B[m[31m-            })?;
(B[m[32m+        [
(B[m[32m+            RuntimePolicy::Relaxed,
(B[m[32m+            RuntimePolicy::Journaled,
(B[m[32m+            RuntimePolicy::Strict,
(B[m[32m+        ]
(B[m[32m+        .iter()
(B[m[32m+        .try_for_each(|policy| {
(B[m[32m+            let result = submit_artifact(&journal, &workflow, *policy)
(B[m[32m+                .map_err(|e| format!("submit_artifact({policy:?}) failed: {e}"))?;
(B[m[32m+            assert_eq!(
(B[m[32m+                result.digest,
(B[m[32m+                workflow.digest(),
(B[m[32m+                "artifact.digest must equal workflow.digest() for policy {policy:?}"
(B[m[32m+            );
(B[m[32m+            Ok(())
(B[m[32m+        })?;
(B[m         Ok(())
     }
 
Diff in /home/lewis/src/Velvet-ballistics-femdation-p0p1-25/crates/vb_storage/src/vb_2bok_durability_gate_tests.rs:216:
         let (_temp, journal) = temp_journal().map_err(|e| format!("journal open: {e}"))?;
         let workflow = minimal_valid_workflow()?;
 
[31m-        [RuntimePolicy::Relaxed, RuntimePolicy::Journaled, RuntimePolicy::Strict]
(B[m[31m-            .iter()
(B[m[31m-            .try_for_each(|policy| {
(B[m[31m-                let result = submit_artifact(&journal, &workflow, *policy)
(B[m[31m-                    .map_err(|e| format!("submit_artifact({policy:?}) failed: {e}"))?;
(B[m[31m-                assert!(
(B[m[31m-                    !result.ir.is_empty(),
(B[m[31m-                    "artifact.ir must be non-empty for policy {policy:?}"
(B[m[31m-                );
(B[m[31m-                Ok(())
(B[m[31m-            })?;
(B[m[32m+        [
(B[m[32m+            RuntimePolicy::Relaxed,
(B[m[32m+            RuntimePolicy::Journaled,
(B[m[32m+            RuntimePolicy::Strict,
(B[m[32m+        ]
(B[m[32m+        .iter()
(B[m[32m+        .try_for_each(|policy| {
(B[m[32m+            let result = submit_artifact(&journal, &workflow, *policy)
(B[m[32m+                .map_err(|e| format!("submit_artifact({policy:?}) failed: {e}"))?;
(B[m[32m+            assert!(
(B[m[32m+                !result.ir.is_empty(),
(B[m[32m+                "artifact.ir must be non-empty for policy {policy:?}"
(B[m[32m+            );
(B[m[32m+            Ok(())
(B[m[32m+        })?;
(B[m         Ok(())
     }
 
Diff in /home/lewis/src/Velvet-ballistics-femdation-p0p1-25/crates/vb_storage/src/vb_2bok_durability_gate_tests.rs:623:
         .map_err(|e| format!("encode failed: {e}"))?;
 
         let mut corrupt = bytes;
[31m-        corrupt.iter_mut().skip(RECORD_HEADER_BYTES).for_each(|byte| {
(B[m[31m-            *byte = byte.wrapping_add(1);
(B[m[31m-        });
(B[m[32m+        corrupt
(B[m[32m+            .iter_mut()
(B[m[32m+            .skip(RECORD_HEADER_BYTES)
(B[m[32m+            .for_each(|byte| {
(B[m[32m+                *byte = byte.wrapping_add(1);
(B[m[32m+            });
(B[m 
         let result = decode_record::<JournalEvent>(
             &corrupt,
Diff in /home/lewis/src/Velvet-ballistics-femdation-p0p1-25/crates/vb_storage/src/vb_2bok_durability_gate_tests.rs:1019:
         let (_temp, journal) = temp_journal().map_err(|e| format!("journal open: {e}"))?;
         let workflow = minimal_valid_workflow()?;
 
[31m-        [RuntimePolicy::Relaxed, RuntimePolicy::Journaled, RuntimePolicy::Strict]
(B[m[31m-            .iter()
(B[m[31m-            .try_for_each(|policy| {
(B[m[31m-                let artifact = submit_artifact(&journal, &workflow, *policy)
(B[m[31m-                    .map_err(|e| format!("submit failed: {e}"))?;
(B[m[32m+        [
(B[m[32m+            RuntimePolicy::Relaxed,
(B[m[32m+            RuntimePolicy::Journaled,
(B[m[32m+            RuntimePolicy::Strict,
(B[m[32m+        ]
(B[m[32m+        .iter()
(B[m[32m+        .try_for_each(|policy| {
(B[m[32m+            let artifact = submit_artifact(&journal, &workflow, *policy)
(B[m[32m+                .map_err(|e| format!("submit failed: {e}"))?;
(B[m 
[31m-                assert_eq!(
(B[m[31m-                    artifact.digest.as_bytes(),
(B[m[31m-                    workflow.digest().as_bytes(),
(B[m[31m-                    "artifact.digest must equal workflow.digest() for policy {policy:?}"
(B[m[31m-                );
(B[m[31m-                Ok(())
(B[m[31m-            })?;
(B[m[32m+            assert_eq!(
(B[m[32m+                artifact.digest.as_bytes(),
(B[m[32m+                workflow.digest().as_bytes(),
(B[m[32m+                "artifact.digest must equal workflow.digest() for policy {policy:?}"
(B[m[32m+            );
(B[m[32m+            Ok(())
(B[m[32m+        })?;
(B[m         Ok(())
     }
 
Diff in /home/lewis/src/Velvet-ballistics-femdation-p0p1-25/crates/vb_storage/src/vb_2bok_durability_gate_tests.rs:1687:
         .map_err(|e| format!("encode: {e}"))?;
 
         let mut corrupt = bytes;
[31m-        corrupt.iter_mut().skip(RECORD_HEADER_BYTES).for_each(|byte| {
(B[m[31m-            *byte = byte.wrapping_add(1);
(B[m[31m-        });
(B[m[32m+        corrupt
(B[m[32m+            .iter_mut()
(B[m[32m+            .skip(RECORD_HEADER_BYTES)
(B[m[32m+            .for_each(|byte| {
(B[m[32m+                *byte = byte.wrapping_add(1);
(B[m[32m+            });
(B[m 
         let result = decode_record::<JournalEvent>(
             &corrupt,
Diff in /home/lewis/src/Velvet-ballistics-femdation-p0p1-25/crates/vb_storage/tests/accepted_artifact_red_phase.rs:6:
     CompiledNode, CompiledNodeKind, CompiledWorkflow, ConstIdx, RuntimePolicy, SlotIdx, StepIdx,
     WorkflowDigest,
 };
[31m-use vb_storage::admission::{AcceptedArtifact, VerificationWarning, submit_artifact};
(B[m use vb_storage::FjallJournal;
[32m+use vb_storage::admission::{AcceptedArtifact, VerificationWarning, submit_artifact};
(B[m 
 fn temp_journal() -> Result<FjallJournal, String> {
     let dir = tempfile::tempdir().map_err(|error| format!("tempdir failed: {error}"))?;
Diff in /home/lewis/src/Velvet-ballistics-femdation-p0p1-25/crates/vb_storage/tests/accepted_artifact_red_phase.rs:118:
     let result = submit_artifact(&journal, &workflow, RuntimePolicy::Relaxed);
     assert!(result.is_ok(), "Relaxed policy must be accepted");
     let artifact = result.unwrap();
[31m-    assert_eq!(artifact.verification.gate_count, 0, "Relaxed must have 0 gates");
(B[m[31m-    assert!(!artifact.verification.durable, "Relaxed must not be durable");
(B[m[32m+    assert_eq!(
(B[m[32m+        artifact.verification.gate_count, 0,
(B[m[32m+        "Relaxed must have 0 gates"
(B[m[32m+    );
(B[m[32m+    assert!(
(B[m[32m+        !artifact.verification.durable,
(B[m[32m+        "Relaxed must not be durable"
(B[m[32m+    );
(B[m     Ok(())
 }
 
Diff in /home/lewis/src/Velvet-ballistics-femdation-p0p1-25/crates/vb_storage/tests/accepted_artifact_red_phase.rs:126:
 #[test]
[31m-fn accepted_artifact_store_payload_is_raw_workflow_parts_not_nested_artifact()
(B[m[31m--> Result<(), String> {
(B[m[32m+fn accepted_artifact_store_payload_is_raw_workflow_parts_not_nested_artifact() -> Result<(), String>
(B[m[32m+{
(B[m     let artifact = submit_minimal(RuntimePolicy::Strict)?;
     let decoded_parts = postcard::from_bytes::<WorkflowParts>(&artifact.ir)
         .map_err(|error| format!("workflow parts decode failed: {error}"))?;
Diff in /home/lewis/src/Velvet-ballistics-femdation-p0p1-25/crates/vb_storage/tests/accepted_artifact_red_phase.rs:156:
 }
 
 #[test]
[31m-fn accepted_artifact_encoder_journaled_proof_has_durable_false()
(B[m[31m--> Result<(), String> {
(B[m[32m+fn accepted_artifact_encoder_journaled_proof_has_durable_false() -> Result<(), String> {
(B[m     let artifact = submit_minimal(RuntimePolicy::Journaled)?;
[31m-    assert!(!artifact.verification.durable, "Journaled policy must not be durable");
(B[m[32m+    assert!(
(B[m[32m+        !artifact.verification.durable,
(B[m[32m+        "Journaled policy must not be durable"
(B[m[32m+    );
(B[m     Ok(())
 }
 
Diff in /home/lewis/src/Velvet-ballistics-femdation-p0p1-25/crates/vb_storage/tests/accepted_artifact_red_phase.rs:166:
 #[test]
[31m-fn accepted_artifact_encoder_strict_proof_has_durable_true()
(B[m[31m--> Result<(), String> {
(B[m[32m+fn accepted_artifact_encoder_strict_proof_has_durable_true() -> Result<(), String> {
(B[m     let artifact = submit_minimal(RuntimePolicy::Strict)?;
[31m-    assert!(artifact.verification.durable, "Strict policy must be durable");
(B[m[32m+    assert!(
(B[m[32m+        artifact.verification.durable,
(B[m[32m+        "Strict policy must be durable"
(B[m[32m+    );
(B[m     Ok(())
 }
 
Diff in /home/lewis/src/Velvet-ballistics-femdation-p0p1-25/crates/vb_storage/tests/accepted_artifact_red_phase.rs:174:
 #[test]
[31m-fn accepted_artifact_encoder_journaled_gate_count_equals_fifteen()
(B[m[31m--> Result<(), String> {
(B[m[32m+fn accepted_artifact_encoder_journaled_gate_count_equals_fifteen() -> Result<(), String> {
(B[m     let artifact = submit_minimal(RuntimePolicy::Journaled)?;
[31m-    assert_eq!(artifact.verification.gate_count, 2, "Journaled must have 2 gates");
(B[m[32m+    assert_eq!(
(B[m[32m+        artifact.verification.gate_count, 2,
(B[m[32m+        "Journaled must have 2 gates"
(B[m[32m+    );
(B[m     Ok(())
 }
 
Diff in /home/lewis/src/Velvet-ballistics-femdation-p0p1-25/crates/vb_storage/tests/accepted_artifact_red_phase.rs:182:
 #[test]
[31m-fn accepted_artifact_encoder_strict_gate_count_equals_fifteen()
(B[m[31m--> Result<(), String> {
(B[m[32m+fn accepted_artifact_encoder_strict_gate_count_equals_fifteen() -> Result<(), String> {
(B[m     let artifact = submit_minimal(RuntimePolicy::Strict)?;
[31m-    assert_eq!(artifact.verification.gate_count, 2, "Strict must have 2 gates");
(B[m[32m+    assert_eq!(
(B[m[32m+        artifact.verification.gate_count, 2,
(B[m[32m+        "Strict must have 2 gates"
(B[m[32m+    );
(B[m     Ok(())
 }
 
Diff in /home/lewis/src/Velvet-ballistics-femdation-p0p1-25/crates/vb_storage/tests/accepted_artifact_red_phase.rs:190:
 #[test]
[31m-fn accepted_artifact_validator_accepts_empty_warnings_array()
(B[m[31m--> Result<(), String> {
(B[m[32m+fn accepted_artifact_validator_accepts_empty_warnings_array() -> Result<(), String> {
(B[m     let artifact = submit_minimal(RuntimePolicy::Strict)?;
     assert!(artifact.verification.warnings.is_empty());
     Ok(())
Diff in /home/lewis/src/Velvet-ballistics-femdation-p0p1-25/crates/vb_storage/tests/accepted_artifact_red_phase.rs:196:
 }
 
 #[test]
[31m-fn accepted_artifact_validator_accepts_empty_idempotency_lists()
(B[m[31m--> Result<(), String> {
(B[m[32m+fn accepted_artifact_validator_accepts_empty_idempotency_lists() -> Result<(), String> {
(B[m     let artifact = submit_minimal(RuntimePolicy::Strict)?;
     assert!(artifact.verification.idempotency_keyed.is_empty());
     assert!(artifact.verification.idempotency_attested.is_empty());
Diff in /home/lewis/src/Velvet-ballistics-femdation-p0p1-25/crates/vb_storage/tests/accepted_artifact_red_phase.rs:205:
 }
 
 #[test]
[31m-fn accepted_artifact_encoder_records_empty_required_capabilities()
(B[m[31m--> Result<(), String> {
(B[m[32m+fn accepted_artifact_encoder_records_empty_required_capabilities() -> Result<(), String> {
(B[m     let artifact = submit_minimal(RuntimePolicy::Strict)?;
     assert!(artifact.required_capabilities.is_empty());
     Ok(())
Diff in /home/lewis/src/Velvet-ballistics-femdation-p0p1-25/crates/vb_storage/tests/accepted_artifact_red_phase.rs:213:
 }
 
 #[test]
[31m-fn accepted_artifact_encoder_records_zero_accepted_at_seq()
(B[m[31m--> Result<(), String> {
(B[m[32m+fn accepted_artifact_encoder_records_zero_accepted_at_seq() -> Result<(), String> {
(B[m     let artifact = submit_minimal(RuntimePolicy::Strict)?;
     assert_eq!(artifact.accepted_at_seq.get(), 0);
     Ok(())
Diff in /home/lewis/src/Velvet-ballistics-femdation-p0p1-25/crates/vb_storage/tests/accepted_artifact_red_phase.rs:221:
 }
 
 #[test]
[31m-fn accepted_artifact_roundtrip_through_storage_persists_and_loads()
(B[m[31m--> Result<(), String> {
(B[m[32m+fn accepted_artifact_roundtrip_through_storage_persists_and_loads() -> Result<(), String> {
(B[m     use vb_storage::records::CompiledIrRecord;
 
     let journal = temp_journal()?;
Diff in /home/lewis/src/Velvet-ballistics-femdation-p0p1-25/crates/vb_storage/tests/accepted_artifact_red_phase.rs:230:
     let artifact = submit_artifact(&journal, &workflow, RuntimePolicy::Strict)
         .map_err(|e| format!("submit failed: {e}"))?;
 
[31m-    let stored = journal.compiled_ir(artifact.digest)
(B[m[32m+    let stored = journal
(B[m[32m+        .compiled_ir(artifact.digest)
(B[m         .map_err(|e| format!("load failed: {e}"))?
         .ok_or_else(|| String::from("artifact not found after submit"))?;
 
Diff in /home/lewis/src/Velvet-ballistics-femdation-p0p1-25/crates/vb_storage/tests/accepted_artifact_red_phase.rs:240:
 }
 
 #[test]
[31m-fn accepted_artifact_stored_bytes_are_postcard_encoded()
(B[m[31m--> Result<(), String> {
(B[m[32m+fn accepted_artifact_stored_bytes_are_postcard_encoded() -> Result<(), String> {
(B[m     let journal = temp_journal()?;
     let workflow = minimal_workflow()?;
     let artifact = submit_artifact(&journal, &workflow, RuntimePolicy::Strict)
Diff in /home/lewis/src/Velvet-ballistics-femdation-p0p1-25/crates/vb_storage/tests/accepted_artifact_red_phase.rs:255:
 }
 
 #[test]
[31m-fn runtime_admission_requires_artifact_digest_not_raw_workflow()
(B[m[31m--> Result<(), String> {
(B[m[32m+fn runtime_admission_requires_artifact_digest_not_raw_workflow() -> Result<(), String> {
(B[m     let journal = temp_journal()?;
     let workflow = minimal_workflow()?;
     let result = submit_artifact(&journal, &workflow, RuntimePolicy::Relaxed);
Diff in /home/lewis/src/Velvet-ballistics-femdation-p0p1-25/crates/vb_storage/tests/accepted_artifact_red_phase.rs:267:
 }
 
 #[test]
[31m-fn submit_artifact_rejects_missing_workflow_digest()
(B[m[31m--> Result<(), String> {
(B[m[32m+fn submit_artifact_rejects_missing_workflow_digest() -> Result<(), String> {
(B[m     let journal = temp_journal()?;
     let workflow = minimal_workflow()?;
[31m-    let bad_workflow = CompiledWorkflow::try_from_parts(
(B[m[31m-        vb_core::workflow::WorkflowParts {
(B[m[31m-            name: Box::<str>::from("scope.bad"),
(B[m[31m-            digest: WorkflowDigest::from_bytes([0_u8; 32]),
(B[m[31m-            nodes: workflow.to_parts().nodes,
(B[m[31m-            expressions: workflow.to_parts().expressions,
(B[m[31m-            accessors: workflow.to_parts().accessors,
(B[m[31m-            constants: workflow.to_parts().constants,
(B[m[31m-            slot_count: workflow.to_parts().slot_count,
(B[m[31m-            symbols_count: 0,
(B[m[31m-            entry: workflow.to_parts().entry,
(B[m[31m-            resource_contract: ResourceContract::DEFAULT,
(B[m[31m-            step_names: Box::new([]),
(B[m[31m-        }
(B[m[31m-    ).map_err(|e| format!("workflow with zero digest should fail: {e}"))?;
(B[m[32m+    let bad_workflow = CompiledWorkflow::try_from_parts(vb_core::workflow::WorkflowParts {
(B[m[32m+        name: Box::<str>::from("scope.bad"),
(B[m[32m+        digest: WorkflowDigest::from_bytes([0_u8; 32]),
(B[m[32m+        nodes: workflow.to_parts().nodes,
(B[m[32m+        expressions: workflow.to_parts().expressions,
(B[m[32m+        accessors: workflow.to_parts().accessors,
(B[m[32m+        constants: workflow.to_parts().constants,
(B[m[32m+        slot_count: workflow.to_parts().slot_count,
(B[m[32m+        symbols_count: 0,
(B[m[32m+        entry: workflow.to_parts().entry,
(B[m[32m+        resource_contract: ResourceContract::DEFAULT,
(B[m[32m+        step_names: Box::new([]),
(B[m[32m+    })
(B[m[32m+    .map_err(|e| format!("workflow with zero digest should fail: {e}"))?;
(B[m     let result = submit_artifact(&journal, &bad_workflow, RuntimePolicy::Strict);
[31m-    assert!(result.is_err(), "workflow with zero digest should be rejected");
(B[m[32m+    assert!(
(B[m[32m+        result.is_err(),
(B[m[32m+        "workflow with zero digest should be rejected"
(B[m[32m+    );
(B[m     Ok(())
 }
 
Diff in /home/lewis/src/Velvet-ballistics-femdation-p0p1-25/crates/vb_storage/tests/accepted_artifact_red_phase.rs:294:
 #[test]
[31m-fn submit_artifact_validates_workflow_structure()
(B[m[31m--> Result<(), String> {
(B[m[32m+fn submit_artifact_validates_workflow_structure() -> Result<(), String> {
(B[m     let journal = temp_journal()?;
     let workflow = minimal_workflow()?;
     let result = submit_artifact(&journal, &workflow, RuntimePolicy::Strict);
Diff in /home/lewis/src/Velvet-ballistics-femdation-p0p1-25/crates/vb_storage/tests/accepted_artifact_red_phase.rs:302:
 }
 
 #[test]
[31m-fn submit_artifact_returns_artifact_with_correct_digest()
(B[m[31m--> Result<(), String> {
(B[m[32m+fn submit_artifact_returns_artifact_with_correct_digest() -> Result<(), String> {
(B[m     let journal = temp_journal()?;
     let workflow = minimal_workflow()?;
     let artifact = submit_artifact(&journal, &workflow, RuntimePolicy::Strict)
Diff in /home/lewis/src/Velvet-ballistics-femdation-p0p1-25/crates/vb_storage/tests/accepted_artifact_red_phase.rs:313:
 }
 
 #[test]
[31m-fn submit_artifact_persists_artifact_to_journal()
(B[m[31m--> Result<(), String> {
(B[m[32m+fn submit_artifact_persists_artifact_to_journal() -> Result<(), String> {
(B[m     let journal = temp_journal()?;
     let workflow = minimal_workflow()?;
     let artifact = submit_artifact(&journal, &workflow, RuntimePolicy::Strict)
Diff in /home/lewis/src/Velvet-ballistics-femdation-p0p1-25/crates/vb_storage/tests/accepted_artifact_red_phase.rs:321:
         .map_err(|e| format!("submit failed: {e}"))?;
 
[31m-    let loaded = journal.compiled_ir(artifact.digest)
(B[m[32m+    let loaded = journal
(B[m[32m+        .compiled_ir(artifact.digest)
(B[m         .map_err(|e| format!("load failed: {e}"))?;
     assert!(loaded.is_some(), "artifact must be persisted");
     Ok(())
Diff in /home/lewis/src/Velvet-ballistics-femdation-p0p1-25/crates/vb_storage/tests/accepted_artifact_red_phase.rs:327:
 }
 
 #[test]
[31m-fn submit_artifact_journaled_does_not_persist_strictly()
(B[m[31m--> Result<(), String> {
(B[m[32m+fn submit_artifact_journaled_does_not_persist_strictly() -> Result<(), String> {
(B[m     let journal = temp_journal()?;
     let workflow = minimal_workflow()?;
     let artifact = submit_artifact(&journal, &workflow, RuntimePolicy::Journaled)
Diff in /home/lewis/src/Velvet-ballistics-femdation-p0p1-25/crates/vb_storage/tests/accepted_artifact_red_phase.rs:335:
         .map_err(|e| format!("submit failed: {e}"))?;
 
[31m-    let loaded = journal.compiled_ir(artifact.digest)
(B[m[32m+    let loaded = journal
(B[m[32m+        .compiled_ir(artifact.digest)
(B[m         .map_err(|e| format!("load failed: {e}"))?;
[31m-    assert!(loaded.is_some(), "Journaled artifact must still be persisted");
(B[m[32m+    assert!(
(B[m[32m+        loaded.is_some(),
(B[m[32m+        "Journaled artifact must still be persisted"
(B[m[32m+    );
(B[m     Ok(())
 }
 
Diff in /home/lewis/src/Velvet-ballistics-femdation-p0p1-25/crates/vb_storage/tests/accepted_artifact_red_phase.rs:343:
 #[test]
[31m-fn accepted_artifact_proof_contains_workflow_digest()
(B[m[31m--> Result<(), String> {
(B[m[32m+fn accepted_artifact_proof_contains_workflow_digest() -> Result<(), String> {
(B[m     let journal = temp_journal()?;
     let workflow = minimal_workflow()?;
     let artifact = submit_artifact(&journal, &workflow, RuntimePolicy::Strict)
Diff in /home/lewis/src/Velvet-ballistics-femdation-p0p1-25/crates/vb_storage/tests/accepted_artifact_red_phase.rs:352:
 }
 
 #[test]
[31m-fn accepted_artifact_validator_requires_all_proof_flags_true_under_strict()
(B[m[31m--> Result<(), String> {
(B[m[32m+fn accepted_artifact_validator_requires_all_proof_flags_true_under_strict() -> Result<(), String> {
(B[m     let artifact = submit_minimal(RuntimePolicy::Strict)?;
     let p = &artifact.verification;
     assert!(p.bounded && p.taint_safe && p.retry_safe && p.replayable && p.durable);
Diff in /home/lewis/src/Velvet-ballistics-femdation-p0p1-25/crates/vb_storage/tests/accepted_artifact_red_phase.rs:361:
 }
 
 #[test]
[31m-fn accepted_artifact_validator_requires_all_proof_flags_true_under_journaled()
(B[m[31m--> Result<(), String> {
(B[m[32m+fn accepted_artifact_validator_requires_all_proof_flags_true_under_journaled() -> Result<(), String>
(B[m[32m+{
(B[m     let artifact = submit_minimal(RuntimePolicy::Journaled)?;
     let p = &artifact.verification;
     assert!(p.bounded && p.taint_safe && p.retry_safe && p.replayable && !p.durable);
Diff in /home/lewis/src/Velvet-ballistics-femdation-p0p1-25/crates/vb_storage/tests/accepted_artifact_red_phase.rs:369:
     Ok(())
 }
[32m+
(B[mDiff in /home/lewis/src/Velvet-ballistics-femdation-p0p1-25/crates/vb_ui_model/src/envelope.rs:131:
     fn fmt(&self, f: &mut fmt::Formatter<'_>) -> fmt::Result {
         match self {
             EnvelopeError::InvalidSchemaVersion { value } => {
[31m-                write!(f, "schema version {} is out of valid range 1..=65535", value)
(B[m[32m+                write!(
(B[m[32m+                    f,
(B[m[32m+                    "schema version {} is out of valid range 1..=65535",
(B[m[32m+                    value
(B[m[32m+                )
(B[m             }
             EnvelopeError::SuccessCannotHaveDiagnostic => {
                 write!(f, "Success envelope cannot have a diagnostic")
Diff in /home/lewis/src/Velvet-ballistics-femdation-p0p1-25/crates/vb_ui_model/src/envelope.rs:328:
             None,
         );
         assert!(result.is_err());
[31m-        assert_eq!(result.unwrap_err(), EnvelopeError::SuccessCannotHaveDiagnostic);
(B[m[32m+        assert_eq!(
(B[m[32m+            result.unwrap_err(),
(B[m[32m+            EnvelopeError::SuccessCannotHaveDiagnostic
(B[m[32m+        );
(B[m     }
 
     #[test]
Diff in /home/lewis/src/Velvet-ballistics-femdation-p0p1-25/crates/vb_ui_model/src/envelope.rs:411:
         assert!(format!("{}", err).contains("both"));
     }
 }
[32m+
(B[mDiff in /home/lewis/src/Velvet-ballistics-femdation-p0p1-25/crates/velvet_ballastics/src/main.rs:3453:
             max,
         } => {
             outln!("Capability Name Too Long");
[31m-            outln!("  Action {action_id}: capability {capability_index} name length {len} exceeds max {max}.");
(B[m[32m+            outln!(
(B[m[32m+                "  Action {action_id}: capability {capability_index} name length {len} exceeds max {max}."
(B[m[32m+            );
(B[m         }
         ValidationError::CapabilityNameInvalid {
             action_id,
Diff in /home/lewis/src/Velvet-ballistics-femdation-p0p1-25/crates/velvet_ballastics/src/main.rs:3469:
             capability_index,
         } => {
             outln!("Capability Action Mismatch");
[31m-            outln!("  Contract action {contract_action_id} != capability action {capability_action_id} at index {capability_index}.");
(B[m[32m+            outln!(
(B[m[32m+                "  Contract action {contract_action_id} != capability action {capability_action_id} at index {capability_index}."
(B[m[32m+            );
(B[m         }
         ValidationError::CapabilityDuplicate {
             action_id,
Diff in /home/lewis/src/Velvet-ballistics-femdation-p0p1-25/crates/velvet_ballastics/src/main.rs:3478:
             name,
         } => {
             outln!("Capability Duplicate");
[31m-            outln!("  Action {action_id}: capability '{name}' first at {first_index}, duplicate at {duplicate_index}.");
(B[m[32m+            outln!(
(B[m[32m+                "  Action {action_id}: capability '{name}' first at {first_index}, duplicate at {duplicate_index}."
(B[m[32m+            );
(B[m         }
     }
 }
Diff in /home/lewis/src/Velvet-ballistics-femdation-p0p1-25/crates/velvet_ballastics/src/main.rs:3834:
             let mut runs = Vec::new();
             for run in &diag.runs {
                 match run {
[31m-                    vb_storage::TrimEligibility::Eligible { run: r, safe_point, events_trimmable } => {
(B[m[32m+                    vb_storage::TrimEligibility::Eligible {
(B[m[32m+                        run: r,
(B[m[32m+                        safe_point,
(B[m[32m+                        events_trimmable,
(B[m[32m+                    } => {
(B[m                         runs.push(serde_json::json!({
                             "run": r.get(),
                             "status": "eligible",
Diff in /home/lewis/src/Velvet-ballistics-femdation-p0p1-25/crates/velvet_ballastics/src/main.rs:3909:
         if let Ok(diag) = journal.trim_eligibility_diagnostic(vb_storage::TrimPolicy::default()) {
             outln!(
                 "doctor: trim eligibility — {} total, {} eligible, {} blocked, {} events trimmable",
[31m-                diag.total_runs, diag.eligible_runs, diag.blocked_runs, diag.total_events_trimmable
(B[m[32m+                diag.total_runs,
(B[m[32m+                diag.eligible_runs,
(B[m[32m+                diag.blocked_runs,
(B[m[32m+                diag.total_events_trimmable
(B[m             );
             for run in &diag.runs {
                 match run {
Diff in /home/lewis/src/Velvet-ballistics-femdation-p0p1-25/crates/velvet_ballastics/src/main.rs:3916:
[31m-                    vb_storage::TrimEligibility::Eligible { run: r, safe_point, events_trimmable } => {
(B[m[32m+                    vb_storage::TrimEligibility::Eligible {
(B[m[32m+                        run: r,
(B[m[32m+                        safe_point,
(B[m[32m+                        events_trimmable,
(B[m[32m+                    } => {
(B[m                         outln!(
                             "doctor:   run {} eligible — safe_point={} events_trimmable={}",
[31m-                            r.get(), safe_point.get(), events_trimmable
(B[m[32m+                            r.get(),
(B[m[32m+                            safe_point.get(),
(B[m[32m+                            events_trimmable
(B[m                         );
                     }
                     vb_storage::TrimEligibility::Blocked { run: r, blocker } => {
Diff in /home/lewis/src/Velvet-ballistics-femdation-p0p1-25/crates/velvet_ballastics/src/main.rs:3924:
                             vb_storage::TrimBlocker::NoDurableSnapshot => "no_durable_snapshot",
                             vb_storage::TrimBlocker::RetentionPolicy { .. } => "retention_policy",
                         };
[31m-                        outln!("doctor:   run {} blocked — blocker={}", r.get(), blocker_name);
(B[m[32m+                        outln!(
(B[m[32m+                            "doctor:   run {} blocked — blocker={}",
(B[m[32m+                            r.get(),
(B[m[32m+                            blocker_name
(B[m[32m+                        );
(B[m                     }
                 }
             }
Diff in /home/lewis/src/Velvet-ballistics-femdation-p0p1-25/crates/velvet_ballastics/tests/cli_integration.rs:2278:
                     run,
                     seq: vb_storage::EventSeq::new(i),
                     step: vb_core::StepIdx::new(i as u16 - 1),
[31m-                    
(B[m                 }
             }
         })
Diff in /home/lewis/src/Velvet-ballistics-femdation-p0p1-25/crates/velvet_ballastics/tests/cli_integration.rs:2285:
         .collect();
     if let Err(err) = journal.append_strict_batch(&events) {
[31m-        assert!(
(B[m[31m-            forced_assertion_failure(),
(B[m[31m-            "failed to append events: {err}"
(B[m[31m-        );
(B[m[32m+        assert!(forced_assertion_failure(), "failed to append events: {err}");
(B[m         return;
     }
 
Diff in /home/lewis/src/Velvet-ballistics-femdation-p0p1-25/crates/velvet_ballastics/tests/cli_integration.rs:2299:
         accepted_at_ms: 100_000,
     };
     if let Err(err) = journal.put_run_header(&header) {
[31m-        assert!(
(B[m[31m-            forced_assertion_failure(),
(B[m[31m-            "failed to write header: {err}"
(B[m[31m-        );
(B[m[32m+        assert!(forced_assertion_failure(), "failed to write header: {err}");
(B[m         return;
     }
 
Diff in /home/lewis/src/Velvet-ballistics-femdation-p0p1-25/crates/velvet_ballastics/tests/cli_integration.rs:2323:
     drop(journal);
 
     let output = match run_cli(&[
[31m-            std::ffi::OsStr::new("doctor"),
(B[m[31m-            std::ffi::OsStr::new("--db"),
(B[m[31m-            db_path.as_os_str(),
(B[m[31m-            std::ffi::OsStr::new("--json"),
(B[m[31m-        ]) {
(B[m[32m+        std::ffi::OsStr::new("doctor"),
(B[m[32m+        std::ffi::OsStr::new("--db"),
(B[m[32m+        db_path.as_os_str(),
(B[m[32m+        std::ffi::OsStr::new("--json"),
(B[m[32m+    ]) {
(B[m         Some(output) => output,
         None => return,
     };
Diff in /home/lewis/src/Velvet-ballistics-femdation-p0p1-25/crates/velvet_ballastics/tests/cli_integration.rs:2334:
[31m-    assert_cli_success(&output,
(B[m[31m-        "doctor --db <path> --json"
(B[m[31m-    );
(B[m[32m+    assert_cli_success(&output, "doctor --db <path> --json");
(B[m 
     let stdout = output_stdout(&output);
     let packet: serde_json::Value = match serde_json::from_str(&stdout) {
Diff in /home/lewis/src/Velvet-ballistics-femdation-p0p1-25/crates/velvet_ballastics/tests/cli_integration.rs:2368:
         "doctor JSON should include trim_eligibility check: {stdout}"
     );
     let trim_check = trim_check.unwrap();
[32m+    assert_eq!(trim_check.get("status"), Some(&serde_json::json!("pass")));
(B[m[32m+    assert_eq!(trim_check.get("total_runs"), Some(&serde_json::json!(1)));
(B[m[32m+    assert_eq!(trim_check.get("eligible_runs"), Some(&serde_json::json!(1)));
(B[m[32m+    assert_eq!(trim_check.get("blocked_runs"), Some(&serde_json::json!(0)));
(B[m     assert_eq!(
[31m-        trim_check.get("status"),
(B[m[31m-        Some(&serde_json::json!("pass"))
(B[m[31m-    );
(B[m[31m-    assert_eq!(
(B[m[31m-        trim_check.get("total_runs"),
(B[m[31m-        Some(&serde_json::json!(1))
(B[m[31m-    );
(B[m[31m-    assert_eq!(
(B[m[31m-        trim_check.get("eligible_runs"),
(B[m[31m-        Some(&serde_json::json!(1))
(B[m[31m-    );
(B[m[31m-    assert_eq!(
(B[m[31m-        trim_check.get("blocked_runs"),
(B[m[31m-        Some(&serde_json::json!(0))
(B[m[31m-    );
(B[m[31m-    assert_eq!(
(B[m         trim_check.get("total_events_trimmable"),
         Some(&serde_json::json!(3))
     );
Diff in /home/lewis/src/Velvet-ballistics-femdation-p0p1-25/crates/velvet_ballastics/tests/cli_integration.rs:2421:
             run,
             seq: vb_storage::EventSeq::new(1),
             step: vb_core::StepIdx::new(0),
[31m-            
(B[m         },
     ];
     if let Err(err) = journal.append_strict_batch(&events) {
Diff in /home/lewis/src/Velvet-ballistics-femdation-p0p1-25/crates/velvet_ballastics/tests/cli_integration.rs:2428:
[31m-        assert!(
(B[m[31m-            forced_assertion_failure(),
(B[m[31m-            "failed to append events: {err}"
(B[m[31m-        );
(B[m[32m+        assert!(forced_assertion_failure(), "failed to append events: {err}");
(B[m         return;
     }
 
Diff in /home/lewis/src/Velvet-ballistics-femdation-p0p1-25/crates/velvet_ballastics/tests/cli_integration.rs:2440:
         accepted_at_ms: 100_001,
     };
     if let Err(err) = journal.put_run_header(&header) {
[31m-        assert!(
(B[m[31m-            forced_assertion_failure(),
(B[m[31m-            "failed to write header: {err}"
(B[m[31m-        );
(B[m[32m+        assert!(forced_assertion_failure(), "failed to write header: {err}");
(B[m         return;
     }
 
Diff in /home/lewis/src/Velvet-ballistics-femdation-p0p1-25/crates/velvet_ballastics/tests/cli_integration.rs:2451:
     drop(journal);
 
     let output = match run_cli(&[
[31m-            std::ffi::OsStr::new("doctor"),
(B[m[31m-            std::ffi::OsStr::new("--db"),
(B[m[31m-            db_path.as_os_str(),
(B[m[31m-        ]) {
(B[m[32m+        std::ffi::OsStr::new("doctor"),
(B[m[32m+        std::ffi::OsStr::new("--db"),
(B[m[32m+        db_path.as_os_str(),
(B[m[32m+    ]) {
(B[m         Some(output) => output,
         None => return,
     };
Diff in /home/lewis/src/Velvet-ballistics-femdation-p0p1-25/crates/velvet_ballastics/tests/cli_integration.rs:2461:
[31m-    assert_cli_success(&output,
(B[m[31m-        "doctor --db <path>"
(B[m[31m-    );
(B[m[32m+    assert_cli_success(&output, "doctor --db <path>");
(B[m 
     let stdout = output_stdout(&output);
     assert!(
Diff in /home/lewis/src/Velvet-ballistics-femdation-p0p1-25/crates/velvet_ballastics/tests/cli_integration.rs:2515:
                     run,
                     seq: vb_storage::EventSeq::new(i),
                     step: vb_core::StepIdx::new(i as u16 - 1),
[31m-                    
(B[m                 }
             }
         })
Diff in /home/lewis/src/Velvet-ballistics-femdation-p0p1-25/crates/velvet_ballastics/tests/cli_integration.rs:2522:
         .collect();
     if let Err(err) = journal.append_strict_batch(&events) {
[31m-        assert!(
(B[m[31m-            forced_assertion_failure(),
(B[m[31m-            "failed to append events: {err}"
(B[m[31m-        );
(B[m[32m+        assert!(forced_assertion_failure(), "failed to append events: {err}");
(B[m         return;
     }
 
Diff in /home/lewis/src/Velvet-ballistics-femdation-p0p1-25/crates/velvet_ballastics/tests/cli_integration.rs:2536:
         accepted_at_ms: 100_002,
     };
     if let Err(err) = journal.put_run_header(&header) {
[31m-        assert!(
(B[m[31m-            forced_assertion_failure(),
(B[m[31m-            "failed to write header: {err}"
(B[m[31m-        );
(B[m[32m+        assert!(forced_assertion_failure(), "failed to write header: {err}");
(B[m         return;
     }
 
Diff in /home/lewis/src/Velvet-ballistics-femdation-p0p1-25/crates/velvet_ballastics/tests/cli_integration.rs:2560:
     drop(journal);
 
     let output = match run_cli(&[
[31m-            std::ffi::OsStr::new("doctor"),
(B[m[31m-            std::ffi::OsStr::new("--db"),
(B[m[31m-            db_path.as_os_str(),
(B[m[31m-        ]) {
(B[m[32m+        std::ffi::OsStr::new("doctor"),
(B[m[32m+        std::ffi::OsStr::new("--db"),
(B[m[32m+        db_path.as_os_str(),
(B[m[32m+    ]) {
(B[m         Some(output) => output,
         None => return,
     };
Diff in /home/lewis/src/Velvet-ballistics-femdation-p0p1-25/crates/velvet_ballastics/tests/cli_integration.rs:2570:
[31m-    assert_cli_success(&output,
(B[m[31m-        "doctor --db <path>"
(B[m[31m-    );
(B[m[32m+    assert_cli_success(&output, "doctor --db <path>");
(B[m }
 
 #[test]
Diff in /home/lewis/src/Velvet-ballistics-femdation-p0p1-25/crates/velvet_ballastics/tests/cli_integration.rs:2577:
     let nonexistent = std::path::PathBuf::from("/nonexistent/path/to/db");
 
     let output = match run_cli(&[
[31m-            std::ffi::OsStr::new("doctor"),
(B[m[31m-            std::ffi::OsStr::new("--db"),
(B[m[31m-            nonexistent.as_os_str(),
(B[m[31m-        ]) {
(B[m[32m+        std::ffi::OsStr::new("doctor"),
(B[m[32m+        std::ffi::OsStr::new("--db"),
(B[m[32m+        nonexistent.as_os_str(),
(B[m[32m+    ]) {
(B[m         Some(output) => output,
         None => return,
     };
Diff in /home/lewis/src/Velvet-ballistics-femdation-p0p1-25/tests/vb_qi37_1_1_red_recovery_contract_test.rs:7:
     RecoveredSlotEntry, RecoveredStepEntry, RecoveredStepState, RecoveryFrameSeed,
     RecoveryRuntimeSummary, UnsupportedRecoveryState, recover_runtime_frame_seed_from_events,
 };
[31m-use vb_storage::{EventSeq, FjallJournal, JournalEvent, JournalWriterFlushReport, JournalWriterQueue, StorageLimits};
(B[m[32m+use vb_storage::{
(B[m[32m+    EventSeq, FjallJournal, JournalEvent, JournalWriterFlushReport, JournalWriterQueue,
(B[m[32m+    StorageLimits,
(B[m[32m+};
(B[m 
 fn encoded(value: SlotValue) -> Result<Vec<u8>, postcard::Error> {
     postcard::to_allocvec(&value)
Diff in /home/lewis/src/Velvet-ballistics-femdation-p0p1-25/tests/vb_qi37_1_1_red_recovery_contract_test.rs:301:
 fn drain_report_contract_requires_three_drained_and_three_written() {
     let temp_dir = tempfile::tempdir().expect("tempdir must succeed");
     let journal = FjallJournal::open(temp_dir.path(), None).expect("journal open must succeed");
[31m-    let queue = JournalWriterQueue::new(8, 8, StorageLimits::DEFAULT).expect("queue create must succeed");
(B[m[32m+    let queue =
(B[m[32m+        JournalWriterQueue::new(8, 8, StorageLimits::DEFAULT).expect("queue create must succeed");
(B[m     let run = RunId::new(9999);
 
     queue
Diff in /home/lewis/src/Velvet-ballistics-femdation-p0p1-25/xtask/src/evidence.rs:65:
 #[derive(Debug, Clone, PartialEq, Eq)]
 pub enum Error {
     /// Gate exceeded its configured timeout duration.
[31m-    GateTimeout {
(B[m[31m-        gate: String,
(B[m[31m-        duration_secs: u64,
(B[m[31m-    },
(B[m[32m+    GateTimeout { gate: String, duration_secs: u64 },
(B[m     /// Underlying command returned non-zero exit code.
     GateFailed {
         gate: String,
Diff in /home/lewis/src/Velvet-ballistics-femdation-p0p1-25/xtask/src/evidence.rs:76:
         log: PathBuf,
     },
     /// Evidence file for a required gate does not exist (fail-closed).
[31m-    MissingEvidence {
(B[m[31m-        gate: String,
(B[m[31m-        path: PathBuf,
(B[m[31m-    },
(B[m[32m+    MissingEvidence { gate: String, path: PathBuf },
(B[m     /// YAML serialization or file write failed.
     EvidenceWriteFailed {
         gate: String,
Diff in /home/lewis/src/Velvet-ballistics-femdation-p0p1-25/xtask/src/evidence.rs:101:
 impl std::fmt::Display for Error {
     fn fmt(&self, f: &mut std::fmt::Formatter<'_>) -> std::fmt::Result {
         match self {
[31m-            Error::GateTimeout { gate, duration_secs } => {
(B[m[32m+            Error::GateTimeout {
(B[m[32m+                gate,
(B[m[32m+                duration_secs,
(B[m[32m+            } => {
(B[m                 write!(f, "Gate '{}' exceeded timeout of {}s", gate, duration_secs)
             }
[31m-            Error::GateFailed { gate, exit_code, log } => {
(B[m[31m-                write!(f, "Gate '{}' failed with exit code {} (log: {})", gate, exit_code, log.display())
(B[m[32m+            Error::GateFailed {
(B[m[32m+                gate,
(B[m[32m+                exit_code,
(B[m[32m+                log,
(B[m[32m+            } => {
(B[m[32m+                write!(
(B[m[32m+                    f,
(B[m[32m+                    "Gate '{}' failed with exit code {} (log: {})",
(B[m[32m+                    gate,
(B[m[32m+                    exit_code,
(B[m[32m+                    log.display()
(B[m[32m+                )
(B[m             }
             Error::MissingEvidence { gate, path } => {
[31m-                write!(f, "Missing evidence for gate '{}' at {}", gate, path.display())
(B[m[32m+                write!(
(B[m[32m+                    f,
(B[m[32m+                    "Missing evidence for gate '{}' at {}",
(B[m[32m+                    gate,
(B[m[32m+                    path.display()
(B[m[32m+                )
(B[m             }
             Error::EvidenceWriteFailed { gate, path, cause } => {
[31m-                write!(f, "Failed to write evidence for '{}' to {}: {}", gate, path.display(), cause)
(B[m[32m+                write!(
(B[m[32m+                    f,
(B[m[32m+                    "Failed to write evidence for '{}' to {}: {}",
(B[m[32m+                    gate,
(B[m[32m+                    path.display(),
(B[m[32m+                    cause
(B[m[32m+                )
(B[m             }
             Error::SubcommandNotFound { name } => {
                 write!(f, "Subcommand not found: '{}'", name)
Diff in /home/lewis/src/Velvet-ballistics-femdation-p0p1-25/xtask/src/evidence.rs:118:
             }
             Error::BeadDirectoryCreationFailed { bead, cause } => {
[31m-                write!(f, "Failed to create evidence directory for bead '{}': {}", bead, cause)
(B[m[32m+                write!(
(B[m[32m+                    f,
(B[m[32m+                    "Failed to create evidence directory for bead '{}': {}",
(B[m[32m+                    bead, cause
(B[m[32m+                )
(B[m             }
             Error::YamlSerializationFailed { gate, cause } => {
                 write!(f, "YAML serialization failed for '{}': {}", gate, cause)
Diff in /home/lewis/src/Velvet-ballistics-femdation-p0p1-25/xtask/src/evidence.rs:154:
     pub fn gates(self) -> &'static [&'static str] {
         match self {
             GateProfile::AiFast => &[
[31m-                "fmt", "check", "clippy", "nextest", "forbidden-scan", "hotpath-scan",
(B[m[32m+                "fmt",
(B[m[32m+                "check",
(B[m[32m+                "clippy",
(B[m[32m+                "nextest",
(B[m[32m+                "forbidden-scan",
(B[m[32m+                "hotpath-scan",
(B[m             ],
             GateProfile::AiDeep => &["miri", "mutants", "llvm-cov", "fuzz-build"],
             GateProfile::AiRelease => &[
Diff in /home/lewis/src/Velvet-ballistics-femdation-p0p1-25/xtask/src/evidence.rs:622:
     fn test_run_gate_returns_gate_evidence() {
         // Given: a valid gate and command
         let gate = "fmt";
[31m-        let cmd = vec!["cargo".to_string(), "+nightly".to_string(), "fmt".to_string(), "--all".to_string()];
(B[m[32m+        let cmd = vec![
(B[m[32m+            "cargo".to_string(),
(B[m[32m+            "+nightly".to_string(),
(B[m[32m+            "fmt".to_string(),
(B[m[32m+            "--all".to_string(),
(B[m[32m+        ];
(B[m         let evidence_path = PathBuf::from(".evidence/vb-test/fmt.yaml");
 
         // When: run_gate is called
Diff in /home/lewis/src/Velvet-ballistics-femdation-p0p1-25/xtask/src/evidence.rs:630:
 
         // Then: returns GateEvidence (RED phase: currently returns Error)
         // After implementation: evidence.exit_code should be 0 for passing fmt
[31m-        assert!(result.is_ok(), "run_gate should return Ok(GateEvidence), got: {:?}", result);
(B[m[32m+        assert!(
(B[m[32m+            result.is_ok(),
(B[m[32m+            "run_gate should return Ok(GateEvidence), got: {:?}",
(B[m[32m+            result
(B[m[32m+        );
(B[m     }
 
     #[test]
Diff in /home/lewis/src/Velvet-ballistics-femdation-p0p1-25/xtask/src/evidence.rs:637:
     fn test_run_gate_timeout_returns_error() {
         // Given: a gate that would timeout
         let gate = "miri";
[31m-        let cmd = vec!["cargo".to_string(), "+nightly".to_string(), "miri".to_string(), "test".to_string()];
(B[m[32m+        let cmd = vec![
(B[m[32m+            "cargo".to_string(),
(B[m[32m+            "+nightly".to_string(),
(B[m[32m+            "miri".to_string(),
(B[m[32m+            "test".to_string(),
(B[m[32m+        ];
(B[m         let evidence_path = PathBuf::from(".evidence/vb-test/miri.yaml");
 
         // When: run_gate is called with a mock that times out
Diff in /home/lewis/src/Velvet-ballistics-femdation-p0p1-25/xtask/src/evidence.rs:646:
 
         // Then: returns Error::GateTimeout (RED phase: currently returns GateFailed with exit 0)
         match result {
[31m-            Err(Error::GateTimeout { gate, duration_secs }) => {
(B[m[32m+            Err(Error::GateTimeout {
(B[m[32m+                gate,
(B[m[32m+                duration_secs,
(B[m[32m+            }) => {
(B[m                 assert_eq!(gate, "miri");
                 assert!(duration_secs > 0);
             }
Diff in /home/lewis/src/Velvet-ballistics-femdation-p0p1-25/xtask/src/evidence.rs:672:
 
         // Then: returns MissingEvidence for clippy
         // RED_PHASE: Currently returns Ok(vec![]) - should return Err with MissingEvidence
[31m-        assert!(result.is_ok(), "validate_evidence_dir should return Ok(vec![]) or Err");
(B[m[32m+        assert!(
(B[m[32m+            result.is_ok(),
(B[m[32m+            "validate_evidence_dir should return Ok(vec![]) or Err"
(B[m[32m+        );
(B[m         let errors = result.unwrap();
         // After implementation, this should contain MissingEvidence for absent files
         // RED_PHASE: Check that the implementation correctly identifies missing evidence
Diff in /home/lewis/src/Velvet-ballistics-femdation-p0p1-25/xtask/src/evidence.rs:679:
[31m-        let missing: Vec<_> = errors.iter().filter(|e| matches!(e, Error::MissingEvidence { .. })).collect();
(B[m[31m-        assert!(!missing.is_empty(), "Should find missing evidence for absent files");
(B[m[32m+        let missing: Vec<_> = errors
(B[m[32m+            .iter()
(B[m[32m+            .filter(|e| matches!(e, Error::MissingEvidence { .. }))
(B[m[32m+            .collect();
(B[m[32m+        assert!(
(B[m[32m+            !missing.is_empty(),
(B[m[32m+            "Should find missing evidence for absent files"
(B[m[32m+        );
(B[m     }
 
     #[test]
Diff in /home/lewis/src/Velvet-ballistics-femdation-p0p1-25/xtask/src/evidence.rs:694:
         assert!(result.is_ok());
         let errors = result.unwrap();
         // After implementation, should have 3 MissingEvidence errors
[31m-        assert_eq!(errors.len(), 3, "Should have MissingEvidence for all 3 absent gates");
(B[m[32m+        assert_eq!(
(B[m[32m+            errors.len(),
(B[m[32m+            3,
(B[m[32m+            "Should have MissingEvidence for all 3 absent gates"
(B[m[32m+        );
(B[m     }
 
     // ========================================================================
Diff in /home/lewis/src/Velvet-ballistics-femdation-p0p1-25/xtask/src/evidence.rs:719:
         let result = write_evidence(&evidence, &path);
 
         // Then: file is created (RED_PHASE: returns error)
[31m-        assert!(result.is_ok(), "write_evidence should succeed, got: {:?}", result);
(B[m[32m+        assert!(
(B[m[32m+            result.is_ok(),
(B[m[32m+            "write_evidence should succeed, got: {:?}",
(B[m[32m+            result
(B[m[32m+        );
(B[m     }
 
     // ========================================================================
Diff in /home/lewis/src/Velvet-ballistics-femdation-p0p1-25/xtask/src/evidence.rs:738:
 
         // Then: returns ProfileEvidence with all gates
         // RED_PHASE: Currently returns Error::SubcommandNotFound
[31m-        assert!(result.is_ok(), "run_profile should return Ok(ProfileEvidence), got: {:?}", result);
(B[m[32m+        assert!(
(B[m[32m+            result.is_ok(),
(B[m[32m+            "run_profile should return Ok(ProfileEvidence), got: {:?}",
(B[m[32m+            result
(B[m[32m+        );
(B[m     }
 }
 
Diff in /home/lewis/src/Velvet-ballistics-femdation-p0p1-25/xtask/src/gates.rs:11:
 //! 2. Capture exit code and log output
 //! 3. Return evidence bundle via `run_gate`
 
[31m-use crate::evidence::{run_gate, GateEvidence, Result};
(B[m[32m+use crate::evidence::{GateEvidence, Result, run_gate};
(B[m use std::path::PathBuf;
 
 /// Gate identifiers matching Section 77.1 requirements.
Diff in /home/lewis/src/Velvet-ballistics-femdation-p0p1-25/xtask/src/gates.rs:84:
                 "run".to_string(),
                 "--workspace".to_string(),
             ],
[31m-            Gate::ForbiddenScan => vec![
(B[m[31m-                "bash".to_string(),
(B[m[31m-                "scripts/forbidden-scan.sh".to_string(),
(B[m[31m-            ],
(B[m[31m-            Gate::HotpathScan => vec![
(B[m[31m-                "bash".to_string(),
(B[m[31m-                "scripts/hotpath-scan.sh".to_string(),
(B[m[31m-            ],
(B[m[32m+            Gate::ForbiddenScan => {
(B[m[32m+                vec!["bash".to_string(), "scripts/forbidden-scan.sh".to_string()]
(B[m[32m+            }
(B[m[32m+            Gate::HotpathScan => vec!["bash".to_string(), "scripts/hotpath-scan.sh".to_string()],
(B[m             Gate::Miri => vec![
                 "cargo".to_string(),
                 "+nightly".to_string(),
Diff in /home/lewis/src/Velvet-ballistics-femdation-p0p1-25/xtask/src/gates.rs:107:
             ],
             Gate::LlvmCov => vec!["cargo".to_string(), "llvm-cov".to_string()],
             Gate::FuzzBuild => vec!["cargo".to_string(), "fuzz".to_string(), "build".to_string()],
[31m-            Gate::SupplyChain => vec!["moon".to_string(), "run".to_string(), ":supply-chain".to_string()],
(B[m[31m-            Gate::FuzzSmoke => vec!["moon".to_string(), "run".to_string(), ":fuzz-smoke".to_string()],
(B[m[31m-            Gate::Coverage => vec!["moon".to_string(), "run".to_string(), ":coverage".to_string()],
(B[m[32m+            Gate::SupplyChain => vec![
(B[m[32m+                "moon".to_string(),
(B[m[32m+                "run".to_string(),
(B[m[32m+                ":supply-chain".to_string(),
(B[m[32m+            ],
(B[m[32m+            Gate::FuzzSmoke => vec![
(B[m[32m+                "moon".to_string(),
(B[m[32m+                "run".to_string(),
(B[m[32m+                ":fuzz-smoke".to_string(),
(B[m[32m+            ],
(B[m[32m+            Gate::Coverage => vec![
(B[m[32m+                "moon".to_string(),
(B[m[32m+                "run".to_string(),
(B[m[32m+                ":coverage".to_string(),
(B[m[32m+            ],
(B[m             Gate::MutantsSmoke => vec![
                 "moon".to_string(),
                 "run".to_string(),
Diff in /home/lewis/src/Velvet-ballistics-femdation-p0p1-25/xtask/src/gates.rs:116:
                 ":mutants-smoke".to_string(),
             ],
[31m-            Gate::BenchBuild => vec!["moon".to_string(), "run".to_string(), ":bench-build".to_string()],
(B[m[32m+            Gate::BenchBuild => vec![
(B[m[32m+                "moon".to_string(),
(B[m[32m+                "run".to_string(),
(B[m[32m+                ":bench-build".to_string(),
(B[m[32m+            ],
(B[m             Gate::FeaturePowerset => vec![
                 "moon".to_string(),
                 "run".to_string(),
Diff in /home/lewis/src/Velvet-ballistics-femdation-p0p1-25/xtask/src/gates.rs:125:
                 "bash".to_string(),
                 "scripts/check-source-length.sh".to_string(),
             ],
[31m-            Gate::Maxperf => vec!["moon".to_string(), "run".to_string(), ":maxperf".to_string()],
(B[m[32m+            Gate::Maxperf => vec![
(B[m[32m+                "moon".to_string(),
(B[m[32m+                "run".to_string(),
(B[m[32m+                ":maxperf".to_string(),
(B[m[32m+            ],
(B[m         }
     }
 
Diff in /home/lewis/src/Velvet-ballistics-femdation-p0p1-25/xtask/src/gates.rs:140:
 /// Executes `cargo +nightly fmt --all` and returns evidence.
 pub fn run_fmt_gate(bead_id: Option<&str>) -> Result<GateEvidence> {
     let gate = Gate::Fmt;
[31m-    let evidence_path = crate::evidence::evidence_path(
(B[m[31m-        bead_id.unwrap_or("default"),
(B[m[31m-        gate.name(),
(B[m[31m-    );
(B[m[32m+    let evidence_path = crate::evidence::evidence_path(bead_id.unwrap_or("default"), gate.name());
(B[m     run_gate(gate.name(), &gate.command(), &evidence_path)
 }
 
Diff in /home/lewis/src/Velvet-ballistics-femdation-p0p1-25/xtask/src/gates.rs:152:
 /// Executes `moon run :check` and returns evidence.
 pub fn run_check_gate(bead_id: Option<&str>) -> Result<GateEvidence> {
     let gate = Gate::Check;
[31m-    let evidence_path = crate::evidence::evidence_path(
(B[m[31m-        bead_id.unwrap_or("default"),
(B[m[31m-        gate.name(),
(B[m[31m-    );
(B[m[32m+    let evidence_path = crate::evidence::evidence_path(bead_id.unwrap_or("default"), gate.name());
(B[m     run_gate(gate.name(), &gate.command(), &evidence_path)
 }
 
Diff in /home/lewis/src/Velvet-ballistics-femdation-p0p1-25/xtask/src/gates.rs:164:
 /// Executes `cargo +nightly clippy --workspace` and returns evidence.
 pub fn run_clippy_gate(bead_id: Option<&str>) -> Result<GateEvidence> {
     let gate = Gate::Clippy;
[31m-    let evidence_path = crate::evidence::evidence_path(
(B[m[31m-        bead_id.unwrap_or("default"),
(B[m[31m-        gate.name(),
(B[m[31m-    );
(B[m[32m+    let evidence_path = crate::evidence::evidence_path(bead_id.unwrap_or("default"), gate.name());
(B[m     run_gate(gate.name(), &gate.command(), &evidence_path)
 }
 
Diff in /home/lewis/src/Velvet-ballistics-femdation-p0p1-25/xtask/src/gates.rs:176:
 /// Executes `cargo nextest run --workspace` and returns evidence.
 pub fn run_nextest_gate(bead_id: Option<&str>) -> Result<GateEvidence> {
     let gate = Gate::Nextest;
[31m-    let evidence_path = crate::evidence::evidence_path(
(B[m[31m-        bead_id.unwrap_or("default"),
(B[m[31m-        gate.name(),
(B[m[31m-    );
(B[m[32m+    let evidence_path = crate::evidence::evidence_path(bead_id.unwrap_or("default"), gate.name());
(B[m     run_gate(gate.name(), &gate.command(), &evidence_path)
 }
 
Diff in /home/lewis/src/Velvet-ballistics-femdation-p0p1-25/xtask/src/gates.rs:188:
 /// Executes the forbidden pattern scan script and returns evidence.
 pub fn run_forbidden_scan_gate(bead_id: Option<&str>) -> Result<GateEvidence> {
     let gate = Gate::ForbiddenScan;
[31m-    let evidence_path = crate::evidence::evidence_path(
(B[m[31m-        bead_id.unwrap_or("default"),
(B[m[31m-        gate.name(),
(B[m[31m-    );
(B[m[32m+    let evidence_path = crate::evidence::evidence_path(bead_id.unwrap_or("default"), gate.name());
(B[m     run_gate(gate.name(), &gate.command(), &evidence_path)
 }
 
Diff in /home/lewis/src/Velvet-ballistics-femdation-p0p1-25/xtask/src/gates.rs:200:
 /// Executes the hotpath scan script and returns evidence.
 pub fn run_hotpath_scan_gate(bead_id: Option<&str>) -> Result<GateEvidence> {
     let gate = Gate::HotpathScan;
[31m-    let evidence_path = crate::evidence::evidence_path(
(B[m[31m-        bead_id.unwrap_or("default"),
(B[m[31m-        gate.name(),
(B[m[31m-    );
(B[m[32m+    let evidence_path = crate::evidence::evidence_path(bead_id.unwrap_or("default"), gate.name());
(B[m     run_gate(gate.name(), &gate.command(), &evidence_path)
 }
 
Diff in /home/lewis/src/Velvet-ballistics-femdation-p0p1-25/xtask/src/gates.rs:212:
 /// Executes `cargo +nightly miri test --workspace` and returns evidence.
 pub fn run_miri_gate(bead_id: Option<&str>) -> Result<GateEvidence> {
     let gate = Gate::Miri;
[31m-    let evidence_path = crate::evidence::evidence_path(
(B[m[31m-        bead_id.unwrap_or("default"),
(B[m[31m-        gate.name(),
(B[m[31m-    );
(B[m[32m+    let evidence_path = crate::evidence::evidence_path(bead_id.unwrap_or("default"), gate.name());
(B[m     run_gate(gate.name(), &gate.command(), &evidence_path)
 }
 
Diff in /home/lewis/src/Velvet-ballistics-femdation-p0p1-25/xtask/src/gates.rs:224:
 /// Executes `cargo mutants --package velvet_ballastics` and returns evidence.
 pub fn run_mutants_gate(bead_id: Option<&str>) -> Result<GateEvidence> {
     let gate = Gate::Mutants;
[31m-    let evidence_path = crate::evidence::evidence_path(
(B[m[31m-        bead_id.unwrap_or("default"),
(B[m[31m-        gate.name(),
(B[m[31m-    );
(B[m[32m+    let evidence_path = crate::evidence::evidence_path(bead_id.unwrap_or("default"), gate.name());
(B[m     run_gate(gate.name(), &gate.command(), &evidence_path)
 }
 
Diff in /home/lewis/src/Velvet-ballistics-femdation-p0p1-25/xtask/src/gates.rs:236:
 /// Executes `cargo llvm-cov` and returns evidence.
 pub fn run_llvm_cov_gate(bead_id: Option<&str>) -> Result<GateEvidence> {
     let gate = Gate::LlvmCov;
[31m-    let evidence_path = crate::evidence::evidence_path(
(B[m[31m-        bead_id.unwrap_or("default"),
(B[m[31m-        gate.name(),
(B[m[31m-    );
(B[m[32m+    let evidence_path = crate::evidence::evidence_path(bead_id.unwrap_or("default"), gate.name());
(B[m     run_gate(gate.name(), &gate.command(), &evidence_path)
 }
 
Diff in /home/lewis/src/Velvet-ballistics-femdation-p0p1-25/xtask/src/gates.rs:248:
 /// Executes `cargo fuzz build` and returns evidence.
 pub fn run_fuzz_build_gate(bead_id: Option<&str>) -> Result<GateEvidence> {
     let gate = Gate::FuzzBuild;
[31m-    let evidence_path = crate::evidence::evidence_path(
(B[m[31m-        bead_id.unwrap_or("default"),
(B[m[31m-        gate.name(),
(B[m[31m-    );
(B[m[32m+    let evidence_path = crate::evidence::evidence_path(bead_id.unwrap_or("default"), gate.name());
(B[m     run_gate(gate.name(), &gate.command(), &evidence_path)
 }
 
Diff in /home/lewis/src/Velvet-ballistics-femdation-p0p1-25/xtask/src/gates.rs:260:
 /// Delegates to moon `:supply-chain` and returns evidence.
 pub fn run_supply_chain_gate(bead_id: Option<&str>) -> Result<GateEvidence> {
     let gate = Gate::SupplyChain;
[31m-    let evidence_path = crate::evidence::evidence_path(
(B[m[31m-        bead_id.unwrap_or("default"),
(B[m[31m-        gate.name(),
(B[m[31m-    );
(B[m[32m+    let evidence_path = crate::evidence::evidence_path(bead_id.unwrap_or("default"), gate.name());
(B[m     run_gate(gate.name(), &gate.command(), &evidence_path)
 }
 
Diff in /home/lewis/src/Velvet-ballistics-femdation-p0p1-25/xtask/src/gates.rs:272:
 /// Delegates to moon `:fuzz-smoke` and returns evidence.
 pub fn run_fuzz_smoke_gate(bead_id: Option<&str>) -> Result<GateEvidence> {
     let gate = Gate::FuzzSmoke;
[31m-    let evidence_path = crate::evidence::evidence_path(
(B[m[31m-        bead_id.unwrap_or("default"),
(B[m[31m-        gate.name(),
(B[m[31m-    );
(B[m[32m+    let evidence_path = crate::evidence::evidence_path(bead_id.unwrap_or("default"), gate.name());
(B[m     run_gate(gate.name(), &gate.command(), &evidence_path)
 }
 
Diff in /home/lewis/src/Velvet-ballistics-femdation-p0p1-25/xtask/src/gates.rs:284:
 /// Delegates to moon `:coverage` and returns evidence.
 pub fn run_coverage_gate(bead_id: Option<&str>) -> Result<GateEvidence> {
     let gate = Gate::Coverage;
[31m-    let evidence_path = crate::evidence::evidence_path(
(B[m[31m-        bead_id.unwrap_or("default"),
(B[m[31m-        gate.name(),
(B[m[31m-    );
(B[m[32m+    let evidence_path = crate::evidence::evidence_path(bead_id.unwrap_or("default"), gate.name());
(B[m     run_gate(gate.name(), &gate.command(), &evidence_path)
 }
 
Diff in /home/lewis/src/Velvet-ballistics-femdation-p0p1-25/xtask/src/gates.rs:296:
 /// Delegates to moon `:mutants-smoke` and returns evidence.
 pub fn run_mutants_smoke_gate(bead_id: Option<&str>) -> Result<GateEvidence> {
     let gate = Gate::MutantsSmoke;
[31m-    let evidence_path = crate::evidence::evidence_path(
(B[m[31m-        bead_id.unwrap_or("default"),
(B[m[31m-        gate.name(),
(B[m[31m-    );
(B[m[32m+    let evidence_path = crate::evidence::evidence_path(bead_id.unwrap_or("default"), gate.name());
(B[m     run_gate(gate.name(), &gate.command(), &evidence_path)
 }
 
Diff in /home/lewis/src/Velvet-ballistics-femdation-p0p1-25/xtask/src/gates.rs:308:
 /// Delegates to moon `:bench-build` and returns evidence.
 pub fn run_bench_build_gate(bead_id: Option<&str>) -> Result<GateEvidence> {
     let gate = Gate::BenchBuild;
[31m-    let evidence_path = crate::evidence::evidence_path(
(B[m[31m-        bead_id.unwrap_or("default"),
(B[m[31m-        gate.name(),
(B[m[31m-    );
(B[m[32m+    let evidence_path = crate::evidence::evidence_path(bead_id.unwrap_or("default"), gate.name());
(B[m     run_gate(gate.name(), &gate.command(), &evidence_path)
 }
 
Diff in /home/lewis/src/Velvet-ballistics-femdation-p0p1-25/xtask/src/gates.rs:320:
 /// Delegates to moon `:feature-powerset` and returns evidence.
 pub fn run_feature_powerset_gate(bead_id: Option<&str>) -> Result<GateEvidence> {
     let gate = Gate::FeaturePowerset;
[31m-    let evidence_path = crate::evidence::evidence_path(
(B[m[31m-        bead_id.unwrap_or("default"),
(B[m[31m-        gate.name(),
(B[m[31m-    );
(B[m[32m+    let evidence_path = crate::evidence::evidence_path(bead_id.unwrap_or("default"), gate.name());
(B[m     run_gate(gate.name(), &gate.command(), &evidence_path)
 }
 
Diff in /home/lewis/src/Velvet-ballistics-femdation-p0p1-25/xtask/src/gates.rs:332:
 /// Executes `bash scripts/check-source-length.sh` and returns evidence.
 pub fn run_source_length_gate(bead_id: Option<&str>) -> Result<GateEvidence> {
     let gate = Gate::SourceLength;
[31m-    let evidence_path = crate::evidence::evidence_path(
(B[m[31m-        bead_id.unwrap_or("default"),
(B[m[31m-        gate.name(),
(B[m[31m-    );
(B[m[32m+    let evidence_path = crate::evidence::evidence_path(bead_id.unwrap_or("default"), gate.name());
(B[m     run_gate(gate.name(), &gate.command(), &evidence_path)
 }
 
Diff in /home/lewis/src/Velvet-ballistics-femdation-p0p1-25/xtask/src/gates.rs:344:
 /// Executes the maxperf build and returns evidence.
 pub fn run_maxperf_gate(bead_id: Option<&str>) -> Result<GateEvidence> {
     let gate = Gate::Maxperf;
[31m-    let evidence_path = crate::evidence::evidence_path(
(B[m[31m-        bead_id.unwrap_or("default"),
(B[m[31m-        gate.name(),
(B[m[31m-    );
(B[m[32m+    let evidence_path = crate::evidence::evidence_path(bead_id.unwrap_or("default"), gate.name());
(B[m     run_gate(gate.name(), &gate.command(), &evidence_path)
 }
 
Diff in /home/lewis/src/Velvet-ballistics-femdation-p0p1-25/xtask/src/gates.rs:425:
         ];
         for gate in gates {
             let cmd = gate.command();
[31m-            assert!(!cmd.is_empty(), "Gate {} should have a command", gate.name());
(B[m[32m+            assert!(
(B[m[32m+                !cmd.is_empty(),
(B[m[32m+                "Gate {} should have a command",
(B[m[32m+                gate.name()
(B[m[32m+            );
(B[m             let evidence_file = gate.evidence_file();
[31m-            assert!(evidence_file.ends_with(".yaml"), "Evidence file should end with .yaml");
(B[m[32m+            assert!(
(B[m[32m+                evidence_file.ends_with(".yaml"),
(B[m[32m+                "Evidence file should end with .yaml"
(B[m[32m+            );
(B[m         }
     }
 
Diff in /home/lewis/src/Velvet-ballistics-femdation-p0p1-25/xtask/src/gates.rs:436:
         let gates = [Gate::Miri, Gate::Mutants, Gate::LlvmCov, Gate::FuzzBuild];
         for gate in gates {
             let cmd = gate.command();
[31m-            assert!(!cmd.is_empty(), "Gate {} should have a command", gate.name());
(B[m[32m+            assert!(
(B[m[32m+                !cmd.is_empty(),
(B[m[32m+                "Gate {} should have a command",
(B[m[32m+                gate.name()
(B[m[32m+            );
(B[m         }
     }
 
Diff in /home/lewis/src/Velvet-ballistics-femdation-p0p1-25/xtask/src/gates.rs:457:
         ];
         for gate in gates {
             let cmd = gate.command();
[31m-            assert!(!cmd.is_empty(), "Gate {} should have a command", gate.name());
(B[m[32m+            assert!(
(B[m[32m+                !cmd.is_empty(),
(B[m[32m+                "Gate {} should have a command",
(B[m[32m+                gate.name()
(B[m[32m+            );
(B[m         }
     }
 
Diff in /home/lewis/src/Velvet-ballistics-femdation-p0p1-25/xtask/src/gates.rs:470:
         let result = run_fmt_gate(Some("vb-test"));
         // RED_PHASE: Currently returns Error::GateFailed { exit_code: 0, ... }
         // After implementation: should return Ok(GateEvidence) with exit_code=0
[31m-        assert!(result.is_ok(), "run_fmt_gate should return Ok(GateEvidence), got: {:?}", result);
(B[m[32m+        assert!(
(B[m[32m+            result.is_ok(),
(B[m[32m+            "run_fmt_gate should return Ok(GateEvidence), got: {:?}",
(B[m[32m+            result
(B[m[32m+        );
(B[m     }
 
     #[test]
Diff in /home/lewis/src/Velvet-ballistics-femdation-p0p1-25/xtask/src/gates.rs:478:
         let result = run_clippy_gate(Some("vb-test"));
         // RED_PHASE: Currently returns Error
         // After implementation: should return Ok(GateEvidence)
[31m-        assert!(result.is_ok(), "run_clippy_gate should return Ok(GateEvidence), got: {:?}", result);
(B[m[32m+        assert!(
(B[m[32m+            result.is_ok(),
(B[m[32m+            "run_clippy_gate should return Ok(GateEvidence), got: {:?}",
(B[m[32m+            result
(B[m[32m+        );
(B[m     }
 
     #[test]
Diff in /home/lewis/src/Velvet-ballistics-femdation-p0p1-25/xtask/src/gates.rs:485:
     fn test_run_nextest_gate_returns_evidence() {
         let result = run_nextest_gate(Some("vb-test"));
         // RED_PHASE: Currently returns Error
[31m-        assert!(result.is_ok(), "run_nextest_gate should return Ok(GateEvidence), got: {:?}", result);
(B[m[32m+        assert!(
(B[m[32m+            result.is_ok(),
(B[m[32m+            "run_nextest_gate should return Ok(GateEvidence), got: {:?}",
(B[m[32m+            result
(B[m[32m+        );
(B[m     }
 
     #[test]
Diff in /home/lewis/src/Velvet-ballistics-femdation-p0p1-25/xtask/src/gates.rs:492:
     fn test_run_miri_gate_returns_evidence() {
         let result = run_miri_gate(Some("vb-test"));
         // RED_PHASE: Currently returns Error
[31m-        assert!(result.is_ok(), "run_miri_gate should return Ok(GateEvidence), got: {:?}", result);
(B[m[32m+        assert!(
(B[m[32m+            result.is_ok(),
(B[m[32m+            "run_miri_gate should return Ok(GateEvidence), got: {:?}",
(B[m[32m+            result
(B[m[32m+        );
(B[m     }
 
     // ========================================================================
Diff in /home/lewis/src/Velvet-ballistics-femdation-p0p1-25/xtask/tests/integration_gates.rs:127:
     let evidence_path = PathBuf::from(".evidence")
         .join(bead_id)
         .join("ai-fast.yaml");
[31m-    
(B[m[32m+
(B[m     if evidence_path.exists() {
[31m-        let content = fs::read_to_string(&evidence_path)
(B[m[31m-            .expect("Failed to read evidence file");
(B[m[32m+        let content = fs::read_to_string(&evidence_path).expect("Failed to read evidence file");
(B[m 
         // Then: YAML contains all required fields per gate entry
         // Each gate should have: kind, gate_name, command, exit_code, log, status
Diff in /home/lewis/src/Velvet-ballistics-femdation-p0p1-25/xtask/tests/integration_gates.rs:258:
         .join("ai-fast.yaml");
 
     if evidence_path.exists() {
[31m-        let content = fs::read_to_string(&evidence_path)
(B[m[31m-            .expect("Failed to read evidence file");
(B[m[32m+        let content = fs::read_to_string(&evidence_path).expect("Failed to read evidence file");
(B[m 
         // Then: contains entries for all 6 ai-fast gates
[31m-        let expected_gates = ["fmt", "check", "clippy", "nextest", "forbidden-scan", "hotpath-scan"];
(B[m[32m+        let expected_gates = [
(B[m[32m+            "fmt",
(B[m[32m+            "check",
(B[m[32m+            "clippy",
(B[m[32m+            "nextest",
(B[m[32m+            "forbidden-scan",
(B[m[32m+            "hotpath-scan",
(B[m[32m+        ];
(B[m         for gate in expected_gates {
             assert!(
                 content.contains(gate),
Diff in /home/lewis/src/Velvet-ballistics-femdation-p0p1-25/xtask/tests/integration_gates.rs:289:
         .join("ai-deep.yaml");
 
     if evidence_path.exists() {
[31m-        let content = fs::read_to_string(&evidence_path)
(B[m[31m-            .expect("Failed to read evidence file");
(B[m[32m+        let content = fs::read_to_string(&evidence_path).expect("Failed to read evidence file");
(B[m 
         // Then: contains entries for all 4 ai-deep gates
         let expected_gates = ["miri", "mutants", "llvm-cov", "fuzz-build"];
Diff in /home/lewis/src/Velvet-ballistics-femdation-p0p1-25/xtask/tests/integration_gates.rs:320:
         .join("ai-release.yaml");
 
     if evidence_path.exists() {
[31m-        let content = fs::read_to_string(&evidence_path)
(B[m[31m-            .expect("Failed to read evidence file");
(B[m[32m+        let content = fs::read_to_string(&evidence_path).expect("Failed to read evidence file");
(B[m 
         // Then: contains entries for all 11 ai-release gates
         let expected_gates = [
Diff in /home/lewis/src/Velvet-ballistics-femdation-p0p1-25/xtask/tests/integration_gates.rs:328:
[31m-            "check", "test", "supply-chain", "miri", "fuzz-smoke",
(B[m[31m-            "coverage", "mutants-smoke", "bench-build",
(B[m[31m-            "feature-powerset", "source-length", "maxperf",
(B[m[32m+            "check",
(B[m[32m+            "test",
(B[m[32m+            "supply-chain",
(B[m[32m+            "miri",
(B[m[32m+            "fuzz-smoke",
(B[m[32m+            "coverage",
(B[m[32m+            "mutants-smoke",
(B[m[32m+            "bench-build",
(B[m[32m+            "feature-powerset",
(B[m[32m+            "source-length",
(B[m[32m+            "maxperf",
(B[m         ];
         for gate in expected_gates {
             assert!(
Diff in /home/lewis/src/Velvet-ballistics-femdation-p0p1-25/xtask/tests/integration_gates.rs:373:
 
     // Then: stdout is valid YAML (no .evidence/ directory created)
     let evidence_dir = PathBuf::from(".evidence");
[31m-    
(B[m[32m+
(B[m     // If the command succeeded, check stdout is YAML
     if output.status.success() {
         let stdout = String::from_utf8_lossy(&output.stdout);
Diff in /home/lewis/src/Velvet-ballistics-femdation-p0p1-25/xtask/tests/integration_gates.rs:418:
     let output = run_xtask(&["unknown-gate-name"]);
 
     // Then: exit code is 1
[31m-    assert!(
(B[m[31m-        !output.status.success(),
(B[m[31m-        "Unknown subcommand should fail"
(B[m[31m-    );
(B[m[32m+    assert!(!output.status.success(), "Unknown subcommand should fail");
(B[m 
     // And: error message mentions the unknown command
     let stderr = String::from_utf8_lossy(&output.stderr);
Diff in /home/lewis/src/Velvet-ballistics-femdation-p0p1-25/xtask/tests/integration_gates.rs:428:
     assert!(
[31m-        stderr.contains("unknown-gate-name") || stderr.contains("not found") || stderr.contains("Subcommand"),
(B[m[32m+        stderr.contains("unknown-gate-name")
(B[m[32m+            || stderr.contains("not found")
(B[m[32m+            || stderr.contains("Subcommand"),
(B[m         "Error should mention the unknown subcommand, got: {}",
         stderr
     );
Diff in /home/lewis/src/Velvet-ballistics-femdation-p0p1-25/xtask/tests/integration_gates.rs:462:
     // Then: stdout is valid YAML (INV-005: structured output only)
     // Raw tool output (fmt diffs, clippy warnings) should be in log files only
     let stdout = String::from_utf8_lossy(&output.stdout);
[31m-    
(B[m[32m+
(B[m     if !stdout.is_empty() {
         // stdout should be YAML (starts with --- or contains YAML structure)
         // It should NOT contain raw cargo fmt/clippy output
Diff in /home/lewis/src/Velvet-ballistics-femdation-p0p1-25/xtask/tests/integration_gates.rs:519:
 
     // When: evidence files are inspected
     let evidence_dir = PathBuf::from(".evidence").join(bead_id);
[31m-    
(B[m[32m+
(B[m     if evidence_dir.exists() {
         // Read any evidence file and check structure
         if let Ok(entries) = fs::read_dir(&evidence_dir) {
Diff in /home/lewis/src/Velvet-ballistics-femdation-p0p1-25/xtask/tests/integration_gates.rs:531:
                         if yaml.contains("status: Fail") || yaml.contains("status: Fail\n") {
                             // The why_failed block should exist for failed gates
                             assert!(
[31m-                                yaml.contains("why_failed:") || yaml.contains("hint:") || yaml.contains("repair_command:"),
(B[m[32m+                                yaml.contains("why_failed:")
(B[m[32m+                                    || yaml.contains("hint:")
(B[m[32m+                                    || yaml.contains("repair_command:"),
(B[m                                 "Failed gate should have why_failed diagnostic"
                             );
                         }
