Kani Rust Verifier 0.67.0 (cargo plugin)
    Blocking waiting for file lock on package cache
    Blocking waiting for file lock on package cache
    Blocking waiting for file lock on package cache
    Blocking waiting for file lock on package cache
   Compiling vb_core v0.1.0 (/home/lewis/src/velvet-ballistics/crates/vb_core)
warning: unused imports: `ReplayError` and `SuspensionKind`
  --> crates/vb_core/src/replay/kani_harnesses.rs:16:27
   |
16 | use super::{ReplayAction, ReplayError, SuspensionKind, step::replay_step};
   |                           ^^^^^^^^^^^  ^^^^^^^^^^^^^^
   |
   = note: `#[warn(unused_imports)]` (part of `#[warn(unused)]`) on by default

warning: unused import: `crate::errors::EngineError`
  --> crates/vb_core/src/kani_step_harnesses.rs:21:5
   |
21 | use crate::errors::EngineError;
   |     ^^^^^^^^^^^^^^^^^^^^^^^^^^

warning: variable does not need to be mutable
    --> crates/vb_core/src/frame.rs:1963:13
     |
1963 |         let mut frame = RunFrame::new(RunId::new(1), StepIdx::ZERO, step_count, 1);
     |             ----^^^^^
     |             |
     |             help: remove this `mut`
     |
     = note: `#[warn(unused_mut)]` (part of `#[warn(unused)]`) on by default

warning: variable does not need to be mutable
    --> crates/vb_core/src/frame.rs:1978:13
     |
1978 |         let mut frame = RunFrame::new(RunId::new(1), StepIdx::ZERO, step_count, 1);
     |             ----^^^^^
     |             |
     |             help: remove this `mut`

warning: variable does not need to be mutable
    --> crates/vb_core/src/frame.rs:1996:13
     |
1996 |         let mut frame = RunFrame::new(RunId::new(1), StepIdx::ZERO, step_count, 1);
     |             ----^^^^^
     |             |
     |             help: remove this `mut`

warning: variable does not need to be mutable
    --> crates/vb_core/src/frame.rs:2017:13
     |
2017 |         let mut frame = RunFrame::new(RunId::new(1), StepIdx::ZERO, 1, slot_count);
     |             ----^^^^^
     |             |
     |             help: remove this `mut`

warning: variable does not need to be mutable
    --> crates/vb_core/src/frame.rs:2041:13
     |
2041 |         let mut frame = RunFrame::new(RunId::new(1), StepIdx::ZERO, 1, slot_count);
     |             ----^^^^^
     |             |
     |             help: remove this `mut`

warning: variable does not need to be mutable
  --> crates/vb_core/src/kani_taint_propagation.rs:99:9
   |
99 |     let mut frame = RunFrame::new(RunId::new(1), StepIdx::ZERO, 1, slot_count);
   |         ----^^^^^
   |         |
   |         help: remove this `mut`

warning: variable does not need to be mutable
   --> crates/vb_core/src/kani_taint_propagation.rs:123:9
    |
123 |     let mut frame = RunFrame::new(RunId::new(1), StepIdx::ZERO, 1, slot_count);
    |         ----^^^^^
    |         |
    |         help: remove this `mut`

warning: variable does not need to be mutable
  --> crates/vb_core/src/kani_index_access.rs:23:9
   |
23 |     let mut frame = RunFrame::new(RunId::new(1), StepIdx::ZERO, 1, slot_count);
   |         ----^^^^^
   |         |
   |         help: remove this `mut`

warning: variable does not need to be mutable
  --> crates/vb_core/src/kani_index_access.rs:41:9
   |
41 |     let mut frame = RunFrame::new(RunId::new(1), StepIdx::ZERO, 1, slot_count);
   |         ----^^^^^
   |         |
   |         help: remove this `mut`

warning: variable does not need to be mutable
  --> crates/vb_core/src/kani_index_access.rs:69:9
   |
69 |     let mut frame = RunFrame::new(RunId::new(1), StepIdx::ZERO, 1, slot_count);
   |         ----^^^^^
   |         |
   |         help: remove this `mut`

warning: variable does not need to be mutable
  --> crates/vb_core/src/kani_index_access.rs:88:9
   |
88 |     let mut frame = RunFrame::new(RunId::new(1), StepIdx::ZERO, 1, slot_count);
   |         ----^^^^^
   |         |
   |         help: remove this `mut`

warning: variable does not need to be mutable
  --> crates/vb_core/src/kani_index_access.rs:90:9
   |
90 |     let mut frame = frame.unwrap();
   |         ----^^^^^
   |         |
   |         help: remove this `mut`

warning: variable does not need to be mutable
   --> crates/vb_core/src/kani_index_access.rs:104:9
    |
104 |     let mut frame = RunFrame::new(RunId::new(1), StepIdx::ZERO, 1, slot_count);
    |         ----^^^^^
    |         |
    |         help: remove this `mut`

warning: field `resource` is never read
    --> crates/vb_core/src/budget.rs:2151:20
     |
2151 |         Overflow { resource: &'static str },
     |         --------   ^^^^^^^^
     |         |
     |         field in this variant
     |
     = note: `LocalError` has a derived impl for the trait `Debug`, but this is intentionally ignored during dead code analysis
     = note: `#[warn(dead_code)]` (part of `#[warn(unused)]`) on by default

warning: field `resource` is never read
    --> crates/vb_core/src/budget.rs:2152:21
     |
2152 |         Underflow { resource: &'static str },
     |         ---------   ^^^^^^^^
     |         |
     |         field in this variant
     |
     = note: `LocalError` has a derived impl for the trait `Debug`, but this is intentionally ignored during dead code analysis

warning: function `symbolic_frame_with_taints` is never used
  --> crates/vb_core/src/kani_idempotency_gates.rs:86:4
   |
86 | fn symbolic_frame_with_taints(taints: [Taint; 4]) -> RunFrame {
   |    ^^^^^^^^^^^^^^^^^^^^^^^^^^

warning: Found the following unsupported constructs:
             - caller_location (1)
             - foreign function (2)
         
         Verification will fail if one or more of these constructs is reachable.
         See https://model-checking.github.io/kani/rust-feature-support.html for more details.

    Finished `dev` profile [unoptimized + debuginfo] target(s) in 1.91s
Checking harness kani_idempotency_gates::verify_idempotency_duplicate_invocation_is_stable...
CBMC 6.8.0 (cbmc-6.8.0)
CBMC version 6.8.0 (cbmc-6.8.0) 64-bit x86_64 linux
Reading GOTO program from file /home/lewis/src/velvet-ballistics/target/kani/x86_64-unknown-linux-gnu/debug/deps/vb_core-c9458b5e7ad93d68__RNvNtCsjxOCHGd00j1_7vb_core22kani_idempotency_gates49verify_idempotency_duplicate_invocation_is_stable.out
Generating GOTO Program
Adding CPROVER library (x86_64)
Removal of function pointers and virtual functions
Generic Property Instrumentation
Running with 16 object bits, 48 offset bits (user-specified)
Starting Bounded Model Checking
aborting path on assume(false) at file /home/runner/.rustup/toolchains/nightly-2025-11-21-x86_64-unknown-linux-gnu/lib/rustlib/src/rust/library/core/src/option.rs line 1338 column 15 function std::option::Option::<value::Taint>::ok_or::<errors::CoreError> thread 0
aborting path on assume(false) at file /home/runner/.rustup/toolchains/nightly-2025-11-21-x86_64-unknown-linux-gnu/lib/rustlib/src/rust/library/alloc/src/raw_vec/mod.rs line 830 column 5 function alloc::raw_vec::RawVecInner::deallocate thread 0
aborting path on assume(false) at file /home/runner/.rustup/toolchains/nightly-2025-11-21-x86_64-unknown-linux-gnu/lib/rustlib/src/rust/library/alloc/src/raw_vec/mod.rs line 830 column 5 function alloc::raw_vec::RawVecInner::deallocate thread 0
aborting path on assume(false) at file /home/runner/.rustup/toolchains/nightly-2025-11-21-x86_64-unknown-linux-gnu/lib/rustlib/src/rust/library/alloc/src/raw_vec/mod.rs line 830 column 5 function alloc::raw_vec::RawVecInner::deallocate thread 0
aborting path on assume(false) at file /home/runner/.rustup/toolchains/nightly-2025-11-21-x86_64-unknown-linux-gnu/lib/rustlib/src/rust/library/alloc/src/raw_vec/mod.rs line 830 column 5 function alloc::raw_vec::RawVecInner::deallocate thread 0
aborting path on assume(false) at file /home/runner/.rustup/toolchains/nightly-2025-11-21-x86_64-unknown-linux-gnu/lib/rustlib/src/rust/library/alloc/src/raw_vec/mod.rs line 830 column 5 function alloc::raw_vec::RawVecInner::deallocate thread 0
aborting path on assume(false) at file /home/runner/.rustup/toolchains/nightly-2025-11-21-x86_64-unknown-linux-gnu/lib/rustlib/src/rust/library/alloc/src/raw_vec/mod.rs line 830 column 5 function alloc::raw_vec::RawVecInner::deallocate thread 0
aborting path on assume(false) at file /home/runner/work/kani/kani/library/kani_core/src/models.rs line 23 column 13 function kani::rustc_intrinsics::size_of_val_raw::<str> thread 0
aborting path on assume(false) at file /home/runner/work/kani/kani/library/kani/src/lib.rs line 57 column 1 function kani::rustc_intrinsics::size_of_val_raw::<str> thread 0
aborting path on assume(false) at file /home/runner/work/kani/kani/library/kani_core/src/models.rs line 23 column 13 function kani::rustc_intrinsics::size_of_val_raw::<str> thread 0
aborting path on assume(false) at file /home/runner/work/kani/kani/library/kani/src/lib.rs line 57 column 1 function kani::rustc_intrinsics::size_of_val_raw::<str> thread 0
Unwinding loop _RINvNtCsci0VKyKEi6N_4core3ptr13drop_in_placeSNtNtCsjxOCHGd00j1_7vb_core10capability10CapabilityEBL_.0 iteration 1 file /home/runner/.rustup/toolchains/nightly-2025-11-21-x86_64-unknown-linux-gnu/lib/rustlib/src/rust/library/core/src/ptr/mod.rs line 805 column 1 function std::ptr::drop_in_place::<[capability::Capability]> thread 0
aborting path on assume(false) at file /home/runner/work/kani/kani/library/kani_core/src/models.rs line 23 column 13 function kani::rustc_intrinsics::size_of_val_raw::<str> thread 0
aborting path on assume(false) at file /home/runner/work/kani/kani/library/kani/src/lib.rs line 57 column 1 function kani::rustc_intrinsics::size_of_val_raw::<str> thread 0
Unwinding loop _RINvNtCsci0VKyKEi6N_4core3ptr13drop_in_placeSNtNtCsjxOCHGd00j1_7vb_core10capability10CapabilityEBL_.0 iteration 2 file /home/runner/.rustup/toolchains/nightly-2025-11-21-x86_64-unknown-linux-gnu/lib/rustlib/src/rust/library/core/src/ptr/mod.rs line 805 column 1 function std::ptr::drop_in_place::<[capability::Capability]> thread 0
aborting path on assume(false) at file /home/runner/work/kani/kani/library/kani_core/src/models.rs line 23 column 13 function kani::rustc_intrinsics::size_of_val_raw::<str> thread 0
aborting path on assume(false) at file /home/runner/work/kani/kani/library/kani/src/lib.rs line 57 column 1 function kani::rustc_intrinsics::size_of_val_raw::<str> thread 0
Unwinding loop _RINvNtCsci0VKyKEi6N_4core3ptr13drop_in_placeSNtNtCsjxOCHGd00j1_7vb_core10capability10CapabilityEBL_.0 iteration 3 file /home/runner/.rustup/toolchains/nightly-2025-11-21-x86_64-unknown-linux-gnu/lib/rustlib/src/rust/library/core/src/ptr/mod.rs line 805 column 1 function std::ptr::drop_in_place::<[capability::Capability]> thread 0
aborting path on assume(false) at file /home/runner/work/kani/kani/library/kani_core/src/models.rs line 23 column 13 function kani::rustc_intrinsics::size_of_val_raw::<str> thread 0
aborting path on assume(false) at file /home/runner/work/kani/kani/library/kani/src/lib.rs line 57 column 1 function kani::rustc_intrinsics::size_of_val_raw::<str> thread 0
Unwinding loop _RINvNtCsci0VKyKEi6N_4core3ptr13drop_in_placeSNtNtCsjxOCHGd00j1_7vb_core10capability10CapabilityEBL_.0 iteration 4 file /home/runner/.rustup/toolchains/nightly-2025-11-21-x86_64-unknown-linux-gnu/lib/rustlib/src/rust/library/core/src/ptr/mod.rs line 805 column 1 function std::ptr::drop_in_place::<[capability::Capability]> thread 0
aborting path on assume(false) at file /home/runner/work/kani/kani/library/kani_core/src/models.rs line 23 column 13 function kani::rustc_intrinsics::size_of_val_raw::<str> thread 0
aborting path on assume(false) at file /home/runner/work/kani/kani/library/kani/src/lib.rs line 57 column 1 function kani::rustc_intrinsics::size_of_val_raw::<str> thread 0
Unwinding loop _RINvNtCsci0VKyKEi6N_4core3ptr13drop_in_placeSNtNtCsjxOCHGd00j1_7vb_core10capability10CapabilityEBL_.0 iteration 5 file /home/runner/.rustup/toolchains/nightly-2025-11-21-x86_64-unknown-linux-gnu/lib/rustlib/src/rust/library/core/src/ptr/mod.rs line 805 column 1 function std::ptr::drop_in_place::<[capability::Capability]> thread 0
aborting path on assume(false) at file /home/runner/work/kani/kani/library/kani_core/src/models.rs line 23 column 13 function kani::rustc_intrinsics::size_of_val_raw::<str> thread 0
aborting path on assume(false) at file /home/runner/work/kani/kani/library/kani/src/lib.rs line 57 column 1 function kani::rustc_intrinsics::size_of_val_raw::<str> thread 0
Not unwinding loop _RINvNtCsci0VKyKEi6N_4core3ptr13drop_in_placeSNtNtCsjxOCHGd00j1_7vb_core10capability10CapabilityEBL_.0 iteration 6 file /home/runner/.rustup/toolchains/nightly-2025-11-21-x86_64-unknown-linux-gnu/lib/rustlib/src/rust/library/core/src/ptr/mod.rs line 805 column 1 function std::ptr::drop_in_place::<[capability::Capability]> thread 0
aborting path on assume(false) at file /home/runner/.rustup/toolchains/nightly-2025-11-21-x86_64-unknown-linux-gnu/lib/rustlib/src/rust/library/alloc/src/raw_vec/mod.rs line 830 column 5 function alloc::raw_vec::RawVecInner::deallocate thread 0
aborting path on assume(false) at file /home/runner/.rustup/toolchains/nightly-2025-11-21-x86_64-unknown-linux-gnu/lib/rustlib/src/rust/library/alloc/src/raw_vec/mod.rs line 830 column 5 function alloc::raw_vec::RawVecInner::deallocate thread 0
aborting path on assume(false) at file /home/runner/.rustup/toolchains/nightly-2025-11-21-x86_64-unknown-linux-gnu/lib/rustlib/src/rust/library/alloc/src/raw_vec/mod.rs line 830 column 5 function alloc::raw_vec::RawVecInner::deallocate thread 0
aborting path on assume(false) at file /home/runner/.rustup/toolchains/nightly-2025-11-21-x86_64-unknown-linux-gnu/lib/rustlib/src/rust/library/alloc/src/raw_vec/mod.rs line 830 column 5 function alloc::raw_vec::RawVecInner::deallocate thread 0
aborting path on assume(false) at file /home/runner/.rustup/toolchains/nightly-2025-11-21-x86_64-unknown-linux-gnu/lib/rustlib/src/rust/library/alloc/src/raw_vec/mod.rs line 830 column 5 function alloc::raw_vec::RawVecInner::deallocate thread 0
aborting path on assume(false) at file /home/runner/.rustup/toolchains/nightly-2025-11-21-x86_64-unknown-linux-gnu/lib/rustlib/src/rust/library/alloc/src/raw_vec/mod.rs line 830 column 5 function alloc::raw_vec::RawVecInner::deallocate thread 0
aborting path on assume(false) at file /home/runner/.rustup/toolchains/nightly-2025-11-21-x86_64-unknown-linux-gnu/lib/rustlib/src/rust/library/alloc/src/raw_vec/mod.rs line 830 column 5 function alloc::raw_vec::RawVecInner::deallocate thread 0
aborting path on assume(false) at file /home/runner/work/kani/kani/library/kani_core/src/models.rs line 23 column 13 function kani::rustc_intrinsics::size_of_val_raw::<str> thread 0
aborting path on assume(false) at file /home/runner/work/kani/kani/library/kani/src/lib.rs line 57 column 1 function kani::rustc_intrinsics::size_of_val_raw::<str> thread 0
aborting path on assume(false) at file /home/runner/work/kani/kani/library/kani_core/src/models.rs line 23 column 13 function kani::rustc_intrinsics::size_of_val_raw::<str> thread 0
aborting path on assume(false) at file /home/runner/work/kani/kani/library/kani/src/lib.rs line 57 column 1 function kani::rustc_intrinsics::size_of_val_raw::<str> thread 0
Unwinding loop _RINvNtCsci0VKyKEi6N_4core3ptr13drop_in_placeSNtNtCsjxOCHGd00j1_7vb_core10capability10CapabilityEBL_.0 iteration 1 file /home/runner/.rustup/toolchains/nightly-2025-11-21-x86_64-unknown-linux-gnu/lib/rustlib/src/rust/library/core/src/ptr/mod.rs line 805 column 1 function std::ptr::drop_in_place::<[capability::Capability]> thread 0
aborting path on assume(false) at file /home/runner/work/kani/kani/library/kani_core/src/models.rs line 23 column 13 function kani::rustc_intrinsics::size_of_val_raw::<str> thread 0
aborting path on assume(false) at file /home/runner/work/kani/kani/library/kani/src/lib.rs line 57 column 1 function kani::rustc_intrinsics::size_of_val_raw::<str> thread 0
Unwinding loop _RINvNtCsci0VKyKEi6N_4core3ptr13drop_in_placeSNtNtCsjxOCHGd00j1_7vb_core10capability10CapabilityEBL_.0 iteration 2 file /home/runner/.rustup/toolchains/nightly-2025-11-21-x86_64-unknown-linux-gnu/lib/rustlib/src/rust/library/core/src/ptr/mod.rs line 805 column 1 function std::ptr::drop_in_place::<[capability::Capability]> thread 0
aborting path on assume(false) at file /home/runner/work/kani/kani/library/kani_core/src/models.rs line 23 column 13 function kani::rustc_intrinsics::size_of_val_raw::<str> thread 0
aborting path on assume(false) at file /home/runner/work/kani/kani/library/kani/src/lib.rs line 57 column 1 function kani::rustc_intrinsics::size_of_val_raw::<str> thread 0
Unwinding loop _RINvNtCsci0VKyKEi6N_4core3ptr13drop_in_placeSNtNtCsjxOCHGd00j1_7vb_core10capability10CapabilityEBL_.0 iteration 3 file /home/runner/.rustup/toolchains/nightly-2025-11-21-x86_64-unknown-linux-gnu/lib/rustlib/src/rust/library/core/src/ptr/mod.rs line 805 column 1 function std::ptr::drop_in_place::<[capability::Capability]> thread 0
aborting path on assume(false) at file /home/runner/work/kani/kani/library/kani_core/src/models.rs line 23 column 13 function kani::rustc_intrinsics::size_of_val_raw::<str> thread 0
aborting path on assume(false) at file /home/runner/work/kani/kani/library/kani/src/lib.rs line 57 column 1 function kani::rustc_intrinsics::size_of_val_raw::<str> thread 0
Unwinding loop _RINvNtCsci0VKyKEi6N_4core3ptr13drop_in_placeSNtNtCsjxOCHGd00j1_7vb_core10capability10CapabilityEBL_.0 iteration 4 file /home/runner/.rustup/toolchains/nightly-2025-11-21-x86_64-unknown-linux-gnu/lib/rustlib/src/rust/library/core/src/ptr/mod.rs line 805 column 1 function std::ptr::drop_in_place::<[capability::Capability]> thread 0
aborting path on assume(false) at file /home/runner/work/kani/kani/library/kani_core/src/models.rs line 23 column 13 function kani::rustc_intrinsics::size_of_val_raw::<str> thread 0
aborting path on assume(false) at file /home/runner/work/kani/kani/library/kani/src/lib.rs line 57 column 1 function kani::rustc_intrinsics::size_of_val_raw::<str> thread 0
Unwinding loop _RINvNtCsci0VKyKEi6N_4core3ptr13drop_in_placeSNtNtCsjxOCHGd00j1_7vb_core10capability10CapabilityEBL_.0 iteration 5 file /home/runner/.rustup/toolchains/nightly-2025-11-21-x86_64-unknown-linux-gnu/lib/rustlib/src/rust/library/core/src/ptr/mod.rs line 805 column 1 function std::ptr::drop_in_place::<[capability::Capability]> thread 0
aborting path on assume(false) at file /home/runner/work/kani/kani/library/kani_core/src/models.rs line 23 column 13 function kani::rustc_intrinsics::size_of_val_raw::<str> thread 0
aborting path on assume(false) at file /home/runner/work/kani/kani/library/kani/src/lib.rs line 57 column 1 function kani::rustc_intrinsics::size_of_val_raw::<str> thread 0
Not unwinding loop _RINvNtCsci0VKyKEi6N_4core3ptr13drop_in_placeSNtNtCsjxOCHGd00j1_7vb_core10capability10CapabilityEBL_.0 iteration 6 file /home/runner/.rustup/toolchains/nightly-2025-11-21-x86_64-unknown-linux-gnu/lib/rustlib/src/rust/library/core/src/ptr/mod.rs line 805 column 1 function std::ptr::drop_in_place::<[capability::Capability]> thread 0
aborting path on assume(false) at file /home/runner/.rustup/toolchains/nightly-2025-11-21-x86_64-unknown-linux-gnu/lib/rustlib/src/rust/library/alloc/src/raw_vec/mod.rs line 830 column 5 function alloc::raw_vec::RawVecInner::deallocate thread 0
aborting path on assume(false) at file crates/vb_core/src/lib.rs line 0 column 0 function action::validate_idempotency_key_ingredients thread 0
Unwinding loop _RNvNtCsjxOCHGd00j1_7vb_core6action36validate_idempotency_key_ingredients.0 iteration 1 file crates/vb_core/src/action.rs line 332 column 5 function action::validate_idempotency_key_ingredients thread 0
aborting path on assume(false) at file /home/runner/.rustup/toolchains/nightly-2025-11-21-x86_64-unknown-linux-gnu/lib/rustlib/src/rust/library/core/src/option.rs line 1338 column 15 function std::option::Option::<value::Taint>::ok_or::<errors::CoreError> thread 0
aborting path on assume(false) at file /home/runner/.rustup/toolchains/nightly-2025-11-21-x86_64-unknown-linux-gnu/lib/rustlib/src/rust/library/alloc/src/raw_vec/mod.rs line 830 column 5 function alloc::raw_vec::RawVecInner::deallocate thread 0
aborting path on assume(false) at file /home/runner/.rustup/toolchains/nightly-2025-11-21-x86_64-unknown-linux-gnu/lib/rustlib/src/rust/library/alloc/src/raw_vec/mod.rs line 830 column 5 function alloc::raw_vec::RawVecInner::deallocate thread 0
aborting path on assume(false) at file /home/runner/.rustup/toolchains/nightly-2025-11-21-x86_64-unknown-linux-gnu/lib/rustlib/src/rust/library/alloc/src/raw_vec/mod.rs line 830 column 5 function alloc::raw_vec::RawVecInner::deallocate thread 0
aborting path on assume(false) at file /home/runner/.rustup/toolchains/nightly-2025-11-21-x86_64-unknown-linux-gnu/lib/rustlib/src/rust/library/alloc/src/raw_vec/mod.rs line 830 column 5 function alloc::raw_vec::RawVecInner::deallocate thread 0
aborting path on assume(false) at file /home/runner/.rustup/toolchains/nightly-2025-11-21-x86_64-unknown-linux-gnu/lib/rustlib/src/rust/library/alloc/src/raw_vec/mod.rs line 830 column 5 function alloc::raw_vec::RawVecInner::deallocate thread 0
aborting path on assume(false) at file /home/runner/.rustup/toolchains/nightly-2025-11-21-x86_64-unknown-linux-gnu/lib/rustlib/src/rust/library/alloc/src/raw_vec/mod.rs line 830 column 5 function alloc::raw_vec::RawVecInner::deallocate thread 0
aborting path on assume(false) at file /home/runner/work/kani/kani/library/kani_core/src/models.rs line 23 column 13 function kani::rustc_intrinsics::size_of_val_raw::<str> thread 0
aborting path on assume(false) at file /home/runner/work/kani/kani/library/kani/src/lib.rs line 57 column 1 function kani::rustc_intrinsics::size_of_val_raw::<str> thread 0
aborting path on assume(false) at file /home/runner/work/kani/kani/library/kani_core/src/models.rs line 23 column 13 function kani::rustc_intrinsics::size_of_val_raw::<str> thread 0
aborting path on assume(false) at file /home/runner/work/kani/kani/library/kani/src/lib.rs line 57 column 1 function kani::rustc_intrinsics::size_of_val_raw::<str> thread 0
Unwinding loop _RINvNtCsci0VKyKEi6N_4core3ptr13drop_in_placeSNtNtCsjxOCHGd00j1_7vb_core10capability10CapabilityEBL_.0 iteration 1 file /home/runner/.rustup/toolchains/nightly-2025-11-21-x86_64-unknown-linux-gnu/lib/rustlib/src/rust/library/core/src/ptr/mod.rs line 805 column 1 function std::ptr::drop_in_place::<[capability::Capability]> thread 0
aborting path on assume(false) at file /home/runner/work/kani/kani/library/kani_core/src/models.rs line 23 column 13 function kani::rustc_intrinsics::size_of_val_raw::<str> thread 0
aborting path on assume(false) at file /home/runner/work/kani/kani/library/kani/src/lib.rs line 57 column 1 function kani::rustc_intrinsics::size_of_val_raw::<str> thread 0
Unwinding loop _RINvNtCsci0VKyKEi6N_4core3ptr13drop_in_placeSNtNtCsjxOCHGd00j1_7vb_core10capability10CapabilityEBL_.0 iteration 2 file /home/runner/.rustup/toolchains/nightly-2025-11-21-x86_64-unknown-linux-gnu/lib/rustlib/src/rust/library/core/src/ptr/mod.rs line 805 column 1 function std::ptr::drop_in_place::<[capability::Capability]> thread 0
aborting path on assume(false) at file /home/runner/work/kani/kani/library/kani_core/src/models.rs line 23 column 13 function kani::rustc_intrinsics::size_of_val_raw::<str> thread 0
aborting path on assume(false) at file /home/runner/work/kani/kani/library/kani/src/lib.rs line 57 column 1 function kani::rustc_intrinsics::size_of_val_raw::<str> thread 0
Unwinding loop _RINvNtCsci0VKyKEi6N_4core3ptr13drop_in_placeSNtNtCsjxOCHGd00j1_7vb_core10capability10CapabilityEBL_.0 iteration 3 file /home/runner/.rustup/toolchains/nightly-2025-11-21-x86_64-unknown-linux-gnu/lib/rustlib/src/rust/library/core/src/ptr/mod.rs line 805 column 1 function std::ptr::drop_in_place::<[capability::Capability]> thread 0
aborting path on assume(false) at file /home/runner/work/kani/kani/library/kani_core/src/models.rs line 23 column 13 function kani::rustc_intrinsics::size_of_val_raw::<str> thread 0
aborting path on assume(false) at file /home/runner/work/kani/kani/library/kani/src/lib.rs line 57 column 1 function kani::rustc_intrinsics::size_of_val_raw::<str> thread 0
Unwinding loop _RINvNtCsci0VKyKEi6N_4core3ptr13drop_in_placeSNtNtCsjxOCHGd00j1_7vb_core10capability10CapabilityEBL_.0 iteration 4 file /home/runner/.rustup/toolchains/nightly-2025-11-21-x86_64-unknown-linux-gnu/lib/rustlib/src/rust/library/core/src/ptr/mod.rs line 805 column 1 function std::ptr::drop_in_place::<[capability::Capability]> thread 0
aborting path on assume(false) at file /home/runner/work/kani/kani/library/kani_core/src/models.rs line 23 column 13 function kani::rustc_intrinsics::size_of_val_raw::<str> thread 0
aborting path on assume(false) at file /home/runner/work/kani/kani/library/kani/src/lib.rs line 57 column 1 function kani::rustc_intrinsics::size_of_val_raw::<str> thread 0
Unwinding loop _RINvNtCsci0VKyKEi6N_4core3ptr13drop_in_placeSNtNtCsjxOCHGd00j1_7vb_core10capability10CapabilityEBL_.0 iteration 5 file /home/runner/.rustup/toolchains/nightly-2025-11-21-x86_64-unknown-linux-gnu/lib/rustlib/src/rust/library/core/src/ptr/mod.rs line 805 column 1 function std::ptr::drop_in_place::<[capability::Capability]> thread 0
aborting path on assume(false) at file /home/runner/work/kani/kani/library/kani_core/src/models.rs line 23 column 13 function kani::rustc_intrinsics::size_of_val_raw::<str> thread 0
aborting path on assume(false) at file /home/runner/work/kani/kani/library/kani/src/lib.rs line 57 column 1 function kani::rustc_intrinsics::size_of_val_raw::<str> thread 0
Not unwinding loop _RINvNtCsci0VKyKEi6N_4core3ptr13drop_in_placeSNtNtCsjxOCHGd00j1_7vb_core10capability10CapabilityEBL_.0 iteration 6 file /home/runner/.rustup/toolchains/nightly-2025-11-21-x86_64-unknown-linux-gnu/lib/rustlib/src/rust/library/core/src/ptr/mod.rs line 805 column 1 function std::ptr::drop_in_place::<[capability::Capability]> thread 0
aborting path on assume(false) at file /home/runner/.rustup/toolchains/nightly-2025-11-21-x86_64-unknown-linux-gnu/lib/rustlib/src/rust/library/alloc/src/raw_vec/mod.rs line 830 column 5 function alloc::raw_vec::RawVecInner::deallocate thread 0
aborting path on assume(false) at file /home/runner/.rustup/toolchains/nightly-2025-11-21-x86_64-unknown-linux-gnu/lib/rustlib/src/rust/library/alloc/src/raw_vec/mod.rs line 830 column 5 function alloc::raw_vec::RawVecInner::deallocate thread 0
aborting path on assume(false) at file /home/runner/.rustup/toolchains/nightly-2025-11-21-x86_64-unknown-linux-gnu/lib/rustlib/src/rust/library/alloc/src/raw_vec/mod.rs line 830 column 5 function alloc::raw_vec::RawVecInner::deallocate thread 0
aborting path on assume(false) at file /home/runner/.rustup/toolchains/nightly-2025-11-21-x86_64-unknown-linux-gnu/lib/rustlib/src/rust/library/alloc/src/raw_vec/mod.rs line 830 column 5 function alloc::raw_vec::RawVecInner::deallocate thread 0
aborting path on assume(false) at file /home/runner/.rustup/toolchains/nightly-2025-11-21-x86_64-unknown-linux-gnu/lib/rustlib/src/rust/library/alloc/src/raw_vec/mod.rs line 830 column 5 function alloc::raw_vec::RawVecInner::deallocate thread 0
aborting path on assume(false) at file /home/runner/.rustup/toolchains/nightly-2025-11-21-x86_64-unknown-linux-gnu/lib/rustlib/src/rust/library/alloc/src/raw_vec/mod.rs line 830 column 5 function alloc::raw_vec::RawVecInner::deallocate thread 0
aborting path on assume(false) at file /home/runner/.rustup/toolchains/nightly-2025-11-21-x86_64-unknown-linux-gnu/lib/rustlib/src/rust/library/alloc/src/raw_vec/mod.rs line 830 column 5 function alloc::raw_vec::RawVecInner::deallocate thread 0
aborting path on assume(false) at file /home/runner/work/kani/kani/library/kani_core/src/models.rs line 23 column 13 function kani::rustc_intrinsics::size_of_val_raw::<str> thread 0
aborting path on assume(false) at file /home/runner/work/kani/kani/library/kani/src/lib.rs line 57 column 1 function kani::rustc_intrinsics::size_of_val_raw::<str> thread 0
aborting path on assume(false) at file /home/runner/work/kani/kani/library/kani_core/src/models.rs line 23 column 13 function kani::rustc_intrinsics::size_of_val_raw::<str> thread 0
aborting path on assume(false) at file /home/runner/work/kani/kani/library/kani/src/lib.rs line 57 column 1 function kani::rustc_intrinsics::size_of_val_raw::<str> thread 0
Unwinding loop _RINvNtCsci0VKyKEi6N_4core3ptr13drop_in_placeSNtNtCsjxOCHGd00j1_7vb_core10capability10CapabilityEBL_.0 iteration 1 file /home/runner/.rustup/toolchains/nightly-2025-11-21-x86_64-unknown-linux-gnu/lib/rustlib/src/rust/library/core/src/ptr/mod.rs line 805 column 1 function std::ptr::drop_in_place::<[capability::Capability]> thread 0
aborting path on assume(false) at file /home/runner/work/kani/kani/library/kani_core/src/models.rs line 23 column 13 function kani::rustc_intrinsics::size_of_val_raw::<str> thread 0
aborting path on assume(false) at file /home/runner/work/kani/kani/library/kani/src/lib.rs line 57 column 1 function kani::rustc_intrinsics::size_of_val_raw::<str> thread 0
Unwinding loop _RINvNtCsci0VKyKEi6N_4core3ptr13drop_in_placeSNtNtCsjxOCHGd00j1_7vb_core10capability10CapabilityEBL_.0 iteration 2 file /home/runner/.rustup/toolchains/nightly-2025-11-21-x86_64-unknown-linux-gnu/lib/rustlib/src/rust/library/core/src/ptr/mod.rs line 805 column 1 function std::ptr::drop_in_place::<[capability::Capability]> thread 0
aborting path on assume(false) at file /home/runner/work/kani/kani/library/kani_core/src/models.rs line 23 column 13 function kani::rustc_intrinsics::size_of_val_raw::<str> thread 0
aborting path on assume(false) at file /home/runner/work/kani/kani/library/kani/src/lib.rs line 57 column 1 function kani::rustc_intrinsics::size_of_val_raw::<str> thread 0
Unwinding loop _RINvNtCsci0VKyKEi6N_4core3ptr13drop_in_placeSNtNtCsjxOCHGd00j1_7vb_core10capability10CapabilityEBL_.0 iteration 3 file /home/runner/.rustup/toolchains/nightly-2025-11-21-x86_64-unknown-linux-gnu/lib/rustlib/src/rust/library/core/src/ptr/mod.rs line 805 column 1 function std::ptr::drop_in_place::<[capability::Capability]> thread 0
aborting path on assume(false) at file /home/runner/work/kani/kani/library/kani_core/src/models.rs line 23 column 13 function kani::rustc_intrinsics::size_of_val_raw::<str> thread 0
aborting path on assume(false) at file /home/runner/work/kani/kani/library/kani/src/lib.rs line 57 column 1 function kani::rustc_intrinsics::size_of_val_raw::<str> thread 0
Unwinding loop _RINvNtCsci0VKyKEi6N_4core3ptr13drop_in_placeSNtNtCsjxOCHGd00j1_7vb_core10capability10CapabilityEBL_.0 iteration 4 file /home/runner/.rustup/toolchains/nightly-2025-11-21-x86_64-unknown-linux-gnu/lib/rustlib/src/rust/library/core/src/ptr/mod.rs line 805 column 1 function std::ptr::drop_in_place::<[capability::Capability]> thread 0
aborting path on assume(false) at file /home/runner/work/kani/kani/library/kani_core/src/models.rs line 23 column 13 function kani::rustc_intrinsics::size_of_val_raw::<str> thread 0
aborting path on assume(false) at file /home/runner/work/kani/kani/library/kani/src/lib.rs line 57 column 1 function kani::rustc_intrinsics::size_of_val_raw::<str> thread 0
Unwinding loop _RINvNtCsci0VKyKEi6N_4core3ptr13drop_in_placeSNtNtCsjxOCHGd00j1_7vb_core10capability10CapabilityEBL_.0 iteration 5 file /home/runner/.rustup/toolchains/nightly-2025-11-21-x86_64-unknown-linux-gnu/lib/rustlib/src/rust/library/core/src/ptr/mod.rs line 805 column 1 function std::ptr::drop_in_place::<[capability::Capability]> thread 0
aborting path on assume(false) at file /home/runner/work/kani/kani/library/kani_core/src/models.rs line 23 column 13 function kani::rustc_intrinsics::size_of_val_raw::<str> thread 0
aborting path on assume(false) at file /home/runner/work/kani/kani/library/kani/src/lib.rs line 57 column 1 function kani::rustc_intrinsics::size_of_val_raw::<str> thread 0
Not unwinding loop _RINvNtCsci0VKyKEi6N_4core3ptr13drop_in_placeSNtNtCsjxOCHGd00j1_7vb_core10capability10CapabilityEBL_.0 iteration 6 file /home/runner/.rustup/toolchains/nightly-2025-11-21-x86_64-unknown-linux-gnu/lib/rustlib/src/rust/library/core/src/ptr/mod.rs line 805 column 1 function std::ptr::drop_in_place::<[capability::Capability]> thread 0
aborting path on assume(false) at file /home/runner/.rustup/toolchains/nightly-2025-11-21-x86_64-unknown-linux-gnu/lib/rustlib/src/rust/library/alloc/src/raw_vec/mod.rs line 830 column 5 function alloc::raw_vec::RawVecInner::deallocate thread 0
aborting path on assume(false) at file crates/vb_core/src/lib.rs line 0 column 0 function action::validate_idempotency_key_ingredients thread 0
Unwinding loop _RNvNtCsjxOCHGd00j1_7vb_core6action36validate_idempotency_key_ingredients.0 iteration 1 file crates/vb_core/src/action.rs line 332 column 5 function action::validate_idempotency_key_ingredients thread 0
Runtime Symex: 6.27008s
size of program expression: 257626 steps
slicing removed 227323 assignments
Generated 4775 VCC(s), 1180 remaining after simplification
Runtime Postprocess Equation: 0.188865s
Passing problem to propositional reduction
converting SSA
Runtime Convert SSA: 0.61891s
Running propositional reduction
Post-processing
Runtime Post-process: 0.0851318s
Solving with CaDiCaL 2.0.0
471205 variables, 1139989 clauses
SAT checker: instance is SATISFIABLE
Runtime Solver: 0.617554s
Runtime decision procedure: 1.2686s
Running propositional reduction
Solving with CaDiCaL 2.0.0
471206 variables, 1139990 clauses
SAT checker: instance is SATISFIABLE
Runtime Solver: 0.117145s
Runtime decision procedure: 0.119368s
Running propositional reduction
Solving with CaDiCaL 2.0.0
471207 variables, 1139991 clauses
SAT checker: instance is UNSATISFIABLE
Runtime Solver: 0.00133431s
Runtime decision procedure: 0.00432721s

RESULTS:
Check 1: malloc.assertion.1
	 - Status: SUCCESS
	 - Description: "max allocation size exceeded"
	 - Location: <builtin-library-malloc>:31 in function malloc

Check 2: malloc.assertion.2
	 - Status: SUCCESS
	 - Description: "max allocation may fail"
	 - Location: <builtin-library-malloc>:36 in function malloc

Check 3: alloc::raw_vec::RawVecInner::shrink_unchecked.unreachable.1
	 - Status: SUCCESS
	 - Description: "unreachable code"
	 - Location: ../../../../../runner/.rustup/toolchains/nightly-2025-11-21-x86_64-unknown-linux-gnu/lib/rustlib/src/rust/library/alloc/src/raw_vec/mod.rs:811:17 in function alloc::raw_vec::RawVecInner::shrink_unchecked

Check 4: <std::result::Result<usize, std::collections::TryReserveErrorKind> as std::ops::Try>::branch.unreachable.1
	 - Status: SUCCESS
	 - Description: "unreachable code"
	 - Location: ../../../../../runner/.rustup/toolchains/nightly-2025-11-21-x86_64-unknown-linux-gnu/lib/rustlib/src/rust/library/core/src/result.rs:2173:15 in function <std::result::Result<usize, std::collections::TryReserveErrorKind> as std::ops::Try>::branch

Check 5: std::ptr::const_ptr::<impl *const ()>::is_aligned_to.assertion.1
	 - Status: UNREACHABLE
	 - Description: "attempt to subtract with overflow"
	 - Location: ../../../../../runner/.rustup/toolchains/nightly-2025-11-21-x86_64-unknown-linux-gnu/lib/rustlib/src/rust/library/core/src/ptr/const_ptr.rs:1377:23 in function std::ptr::const_ptr::<impl *const ()>::is_aligned_to

Check 6: std::ptr::const_ptr::<impl *const ()>::is_aligned_to.assertion.2
	 - Status: SUCCESS
	 - Description: "This is a placeholder message; Kani doesn't support message formatted at runtime"
	 - Location: ../../../../../runner/.rustup/toolchains/nightly-2025-11-21-x86_64-unknown-linux-gnu/lib/rustlib/src/rust/library/core/src/ptr/const_ptr.rs:1374:13 in function std::ptr::const_ptr::<impl *const ()>::is_aligned_to

Check 7: std::alloc::Layout::repeat_packed.unreachable.1
	 - Status: SUCCESS
	 - Description: "unreachable code"
	 - Location: ../../../../../runner/.rustup/toolchains/nightly-2025-11-21-x86_64-unknown-linux-gnu/lib/rustlib/src/rust/library/core/src/alloc/layout.rs:447:5 in function std::alloc::Layout::repeat_packed

Check 8: kani::rustc_intrinsics::align_of_val_raw::<[frame::StepState]>.unreachable.1
	 - Status: SUCCESS
	 - Description: "unreachable code"
	 - Location: ../../../../../runner/work/kani/kani/library/kani_core/src/models.rs:43:13 in function kani::rustc_intrinsics::align_of_val_raw::<[frame::StepState]>

Check 9: kani::rustc_intrinsics::align_of_val_raw::<[frame::StepState]>.safety_check.1
	 - Status: SUCCESS
	 - Description: "failed to compute `align_of_val`"
	 - Location: ../../../../../runner/work/kani/kani/library/kani/src/lib.rs:57:1 in function kani::rustc_intrinsics::align_of_val_raw::<[frame::StepState]>

Check 10: kani::rustc_intrinsics::align_of_val_raw::<[frame::StepState]>.assertion.1
	 - Status: SUCCESS
	 - Description: "cannot compute `align_of_val` for extern types"
	 - Location: ../../../../../runner/work/kani/kani/library/kani/src/lib.rs:57:1 in function kani::rustc_intrinsics::align_of_val_raw::<[frame::StepState]>

Check 11: __rust_realloc.assertion.1
	 - Status: SUCCESS
	 - Description: "rust_realloc must be called with a non-null pointer"
	 - Location: ../../../../.kani/kani-0.67.0/library/kani/kani_lib.c:102 in function __rust_realloc

Check 12: __rust_realloc.assertion.2
	 - Status: SUCCESS
	 - Description: "rust_realloc must be called with a size greater than 0"
	 - Location: ../../../../.kani/kani-0.67.0/library/kani/kani_lib.c:105 in function __rust_realloc

Check 13: __rust_realloc.assertion.3
	 - Status: SUCCESS
	 - Description: "Alignment is power of two"
	 - Location: ../../../../.kani/kani-0.67.0/library/kani/kani_lib.c:109 in function __rust_realloc

Check 14: action::verify_idempotency.unreachable.1
	 - Status: SUCCESS
	 - Description: "unreachable code"
	 - Location: crates/vb_core/src/action.rs:379:11 in function action::verify_idempotency

Check 15: std::ptr::drop_in_place::<std::vec::Vec<u8>>.safety_check.1
	 - Status: SUCCESS
	 - Description: "misaligned pointer to reference cast: address must be a multiple of its type's alignment"
	 - Location: ../../../../../runner/.rustup/toolchains/nightly-2025-11-21-x86_64-unknown-linux-gnu/lib/rustlib/src/rust/library/core/src/ptr/mod.rs:805:1 in function std::ptr::drop_in_place::<std::vec::Vec<u8>>

Check 16: std::ptr::drop_in_place::<std::vec::Vec<u8>>.safety_check.2
	 - Status: SUCCESS
	 - Description: "dereference failure: pointer invalid"
	 - Location: ../../../../../runner/.rustup/toolchains/nightly-2025-11-21-x86_64-unknown-linux-gnu/lib/rustlib/src/rust/library/core/src/ptr/mod.rs:805:1 in function std::ptr::drop_in_place::<std::vec::Vec<u8>>

Check 17: __rust_alloc_zeroed.assertion.1
	 - Status: SUCCESS
	 - Description: "__rust_alloc_zeroed must be called with a size greater than 0"
	 - Location: ../../../../.kani/kani-0.67.0/library/kani/kani_lib.c:62 in function __rust_alloc_zeroed

Check 18: __rust_alloc_zeroed.assertion.2
	 - Status: SUCCESS
	 - Description: "Alignment is power of two"
	 - Location: ../../../../.kani/kani-0.67.0/library/kani/kani_lib.c:65 in function __rust_alloc_zeroed

Check 19: kani::rustc_intrinsics::align_of_val_raw::<[std::option::Option<value::SlotValue>]>.unreachable.1
	 - Status: SUCCESS
	 - Description: "unreachable code"
	 - Location: ../../../../../runner/work/kani/kani/library/kani_core/src/models.rs:43:13 in function kani::rustc_intrinsics::align_of_val_raw::<[std::option::Option<value::SlotValue>]>

Check 20: kani::rustc_intrinsics::align_of_val_raw::<[std::option::Option<value::SlotValue>]>.safety_check.1
	 - Status: SUCCESS
	 - Description: "failed to compute `align_of_val`"
	 - Location: ../../../../../runner/work/kani/kani/library/kani/src/lib.rs:57:1 in function kani::rustc_intrinsics::align_of_val_raw::<[std::option::Option<value::SlotValue>]>

Check 21: kani::rustc_intrinsics::align_of_val_raw::<[std::option::Option<value::SlotValue>]>.assertion.1
	 - Status: SUCCESS
	 - Description: "cannot compute `align_of_val` for extern types"
	 - Location: ../../../../../runner/work/kani/kani/library/kani/src/lib.rs:57:1 in function kani::rustc_intrinsics::align_of_val_raw::<[std::option::Option<value::SlotValue>]>

Check 22: kani::rustc_intrinsics::offset::<std::option::Option<value::SlotValue>, *mut std::option::Option<value::SlotValue>, usize>.safety_check.1
	 - Status: SUCCESS
	 - Description: "Offset in bytes overflows isize"
	 - Location: ../../../../../runner/work/kani/kani/library/kani/src/lib.rs:57:1 in function kani::rustc_intrinsics::offset::<std::option::Option<value::SlotValue>, *mut std::option::Option<value::SlotValue>, usize>

Check 23: kani::rustc_intrinsics::offset::<std::option::Option<value::SlotValue>, *mut std::option::Option<value::SlotValue>, usize>.safety_check.2
	 - Status: SUCCESS
	 - Description: "Offset result and original pointer must point to the same allocation"
	 - Location: ../../../../../runner/work/kani/kani/library/kani/src/lib.rs:57:1 in function kani::rustc_intrinsics::offset::<std::option::Option<value::SlotValue>, *mut std::option::Option<value::SlotValue>, usize>

Check 24: std::ptr::drop_in_place::<std::boxed::Box<[std::option::Option<value::SlotValue>]>>.safety_check.1
	 - Status: SUCCESS
	 - Description: "misaligned pointer to reference cast: address must be a multiple of its type's alignment"
	 - Location: ../../../../../runner/.rustup/toolchains/nightly-2025-11-21-x86_64-unknown-linux-gnu/lib/rustlib/src/rust/library/core/src/ptr/mod.rs:805:1 in function std::ptr::drop_in_place::<std::boxed::Box<[std::option::Option<value::SlotValue>]>>

Check 25: std::ptr::drop_in_place::<std::boxed::Box<[std::option::Option<value::SlotValue>]>>.safety_check.2
	 - Status: SUCCESS
	 - Description: "dereference failure: pointer invalid"
	 - Location: ../../../../../runner/.rustup/toolchains/nightly-2025-11-21-x86_64-unknown-linux-gnu/lib/rustlib/src/rust/library/core/src/ptr/mod.rs:805:1 in function std::ptr::drop_in_place::<std::boxed::Box<[std::option::Option<value::SlotValue>]>>

Check 26: std::vec::Vec::<value::Taint>::extend_with.unreachable.1
	 - Status: SUCCESS
	 - Description: "unreachable code"
	 - Location: ../../../../../runner/.rustup/toolchains/nightly-2025-11-21-x86_64-unknown-linux-gnu/lib/rustlib/src/rust/library/alloc/src/vec/mod.rs:3454:22 in function std::vec::Vec::<value::Taint>::extend_with

Check 27: <std::collections::TryReserveErrorKind as std::clone::Clone>::clone.unreachable.1
	 - Status: SUCCESS
	 - Description: "unreachable code"
	 - Location: ../../../../../runner/.rustup/toolchains/nightly-2025-11-21-x86_64-unknown-linux-gnu/lib/rustlib/src/rust/library/alloc/src/collections/mod.rs:93:10 in function <std::collections::TryReserveErrorKind as std::clone::Clone>::clone

Check 28: kani::rustc_intrinsics::align_of_val_raw::<[capability::Capability]>.unreachable.1
	 - Status: SUCCESS
	 - Description: "unreachable code"
	 - Location: ../../../../../runner/work/kani/kani/library/kani_core/src/models.rs:43:13 in function kani::rustc_intrinsics::align_of_val_raw::<[capability::Capability]>

Check 29: kani::rustc_intrinsics::align_of_val_raw::<[capability::Capability]>.safety_check.1
	 - Status: SUCCESS
	 - Description: "failed to compute `align_of_val`"
	 - Location: ../../../../../runner/work/kani/kani/library/kani/src/lib.rs:57:1 in function kani::rustc_intrinsics::align_of_val_raw::<[capability::Capability]>

Check 30: kani::rustc_intrinsics::align_of_val_raw::<[capability::Capability]>.assertion.1
	 - Status: SUCCESS
	 - Description: "cannot compute `align_of_val` for extern types"
	 - Location: ../../../../../runner/work/kani/kani/library/kani/src/lib.rs:57:1 in function kani::rustc_intrinsics::align_of_val_raw::<[capability::Capability]>

Check 31: alloc::raw_vec::RawVecInner::shrink_to_fit.unreachable.1
	 - Status: SUCCESS
	 - Description: "unreachable code"
	 - Location: ../../../../../runner/.rustup/toolchains/nightly-2025-11-21-x86_64-unknown-linux-gnu/lib/rustlib/src/rust/library/alloc/src/raw_vec/mod.rs:647:5 in function alloc::raw_vec::RawVecInner::shrink_to_fit

Check 32: alloc::raw_vec::RawVecInner::with_capacity_in.unreachable.1
	 - Status: SUCCESS
	 - Description: "unreachable code"
	 - Location: ../../../../../runner/.rustup/toolchains/nightly-2025-11-21-x86_64-unknown-linux-gnu/lib/rustlib/src/rust/library/alloc/src/raw_vec/mod.rs:419:15 in function alloc::raw_vec::RawVecInner::with_capacity_in

Check 33: calloc.assertion.1
	 - Status: SUCCESS
	 - Description: "max allocation size exceeded"
	 - Location: <builtin-library-calloc>:31 in function calloc

Check 34: calloc.assertion.2
	 - Status: SUCCESS
	 - Description: "max allocation may fail"
	 - Location: <builtin-library-calloc>:36 in function calloc

Check 35: <std::option::Option<value::SlotValue> as std::clone::Clone>::clone.unreachable.1
	 - Status: SUCCESS
	 - Description: "unreachable code"
	 - Location: ../../../../../runner/.rustup/toolchains/nightly-2025-11-21-x86_64-unknown-linux-gnu/lib/rustlib/src/rust/library/core/src/option.rs:2201:15 in function <std::option::Option<value::SlotValue> as std::clone::Clone>::clone

Check 36: std::result::Result::<std::ptr::NonNull<[u8]>, std::alloc::AllocError>::map_err::<std::collections::TryReserveError, {closure@alloc::raw_vec::RawVecInner::finish_grow::{closure#0}}>.unreachable.1
	 - Status: SUCCESS
	 - Description: "unreachable code"
	 - Location: ../../../../../runner/.rustup/toolchains/nightly-2025-11-21-x86_64-unknown-linux-gnu/lib/rustlib/src/rust/library/core/src/result.rs:966:15 in function std::result::Result::<std::ptr::NonNull<[u8]>, std::alloc::AllocError>::map_err::<std::collections::TryReserveError, {closure@alloc::raw_vec::RawVecInner::finish_grow::{closure#0}}>

Check 37: std::alloc::Layout::size_rounded_up_to_custom_align.arithmetic_overflow.1
	 - Status: SUCCESS
	 - Description: "attempt to compute `unchecked_sub` which would overflow"
	 - Location: ../../../../../runner/.rustup/toolchains/nightly-2025-11-21-x86_64-unknown-linux-gnu/lib/rustlib/src/rust/library/core/src/alloc/layout.rs:304:28 in function std::alloc::Layout::size_rounded_up_to_custom_align

Check 38: std::alloc::Layout::size_rounded_up_to_custom_align.arithmetic_overflow.2
	 - Status: SUCCESS
	 - Description: "attempt to compute `unchecked_add` which would overflow"
	 - Location: ../../../../../runner/.rustup/toolchains/nightly-2025-11-21-x86_64-unknown-linux-gnu/lib/rustlib/src/rust/library/core/src/alloc/layout.rs:305:13 in function std::alloc::Layout::size_rounded_up_to_custom_align

Check 39: alloc::raw_vec::RawVecInner::shrink.assertion.1
	 - Status: SUCCESS
	 - Description: "This is a placeholder message; Kani doesn't support message formatted at runtime"
	 - Location: ../../../../../runner/.rustup/toolchains/nightly-2025-11-21-x86_64-unknown-linux-gnu/lib/rustlib/src/rust/library/alloc/src/raw_vec/mod.rs:769:9 in function alloc::raw_vec::RawVecInner::shrink

Check 40: __rust_alloc.assertion.1
	 - Status: SUCCESS
	 - Description: "__rust_alloc must be called with a size greater than 0"
	 - Location: ../../../../.kani/kani-0.67.0/library/kani/kani_lib.c:43 in function __rust_alloc

Check 41: __rust_alloc.assertion.2
	 - Status: SUCCESS
	 - Description: "Alignment is power of two"
	 - Location: ../../../../.kani/kani-0.67.0/library/kani/kani_lib.c:46 in function __rust_alloc

Check 42: std::panic::Location::<'_>::caller.unsupported_construct.1
	 - Status: SUCCESS
	 - Description: "caller_location is not currently supported by Kani. Please post your example at https://github.com/model-checking/kani/issues/374"
	 - Location: ../../../../../runner/.rustup/toolchains/nightly-2025-11-21-x86_64-unknown-linux-gnu/lib/rustlib/src/rust/library/core/src/panic/location.rs:147:9 in function std::panic::Location::<'_>::caller

Check 43: std::ptr::write_bytes::<u8>.safety_check.1
	 - Status: SUCCESS
	 - Description: "`dst` must be properly aligned"
	 - Location: ../../../../../runner/.rustup/toolchains/nightly-2025-11-21-x86_64-unknown-linux-gnu/lib/rustlib/src/rust/library/core/src/ptr/mod.rs:709:9 in function std::ptr::write_bytes::<u8>

Check 44: std::ptr::write_bytes::<u8>.arithmetic_overflow.1
	 - Status: SUCCESS
	 - Description: "write_bytes: attempt to compute number in bytes which would overflow"
	 - Location: ../../../../../runner/.rustup/toolchains/nightly-2025-11-21-x86_64-unknown-linux-gnu/lib/rustlib/src/rust/library/core/src/ptr/mod.rs:709:9 in function std::ptr::write_bytes::<u8>

Check 45: alloc::raw_vec::RawVecInner::<A>::reserve::do_reserve_and_handle::<std::alloc::Global>.unreachable.1
	 - Status: SUCCESS
	 - Description: "unreachable code"
	 - Location: ../../../../../runner/.rustup/toolchains/nightly-2025-11-21-x86_64-unknown-linux-gnu/lib/rustlib/src/rust/library/alloc/src/raw_vec/mod.rs:550:9 in function alloc::raw_vec::RawVecInner::<A>::reserve::do_reserve_and_handle::<std::alloc::Global>

Check 46: alloc::raw_vec::RawVecInner::try_allocate_in.unreachable.1
	 - Status: SUCCESS
	 - Description: "unreachable code"
	 - Location: crates/vb_core/src/lib.rs:0:0 in function alloc::raw_vec::RawVecInner::try_allocate_in

Check 47: <std::alloc::Global as std::alloc::Allocator>::shrink.unreachable.1
	 - Status: SUCCESS
	 - Description: "unreachable code"
	 - Location: crates/vb_core/src/lib.rs:0:0 in function <std::alloc::Global as std::alloc::Allocator>::shrink

Check 48: std::ptr::drop_in_place::<std::boxed::Box<[value::Taint]>>.safety_check.1
	 - Status: SUCCESS
	 - Description: "misaligned pointer to reference cast: address must be a multiple of its type's alignment"
	 - Location: ../../../../../runner/.rustup/toolchains/nightly-2025-11-21-x86_64-unknown-linux-gnu/lib/rustlib/src/rust/library/core/src/ptr/mod.rs:805:1 in function std::ptr::drop_in_place::<std::boxed::Box<[value::Taint]>>

Check 49: std::ptr::drop_in_place::<std::boxed::Box<[value::Taint]>>.safety_check.2
	 - Status: SUCCESS
	 - Description: "dereference failure: pointer invalid"
	 - Location: ../../../../../runner/.rustup/toolchains/nightly-2025-11-21-x86_64-unknown-linux-gnu/lib/rustlib/src/rust/library/core/src/ptr/mod.rs:805:1 in function std::ptr::drop_in_place::<std::boxed::Box<[value::Taint]>>

Check 50: std::vec::Vec::<std::option::Option<value::SlotValue>>::len.assume.1
	 - Status: SUCCESS
	 - Description: "Rust intrinsic assumption failed"
	 - Location: ../../../../../runner/.rustup/toolchains/nightly-2025-11-21-x86_64-unknown-linux-gnu/lib/rustlib/src/rust/library/alloc/src/vec/mod.rs:2859:18 in function std::vec::Vec::<std::option::Option<value::SlotValue>>::len

Check 51: __rust_dealloc.assertion.1
	 - Status: SUCCESS
	 - Description: "Alignment is power of two"
	 - Location: ../../../../.kani/kani-0.67.0/library/kani/kani_lib.c:83 in function __rust_dealloc

Check 52: __rust_dealloc.assertion.2
	 - Status: SUCCESS
	 - Description: "rust_dealloc must be called on an object whose allocated size matches its layout"
	 - Location: ../../../../.kani/kani-0.67.0/library/kani/kani_lib.c:85 in function __rust_dealloc

Check 53: std::option::Option::<&mut std::option::Option<value::SlotValue>>::ok_or::<errors::CoreError>.unreachable.1
	 - Status: SUCCESS
	 - Description: "unreachable code"
	 - Location: ../../../../../runner/.rustup/toolchains/nightly-2025-11-21-x86_64-unknown-linux-gnu/lib/rustlib/src/rust/library/core/src/option.rs:1338:15 in function std::option::Option::<&mut std::option::Option<value::SlotValue>>::ok_or::<errors::CoreError>

Check 54: std::option::Option::<std::ptr::NonNull<u8>>::ok_or::<std::alloc::AllocError>.unreachable.1
	 - Status: SUCCESS
	 - Description: "unreachable code"
	 - Location: ../../../../../runner/.rustup/toolchains/nightly-2025-11-21-x86_64-unknown-linux-gnu/lib/rustlib/src/rust/library/core/src/option.rs:1338:15 in function std::option::Option::<std::ptr::NonNull<u8>>::ok_or::<std::alloc::AllocError>

Check 55: <std::result::Result<&mut std::option::Option<value::SlotValue>, errors::CoreError> as std::ops::Try>::branch.unreachable.1
	 - Status: SUCCESS
	 - Description: "unreachable code"
	 - Location: ../../../../../runner/.rustup/toolchains/nightly-2025-11-21-x86_64-unknown-linux-gnu/lib/rustlib/src/rust/library/core/src/result.rs:2173:15 in function <std::result::Result<&mut std::option::Option<value::SlotValue>, errors::CoreError> as std::ops::Try>::branch

Check 56: alloc::raw_vec::RawVecInner::grow_amortized.assertion.1
	 - Status: UNREACHABLE
	 - Description: "attempt to multiply with overflow"
	 - Location: ../../../../../runner/.rustup/toolchains/nightly-2025-11-21-x86_64-unknown-linux-gnu/lib/rustlib/src/rust/library/alloc/src/raw_vec/mod.rs:692:28 in function alloc::raw_vec::RawVecInner::grow_amortized

Check 57: alloc::raw_vec::RawVecInner::grow_amortized.unreachable.1
	 - Status: SUCCESS
	 - Description: "unreachable code"
	 - Location: crates/vb_core/src/lib.rs:0:0 in function alloc::raw_vec::RawVecInner::grow_amortized

Check 58: std::result::Result::<std::alloc::Layout, std::alloc::LayoutError>::map_err::<std::collections::TryReserveError, {closure@alloc::raw_vec::layout_array::{closure#1}}>.unreachable.1
	 - Status: SUCCESS
	 - Description: "unreachable code"
	 - Location: ../../../../../runner/.rustup/toolchains/nightly-2025-11-21-x86_64-unknown-linux-gnu/lib/rustlib/src/rust/library/core/src/result.rs:966:15 in function std::result::Result::<std::alloc::Layout, std::alloc::LayoutError>::map_err::<std::collections::TryReserveError, {closure@alloc::raw_vec::layout_array::{closure#1}}>

Check 59: kani::rustc_intrinsics::offset::<value::Taint, *mut value::Taint, usize>.safety_check.1
	 - Status: SUCCESS
	 - Description: "Offset in bytes overflows isize"
	 - Location: ../../../../../runner/work/kani/kani/library/kani/src/lib.rs:57:1 in function kani::rustc_intrinsics::offset::<value::Taint, *mut value::Taint, usize>

Check 60: kani::rustc_intrinsics::offset::<value::Taint, *mut value::Taint, usize>.safety_check.2
	 - Status: SUCCESS
	 - Description: "Offset result and original pointer must point to the same allocation"
	 - Location: ../../../../../runner/work/kani/kani/library/kani/src/lib.rs:57:1 in function kani::rustc_intrinsics::offset::<value::Taint, *mut value::Taint, usize>

Check 61: std::vec::set_len_on_drop::SetLenOnDrop::<'_>::increment_len.assertion.1
	 - Status: SUCCESS
	 - Description: "attempt to add with overflow"
	 - Location: ../../../../../runner/.rustup/toolchains/nightly-2025-11-21-x86_64-unknown-linux-gnu/lib/rustlib/src/rust/library/alloc/src/vec/set_len_on_drop.rs:19:9 in function std::vec::set_len_on_drop::SetLenOnDrop::<'_>::increment_len

Check 62: action::validate_idempotency_key_ingredients.unreachable.1
	 - Status: SUCCESS
	 - Description: "unreachable code"
	 - Location: crates/vb_core/src/lib.rs:0:0 in function action::validate_idempotency_key_ingredients

Check 63: kani::rustc_intrinsics::offset::<u8, *mut u8, usize>.safety_check.1
	 - Status: SUCCESS
	 - Description: "Offset in bytes overflows isize"
	 - Location: ../../../../../runner/work/kani/kani/library/kani/src/lib.rs:57:1 in function kani::rustc_intrinsics::offset::<u8, *mut u8, usize>

Check 64: kani::rustc_intrinsics::offset::<u8, *mut u8, usize>.safety_check.2
	 - Status: SUCCESS
	 - Description: "Offset result and original pointer must point to the same allocation"
	 - Location: ../../../../../runner/work/kani/kani/library/kani/src/lib.rs:57:1 in function kani::rustc_intrinsics::offset::<u8, *mut u8, usize>

Check 65: kani::rustc_intrinsics::size_of_val_raw::<[std::option::Option<value::SlotValue>]>.unreachable.1
	 - Status: SUCCESS
	 - Description: "unreachable code"
	 - Location: ../../../../../runner/work/kani/kani/library/kani_core/src/models.rs:23:13 in function kani::rustc_intrinsics::size_of_val_raw::<[std::option::Option<value::SlotValue>]>

Check 66: kani::rustc_intrinsics::size_of_val_raw::<[std::option::Option<value::SlotValue>]>.safety_check.1
	 - Status: SUCCESS
	 - Description: "failed to compute `size_of_val`"
	 - Location: ../../../../../runner/work/kani/kani/library/kani/src/lib.rs:57:1 in function kani::rustc_intrinsics::size_of_val_raw::<[std::option::Option<value::SlotValue>]>

Check 67: kani::rustc_intrinsics::size_of_val_raw::<[std::option::Option<value::SlotValue>]>.assertion.1
	 - Status: SUCCESS
	 - Description: "cannot compute `size_of_val` for extern types"
	 - Location: ../../../../../runner/work/kani/kani/library/kani/src/lib.rs:57:1 in function kani::rustc_intrinsics::size_of_val_raw::<[std::option::Option<value::SlotValue>]>

Check 68: core::num::<impl usize>::abs_diff.assertion.1
	 - Status: UNREACHABLE
	 - Description: "attempt to subtract with overflow"
	 - Location: ../../../../../runner/.rustup/toolchains/nightly-2025-11-21-x86_64-unknown-linux-gnu/lib/rustlib/src/rust/library/core/src/num/uint_macros.rs:2852:21 in function core::num::<impl usize>::abs_diff

Check 69: core::num::<impl usize>::abs_diff.assertion.2
	 - Status: UNREACHABLE
	 - Description: "attempt to subtract with overflow"
	 - Location: ../../../../../runner/.rustup/toolchains/nightly-2025-11-21-x86_64-unknown-linux-gnu/lib/rustlib/src/rust/library/core/src/num/uint_macros.rs:2854:21 in function core::num::<impl usize>::abs_diff

Check 70: kani::rustc_intrinsics::align_of_val_raw::<str>.unreachable.1
	 - Status: SUCCESS
	 - Description: "unreachable code"
	 - Location: ../../../../../runner/work/kani/kani/library/kani_core/src/models.rs:43:13 in function kani::rustc_intrinsics::align_of_val_raw::<str>

Check 71: kani::rustc_intrinsics::align_of_val_raw::<str>.safety_check.1
	 - Status: SUCCESS
	 - Description: "failed to compute `align_of_val`"
	 - Location: ../../../../../runner/work/kani/kani/library/kani/src/lib.rs:57:1 in function kani::rustc_intrinsics::align_of_val_raw::<str>

Check 72: kani::rustc_intrinsics::align_of_val_raw::<str>.assertion.1
	 - Status: SUCCESS
	 - Description: "cannot compute `align_of_val` for extern types"
	 - Location: ../../../../../runner/work/kani/kani/library/kani/src/lib.rs:57:1 in function kani::rustc_intrinsics::align_of_val_raw::<str>

Check 73: <usize as kani::rustc_intrinsics::ToISize>::to_isize.unreachable.1
	 - Status: SUCCESS
	 - Description: "unreachable code"
	 - Location: ../../../../../runner/work/kani/kani/library/kani_core/src/models.rs:176:17 in function <usize as kani::rustc_intrinsics::ToISize>::to_isize

Check 74: <usize as kani::rustc_intrinsics::ToISize>::to_isize.safety_check.1
	 - Status: SUCCESS
	 - Description: "Offset value overflows isize"
	 - Location: ../../../../../runner/work/kani/kani/library/kani/src/lib.rs:57:1 in function <usize as kani::rustc_intrinsics::ToISize>::to_isize

Check 75: <usize as kani::rustc_intrinsics::ToISize>::to_isize.assertion.1
	 - Status: SUCCESS
	 - Description: "internal error: entered unreachable code"
	 - Location: ../../../../../runner/work/kani/kani/library/kani/src/lib.rs:57:1 in function <usize as kani::rustc_intrinsics::ToISize>::to_isize

Check 76: kani_idempotency_gates::one_slot_frame_with_taint.unreachable.1
	 - Status: SUCCESS
	 - Description: "unreachable code"
	 - Location: crates/vb_core/src/kani_idempotency_gates.rs:112:27 in function kani_idempotency_gates::one_slot_frame_with_taint

Check 77: <std::result::Result<std::ptr::NonNull<u8>, std::alloc::AllocError> as std::ops::Try>::branch.unreachable.1
	 - Status: SUCCESS
	 - Description: "unreachable code"
	 - Location: ../../../../../runner/.rustup/toolchains/nightly-2025-11-21-x86_64-unknown-linux-gnu/lib/rustlib/src/rust/library/core/src/result.rs:2173:15 in function <std::result::Result<std::ptr::NonNull<u8>, std::alloc::AllocError> as std::ops::Try>::branch

Check 78: kani::rustc_intrinsics::size_of_val_raw::<[frame::StepState]>.unreachable.1
	 - Status: SUCCESS
	 - Description: "unreachable code"
	 - Location: ../../../../../runner/work/kani/kani/library/kani_core/src/models.rs:23:13 in function kani::rustc_intrinsics::size_of_val_raw::<[frame::StepState]>

Check 79: kani::rustc_intrinsics::size_of_val_raw::<[frame::StepState]>.safety_check.1
	 - Status: SUCCESS
	 - Description: "failed to compute `size_of_val`"
	 - Location: ../../../../../runner/work/kani/kani/library/kani/src/lib.rs:57:1 in function kani::rustc_intrinsics::size_of_val_raw::<[frame::StepState]>

Check 80: kani::rustc_intrinsics::size_of_val_raw::<[frame::StepState]>.assertion.1
	 - Status: SUCCESS
	 - Description: "cannot compute `size_of_val` for extern types"
	 - Location: ../../../../../runner/work/kani/kani/library/kani/src/lib.rs:57:1 in function kani::rustc_intrinsics::size_of_val_raw::<[frame::StepState]>

Check 81: std::vec::Vec::<frame::StepState>::len.assume.1
	 - Status: SUCCESS
	 - Description: "Rust intrinsic assumption failed"
	 - Location: ../../../../../runner/.rustup/toolchains/nightly-2025-11-21-x86_64-unknown-linux-gnu/lib/rustlib/src/rust/library/alloc/src/vec/mod.rs:2859:18 in function std::vec::Vec::<frame::StepState>::len

Check 82: core::ub_checks::maybe_is_nonoverlapping::runtime.unreachable.1
	 - Status: SUCCESS
	 - Description: "unreachable code"
	 - Location: ../../../../../runner/.rustup/toolchains/nightly-2025-11-21-x86_64-unknown-linux-gnu/lib/rustlib/src/rust/library/core/src/intrinsics/mod.rs:2437:9 in function core::ub_checks::maybe_is_nonoverlapping::runtime

Check 83: std::ptr::drop_in_place::<std::vec::set_len_on_drop::SetLenOnDrop<'_>>.safety_check.1
	 - Status: SUCCESS
	 - Description: "misaligned pointer to reference cast: address must be a multiple of its type's alignment"
	 - Location: ../../../../../runner/.rustup/toolchains/nightly-2025-11-21-x86_64-unknown-linux-gnu/lib/rustlib/src/rust/library/core/src/ptr/mod.rs:805:1 in function std::ptr::drop_in_place::<std::vec::set_len_on_drop::SetLenOnDrop<'_>>

Check 84: std::ptr::drop_in_place::<std::vec::set_len_on_drop::SetLenOnDrop<'_>>.safety_check.2
	 - Status: SUCCESS
	 - Description: "dereference failure: pointer invalid"
	 - Location: ../../../../../runner/.rustup/toolchains/nightly-2025-11-21-x86_64-unknown-linux-gnu/lib/rustlib/src/rust/library/core/src/ptr/mod.rs:805:1 in function std::ptr::drop_in_place::<std::vec::set_len_on_drop::SetLenOnDrop<'_>>

Check 85: <std::result::Result<&mut value::Taint, errors::CoreError> as std::ops::Try>::branch.unreachable.1
	 - Status: SUCCESS
	 - Description: "unreachable code"
	 - Location: ../../../../../runner/.rustup/toolchains/nightly-2025-11-21-x86_64-unknown-linux-gnu/lib/rustlib/src/rust/library/core/src/result.rs:2173:15 in function <std::result::Result<&mut value::Taint, errors::CoreError> as std::ops::Try>::branch

Check 86: std::option::Option::<&std::option::Option<value::SlotValue>>::ok_or::<errors::CoreError>.unreachable.1
	 - Status: SUCCESS
	 - Description: "unreachable code"
	 - Location: ../../../../../runner/.rustup/toolchains/nightly-2025-11-21-x86_64-unknown-linux-gnu/lib/rustlib/src/rust/library/core/src/option.rs:1338:15 in function std::option::Option::<&std::option::Option<value::SlotValue>>::ok_or::<errors::CoreError>

Check 87: std::alloc::handle_alloc_error::rt_error.unsupported_construct.1
	 - Status: SUCCESS
	 - Description: "call to foreign "Rust" function `_RNvCs1hStedNDpZ2_7___rustc26___rust_alloc_error_handler` is not currently supported by Kani. Please post your example at https://github.com/model-checking/kani/issues/new/choose"
	 - Location: ../../../../../runner/.rustup/toolchains/nightly-2025-11-21-x86_64-unknown-linux-gnu/lib/rustlib/src/rust/library/alloc/src/alloc.rs:366:5 in function std::alloc::handle_alloc_error::rt_error

Check 88: std::option::Option::<&value::Taint>::copied.unreachable.1
	 - Status: SUCCESS
	 - Description: "unreachable code"
	 - Location: ../../../../../runner/.rustup/toolchains/nightly-2025-11-21-x86_64-unknown-linux-gnu/lib/rustlib/src/rust/library/core/src/option.rs:2058:15 in function std::option::Option::<&value::Taint>::copied

Check 89: kani::rustc_intrinsics::size_of_val_raw::<[value::Taint]>.unreachable.1
	 - Status: SUCCESS
	 - Description: "unreachable code"
	 - Location: ../../../../../runner/work/kani/kani/library/kani_core/src/models.rs:23:13 in function kani::rustc_intrinsics::size_of_val_raw::<[value::Taint]>

Check 90: kani::rustc_intrinsics::size_of_val_raw::<[value::Taint]>.safety_check.1
	 - Status: SUCCESS
	 - Description: "failed to compute `size_of_val`"
	 - Location: ../../../../../runner/work/kani/kani/library/kani/src/lib.rs:57:1 in function kani::rustc_intrinsics::size_of_val_raw::<[value::Taint]>

Check 91: kani::rustc_intrinsics::size_of_val_raw::<[value::Taint]>.assertion.1
	 - Status: SUCCESS
	 - Description: "cannot compute `size_of_val` for extern types"
	 - Location: ../../../../../runner/work/kani/kani/library/kani/src/lib.rs:57:1 in function kani::rustc_intrinsics::size_of_val_raw::<[value::Taint]>

Check 92: kani::rustc_intrinsics::size_of_val_raw::<[capability::Capability]>.unreachable.1
	 - Status: SUCCESS
	 - Description: "unreachable code"
	 - Location: ../../../../../runner/work/kani/kani/library/kani_core/src/models.rs:23:13 in function kani::rustc_intrinsics::size_of_val_raw::<[capability::Capability]>

Check 93: kani::rustc_intrinsics::size_of_val_raw::<[capability::Capability]>.safety_check.1
	 - Status: SUCCESS
	 - Description: "failed to compute `size_of_val`"
	 - Location: ../../../../../runner/work/kani/kani/library/kani/src/lib.rs:57:1 in function kani::rustc_intrinsics::size_of_val_raw::<[capability::Capability]>

Check 94: kani::rustc_intrinsics::size_of_val_raw::<[capability::Capability]>.assertion.1
	 - Status: SUCCESS
	 - Description: "cannot compute `size_of_val` for extern types"
	 - Location: ../../../../../runner/work/kani/kani/library/kani/src/lib.rs:57:1 in function kani::rustc_intrinsics::size_of_val_raw::<[capability::Capability]>

Check 95: kani::rustc_intrinsics::offset::<frame::StepState, *mut frame::StepState, usize>.safety_check.1
	 - Status: SUCCESS
	 - Description: "Offset in bytes overflows isize"
	 - Location: ../../../../../runner/work/kani/kani/library/kani/src/lib.rs:57:1 in function kani::rustc_intrinsics::offset::<frame::StepState, *mut frame::StepState, usize>

Check 96: kani::rustc_intrinsics::offset::<frame::StepState, *mut frame::StepState, usize>.safety_check.2
	 - Status: SUCCESS
	 - Description: "Offset result and original pointer must point to the same allocation"
	 - Location: ../../../../../runner/work/kani/kani/library/kani/src/lib.rs:57:1 in function kani::rustc_intrinsics::offset::<frame::StepState, *mut frame::StepState, usize>

Check 97: std::alloc::Global::grow_impl.assertion.1
	 - Status: UNREACHABLE
	 - Description: "attempt to subtract with overflow"
	 - Location: ../../../../../runner/.rustup/toolchains/nightly-2025-11-21-x86_64-unknown-linux-gnu/lib/rustlib/src/rust/library/alloc/src/alloc.rs:226:58 in function std::alloc::Global::grow_impl

Check 98: std::alloc::Global::grow_impl.unreachable.1
	 - Status: SUCCESS
	 - Description: "unreachable code"
	 - Location: crates/vb_core/src/lib.rs:0:0 in function std::alloc::Global::grow_impl

Check 99: core::num::<impl usize>::unchecked_add.arithmetic_overflow.1
	 - Status: SUCCESS
	 - Description: "attempt to compute `unchecked_add` which would overflow"
	 - Location: ../../../../../runner/.rustup/toolchains/nightly-2025-11-21-x86_64-unknown-linux-gnu/lib/rustlib/src/rust/library/core/src/num/uint_macros.rs:729:17 in function core::num::<impl usize>::unchecked_add

Check 100: std::option::Option::<usize>::ok_or::<std::collections::TryReserveErrorKind>.unreachable.1
	 - Status: SUCCESS
	 - Description: "unreachable code"
	 - Location: ../../../../../runner/.rustup/toolchains/nightly-2025-11-21-x86_64-unknown-linux-gnu/lib/rustlib/src/rust/library/core/src/option.rs:1338:15 in function std::option::Option::<usize>::ok_or::<std::collections::TryReserveErrorKind>

Check 101: core::panicking::panic_nounwind_fmt::runtime.unsupported_construct.1
	 - Status: SUCCESS
	 - Description: "call to foreign "Rust" function `_RNvCs1hStedNDpZ2_7___rustc17rust_begin_unwind` is not currently supported by Kani. Please post your example at https://github.com/model-checking/kani/issues/new/choose"
	 - Location: ../../../../../runner/.rustup/toolchains/nightly-2025-11-21-x86_64-unknown-linux-gnu/lib/rustlib/src/rust/library/core/src/panicking.rs:110:17 in function core::panicking::panic_nounwind_fmt::runtime

Check 102: <std::result::Result<std::ptr::NonNull<[u8]>, std::collections::TryReserveErrorKind> as std::ops::Try>::branch.unreachable.1
	 - Status: SUCCESS
	 - Description: "unreachable code"
	 - Location: ../../../../../runner/.rustup/toolchains/nightly-2025-11-21-x86_64-unknown-linux-gnu/lib/rustlib/src/rust/library/core/src/result.rs:2173:15 in function <std::result::Result<std::ptr::NonNull<[u8]>, std::collections::TryReserveErrorKind> as std::ops::Try>::branch

Check 103: alloc::raw_vec::capacity_overflow.assertion.1
	 - Status: SUCCESS
	 - Description: "This is a placeholder message; Kani doesn't support message formatted at runtime"
	 - Location: ../../../../../runner/.rustup/toolchains/nightly-2025-11-21-x86_64-unknown-linux-gnu/lib/rustlib/src/rust/library/alloc/src/raw_vec/mod.rs:28:5 in function alloc::raw_vec::capacity_overflow

Check 104: alloc::raw_vec::RawVecInner::finish_grow.unreachable.1
	 - Status: SUCCESS
	 - Description: "unreachable code"
	 - Location: ../../../../../runner/.rustup/toolchains/nightly-2025-11-21-x86_64-unknown-linux-gnu/lib/rustlib/src/rust/library/alloc/src/raw_vec/mod.rs:745:26 in function alloc::raw_vec::RawVecInner::finish_grow

Check 105: std::alloc::Global::alloc_impl.unreachable.1
	 - Status: SUCCESS
	 - Description: "unreachable code"
	 - Location: ../../../../../runner/.rustup/toolchains/nightly-2025-11-21-x86_64-unknown-linux-gnu/lib/rustlib/src/rust/library/alloc/src/alloc.rs:191:27 in function std::alloc::Global::alloc_impl

Check 106: std::ptr::drop_in_place::<std::boxed::Box<[capability::Capability]>>.safety_check.1
	 - Status: SUCCESS
	 - Description: "misaligned pointer to reference cast: address must be a multiple of its type's alignment"
	 - Location: ../../../../../runner/.rustup/toolchains/nightly-2025-11-21-x86_64-unknown-linux-gnu/lib/rustlib/src/rust/library/core/src/ptr/mod.rs:805:1 in function std::ptr::drop_in_place::<std::boxed::Box<[capability::Capability]>>

Check 107: std::ptr::drop_in_place::<std::boxed::Box<[capability::Capability]>>.safety_check.2
	 - Status: SUCCESS
	 - Description: "dereference failure: pointer invalid"
	 - Location: ../../../../../runner/.rustup/toolchains/nightly-2025-11-21-x86_64-unknown-linux-gnu/lib/rustlib/src/rust/library/core/src/ptr/mod.rs:805:1 in function std::ptr::drop_in_place::<std::boxed::Box<[capability::Capability]>>

Check 108: kani_idempotency_gates::verify_idempotency_duplicate_invocation_is_stable.cover.1
	 - Status: SATISFIED
	 - Description: "duplicate success covered"
	 - Location: crates/vb_core/src/kani_idempotency_gates.rs:374:5 in function kani_idempotency_gates::verify_idempotency_duplicate_invocation_is_stable

Check 109: kani_idempotency_gates::verify_idempotency_duplicate_invocation_is_stable.cover.2
	 - Status: SATISFIED
	 - Description: "duplicate failure covered"
	 - Location: crates/vb_core/src/kani_idempotency_gates.rs:375:5 in function kani_idempotency_gates::verify_idempotency_duplicate_invocation_is_stable

Check 110: kani_idempotency_gates::verify_idempotency_duplicate_invocation_is_stable.assertion.1
	 - Status: SUCCESS
	 - Description: "same contract/key/frame verification is idempotent"
	 - Location: crates/vb_core/src/kani_idempotency_gates.rs:376:5 in function kani_idempotency_gates::verify_idempotency_duplicate_invocation_is_stable

Check 111: kani::rustc_intrinsics::size_of_val_raw::<str>.unreachable.1
	 - Status: SUCCESS
	 - Description: "unreachable code"
	 - Location: ../../../../../runner/work/kani/kani/library/kani_core/src/models.rs:23:13 in function kani::rustc_intrinsics::size_of_val_raw::<str>

Check 112: kani::rustc_intrinsics::size_of_val_raw::<str>.safety_check.1
	 - Status: SUCCESS
	 - Description: "failed to compute `size_of_val`"
	 - Location: ../../../../../runner/work/kani/kani/library/kani/src/lib.rs:57:1 in function kani::rustc_intrinsics::size_of_val_raw::<str>

Check 113: kani::rustc_intrinsics::size_of_val_raw::<str>.assertion.1
	 - Status: SUCCESS
	 - Description: "cannot compute `size_of_val` for extern types"
	 - Location: ../../../../../runner/work/kani/kani/library/kani/src/lib.rs:57:1 in function kani::rustc_intrinsics::size_of_val_raw::<str>

Check 114: std::vec::Vec::<std::option::Option<value::SlotValue>>::extend_with.unreachable.1
	 - Status: SUCCESS
	 - Description: "unreachable code"
	 - Location: ../../../../../runner/.rustup/toolchains/nightly-2025-11-21-x86_64-unknown-linux-gnu/lib/rustlib/src/rust/library/alloc/src/vec/mod.rs:3454:22 in function std::vec::Vec::<std::option::Option<value::SlotValue>>::extend_with

Check 115: <std::result::Result<std::alloc::Layout, std::collections::TryReserveError> as std::ops::Try>::branch.unreachable.1
	 - Status: SUCCESS
	 - Description: "unreachable code"
	 - Location: ../../../../../runner/.rustup/toolchains/nightly-2025-11-21-x86_64-unknown-linux-gnu/lib/rustlib/src/rust/library/core/src/result.rs:2173:15 in function <std::result::Result<std::alloc::Layout, std::collections::TryReserveError> as std::ops::Try>::branch

Check 116: std::ptr::copy_nonoverlapping::<u8>.safety_check.1
	 - Status: SUCCESS
	 - Description: "`src` must be properly aligned"
	 - Location: ../../../../../runner/.rustup/toolchains/nightly-2025-11-21-x86_64-unknown-linux-gnu/lib/rustlib/src/rust/library/core/src/ptr/mod.rs:547:14 in function std::ptr::copy_nonoverlapping::<u8>

Check 117: std::ptr::copy_nonoverlapping::<u8>.safety_check.2
	 - Status: SUCCESS
	 - Description: "`dst` must be properly aligned"
	 - Location: ../../../../../runner/.rustup/toolchains/nightly-2025-11-21-x86_64-unknown-linux-gnu/lib/rustlib/src/rust/library/core/src/ptr/mod.rs:547:14 in function std::ptr::copy_nonoverlapping::<u8>

Check 118: std::ptr::copy_nonoverlapping::<u8>.arithmetic_overflow.1
	 - Status: SUCCESS
	 - Description: "copy_nonoverlapping: attempt to compute number in bytes which would overflow"
	 - Location: ../../../../../runner/.rustup/toolchains/nightly-2025-11-21-x86_64-unknown-linux-gnu/lib/rustlib/src/rust/library/core/src/ptr/mod.rs:547:14 in function std::ptr::copy_nonoverlapping::<u8>

Check 119: kani_idempotency_gates::unreachable_for_kani_frame_bounds.unreachable.1
	 - Status: SUCCESS
	 - Description: "unreachable code"
	 - Location: crates/vb_core/src/kani_idempotency_gates.rs:202:11 in function kani_idempotency_gates::unreachable_for_kani_frame_bounds

Check 120: std::ptr::drop_in_place::<std::boxed::Box<[frame::StepState]>>.safety_check.1
	 - Status: SUCCESS
	 - Description: "misaligned pointer to reference cast: address must be a multiple of its type's alignment"
	 - Location: ../../../../../runner/.rustup/toolchains/nightly-2025-11-21-x86_64-unknown-linux-gnu/lib/rustlib/src/rust/library/core/src/ptr/mod.rs:805:1 in function std::ptr::drop_in_place::<std::boxed::Box<[frame::StepState]>>

Check 121: std::ptr::drop_in_place::<std::boxed::Box<[frame::StepState]>>.safety_check.2
	 - Status: SUCCESS
	 - Description: "dereference failure: pointer invalid"
	 - Location: ../../../../../runner/.rustup/toolchains/nightly-2025-11-21-x86_64-unknown-linux-gnu/lib/rustlib/src/rust/library/core/src/ptr/mod.rs:805:1 in function std::ptr::drop_in_place::<std::boxed::Box<[frame::StepState]>>

Check 122: alloc::raw_vec::RawVecInner::deallocate.unreachable.1
	 - Status: SUCCESS
	 - Description: "unreachable code"
	 - Location: ../../../../../runner/.rustup/toolchains/nightly-2025-11-21-x86_64-unknown-linux-gnu/lib/rustlib/src/rust/library/alloc/src/raw_vec/mod.rs:830:5 in function alloc::raw_vec::RawVecInner::deallocate

Check 123: core::num::<impl usize>::checked_add.arithmetic_overflow.1
	 - Status: SUCCESS
	 - Description: "attempt to compute `unchecked_add` which would overflow"
	 - Location: ../../../../../runner/.rustup/toolchains/nightly-2025-11-21-x86_64-unknown-linux-gnu/lib/rustlib/src/rust/library/core/src/num/uint_macros.rs:658:31 in function core::num::<impl usize>::checked_add

Check 124: core::num::<impl usize>::unchecked_mul.arithmetic_overflow.1
	 - Status: SUCCESS
	 - Description: "attempt to compute `unchecked_mul` which would overflow"
	 - Location: ../../../../../runner/.rustup/toolchains/nightly-2025-11-21-x86_64-unknown-linux-gnu/lib/rustlib/src/rust/library/core/src/num/uint_macros.rs:1117:17 in function core::num::<impl usize>::unchecked_mul

Check 125: std::alloc::Layout::max_size_for_align.assertion.1
	 - Status: SUCCESS
	 - Description: "attempt to add with overflow"
	 - Location: ../../../../../runner/.rustup/toolchains/nightly-2025-11-21-x86_64-unknown-linux-gnu/lib/rustlib/src/rust/library/core/src/alloc/layout.rs:95:32 in function std::alloc::Layout::max_size_for_align

Check 126: std::alloc::Layout::max_size_for_align.arithmetic_overflow.1
	 - Status: SUCCESS
	 - Description: "attempt to compute `unchecked_sub` which would overflow"
	 - Location: ../../../../../runner/.rustup/toolchains/nightly-2025-11-21-x86_64-unknown-linux-gnu/lib/rustlib/src/rust/library/core/src/alloc/layout.rs:95:18 in function std::alloc::Layout::max_size_for_align

Check 127: std::fmt::Arguments::<'_>::from_str.assertion.1
	 - Status: UNREACHABLE
	 - Description: "attempt to shift left with overflow"
	 - Location: ../../../../../runner/.rustup/toolchains/nightly-2025-11-21-x86_64-unknown-linux-gnu/lib/rustlib/src/rust/library/core/src/fmt/mod.rs:820:38 in function std::fmt::Arguments::<'_>::from_str

Check 128: std::ptr::drop_in_place::<alloc::raw_vec::RawVec<u8>>.safety_check.1
	 - Status: SUCCESS
	 - Description: "misaligned pointer to reference cast: address must be a multiple of its type's alignment"
	 - Location: ../../../../../runner/.rustup/toolchains/nightly-2025-11-21-x86_64-unknown-linux-gnu/lib/rustlib/src/rust/library/core/src/ptr/mod.rs:805:1 in function std::ptr::drop_in_place::<alloc::raw_vec::RawVec<u8>>

Check 129: std::ptr::drop_in_place::<alloc::raw_vec::RawVec<u8>>.safety_check.2
	 - Status: SUCCESS
	 - Description: "dereference failure: pointer invalid"
	 - Location: ../../../../../runner/.rustup/toolchains/nightly-2025-11-21-x86_64-unknown-linux-gnu/lib/rustlib/src/rust/library/core/src/ptr/mod.rs:805:1 in function std::ptr::drop_in_place::<alloc::raw_vec::RawVec<u8>>

Check 130: frame::RunFrame::write_slot_with_taint.safety_check.1
	 - Status: SUCCESS
	 - Description: "misaligned pointer to reference cast: address must be a multiple of its type's alignment"
	 - Location: crates/vb_core/src/frame.rs:272:10 in function frame::RunFrame::write_slot_with_taint

Check 131: frame::RunFrame::write_slot_with_taint.safety_check.2
	 - Status: SUCCESS
	 - Description: "dereference failure: pointer invalid"
	 - Location: crates/vb_core/src/frame.rs:272:10 in function frame::RunFrame::write_slot_with_taint

Check 132: frame::RunFrame::write_slot_with_taint.safety_check.3
	 - Status: SUCCESS
	 - Description: "misaligned pointer to reference cast: address must be a multiple of its type's alignment"
	 - Location: crates/vb_core/src/frame.rs:276:10 in function frame::RunFrame::write_slot_with_taint

Check 133: frame::RunFrame::write_slot_with_taint.safety_check.4
	 - Status: SUCCESS
	 - Description: "dereference failure: pointer invalid"
	 - Location: crates/vb_core/src/frame.rs:276:10 in function frame::RunFrame::write_slot_with_taint

Check 134: frame::RunFrame::write_slot_with_taint.unreachable.1
	 - Status: SUCCESS
	 - Description: "unreachable code"
	 - Location: crates/vb_core/src/lib.rs:0:0 in function frame::RunFrame::write_slot_with_taint

Check 135: <std::result::Result<std::ptr::NonNull<[u8]>, std::alloc::AllocError> as std::ops::Try>::branch.unreachable.1
	 - Status: SUCCESS
	 - Description: "unreachable code"
	 - Location: ../../../../../runner/.rustup/toolchains/nightly-2025-11-21-x86_64-unknown-linux-gnu/lib/rustlib/src/rust/library/core/src/result.rs:2173:15 in function <std::result::Result<std::ptr::NonNull<[u8]>, std::alloc::AllocError> as std::ops::Try>::branch

Check 136: std::result::Result::<std::ptr::NonNull<[u8]>, std::alloc::AllocError>::map_err::<std::collections::TryReserveErrorKind, {closure@alloc::raw_vec::RawVecInner::shrink_unchecked::{closure#0}}>.unreachable.1
	 - Status: SUCCESS
	 - Description: "unreachable code"
	 - Location: ../../../../../runner/.rustup/toolchains/nightly-2025-11-21-x86_64-unknown-linux-gnu/lib/rustlib/src/rust/library/core/src/result.rs:966:15 in function std::result::Result::<std::ptr::NonNull<[u8]>, std::alloc::AllocError>::map_err::<std::collections::TryReserveErrorKind, {closure@alloc::raw_vec::RawVecInner::shrink_unchecked::{closure#0}}>

Check 137: frame::RunFrame::read_taint.safety_check.1
	 - Status: SUCCESS
	 - Description: "misaligned pointer to reference cast: address must be a multiple of its type's alignment"
	 - Location: crates/vb_core/src/frame.rs:317:26 in function frame::RunFrame::read_taint

Check 138: frame::RunFrame::read_taint.safety_check.2
	 - Status: SUCCESS
	 - Description: "dereference failure: pointer invalid"
	 - Location: crates/vb_core/src/frame.rs:317:26 in function frame::RunFrame::read_taint

Check 139: frame::RunFrame::read_taint.unreachable.1
	 - Status: SUCCESS
	 - Description: "unreachable code"
	 - Location: crates/vb_core/src/frame.rs:317:26 in function frame::RunFrame::read_taint

Check 140: frame::RunFrame::read_taint.safety_check.3
	 - Status: SUCCESS
	 - Description: "misaligned pointer to reference cast: address must be a multiple of its type's alignment"
	 - Location: crates/vb_core/src/frame.rs:324:9 in function frame::RunFrame::read_taint

Check 141: frame::RunFrame::read_taint.safety_check.4
	 - Status: SUCCESS
	 - Description: "dereference failure: pointer invalid"
	 - Location: crates/vb_core/src/frame.rs:324:9 in function frame::RunFrame::read_taint

Check 142: std::boxed::Box::<[std::mem::MaybeUninit<std::option::Option<value::SlotValue>>]>::into_raw_with_allocator.safety_check.1
	 - Status: SUCCESS
	 - Description: "misaligned pointer to reference cast: address must be a multiple of its type's alignment"
	 - Location: ../../../../../runner/.rustup/toolchains/nightly-2025-11-21-x86_64-unknown-linux-gnu/lib/rustlib/src/rust/library/alloc/src/boxed.rs:1485:19 in function std::boxed::Box::<[std::mem::MaybeUninit<std::option::Option<value::SlotValue>>]>::into_raw_with_allocator

Check 143: std::boxed::Box::<[std::mem::MaybeUninit<std::option::Option<value::SlotValue>>]>::into_raw_with_allocator.safety_check.2
	 - Status: SUCCESS
	 - Description: "dereference failure: pointer invalid"
	 - Location: ../../../../../runner/.rustup/toolchains/nightly-2025-11-21-x86_64-unknown-linux-gnu/lib/rustlib/src/rust/library/alloc/src/boxed.rs:1485:19 in function std::boxed::Box::<[std::mem::MaybeUninit<std::option::Option<value::SlotValue>>]>::into_raw_with_allocator

Check 144: std::option::Option::<&mut value::Taint>::ok_or::<errors::CoreError>.unreachable.1
	 - Status: SUCCESS
	 - Description: "unreachable code"
	 - Location: ../../../../../runner/.rustup/toolchains/nightly-2025-11-21-x86_64-unknown-linux-gnu/lib/rustlib/src/rust/library/core/src/option.rs:1338:15 in function std::option::Option::<&mut value::Taint>::ok_or::<errors::CoreError>

Check 145: std::ptr::drop_in_place::<alloc::raw_vec::RawVec<capability::Capability>>.safety_check.1
	 - Status: SUCCESS
	 - Description: "misaligned pointer to reference cast: address must be a multiple of its type's alignment"
	 - Location: ../../../../../runner/.rustup/toolchains/nightly-2025-11-21-x86_64-unknown-linux-gnu/lib/rustlib/src/rust/library/core/src/ptr/mod.rs:805:1 in function std::ptr::drop_in_place::<alloc::raw_vec::RawVec<capability::Capability>>

Check 146: std::ptr::drop_in_place::<alloc::raw_vec::RawVec<capability::Capability>>.safety_check.2
	 - Status: SUCCESS
	 - Description: "dereference failure: pointer invalid"
	 - Location: ../../../../../runner/.rustup/toolchains/nightly-2025-11-21-x86_64-unknown-linux-gnu/lib/rustlib/src/rust/library/core/src/ptr/mod.rs:805:1 in function std::ptr::drop_in_place::<alloc::raw_vec::RawVec<capability::Capability>>

Check 147: std::vec::Vec::<frame::StepState>::extend_with.unreachable.1
	 - Status: SUCCESS
	 - Description: "unreachable code"
	 - Location: ../../../../../runner/.rustup/toolchains/nightly-2025-11-21-x86_64-unknown-linux-gnu/lib/rustlib/src/rust/library/alloc/src/vec/mod.rs:3454:22 in function std::vec::Vec::<frame::StepState>::extend_with

Check 148: <std::result::Result<std::ptr::NonNull<[u8]>, std::collections::TryReserveError> as std::ops::Try>::branch.unreachable.1
	 - Status: SUCCESS
	 - Description: "unreachable code"
	 - Location: ../../../../../runner/.rustup/toolchains/nightly-2025-11-21-x86_64-unknown-linux-gnu/lib/rustlib/src/rust/library/core/src/result.rs:2173:15 in function <std::result::Result<std::ptr::NonNull<[u8]>, std::collections::TryReserveError> as std::ops::Try>::branch

Check 149: std::alloc::Layout::repeat.unreachable.1
	 - Status: SUCCESS
	 - Description: "unreachable code"
	 - Location: ../../../../../runner/.rustup/toolchains/nightly-2025-11-21-x86_64-unknown-linux-gnu/lib/rustlib/src/rust/library/core/src/alloc/layout.rs:359:5 in function std::alloc::Layout::repeat

Check 150: std::vec::Vec::<value::Taint>::len.assume.1
	 - Status: SUCCESS
	 - Description: "Rust intrinsic assumption failed"
	 - Location: ../../../../../runner/.rustup/toolchains/nightly-2025-11-21-x86_64-unknown-linux-gnu/lib/rustlib/src/rust/library/alloc/src/vec/mod.rs:2859:18 in function std::vec::Vec::<value::Taint>::len

Check 151: std::alloc::Layout::is_size_align_valid.unreachable.1
	 - Status: SUCCESS
	 - Description: "unreachable code"
	 - Location: ../../../../../runner/.rustup/toolchains/nightly-2025-11-21-x86_64-unknown-linux-gnu/lib/rustlib/src/rust/library/core/src/alloc/layout.rs:68:5 in function std::alloc::Layout::is_size_align_valid

Check 152: <std::result::Result<&std::option::Option<value::SlotValue>, errors::CoreError> as std::ops::Try>::branch.unreachable.1
	 - Status: SUCCESS
	 - Description: "unreachable code"
	 - Location: ../../../../../runner/.rustup/toolchains/nightly-2025-11-21-x86_64-unknown-linux-gnu/lib/rustlib/src/rust/library/core/src/result.rs:2173:15 in function <std::result::Result<&std::option::Option<value::SlotValue>, errors::CoreError> as std::ops::Try>::branch

Check 153: std::result::Result::<(std::alloc::Layout, usize), std::alloc::LayoutError>::map::<std::alloc::Layout, {closure@alloc::raw_vec::layout_array::{closure#0}}>.unreachable.1
	 - Status: SUCCESS
	 - Description: "unreachable code"
	 - Location: ../../../../../runner/.rustup/toolchains/nightly-2025-11-21-x86_64-unknown-linux-gnu/lib/rustlib/src/rust/library/core/src/result.rs:835:15 in function std::result::Result::<(std::alloc::Layout, usize), std::alloc::LayoutError>::map::<std::alloc::Layout, {closure@alloc::raw_vec::layout_array::{closure#0}}>

Check 154: kani::mem::cbmc::same_allocation.unsupported_construct.1
	 - Status: SUCCESS
	 - Description: "Kani does not support reasoning about pointer to unallocated memory"
	 - Location: ../../../../../runner/work/kani/kani/library/kani/src/lib.rs:57:1 in function kani::mem::cbmc::same_allocation

Check 155: std::ptr::drop_in_place::<std::vec::Vec<capability::Capability>>.safety_check.1
	 - Status: SUCCESS
	 - Description: "misaligned pointer to reference cast: address must be a multiple of its type's alignment"
	 - Location: ../../../../../runner/.rustup/toolchains/nightly-2025-11-21-x86_64-unknown-linux-gnu/lib/rustlib/src/rust/library/core/src/ptr/mod.rs:805:1 in function std::ptr::drop_in_place::<std::vec::Vec<capability::Capability>>

Check 156: std::ptr::drop_in_place::<std::vec::Vec<capability::Capability>>.safety_check.2
	 - Status: SUCCESS
	 - Description: "dereference failure: pointer invalid"
	 - Location: ../../../../../runner/.rustup/toolchains/nightly-2025-11-21-x86_64-unknown-linux-gnu/lib/rustlib/src/rust/library/core/src/ptr/mod.rs:805:1 in function std::ptr::drop_in_place::<std::vec::Vec<capability::Capability>>

Check 157: std::ptr::drop_in_place::<std::boxed::Box<str>>.safety_check.1
	 - Status: SUCCESS
	 - Description: "misaligned pointer to reference cast: address must be a multiple of its type's alignment"
	 - Location: ../../../../../runner/.rustup/toolchains/nightly-2025-11-21-x86_64-unknown-linux-gnu/lib/rustlib/src/rust/library/core/src/ptr/mod.rs:805:1 in function std::ptr::drop_in_place::<std::boxed::Box<str>>

Check 158: std::ptr::drop_in_place::<std::boxed::Box<str>>.safety_check.2
	 - Status: SUCCESS
	 - Description: "dereference failure: pointer invalid"
	 - Location: ../../../../../runner/.rustup/toolchains/nightly-2025-11-21-x86_64-unknown-linux-gnu/lib/rustlib/src/rust/library/core/src/ptr/mod.rs:805:1 in function std::ptr::drop_in_place::<std::boxed::Box<str>>

Check 159: std::boxed::Box::<[std::mem::MaybeUninit<frame::StepState>]>::into_raw_with_allocator.safety_check.1
	 - Status: SUCCESS
	 - Description: "misaligned pointer to reference cast: address must be a multiple of its type's alignment"
	 - Location: ../../../../../runner/.rustup/toolchains/nightly-2025-11-21-x86_64-unknown-linux-gnu/lib/rustlib/src/rust/library/alloc/src/boxed.rs:1485:19 in function std::boxed::Box::<[std::mem::MaybeUninit<frame::StepState>]>::into_raw_with_allocator

Check 160: std::boxed::Box::<[std::mem::MaybeUninit<frame::StepState>]>::into_raw_with_allocator.safety_check.2
	 - Status: SUCCESS
	 - Description: "dereference failure: pointer invalid"
	 - Location: ../../../../../runner/.rustup/toolchains/nightly-2025-11-21-x86_64-unknown-linux-gnu/lib/rustlib/src/rust/library/alloc/src/boxed.rs:1485:19 in function std::boxed::Box::<[std::mem::MaybeUninit<frame::StepState>]>::into_raw_with_allocator

Check 161: kani::rustc_intrinsics::align_of_val_raw::<[value::Taint]>.unreachable.1
	 - Status: SUCCESS
	 - Description: "unreachable code"
	 - Location: ../../../../../runner/work/kani/kani/library/kani_core/src/models.rs:43:13 in function kani::rustc_intrinsics::align_of_val_raw::<[value::Taint]>

Check 162: kani::rustc_intrinsics::align_of_val_raw::<[value::Taint]>.safety_check.1
	 - Status: SUCCESS
	 - Description: "failed to compute `align_of_val`"
	 - Location: ../../../../../runner/work/kani/kani/library/kani/src/lib.rs:57:1 in function kani::rustc_intrinsics::align_of_val_raw::<[value::Taint]>

Check 163: kani::rustc_intrinsics::align_of_val_raw::<[value::Taint]>.assertion.1
	 - Status: SUCCESS
	 - Description: "cannot compute `align_of_val` for extern types"
	 - Location: ../../../../../runner/work/kani/kani/library/kani/src/lib.rs:57:1 in function kani::rustc_intrinsics::align_of_val_raw::<[value::Taint]>

Check 164: alloc::raw_vec::handle_error.unreachable.1
	 - Status: SUCCESS
	 - Description: "unreachable code"
	 - Location: ../../../../../runner/.rustup/toolchains/nightly-2025-11-21-x86_64-unknown-linux-gnu/lib/rustlib/src/rust/library/alloc/src/raw_vec/mod.rs:845:11 in function alloc::raw_vec::handle_error

Check 165: std::hint::assert_unchecked.assume.1
	 - Status: SUCCESS
	 - Description: "Rust intrinsic assumption failed"
	 - Location: ../../../../../runner/.rustup/toolchains/nightly-2025-11-21-x86_64-unknown-linux-gnu/lib/rustlib/src/rust/library/core/src/hint.rs:210:9 in function std::hint::assert_unchecked

Check 166: std::option::Option::<value::Taint>::ok_or::<errors::CoreError>.unreachable.1
	 - Status: SUCCESS
	 - Description: "unreachable code"
	 - Location: ../../../../../runner/.rustup/toolchains/nightly-2025-11-21-x86_64-unknown-linux-gnu/lib/rustlib/src/rust/library/core/src/option.rs:1338:15 in function std::option::Option::<value::Taint>::ok_or::<errors::CoreError>

Check 167: std::boxed::Box::<[std::mem::MaybeUninit<value::Taint>]>::into_raw_with_allocator.safety_check.1
	 - Status: SUCCESS
	 - Description: "misaligned pointer to reference cast: address must be a multiple of its type's alignment"
	 - Location: ../../../../../runner/.rustup/toolchains/nightly-2025-11-21-x86_64-unknown-linux-gnu/lib/rustlib/src/rust/library/alloc/src/boxed.rs:1485:19 in function std::boxed::Box::<[std::mem::MaybeUninit<value::Taint>]>::into_raw_with_allocator

Check 168: std::boxed::Box::<[std::mem::MaybeUninit<value::Taint>]>::into_raw_with_allocator.safety_check.2
	 - Status: SUCCESS
	 - Description: "dereference failure: pointer invalid"
	 - Location: ../../../../../runner/.rustup/toolchains/nightly-2025-11-21-x86_64-unknown-linux-gnu/lib/rustlib/src/rust/library/alloc/src/boxed.rs:1485:19 in function std::boxed::Box::<[std::mem::MaybeUninit<value::Taint>]>::into_raw_with_allocator

Check 169: calloc.pointer_dereference.1
	 - Status: SUCCESS
	 - Description: "dereference failure: dead object"
	 - Location: <builtin-library-calloc>:14 in function calloc

Check 170: <usize as std::slice::SliceIndex<[value::Taint]>>::get_mut.pointer_dereference.1
	 - Status: SUCCESS
	 - Description: "dereference failure: dead object"
	 - Location: ../../../../../runner/.rustup/toolchains/nightly-2025-11-21-x86_64-unknown-linux-gnu/lib/rustlib/src/rust/library/core/src/slice/index.rs:233:13 in function <usize as std::slice::SliceIndex<[value::Taint]>>::get_mut

Check 171: std::alloc::Layout::pad_to_align.pointer_dereference.1
	 - Status: SUCCESS
	 - Description: "dereference failure: pointer NULL"
	 - Location: ../../../../../runner/.rustup/toolchains/nightly-2025-11-21-x86_64-unknown-linux-gnu/lib/rustlib/src/rust/library/core/src/alloc/layout.rs:324:61 in function std::alloc::Layout::pad_to_align

Check 172: std::alloc::Layout::pad_to_align.pointer_dereference.2
	 - Status: SUCCESS
	 - Description: "dereference failure: pointer invalid"
	 - Location: ../../../../../runner/.rustup/toolchains/nightly-2025-11-21-x86_64-unknown-linux-gnu/lib/rustlib/src/rust/library/core/src/alloc/layout.rs:324:61 in function std::alloc::Layout::pad_to_align

Check 173: std::alloc::Layout::pad_to_align.pointer_dereference.3
	 - Status: SUCCESS
	 - Description: "dereference failure: deallocated dynamic object"
	 - Location: ../../../../../runner/.rustup/toolchains/nightly-2025-11-21-x86_64-unknown-linux-gnu/lib/rustlib/src/rust/library/core/src/alloc/layout.rs:324:61 in function std::alloc::Layout::pad_to_align

Check 174: std::alloc::Layout::pad_to_align.pointer_dereference.4
	 - Status: SUCCESS
	 - Description: "dereference failure: dead object"
	 - Location: ../../../../../runner/.rustup/toolchains/nightly-2025-11-21-x86_64-unknown-linux-gnu/lib/rustlib/src/rust/library/core/src/alloc/layout.rs:324:61 in function std::alloc::Layout::pad_to_align

Check 175: std::alloc::Layout::pad_to_align.pointer_dereference.5
	 - Status: SUCCESS
	 - Description: "dereference failure: pointer outside object bounds"
	 - Location: ../../../../../runner/.rustup/toolchains/nightly-2025-11-21-x86_64-unknown-linux-gnu/lib/rustlib/src/rust/library/core/src/alloc/layout.rs:324:61 in function std::alloc::Layout::pad_to_align

Check 176: std::alloc::Layout::pad_to_align.pointer_dereference.6
	 - Status: SUCCESS
	 - Description: "dereference failure: invalid integer address"
	 - Location: ../../../../../runner/.rustup/toolchains/nightly-2025-11-21-x86_64-unknown-linux-gnu/lib/rustlib/src/rust/library/core/src/alloc/layout.rs:324:61 in function std::alloc::Layout::pad_to_align

Check 177: std::boxed::Box::<[std::mem::MaybeUninit<value::Taint>]>::into_raw_with_allocator.pointer_dereference.1
	 - Status: SUCCESS
	 - Description: "dereference failure: pointer NULL"
	 - Location: ../../../../../runner/.rustup/toolchains/nightly-2025-11-21-x86_64-unknown-linux-gnu/lib/rustlib/src/rust/library/alloc/src/boxed.rs:1485:19 in function std::boxed::Box::<[std::mem::MaybeUninit<value::Taint>]>::into_raw_with_allocator

Check 178: std::boxed::Box::<[std::mem::MaybeUninit<value::Taint>]>::into_raw_with_allocator.pointer_dereference.2
	 - Status: SUCCESS
	 - Description: "dereference failure: pointer invalid"
	 - Location: ../../../../../runner/.rustup/toolchains/nightly-2025-11-21-x86_64-unknown-linux-gnu/lib/rustlib/src/rust/library/alloc/src/boxed.rs:1485:19 in function std::boxed::Box::<[std::mem::MaybeUninit<value::Taint>]>::into_raw_with_allocator

Check 179: std::boxed::Box::<[std::mem::MaybeUninit<value::Taint>]>::into_raw_with_allocator.pointer_dereference.3
	 - Status: SUCCESS
	 - Description: "dereference failure: deallocated dynamic object"
	 - Location: ../../../../../runner/.rustup/toolchains/nightly-2025-11-21-x86_64-unknown-linux-gnu/lib/rustlib/src/rust/library/alloc/src/boxed.rs:1485:19 in function std::boxed::Box::<[std::mem::MaybeUninit<value::Taint>]>::into_raw_with_allocator

Check 180: std::boxed::Box::<[std::mem::MaybeUninit<value::Taint>]>::into_raw_with_allocator.pointer_dereference.4
	 - Status: SUCCESS
	 - Description: "dereference failure: dead object"
	 - Location: ../../../../../runner/.rustup/toolchains/nightly-2025-11-21-x86_64-unknown-linux-gnu/lib/rustlib/src/rust/library/alloc/src/boxed.rs:1485:19 in function std::boxed::Box::<[std::mem::MaybeUninit<value::Taint>]>::into_raw_with_allocator

Check 181: std::boxed::Box::<[std::mem::MaybeUninit<value::Taint>]>::into_raw_with_allocator.pointer_dereference.5
	 - Status: SUCCESS
	 - Description: "dereference failure: pointer outside object bounds"
	 - Location: ../../../../../runner/.rustup/toolchains/nightly-2025-11-21-x86_64-unknown-linux-gnu/lib/rustlib/src/rust/library/alloc/src/boxed.rs:1485:19 in function std::boxed::Box::<[std::mem::MaybeUninit<value::Taint>]>::into_raw_with_allocator

Check 182: std::boxed::Box::<[std::mem::MaybeUninit<value::Taint>]>::into_raw_with_allocator.pointer_dereference.6
	 - Status: SUCCESS
	 - Description: "dereference failure: invalid integer address"
	 - Location: ../../../../../runner/.rustup/toolchains/nightly-2025-11-21-x86_64-unknown-linux-gnu/lib/rustlib/src/rust/library/alloc/src/boxed.rs:1485:19 in function std::boxed::Box::<[std::mem::MaybeUninit<value::Taint>]>::into_raw_with_allocator

Check 183: alloc::raw_vec::layout_array::{closure#1}.pointer_dereference.1
	 - Status: SUCCESS
	 - Description: "dereference failure: dead object"
	 - Location: ../../../../../runner/.rustup/toolchains/nightly-2025-11-21-x86_64-unknown-linux-gnu/lib/rustlib/src/rust/library/alloc/src/raw_vec/mod.rs:853:70 in function alloc::raw_vec::layout_array::{closure#1}

Check 184: std::alloc::Layout::align.pointer_dereference.1
	 - Status: SUCCESS
	 - Description: "dereference failure: pointer NULL"
	 - Location: ../../../../../runner/.rustup/toolchains/nightly-2025-11-21-x86_64-unknown-linux-gnu/lib/rustlib/src/rust/library/core/src/alloc/layout.rs:152:9 in function std::alloc::Layout::align

Check 185: std::alloc::Layout::align.pointer_dereference.2
	 - Status: SUCCESS
	 - Description: "dereference failure: pointer invalid"
	 - Location: ../../../../../runner/.rustup/toolchains/nightly-2025-11-21-x86_64-unknown-linux-gnu/lib/rustlib/src/rust/library/core/src/alloc/layout.rs:152:9 in function std::alloc::Layout::align

Check 186: std::alloc::Layout::align.pointer_dereference.3
	 - Status: SUCCESS
	 - Description: "dereference failure: deallocated dynamic object"
	 - Location: ../../../../../runner/.rustup/toolchains/nightly-2025-11-21-x86_64-unknown-linux-gnu/lib/rustlib/src/rust/library/core/src/alloc/layout.rs:152:9 in function std::alloc::Layout::align

Check 187: std::alloc::Layout::align.pointer_dereference.4
	 - Status: SUCCESS
	 - Description: "dereference failure: dead object"
	 - Location: ../../../../../runner/.rustup/toolchains/nightly-2025-11-21-x86_64-unknown-linux-gnu/lib/rustlib/src/rust/library/core/src/alloc/layout.rs:152:9 in function std::alloc::Layout::align

Check 188: std::alloc::Layout::align.pointer_dereference.5
	 - Status: SUCCESS
	 - Description: "dereference failure: pointer outside object bounds"
	 - Location: ../../../../../runner/.rustup/toolchains/nightly-2025-11-21-x86_64-unknown-linux-gnu/lib/rustlib/src/rust/library/core/src/alloc/layout.rs:152:9 in function std::alloc::Layout::align

Check 189: std::alloc::Layout::align.pointer_dereference.6
	 - Status: SUCCESS
	 - Description: "dereference failure: invalid integer address"
	 - Location: ../../../../../runner/.rustup/toolchains/nightly-2025-11-21-x86_64-unknown-linux-gnu/lib/rustlib/src/rust/library/core/src/alloc/layout.rs:152:9 in function std::alloc::Layout::align

Check 190: std::cmp::impls::<impl std::cmp::PartialOrd for usize>::lt.pointer_dereference.1
	 - Status: SUCCESS
	 - Description: "dereference failure: pointer NULL"
	 - Location: ../../../../../runner/.rustup/toolchains/nightly-2025-11-21-x86_64-unknown-linux-gnu/lib/rustlib/src/rust/library/core/src/cmp.rs:1903:50 in function std::cmp::impls::<impl std::cmp::PartialOrd for usize>::lt

Check 191: std::cmp::impls::<impl std::cmp::PartialOrd for usize>::lt.pointer_dereference.2
	 - Status: SUCCESS
	 - Description: "dereference failure: pointer invalid"
	 - Location: ../../../../../runner/.rustup/toolchains/nightly-2025-11-21-x86_64-unknown-linux-gnu/lib/rustlib/src/rust/library/core/src/cmp.rs:1903:50 in function std::cmp::impls::<impl std::cmp::PartialOrd for usize>::lt

Check 192: std::cmp::impls::<impl std::cmp::PartialOrd for usize>::lt.pointer_dereference.3
	 - Status: SUCCESS
	 - Description: "dereference failure: deallocated dynamic object"
	 - Location: ../../../../../runner/.rustup/toolchains/nightly-2025-11-21-x86_64-unknown-linux-gnu/lib/rustlib/src/rust/library/core/src/cmp.rs:1903:50 in function std::cmp::impls::<impl std::cmp::PartialOrd for usize>::lt

Check 193: std::cmp::impls::<impl std::cmp::PartialOrd for usize>::lt.pointer_dereference.4
	 - Status: SUCCESS
	 - Description: "dereference failure: dead object"
	 - Location: ../../../../../runner/.rustup/toolchains/nightly-2025-11-21-x86_64-unknown-linux-gnu/lib/rustlib/src/rust/library/core/src/cmp.rs:1903:50 in function std::cmp::impls::<impl std::cmp::PartialOrd for usize>::lt

Check 194: std::cmp::impls::<impl std::cmp::PartialOrd for usize>::lt.pointer_dereference.5
	 - Status: SUCCESS
	 - Description: "dereference failure: pointer outside object bounds"
	 - Location: ../../../../../runner/.rustup/toolchains/nightly-2025-11-21-x86_64-unknown-linux-gnu/lib/rustlib/src/rust/library/core/src/cmp.rs:1903:50 in function std::cmp::impls::<impl std::cmp::PartialOrd for usize>::lt

Check 195: std::cmp::impls::<impl std::cmp::PartialOrd for usize>::lt.pointer_dereference.6
	 - Status: SUCCESS
	 - Description: "dereference failure: invalid integer address"
	 - Location: ../../../../../runner/.rustup/toolchains/nightly-2025-11-21-x86_64-unknown-linux-gnu/lib/rustlib/src/rust/library/core/src/cmp.rs:1903:50 in function std::cmp::impls::<impl std::cmp::PartialOrd for usize>::lt

Check 196: std::cmp::impls::<impl std::cmp::PartialOrd for usize>::lt.pointer_dereference.7
	 - Status: SUCCESS
	 - Description: "dereference failure: pointer NULL"
	 - Location: ../../../../../runner/.rustup/toolchains/nightly-2025-11-21-x86_64-unknown-linux-gnu/lib/rustlib/src/rust/library/core/src/cmp.rs:1903:59 in function std::cmp::impls::<impl std::cmp::PartialOrd for usize>::lt

Check 197: std::cmp::impls::<impl std::cmp::PartialOrd for usize>::lt.pointer_dereference.8
	 - Status: SUCCESS
	 - Description: "dereference failure: pointer invalid"
	 - Location: ../../../../../runner/.rustup/toolchains/nightly-2025-11-21-x86_64-unknown-linux-gnu/lib/rustlib/src/rust/library/core/src/cmp.rs:1903:59 in function std::cmp::impls::<impl std::cmp::PartialOrd for usize>::lt

Check 198: std::cmp::impls::<impl std::cmp::PartialOrd for usize>::lt.pointer_dereference.9
	 - Status: SUCCESS
	 - Description: "dereference failure: deallocated dynamic object"
	 - Location: ../../../../../runner/.rustup/toolchains/nightly-2025-11-21-x86_64-unknown-linux-gnu/lib/rustlib/src/rust/library/core/src/cmp.rs:1903:59 in function std::cmp::impls::<impl std::cmp::PartialOrd for usize>::lt

Check 199: std::cmp::impls::<impl std::cmp::PartialOrd for usize>::lt.pointer_dereference.10
	 - Status: SUCCESS
	 - Description: "dereference failure: dead object"
	 - Location: ../../../../../runner/.rustup/toolchains/nightly-2025-11-21-x86_64-unknown-linux-gnu/lib/rustlib/src/rust/library/core/src/cmp.rs:1903:59 in function std::cmp::impls::<impl std::cmp::PartialOrd for usize>::lt

Check 200: std::cmp::impls::<impl std::cmp::PartialOrd for usize>::lt.pointer_dereference.11
	 - Status: SUCCESS
	 - Description: "dereference failure: pointer outside object bounds"
	 - Location: ../../../../../runner/.rustup/toolchains/nightly-2025-11-21-x86_64-unknown-linux-gnu/lib/rustlib/src/rust/library/core/src/cmp.rs:1903:59 in function std::cmp::impls::<impl std::cmp::PartialOrd for usize>::lt

Check 201: std::cmp::impls::<impl std::cmp::PartialOrd for usize>::lt.pointer_dereference.12
	 - Status: SUCCESS
	 - Description: "dereference failure: invalid integer address"
	 - Location: ../../../../../runner/.rustup/toolchains/nightly-2025-11-21-x86_64-unknown-linux-gnu/lib/rustlib/src/rust/library/core/src/cmp.rs:1903:59 in function std::cmp::impls::<impl std::cmp::PartialOrd for usize>::lt

Check 202: action::validate_idempotency_key_ingredients.pointer_dereference.1
	 - Status: SUCCESS
	 - Description: "dereference failure: dead object"
	 - Location: crates/vb_core/src/action.rs:333:27 in function action::validate_idempotency_key_ingredients

Check 203: action::validate_idempotency_key_ingredients.pointer_dereference.2
	 - Status: SUCCESS
	 - Description: "dereference failure: pointer NULL"
	 - Location: crates/vb_core/src/action.rs:333:19 in function action::validate_idempotency_key_ingredients

Check 204: action::validate_idempotency_key_ingredients.pointer_dereference.3
	 - Status: SUCCESS
	 - Description: "dereference failure: pointer invalid"
	 - Location: crates/vb_core/src/action.rs:333:19 in function action::validate_idempotency_key_ingredients

Check 205: action::validate_idempotency_key_ingredients.pointer_dereference.4
	 - Status: SUCCESS
	 - Description: "dereference failure: deallocated dynamic object"
	 - Location: crates/vb_core/src/action.rs:333:19 in function action::validate_idempotency_key_ingredients

Check 206: action::validate_idempotency_key_ingredients.pointer_dereference.5
	 - Status: SUCCESS
	 - Description: "dereference failure: dead object"
	 - Location: crates/vb_core/src/action.rs:333:19 in function action::validate_idempotency_key_ingredients

Check 207: action::validate_idempotency_key_ingredients.pointer_dereference.6
	 - Status: SUCCESS
	 - Description: "dereference failure: pointer outside object bounds"
	 - Location: crates/vb_core/src/action.rs:333:19 in function action::validate_idempotency_key_ingredients

Check 208: action::validate_idempotency_key_ingredients.pointer_dereference.7
	 - Status: SUCCESS
	 - Description: "dereference failure: invalid integer address"
	 - Location: crates/vb_core/src/action.rs:333:19 in function action::validate_idempotency_key_ingredients

Check 209: action::validate_idempotency_key_ingredients.pointer_dereference.8
	 - Status: SUCCESS
	 - Description: "dereference failure: dead object"
	 - Location: crates/vb_core/src/action.rs:336:30 in function action::validate_idempotency_key_ingredients

Check 210: action::validate_idempotency_key_ingredients.pointer_dereference.9
	 - Status: SUCCESS
	 - Description: "dereference failure: dead object"
	 - Location: crates/vb_core/src/action.rs:360:5 in function action::validate_idempotency_key_ingredients

Check 211: pointer_dereference.1
	 - Status: SUCCESS
	 - Description: "dereference failure: pointer NULL"

Check 212: pointer_dereference.2
	 - Status: SUCCESS
	 - Description: "dereference failure: pointer invalid"

Check 213: pointer_dereference.3
	 - Status: SUCCESS
	 - Description: "dereference failure: deallocated dynamic object"

Check 214: pointer_dereference.4
	 - Status: SUCCESS
	 - Description: "dereference failure: dead object"

Check 215: pointer_dereference.5
	 - Status: SUCCESS
	 - Description: "dereference failure: pointer outside object bounds"

Check 216: pointer_dereference.6
	 - Status: SUCCESS
	 - Description: "dereference failure: invalid integer address"

Check 217: std::vec::set_len_on_drop::SetLenOnDrop::<'_>::increment_len.pointer_dereference.1
	 - Status: SUCCESS
	 - Description: "dereference failure: pointer NULL"
	 - Location: ../../../../../runner/.rustup/toolchains/nightly-2025-11-21-x86_64-unknown-linux-gnu/lib/rustlib/src/rust/library/alloc/src/vec/set_len_on_drop.rs:19:9 in function std::vec::set_len_on_drop::SetLenOnDrop::<'_>::increment_len

Check 218: std::vec::set_len_on_drop::SetLenOnDrop::<'_>::increment_len.pointer_dereference.2
	 - Status: SUCCESS
	 - Description: "dereference failure: pointer invalid"
	 - Location: ../../../../../runner/.rustup/toolchains/nightly-2025-11-21-x86_64-unknown-linux-gnu/lib/rustlib/src/rust/library/alloc/src/vec/set_len_on_drop.rs:19:9 in function std::vec::set_len_on_drop::SetLenOnDrop::<'_>::increment_len

Check 219: std::vec::set_len_on_drop::SetLenOnDrop::<'_>::increment_len.pointer_dereference.3
	 - Status: SUCCESS
	 - Description: "dereference failure: deallocated dynamic object"
	 - Location: ../../../../../runner/.rustup/toolchains/nightly-2025-11-21-x86_64-unknown-linux-gnu/lib/rustlib/src/rust/library/alloc/src/vec/set_len_on_drop.rs:19:9 in function std::vec::set_len_on_drop::SetLenOnDrop::<'_>::increment_len

Check 220: std::vec::set_len_on_drop::SetLenOnDrop::<'_>::increment_len.pointer_dereference.4
	 - Status: SUCCESS
	 - Description: "dereference failure: dead object"
	 - Location: ../../../../../runner/.rustup/toolchains/nightly-2025-11-21-x86_64-unknown-linux-gnu/lib/rustlib/src/rust/library/alloc/src/vec/set_len_on_drop.rs:19:9 in function std::vec::set_len_on_drop::SetLenOnDrop::<'_>::increment_len

Check 221: std::vec::set_len_on_drop::SetLenOnDrop::<'_>::increment_len.pointer_dereference.5
	 - Status: SUCCESS
	 - Description: "dereference failure: pointer outside object bounds"
	 - Location: ../../../../../runner/.rustup/toolchains/nightly-2025-11-21-x86_64-unknown-linux-gnu/lib/rustlib/src/rust/library/alloc/src/vec/set_len_on_drop.rs:19:9 in function std::vec::set_len_on_drop::SetLenOnDrop::<'_>::increment_len

Check 222: std::vec::set_len_on_drop::SetLenOnDrop::<'_>::increment_len.pointer_dereference.6
	 - Status: SUCCESS
	 - Description: "dereference failure: invalid integer address"
	 - Location: ../../../../../runner/.rustup/toolchains/nightly-2025-11-21-x86_64-unknown-linux-gnu/lib/rustlib/src/rust/library/alloc/src/vec/set_len_on_drop.rs:19:9 in function std::vec::set_len_on_drop::SetLenOnDrop::<'_>::increment_len

Check 223: std::ptr::drop_in_place::<std::result::Result<(), errors::CoreError>>.pointer_dereference.1
	 - Status: SUCCESS
	 - Description: "dereference failure: pointer NULL"
	 - Location: ../../../../../runner/.rustup/toolchains/nightly-2025-11-21-x86_64-unknown-linux-gnu/lib/rustlib/src/rust/library/core/src/ptr/mod.rs:805:1 in function std::ptr::drop_in_place::<std::result::Result<(), errors::CoreError>>

Check 224: std::ptr::drop_in_place::<std::result::Result<(), errors::CoreError>>.pointer_dereference.2
	 - Status: SUCCESS
	 - Description: "dereference failure: pointer invalid"
	 - Location: ../../../../../runner/.rustup/toolchains/nightly-2025-11-21-x86_64-unknown-linux-gnu/lib/rustlib/src/rust/library/core/src/ptr/mod.rs:805:1 in function std::ptr::drop_in_place::<std::result::Result<(), errors::CoreError>>

Check 225: std::ptr::drop_in_place::<std::result::Result<(), errors::CoreError>>.pointer_dereference.3
	 - Status: SUCCESS
	 - Description: "dereference failure: deallocated dynamic object"
	 - Location: ../../../../../runner/.rustup/toolchains/nightly-2025-11-21-x86_64-unknown-linux-gnu/lib/rustlib/src/rust/library/core/src/ptr/mod.rs:805:1 in function std::ptr::drop_in_place::<std::result::Result<(), errors::CoreError>>

Check 226: std::ptr::drop_in_place::<std::result::Result<(), errors::CoreError>>.pointer_dereference.4
	 - Status: SUCCESS
	 - Description: "dereference failure: dead object"
	 - Location: ../../../../../runner/.rustup/toolchains/nightly-2025-11-21-x86_64-unknown-linux-gnu/lib/rustlib/src/rust/library/core/src/ptr/mod.rs:805:1 in function std::ptr::drop_in_place::<std::result::Result<(), errors::CoreError>>

Check 227: std::ptr::drop_in_place::<std::result::Result<(), errors::CoreError>>.pointer_dereference.5
	 - Status: SUCCESS
	 - Description: "dereference failure: pointer outside object bounds"
	 - Location: ../../../../../runner/.rustup/toolchains/nightly-2025-11-21-x86_64-unknown-linux-gnu/lib/rustlib/src/rust/library/core/src/ptr/mod.rs:805:1 in function std::ptr::drop_in_place::<std::result::Result<(), errors::CoreError>>

Check 228: std::ptr::drop_in_place::<std::result::Result<(), errors::CoreError>>.pointer_dereference.6
	 - Status: SUCCESS
	 - Description: "dereference failure: invalid integer address"
	 - Location: ../../../../../runner/.rustup/toolchains/nightly-2025-11-21-x86_64-unknown-linux-gnu/lib/rustlib/src/rust/library/core/src/ptr/mod.rs:805:1 in function std::ptr::drop_in_place::<std::result::Result<(), errors::CoreError>>

Check 229: std::result::Result::<std::alloc::Layout, std::alloc::LayoutError>::map_err::<std::collections::TryReserveError, {closure@alloc::raw_vec::layout_array::{closure#1}}>.pointer_dereference.1
	 - Status: SUCCESS
	 - Description: "dereference failure: dead object"
	 - Location: ../../../../../runner/.rustup/toolchains/nightly-2025-11-21-x86_64-unknown-linux-gnu/lib/rustlib/src/rust/library/core/src/result.rs:966:15 in function std::result::Result::<std::alloc::Layout, std::alloc::LayoutError>::map_err::<std::collections::TryReserveError, {closure@alloc::raw_vec::layout_array::{closure#1}}>

Check 230: <std::boxed::Box<[value::Taint]> as std::ops::Drop>::drop.pointer_dereference.1
	 - Status: SUCCESS
	 - Description: "dereference failure: pointer NULL"
	 - Location: ../../../../../runner/.rustup/toolchains/nightly-2025-11-21-x86_64-unknown-linux-gnu/lib/rustlib/src/rust/library/alloc/src/boxed.rs:1761:19 in function <std::boxed::Box<[value::Taint]> as std::ops::Drop>::drop

Check 231: <std::boxed::Box<[value::Taint]> as std::ops::Drop>::drop.pointer_dereference.2
	 - Status: SUCCESS
	 - Description: "dereference failure: pointer invalid"
	 - Location: ../../../../../runner/.rustup/toolchains/nightly-2025-11-21-x86_64-unknown-linux-gnu/lib/rustlib/src/rust/library/alloc/src/boxed.rs:1761:19 in function <std::boxed::Box<[value::Taint]> as std::ops::Drop>::drop

Check 232: <std::boxed::Box<[value::Taint]> as std::ops::Drop>::drop.pointer_dereference.3
	 - Status: SUCCESS
	 - Description: "dereference failure: deallocated dynamic object"
	 - Location: ../../../../../runner/.rustup/toolchains/nightly-2025-11-21-x86_64-unknown-linux-gnu/lib/rustlib/src/rust/library/alloc/src/boxed.rs:1761:19 in function <std::boxed::Box<[value::Taint]> as std::ops::Drop>::drop

Check 233: <std::boxed::Box<[value::Taint]> as std::ops::Drop>::drop.pointer_dereference.4
	 - Status: SUCCESS
	 - Description: "dereference failure: dead object"
	 - Location: ../../../../../runner/.rustup/toolchains/nightly-2025-11-21-x86_64-unknown-linux-gnu/lib/rustlib/src/rust/library/alloc/src/boxed.rs:1761:19 in function <std::boxed::Box<[value::Taint]> as std::ops::Drop>::drop

Check 234: <std::boxed::Box<[value::Taint]> as std::ops::Drop>::drop.pointer_dereference.5
	 - Status: SUCCESS
	 - Description: "dereference failure: pointer outside object bounds"
	 - Location: ../../../../../runner/.rustup/toolchains/nightly-2025-11-21-x86_64-unknown-linux-gnu/lib/rustlib/src/rust/library/alloc/src/boxed.rs:1761:19 in function <std::boxed::Box<[value::Taint]> as std::ops::Drop>::drop

Check 235: <std::boxed::Box<[value::Taint]> as std::ops::Drop>::drop.pointer_dereference.6
	 - Status: SUCCESS
	 - Description: "dereference failure: invalid integer address"
	 - Location: ../../../../../runner/.rustup/toolchains/nightly-2025-11-21-x86_64-unknown-linux-gnu/lib/rustlib/src/rust/library/alloc/src/boxed.rs:1761:19 in function <std::boxed::Box<[value::Taint]> as std::ops::Drop>::drop

Check 236: alloc::raw_vec::RawVecInner::grow_amortized.pointer_dereference.1
	 - Status: SUCCESS
	 - Description: "dereference failure: dead object"
	 - Location: ../../../../../runner/.rustup/toolchains/nightly-2025-11-21-x86_64-unknown-linux-gnu/lib/rustlib/src/rust/library/alloc/src/raw_vec/mod.rs:688:62 in function alloc::raw_vec::RawVecInner::grow_amortized

Check 237: alloc::raw_vec::RawVecInner::grow_amortized.pointer_dereference.2
	 - Status: SUCCESS
	 - Description: "dereference failure: dead object"
	 - Location: ../../../../../runner/.rustup/toolchains/nightly-2025-11-21-x86_64-unknown-linux-gnu/lib/rustlib/src/rust/library/alloc/src/raw_vec/mod.rs:688:28 in function alloc::raw_vec::RawVecInner::grow_amortized

Check 238: alloc::raw_vec::RawVecInner::grow_amortized.pointer_dereference.3
	 - Status: SUCCESS
	 - Description: "dereference failure: pointer NULL"
	 - Location: ../../../../../runner/.rustup/toolchains/nightly-2025-11-21-x86_64-unknown-linux-gnu/lib/rustlib/src/rust/library/alloc/src/raw_vec/mod.rs:692:28 in function alloc::raw_vec::RawVecInner::grow_amortized

Check 239: alloc::raw_vec::RawVecInner::grow_amortized.pointer_dereference.4
	 - Status: SUCCESS
	 - Description: "dereference failure: pointer invalid"
	 - Location: ../../../../../runner/.rustup/toolchains/nightly-2025-11-21-x86_64-unknown-linux-gnu/lib/rustlib/src/rust/library/alloc/src/raw_vec/mod.rs:692:28 in function alloc::raw_vec::RawVecInner::grow_amortized

Check 240: alloc::raw_vec::RawVecInner::grow_amortized.pointer_dereference.5
	 - Status: SUCCESS
	 - Description: "dereference failure: deallocated dynamic object"
	 - Location: ../../../../../runner/.rustup/toolchains/nightly-2025-11-21-x86_64-unknown-linux-gnu/lib/rustlib/src/rust/library/alloc/src/raw_vec/mod.rs:692:28 in function alloc::raw_vec::RawVecInner::grow_amortized

Check 241: alloc::raw_vec::RawVecInner::grow_amortized.pointer_dereference.6
	 - Status: SUCCESS
	 - Description: "dereference failure: dead object"
	 - Location: ../../../../../runner/.rustup/toolchains/nightly-2025-11-21-x86_64-unknown-linux-gnu/lib/rustlib/src/rust/library/alloc/src/raw_vec/mod.rs:692:28 in function alloc::raw_vec::RawVecInner::grow_amortized

Check 242: alloc::raw_vec::RawVecInner::grow_amortized.pointer_dereference.7
	 - Status: SUCCESS
	 - Description: "dereference failure: pointer outside object bounds"
	 - Location: ../../../../../runner/.rustup/toolchains/nightly-2025-11-21-x86_64-unknown-linux-gnu/lib/rustlib/src/rust/library/alloc/src/raw_vec/mod.rs:692:28 in function alloc::raw_vec::RawVecInner::grow_amortized

Check 243: alloc::raw_vec::RawVecInner::grow_amortized.pointer_dereference.8
	 - Status: SUCCESS
	 - Description: "dereference failure: invalid integer address"
	 - Location: ../../../../../runner/.rustup/toolchains/nightly-2025-11-21-x86_64-unknown-linux-gnu/lib/rustlib/src/rust/library/alloc/src/raw_vec/mod.rs:692:28 in function alloc::raw_vec::RawVecInner::grow_amortized

Check 244: alloc::raw_vec::RawVecInner::grow_amortized.pointer_dereference.9
	 - Status: SUCCESS
	 - Description: "dereference failure: dead object"
	 - Location: ../../../../../runner/.rustup/toolchains/nightly-2025-11-21-x86_64-unknown-linux-gnu/lib/rustlib/src/rust/library/alloc/src/raw_vec/mod.rs:702:9 in function alloc::raw_vec::RawVecInner::grow_amortized

Check 245: alloc::raw_vec::RawVecInner::grow_amortized.pointer_dereference.10
	 - Status: SUCCESS
	 - Description: "dereference failure: dead object"
	 - Location: ../../../../../runner/.rustup/toolchains/nightly-2025-11-21-x86_64-unknown-linux-gnu/lib/rustlib/src/rust/library/alloc/src/raw_vec/mod.rs:684:24 in function alloc::raw_vec::RawVecInner::grow_amortized

Check 246: <frame::StepState as std::clone::Clone>::clone.pointer_dereference.1
	 - Status: SUCCESS
	 - Description: "dereference failure: pointer NULL"
	 - Location: crates/vb_core/src/frame.rs:10:17 in function <frame::StepState as std::clone::Clone>::clone

Check 247: <frame::StepState as std::clone::Clone>::clone.pointer_dereference.2
	 - Status: SUCCESS
	 - Description: "dereference failure: pointer invalid"
	 - Location: crates/vb_core/src/frame.rs:10:17 in function <frame::StepState as std::clone::Clone>::clone

Check 248: <frame::StepState as std::clone::Clone>::clone.pointer_dereference.3
	 - Status: SUCCESS
	 - Description: "dereference failure: deallocated dynamic object"
	 - Location: crates/vb_core/src/frame.rs:10:17 in function <frame::StepState as std::clone::Clone>::clone

Check 249: <frame::StepState as std::clone::Clone>::clone.pointer_dereference.4
	 - Status: SUCCESS
	 - Description: "dereference failure: dead object"
	 - Location: crates/vb_core/src/frame.rs:10:17 in function <frame::StepState as std::clone::Clone>::clone

Check 250: <frame::StepState as std::clone::Clone>::clone.pointer_dereference.5
	 - Status: SUCCESS
	 - Description: "dereference failure: pointer outside object bounds"
	 - Location: crates/vb_core/src/frame.rs:10:17 in function <frame::StepState as std::clone::Clone>::clone

Check 251: <frame::StepState as std::clone::Clone>::clone.pointer_dereference.6
	 - Status: SUCCESS
	 - Description: "dereference failure: invalid integer address"
	 - Location: crates/vb_core/src/frame.rs:10:17 in function <frame::StepState as std::clone::Clone>::clone

Check 252: std::option::Option::<&mut std::option::Option<value::SlotValue>>::ok_or::<errors::CoreError>.pointer_dereference.1
	 - Status: SUCCESS
	 - Description: "dereference failure: dead object"
	 - Location: ../../../../../runner/.rustup/toolchains/nightly-2025-11-21-x86_64-unknown-linux-gnu/lib/rustlib/src/rust/library/core/src/option.rs:1338:15 in function std::option::Option::<&mut std::option::Option<value::SlotValue>>::ok_or::<errors::CoreError>

Check 253: std::option::Option::<&mut std::option::Option<value::SlotValue>>::ok_or::<errors::CoreError>.pointer_dereference.2
	 - Status: SUCCESS
	 - Description: "dereference failure: dead object"
	 - Location: ../../../../../runner/.rustup/toolchains/nightly-2025-11-21-x86_64-unknown-linux-gnu/lib/rustlib/src/rust/library/core/src/option.rs:1339:24 in function std::option::Option::<&mut std::option::Option<value::SlotValue>>::ok_or::<errors::CoreError>

Check 254: alloc::raw_vec::RawVecInner::finish_grow::{closure#0}.pointer_dereference.1
	 - Status: SUCCESS
	 - Description: "dereference failure: pointer NULL"
	 - Location: ../../../../../runner/.rustup/toolchains/nightly-2025-11-21-x86_64-unknown-linux-gnu/lib/rustlib/src/rust/library/alloc/src/raw_vec/mod.rs:758:49 in function alloc::raw_vec::RawVecInner::finish_grow::{closure#0}

Check 255: alloc::raw_vec::RawVecInner::finish_grow::{closure#0}.pointer_dereference.2
	 - Status: SUCCESS
	 - Description: "dereference failure: pointer invalid"
	 - Location: ../../../../../runner/.rustup/toolchains/nightly-2025-11-21-x86_64-unknown-linux-gnu/lib/rustlib/src/rust/library/alloc/src/raw_vec/mod.rs:758:49 in function alloc::raw_vec::RawVecInner::finish_grow::{closure#0}

Check 256: alloc::raw_vec::RawVecInner::finish_grow::{closure#0}.pointer_dereference.3
	 - Status: SUCCESS
	 - Description: "dereference failure: deallocated dynamic object"
	 - Location: ../../../../../runner/.rustup/toolchains/nightly-2025-11-21-x86_64-unknown-linux-gnu/lib/rustlib/src/rust/library/alloc/src/raw_vec/mod.rs:758:49 in function alloc::raw_vec::RawVecInner::finish_grow::{closure#0}

Check 257: alloc::raw_vec::RawVecInner::finish_grow::{closure#0}.pointer_dereference.4
	 - Status: SUCCESS
	 - Description: "dereference failure: dead object"
	 - Location: ../../../../../runner/.rustup/toolchains/nightly-2025-11-21-x86_64-unknown-linux-gnu/lib/rustlib/src/rust/library/alloc/src/raw_vec/mod.rs:758:49 in function alloc::raw_vec::RawVecInner::finish_grow::{closure#0}

Check 258: alloc::raw_vec::RawVecInner::finish_grow::{closure#0}.pointer_dereference.5
	 - Status: SUCCESS
	 - Description: "dereference failure: pointer outside object bounds"
	 - Location: ../../../../../runner/.rustup/toolchains/nightly-2025-11-21-x86_64-unknown-linux-gnu/lib/rustlib/src/rust/library/alloc/src/raw_vec/mod.rs:758:49 in function alloc::raw_vec::RawVecInner::finish_grow::{closure#0}

Check 259: alloc::raw_vec::RawVecInner::finish_grow::{closure#0}.pointer_dereference.6
	 - Status: SUCCESS
	 - Description: "dereference failure: invalid integer address"
	 - Location: ../../../../../runner/.rustup/toolchains/nightly-2025-11-21-x86_64-unknown-linux-gnu/lib/rustlib/src/rust/library/alloc/src/raw_vec/mod.rs:758:49 in function alloc::raw_vec::RawVecInner::finish_grow::{closure#0}

Check 260: __rust_dealloc.precondition_instance.1
	 - Status: SUCCESS
	 - Description: "free argument must be NULL or valid pointer"
	 - Location: ../../../../.kani/kani-0.67.0/library/kani/kani_lib.c:87 in function __rust_dealloc

Check 261: __rust_dealloc.precondition_instance.2
	 - Status: SUCCESS
	 - Description: "free argument must be dynamic object"
	 - Location: ../../../../.kani/kani-0.67.0/library/kani/kani_lib.c:87 in function __rust_dealloc

Check 262: __rust_dealloc.precondition_instance.3
	 - Status: SUCCESS
	 - Description: "free argument has offset zero"
	 - Location: ../../../../.kani/kani-0.67.0/library/kani/kani_lib.c:87 in function __rust_dealloc

Check 263: __rust_dealloc.precondition_instance.4
	 - Status: SUCCESS
	 - Description: "double free"
	 - Location: ../../../../.kani/kani-0.67.0/library/kani/kani_lib.c:87 in function __rust_dealloc

Check 264: __rust_dealloc.precondition_instance.5
	 - Status: SUCCESS
	 - Description: "free called for new[] object"
	 - Location: ../../../../.kani/kani-0.67.0/library/kani/kani_lib.c:87 in function __rust_dealloc

Check 265: __rust_dealloc.precondition_instance.6
	 - Status: SUCCESS
	 - Description: "free called for stack-allocated object"
	 - Location: ../../../../.kani/kani-0.67.0/library/kani/kani_lib.c:87 in function __rust_dealloc

Check 266: alloc::raw_vec::RawVecInner::non_null::<frame::StepState>.pointer_dereference.1
	 - Status: SUCCESS
	 - Description: "dereference failure: pointer NULL"
	 - Location: ../../../../../runner/.rustup/toolchains/nightly-2025-11-21-x86_64-unknown-linux-gnu/lib/rustlib/src/rust/library/alloc/src/raw_vec/mod.rs:504:9 in function alloc::raw_vec::RawVecInner::non_null::<frame::StepState>

Check 267: alloc::raw_vec::RawVecInner::non_null::<frame::StepState>.pointer_dereference.2
	 - Status: SUCCESS
	 - Description: "dereference failure: pointer invalid"
	 - Location: ../../../../../runner/.rustup/toolchains/nightly-2025-11-21-x86_64-unknown-linux-gnu/lib/rustlib/src/rust/library/alloc/src/raw_vec/mod.rs:504:9 in function alloc::raw_vec::RawVecInner::non_null::<frame::StepState>

Check 268: alloc::raw_vec::RawVecInner::non_null::<frame::StepState>.pointer_dereference.3
	 - Status: SUCCESS
	 - Description: "dereference failure: deallocated dynamic object"
	 - Location: ../../../../../runner/.rustup/toolchains/nightly-2025-11-21-x86_64-unknown-linux-gnu/lib/rustlib/src/rust/library/alloc/src/raw_vec/mod.rs:504:9 in function alloc::raw_vec::RawVecInner::non_null::<frame::StepState>

Check 269: alloc::raw_vec::RawVecInner::non_null::<frame::StepState>.pointer_dereference.4
	 - Status: SUCCESS
	 - Description: "dereference failure: dead object"
	 - Location: ../../../../../runner/.rustup/toolchains/nightly-2025-11-21-x86_64-unknown-linux-gnu/lib/rustlib/src/rust/library/alloc/src/raw_vec/mod.rs:504:9 in function alloc::raw_vec::RawVecInner::non_null::<frame::StepState>

Check 270: alloc::raw_vec::RawVecInner::non_null::<frame::StepState>.pointer_dereference.5
	 - Status: SUCCESS
	 - Description: "dereference failure: pointer outside object bounds"
	 - Location: ../../../../../runner/.rustup/toolchains/nightly-2025-11-21-x86_64-unknown-linux-gnu/lib/rustlib/src/rust/library/alloc/src/raw_vec/mod.rs:504:9 in function alloc::raw_vec::RawVecInner::non_null::<frame::StepState>

Check 271: alloc::raw_vec::RawVecInner::non_null::<frame::StepState>.pointer_dereference.6
	 - Status: SUCCESS
	 - Description: "dereference failure: invalid integer address"
	 - Location: ../../../../../runner/.rustup/toolchains/nightly-2025-11-21-x86_64-unknown-linux-gnu/lib/rustlib/src/rust/library/alloc/src/raw_vec/mod.rs:504:9 in function alloc::raw_vec::RawVecInner::non_null::<frame::StepState>

Check 272: memcpy.pointer.1
	 - Status: SUCCESS
	 - Description: "same object violation in (const char *)(const void *)ptr >= (const char *)(void *)result + (signed long int)bytes_to_copy"
	 - Location: <builtin-library-memcpy>:33 in function memcpy

Check 273: memcpy.pointer.2
	 - Status: SUCCESS
	 - Description: "same object violation in (const char *)(void *)result >= (const char *)(const void *)ptr + (signed long int)bytes_to_copy"
	 - Location: <builtin-library-memcpy>:34 in function memcpy

Check 274: __rust_realloc.precondition_instance.1
	 - Status: SUCCESS
	 - Description: "memcpy src/dst overlap"
	 - Location: ../../../../.kani/kani-0.67.0/library/kani/kani_lib.c:114 in function __rust_realloc

Check 275: __rust_realloc.precondition_instance.2
	 - Status: SUCCESS
	 - Description: "memcpy source region readable"
	 - Location: ../../../../.kani/kani-0.67.0/library/kani/kani_lib.c:114 in function __rust_realloc

Check 276: __rust_realloc.precondition_instance.3
	 - Status: SUCCESS
	 - Description: "memcpy destination region writeable"
	 - Location: ../../../../.kani/kani-0.67.0/library/kani/kani_lib.c:114 in function __rust_realloc

Check 277: __rust_realloc.precondition_instance.4
	 - Status: SUCCESS
	 - Description: "free argument must be NULL or valid pointer"
	 - Location: ../../../../.kani/kani-0.67.0/library/kani/kani_lib.c:115 in function __rust_realloc

Check 278: __rust_realloc.precondition_instance.5
	 - Status: SUCCESS
	 - Description: "free argument must be dynamic object"
	 - Location: ../../../../.kani/kani-0.67.0/library/kani/kani_lib.c:115 in function __rust_realloc

Check 279: __rust_realloc.precondition_instance.6
	 - Status: SUCCESS
	 - Description: "free argument has offset zero"
	 - Location: ../../../../.kani/kani-0.67.0/library/kani/kani_lib.c:115 in function __rust_realloc

Check 280: __rust_realloc.precondition_instance.7
	 - Status: SUCCESS
	 - Description: "double free"
	 - Location: ../../../../.kani/kani-0.67.0/library/kani/kani_lib.c:115 in function __rust_realloc

Check 281: __rust_realloc.precondition_instance.8
	 - Status: SUCCESS
	 - Description: "free called for new[] object"
	 - Location: ../../../../.kani/kani-0.67.0/library/kani/kani_lib.c:115 in function __rust_realloc

Check 282: __rust_realloc.precondition_instance.9
	 - Status: SUCCESS
	 - Description: "free called for stack-allocated object"
	 - Location: ../../../../.kani/kani-0.67.0/library/kani/kani_lib.c:115 in function __rust_realloc

Check 283: std::ptr::drop_in_place::<std::boxed::Box<[value::Taint]>>.pointer_dereference.1
	 - Status: SUCCESS
	 - Description: "dereference failure: pointer NULL"
	 - Location: ../../../../../runner/.rustup/toolchains/nightly-2025-11-21-x86_64-unknown-linux-gnu/lib/rustlib/src/rust/library/core/src/ptr/mod.rs:805:1 in function std::ptr::drop_in_place::<std::boxed::Box<[value::Taint]>>

Check 284: std::ptr::drop_in_place::<std::boxed::Box<[value::Taint]>>.pointer_dereference.2
	 - Status: SUCCESS
	 - Description: "dereference failure: pointer invalid"
	 - Location: ../../../../../runner/.rustup/toolchains/nightly-2025-11-21-x86_64-unknown-linux-gnu/lib/rustlib/src/rust/library/core/src/ptr/mod.rs:805:1 in function std::ptr::drop_in_place::<std::boxed::Box<[value::Taint]>>

Check 285: std::ptr::drop_in_place::<std::boxed::Box<[value::Taint]>>.pointer_dereference.3
	 - Status: SUCCESS
	 - Description: "dereference failure: deallocated dynamic object"
	 - Location: ../../../../../runner/.rustup/toolchains/nightly-2025-11-21-x86_64-unknown-linux-gnu/lib/rustlib/src/rust/library/core/src/ptr/mod.rs:805:1 in function std::ptr::drop_in_place::<std::boxed::Box<[value::Taint]>>

Check 286: std::ptr::drop_in_place::<std::boxed::Box<[value::Taint]>>.pointer_dereference.4
	 - Status: SUCCESS
	 - Description: "dereference failure: dead object"
	 - Location: ../../../../../runner/.rustup/toolchains/nightly-2025-11-21-x86_64-unknown-linux-gnu/lib/rustlib/src/rust/library/core/src/ptr/mod.rs:805:1 in function std::ptr::drop_in_place::<std::boxed::Box<[value::Taint]>>

Check 287: std::ptr::drop_in_place::<std::boxed::Box<[value::Taint]>>.pointer_dereference.5
	 - Status: SUCCESS
	 - Description: "dereference failure: pointer outside object bounds"
	 - Location: ../../../../../runner/.rustup/toolchains/nightly-2025-11-21-x86_64-unknown-linux-gnu/lib/rustlib/src/rust/library/core/src/ptr/mod.rs:805:1 in function std::ptr::drop_in_place::<std::boxed::Box<[value::Taint]>>

Check 288: std::ptr::drop_in_place::<std::boxed::Box<[value::Taint]>>.pointer_dereference.6
	 - Status: SUCCESS
	 - Description: "dereference failure: invalid integer address"
	 - Location: ../../../../../runner/.rustup/toolchains/nightly-2025-11-21-x86_64-unknown-linux-gnu/lib/rustlib/src/rust/library/core/src/ptr/mod.rs:805:1 in function std::ptr::drop_in_place::<std::boxed::Box<[value::Taint]>>

Check 289: std::vec::Vec::<value::Taint>::shrink_to_fit.pointer_dereference.1
	 - Status: SUCCESS
	 - Description: "dereference failure: pointer NULL"
	 - Location: ../../../../../runner/.rustup/toolchains/nightly-2025-11-21-x86_64-unknown-linux-gnu/lib/rustlib/src/rust/library/alloc/src/vec/mod.rs:1435:30 in function std::vec::Vec::<value::Taint>::shrink_to_fit

Check 290: std::vec::Vec::<value::Taint>::shrink_to_fit.pointer_dereference.2
	 - Status: SUCCESS
	 - Description: "dereference failure: pointer invalid"
	 - Location: ../../../../../runner/.rustup/toolchains/nightly-2025-11-21-x86_64-unknown-linux-gnu/lib/rustlib/src/rust/library/alloc/src/vec/mod.rs:1435:30 in function std::vec::Vec::<value::Taint>::shrink_to_fit

Check 291: std::vec::Vec::<value::Taint>::shrink_to_fit.pointer_dereference.3
	 - Status: SUCCESS
	 - Description: "dereference failure: deallocated dynamic object"
	 - Location: ../../../../../runner/.rustup/toolchains/nightly-2025-11-21-x86_64-unknown-linux-gnu/lib/rustlib/src/rust/library/alloc/src/vec/mod.rs:1435:30 in function std::vec::Vec::<value::Taint>::shrink_to_fit

Check 292: std::vec::Vec::<value::Taint>::shrink_to_fit.pointer_dereference.4
	 - Status: SUCCESS
	 - Description: "dereference failure: dead object"
	 - Location: ../../../../../runner/.rustup/toolchains/nightly-2025-11-21-x86_64-unknown-linux-gnu/lib/rustlib/src/rust/library/alloc/src/vec/mod.rs:1435:30 in function std::vec::Vec::<value::Taint>::shrink_to_fit

Check 293: std::vec::Vec::<value::Taint>::shrink_to_fit.pointer_dereference.5
	 - Status: SUCCESS
	 - Description: "dereference failure: pointer outside object bounds"
	 - Location: ../../../../../runner/.rustup/toolchains/nightly-2025-11-21-x86_64-unknown-linux-gnu/lib/rustlib/src/rust/library/alloc/src/vec/mod.rs:1435:30 in function std::vec::Vec::<value::Taint>::shrink_to_fit

Check 294: std::vec::Vec::<value::Taint>::shrink_to_fit.pointer_dereference.6
	 - Status: SUCCESS
	 - Description: "dereference failure: invalid integer address"
	 - Location: ../../../../../runner/.rustup/toolchains/nightly-2025-11-21-x86_64-unknown-linux-gnu/lib/rustlib/src/rust/library/alloc/src/vec/mod.rs:1435:30 in function std::vec::Vec::<value::Taint>::shrink_to_fit

Check 295: std::vec::Vec::<value::Taint>::shrink_to_fit.pointer_dereference.7
	 - Status: SUCCESS
	 - Description: "dereference failure: pointer NULL"
	 - Location: ../../../../../runner/.rustup/toolchains/nightly-2025-11-21-x86_64-unknown-linux-gnu/lib/rustlib/src/rust/library/alloc/src/vec/mod.rs:1436:36 in function std::vec::Vec::<value::Taint>::shrink_to_fit

Check 296: std::vec::Vec::<value::Taint>::shrink_to_fit.pointer_dereference.8
	 - Status: SUCCESS
	 - Description: "dereference failure: pointer invalid"
	 - Location: ../../../../../runner/.rustup/toolchains/nightly-2025-11-21-x86_64-unknown-linux-gnu/lib/rustlib/src/rust/library/alloc/src/vec/mod.rs:1436:36 in function std::vec::Vec::<value::Taint>::shrink_to_fit

Check 297: std::vec::Vec::<value::Taint>::shrink_to_fit.pointer_dereference.9
	 - Status: SUCCESS
	 - Description: "dereference failure: deallocated dynamic object"
	 - Location: ../../../../../runner/.rustup/toolchains/nightly-2025-11-21-x86_64-unknown-linux-gnu/lib/rustlib/src/rust/library/alloc/src/vec/mod.rs:1436:36 in function std::vec::Vec::<value::Taint>::shrink_to_fit

Check 298: std::vec::Vec::<value::Taint>::shrink_to_fit.pointer_dereference.10
	 - Status: SUCCESS
	 - Description: "dereference failure: dead object"
	 - Location: ../../../../../runner/.rustup/toolchains/nightly-2025-11-21-x86_64-unknown-linux-gnu/lib/rustlib/src/rust/library/alloc/src/vec/mod.rs:1436:36 in function std::vec::Vec::<value::Taint>::shrink_to_fit

Check 299: std::vec::Vec::<value::Taint>::shrink_to_fit.pointer_dereference.11
	 - Status: SUCCESS
	 - Description: "dereference failure: pointer outside object bounds"
	 - Location: ../../../../../runner/.rustup/toolchains/nightly-2025-11-21-x86_64-unknown-linux-gnu/lib/rustlib/src/rust/library/alloc/src/vec/mod.rs:1436:36 in function std::vec::Vec::<value::Taint>::shrink_to_fit

Check 300: std::vec::Vec::<value::Taint>::shrink_to_fit.pointer_dereference.12
	 - Status: SUCCESS
	 - Description: "dereference failure: invalid integer address"
	 - Location: ../../../../../runner/.rustup/toolchains/nightly-2025-11-21-x86_64-unknown-linux-gnu/lib/rustlib/src/rust/library/alloc/src/vec/mod.rs:1436:36 in function std::vec::Vec::<value::Taint>::shrink_to_fit

Check 301: <std::alloc::Global as std::alloc::Allocator>::shrink.pointer_dereference.1
	 - Status: SUCCESS
	 - Description: "dereference failure: dead object"
	 - Location: ../../../../../runner/.rustup/toolchains/nightly-2025-11-21-x86_64-unknown-linux-gnu/lib/rustlib/src/rust/library/alloc/src/alloc.rs:326:27 in function <std::alloc::Global as std::alloc::Allocator>::shrink

Check 302: <std::alloc::Global as std::alloc::Allocator>::shrink.pointer_dereference.2
	 - Status: SUCCESS
	 - Description: "dereference failure: dead object"
	 - Location: ../../../../../runner/.rustup/toolchains/nightly-2025-11-21-x86_64-unknown-linux-gnu/lib/rustlib/src/rust/library/alloc/src/alloc.rs:336:31 in function <std::alloc::Global as std::alloc::Allocator>::shrink

Check 303: alloc::raw_vec::RawVecInner::non_null::<value::Taint>.pointer_dereference.1
	 - Status: SUCCESS
	 - Description: "dereference failure: pointer NULL"
	 - Location: ../../../../../runner/.rustup/toolchains/nightly-2025-11-21-x86_64-unknown-linux-gnu/lib/rustlib/src/rust/library/alloc/src/raw_vec/mod.rs:504:9 in function alloc::raw_vec::RawVecInner::non_null::<value::Taint>

Check 304: alloc::raw_vec::RawVecInner::non_null::<value::Taint>.pointer_dereference.2
	 - Status: SUCCESS
	 - Description: "dereference failure: pointer invalid"
	 - Location: ../../../../../runner/.rustup/toolchains/nightly-2025-11-21-x86_64-unknown-linux-gnu/lib/rustlib/src/rust/library/alloc/src/raw_vec/mod.rs:504:9 in function alloc::raw_vec::RawVecInner::non_null::<value::Taint>

Check 305: alloc::raw_vec::RawVecInner::non_null::<value::Taint>.pointer_dereference.3
	 - Status: SUCCESS
	 - Description: "dereference failure: deallocated dynamic object"
	 - Location: ../../../../../runner/.rustup/toolchains/nightly-2025-11-21-x86_64-unknown-linux-gnu/lib/rustlib/src/rust/library/alloc/src/raw_vec/mod.rs:504:9 in function alloc::raw_vec::RawVecInner::non_null::<value::Taint>

Check 306: alloc::raw_vec::RawVecInner::non_null::<value::Taint>.pointer_dereference.4
	 - Status: SUCCESS
	 - Description: "dereference failure: dead object"
	 - Location: ../../../../../runner/.rustup/toolchains/nightly-2025-11-21-x86_64-unknown-linux-gnu/lib/rustlib/src/rust/library/alloc/src/raw_vec/mod.rs:504:9 in function alloc::raw_vec::RawVecInner::non_null::<value::Taint>

Check 307: alloc::raw_vec::RawVecInner::non_null::<value::Taint>.pointer_dereference.5
	 - Status: SUCCESS
	 - Description: "dereference failure: pointer outside object bounds"
	 - Location: ../../../../../runner/.rustup/toolchains/nightly-2025-11-21-x86_64-unknown-linux-gnu/lib/rustlib/src/rust/library/alloc/src/raw_vec/mod.rs:504:9 in function alloc::raw_vec::RawVecInner::non_null::<value::Taint>

Check 308: alloc::raw_vec::RawVecInner::non_null::<value::Taint>.pointer_dereference.6
	 - Status: SUCCESS
	 - Description: "dereference failure: invalid integer address"
	 - Location: ../../../../../runner/.rustup/toolchains/nightly-2025-11-21-x86_64-unknown-linux-gnu/lib/rustlib/src/rust/library/alloc/src/raw_vec/mod.rs:504:9 in function alloc::raw_vec::RawVecInner::non_null::<value::Taint>

Check 309: alloc::raw_vec::RawVecInner::try_allocate_in.pointer_dereference.1
	 - Status: SUCCESS
	 - Description: "dereference failure: dead object"
	 - Location: ../../../../../runner/.rustup/toolchains/nightly-2025-11-21-x86_64-unknown-linux-gnu/lib/rustlib/src/rust/library/alloc/src/raw_vec/mod.rs:459:34 in function alloc::raw_vec::RawVecInner::try_allocate_in

Check 310: alloc::raw_vec::RawVecInner::try_allocate_in.pointer_dereference.2
	 - Status: SUCCESS
	 - Description: "dereference failure: dead object"
	 - Location: ../../../../../runner/.rustup/toolchains/nightly-2025-11-21-x86_64-unknown-linux-gnu/lib/rustlib/src/rust/library/alloc/src/raw_vec/mod.rs:472:25 in function alloc::raw_vec::RawVecInner::try_allocate_in

Check 311: std::result::Result::<(), action::IdempotencyViolation>::is_ok.pointer_dereference.1
	 - Status: SUCCESS
	 - Description: "dereference failure: pointer NULL"
	 - Location: ../../../../../runner/.rustup/toolchains/nightly-2025-11-21-x86_64-unknown-linux-gnu/lib/rustlib/src/rust/library/core/src/result.rs:594:18 in function std::result::Result::<(), action::IdempotencyViolation>::is_ok

Check 312: std::result::Result::<(), action::IdempotencyViolation>::is_ok.pointer_dereference.2
	 - Status: SUCCESS
	 - Description: "dereference failure: pointer invalid"
	 - Location: ../../../../../runner/.rustup/toolchains/nightly-2025-11-21-x86_64-unknown-linux-gnu/lib/rustlib/src/rust/library/core/src/result.rs:594:18 in function std::result::Result::<(), action::IdempotencyViolation>::is_ok

Check 313: std::result::Result::<(), action::IdempotencyViolation>::is_ok.pointer_dereference.3
	 - Status: SUCCESS
	 - Description: "dereference failure: deallocated dynamic object"
	 - Location: ../../../../../runner/.rustup/toolchains/nightly-2025-11-21-x86_64-unknown-linux-gnu/lib/rustlib/src/rust/library/core/src/result.rs:594:18 in function std::result::Result::<(), action::IdempotencyViolation>::is_ok

Check 314: std::result::Result::<(), action::IdempotencyViolation>::is_ok.pointer_dereference.4
	 - Status: SUCCESS
	 - Description: "dereference failure: dead object"
	 - Location: ../../../../../runner/.rustup/toolchains/nightly-2025-11-21-x86_64-unknown-linux-gnu/lib/rustlib/src/rust/library/core/src/result.rs:594:18 in function std::result::Result::<(), action::IdempotencyViolation>::is_ok

Check 315: std::result::Result::<(), action::IdempotencyViolation>::is_ok.pointer_dereference.5
	 - Status: SUCCESS
	 - Description: "dereference failure: pointer outside object bounds"
	 - Location: ../../../../../runner/.rustup/toolchains/nightly-2025-11-21-x86_64-unknown-linux-gnu/lib/rustlib/src/rust/library/core/src/result.rs:594:18 in function std::result::Result::<(), action::IdempotencyViolation>::is_ok

Check 316: std::result::Result::<(), action::IdempotencyViolation>::is_ok.pointer_dereference.6
	 - Status: SUCCESS
	 - Description: "dereference failure: invalid integer address"
	 - Location: ../../../../../runner/.rustup/toolchains/nightly-2025-11-21-x86_64-unknown-linux-gnu/lib/rustlib/src/rust/library/core/src/result.rs:594:18 in function std::result::Result::<(), action::IdempotencyViolation>::is_ok

Check 317: std::vec::Vec::<value::Taint>::len.pointer_dereference.1
	 - Status: SUCCESS
	 - Description: "dereference failure: pointer NULL"
	 - Location: ../../../../../runner/.rustup/toolchains/nightly-2025-11-21-x86_64-unknown-linux-gnu/lib/rustlib/src/rust/library/alloc/src/vec/mod.rs:2854:19 in function std::vec::Vec::<value::Taint>::len

Check 318: std::vec::Vec::<value::Taint>::len.pointer_dereference.2
	 - Status: SUCCESS
	 - Description: "dereference failure: pointer invalid"
	 - Location: ../../../../../runner/.rustup/toolchains/nightly-2025-11-21-x86_64-unknown-linux-gnu/lib/rustlib/src/rust/library/alloc/src/vec/mod.rs:2854:19 in function std::vec::Vec::<value::Taint>::len

Check 319: std::vec::Vec::<value::Taint>::len.pointer_dereference.3
	 - Status: SUCCESS
	 - Description: "dereference failure: deallocated dynamic object"
	 - Location: ../../../../../runner/.rustup/toolchains/nightly-2025-11-21-x86_64-unknown-linux-gnu/lib/rustlib/src/rust/library/alloc/src/vec/mod.rs:2854:19 in function std::vec::Vec::<value::Taint>::len

Check 320: std::vec::Vec::<value::Taint>::len.pointer_dereference.4
	 - Status: SUCCESS
	 - Description: "dereference failure: dead object"
	 - Location: ../../../../../runner/.rustup/toolchains/nightly-2025-11-21-x86_64-unknown-linux-gnu/lib/rustlib/src/rust/library/alloc/src/vec/mod.rs:2854:19 in function std::vec::Vec::<value::Taint>::len

Check 321: std::vec::Vec::<value::Taint>::len.pointer_dereference.5
	 - Status: SUCCESS
	 - Description: "dereference failure: pointer outside object bounds"
	 - Location: ../../../../../runner/.rustup/toolchains/nightly-2025-11-21-x86_64-unknown-linux-gnu/lib/rustlib/src/rust/library/alloc/src/vec/mod.rs:2854:19 in function std::vec::Vec::<value::Taint>::len

Check 322: std::vec::Vec::<value::Taint>::len.pointer_dereference.6
	 - Status: SUCCESS
	 - Description: "dereference failure: invalid integer address"
	 - Location: ../../../../../runner/.rustup/toolchains/nightly-2025-11-21-x86_64-unknown-linux-gnu/lib/rustlib/src/rust/library/alloc/src/vec/mod.rs:2854:19 in function std::vec::Vec::<value::Taint>::len

Check 323: alloc::raw_vec::RawVecInner::<A>::reserve::do_reserve_and_handle::<std::alloc::Global>.pointer_dereference.1
	 - Status: SUCCESS
	 - Description: "dereference failure: dead object"
	 - Location: ../../../../../runner/.rustup/toolchains/nightly-2025-11-21-x86_64-unknown-linux-gnu/lib/rustlib/src/rust/library/alloc/src/raw_vec/mod.rs:557:31 in function alloc::raw_vec::RawVecInner::<A>::reserve::do_reserve_and_handle::<std::alloc::Global>

Check 324: <std::vec::set_len_on_drop::SetLenOnDrop<'_> as std::ops::Drop>::drop.pointer_dereference.1
	 - Status: SUCCESS
	 - Description: "dereference failure: pointer NULL"
	 - Location: ../../../../../runner/.rustup/toolchains/nightly-2025-11-21-x86_64-unknown-linux-gnu/lib/rustlib/src/rust/library/alloc/src/vec/set_len_on_drop.rs:31:21 in function <std::vec::set_len_on_drop::SetLenOnDrop<'_> as std::ops::Drop>::drop

Check 325: <std::vec::set_len_on_drop::SetLenOnDrop<'_> as std::ops::Drop>::drop.pointer_dereference.2
	 - Status: SUCCESS
	 - Description: "dereference failure: pointer invalid"
	 - Location: ../../../../../runner/.rustup/toolchains/nightly-2025-11-21-x86_64-unknown-linux-gnu/lib/rustlib/src/rust/library/alloc/src/vec/set_len_on_drop.rs:31:21 in function <std::vec::set_len_on_drop::SetLenOnDrop<'_> as std::ops::Drop>::drop

Check 326: <std::vec::set_len_on_drop::SetLenOnDrop<'_> as std::ops::Drop>::drop.pointer_dereference.3
	 - Status: SUCCESS
	 - Description: "dereference failure: deallocated dynamic object"
	 - Location: ../../../../../runner/.rustup/toolchains/nightly-2025-11-21-x86_64-unknown-linux-gnu/lib/rustlib/src/rust/library/alloc/src/vec/set_len_on_drop.rs:31:21 in function <std::vec::set_len_on_drop::SetLenOnDrop<'_> as std::ops::Drop>::drop

Check 327: <std::vec::set_len_on_drop::SetLenOnDrop<'_> as std::ops::Drop>::drop.pointer_dereference.4
	 - Status: SUCCESS
	 - Description: "dereference failure: dead object"
	 - Location: ../../../../../runner/.rustup/toolchains/nightly-2025-11-21-x86_64-unknown-linux-gnu/lib/rustlib/src/rust/library/alloc/src/vec/set_len_on_drop.rs:31:21 in function <std::vec::set_len_on_drop::SetLenOnDrop<'_> as std::ops::Drop>::drop

Check 328: <std::vec::set_len_on_drop::SetLenOnDrop<'_> as std::ops::Drop>::drop.pointer_dereference.5
	 - Status: SUCCESS
	 - Description: "dereference failure: pointer outside object bounds"
	 - Location: ../../../../../runner/.rustup/toolchains/nightly-2025-11-21-x86_64-unknown-linux-gnu/lib/rustlib/src/rust/library/alloc/src/vec/set_len_on_drop.rs:31:21 in function <std::vec::set_len_on_drop::SetLenOnDrop<'_> as std::ops::Drop>::drop

Check 329: <std::vec::set_len_on_drop::SetLenOnDrop<'_> as std::ops::Drop>::drop.pointer_dereference.6
	 - Status: SUCCESS
	 - Description: "dereference failure: invalid integer address"
	 - Location: ../../../../../runner/.rustup/toolchains/nightly-2025-11-21-x86_64-unknown-linux-gnu/lib/rustlib/src/rust/library/alloc/src/vec/set_len_on_drop.rs:31:21 in function <std::vec::set_len_on_drop::SetLenOnDrop<'_> as std::ops::Drop>::drop

Check 330: <std::vec::set_len_on_drop::SetLenOnDrop<'_> as std::ops::Drop>::drop.pointer_dereference.7
	 - Status: SUCCESS
	 - Description: "dereference failure: pointer NULL"
	 - Location: ../../../../../runner/.rustup/toolchains/nightly-2025-11-21-x86_64-unknown-linux-gnu/lib/rustlib/src/rust/library/alloc/src/vec/set_len_on_drop.rs:31:9 in function <std::vec::set_len_on_drop::SetLenOnDrop<'_> as std::ops::Drop>::drop

Check 331: <std::vec::set_len_on_drop::SetLenOnDrop<'_> as std::ops::Drop>::drop.pointer_dereference.8
	 - Status: SUCCESS
	 - Description: "dereference failure: pointer invalid"
	 - Location: ../../../../../runner/.rustup/toolchains/nightly-2025-11-21-x86_64-unknown-linux-gnu/lib/rustlib/src/rust/library/alloc/src/vec/set_len_on_drop.rs:31:9 in function <std::vec::set_len_on_drop::SetLenOnDrop<'_> as std::ops::Drop>::drop

Check 332: <std::vec::set_len_on_drop::SetLenOnDrop<'_> as std::ops::Drop>::drop.pointer_dereference.9
	 - Status: SUCCESS
	 - Description: "dereference failure: deallocated dynamic object"
	 - Location: ../../../../../runner/.rustup/toolchains/nightly-2025-11-21-x86_64-unknown-linux-gnu/lib/rustlib/src/rust/library/alloc/src/vec/set_len_on_drop.rs:31:9 in function <std::vec::set_len_on_drop::SetLenOnDrop<'_> as std::ops::Drop>::drop

Check 333: <std::vec::set_len_on_drop::SetLenOnDrop<'_> as std::ops::Drop>::drop.pointer_dereference.10
	 - Status: SUCCESS
	 - Description: "dereference failure: dead object"
	 - Location: ../../../../../runner/.rustup/toolchains/nightly-2025-11-21-x86_64-unknown-linux-gnu/lib/rustlib/src/rust/library/alloc/src/vec/set_len_on_drop.rs:31:9 in function <std::vec::set_len_on_drop::SetLenOnDrop<'_> as std::ops::Drop>::drop

Check 334: <std::vec::set_len_on_drop::SetLenOnDrop<'_> as std::ops::Drop>::drop.pointer_dereference.11
	 - Status: SUCCESS
	 - Description: "dereference failure: pointer outside object bounds"
	 - Location: ../../../../../runner/.rustup/toolchains/nightly-2025-11-21-x86_64-unknown-linux-gnu/lib/rustlib/src/rust/library/alloc/src/vec/set_len_on_drop.rs:31:9 in function <std::vec::set_len_on_drop::SetLenOnDrop<'_> as std::ops::Drop>::drop

Check 335: <std::vec::set_len_on_drop::SetLenOnDrop<'_> as std::ops::Drop>::drop.pointer_dereference.12
	 - Status: SUCCESS
	 - Description: "dereference failure: invalid integer address"
	 - Location: ../../../../../runner/.rustup/toolchains/nightly-2025-11-21-x86_64-unknown-linux-gnu/lib/rustlib/src/rust/library/alloc/src/vec/set_len_on_drop.rs:31:9 in function <std::vec::set_len_on_drop::SetLenOnDrop<'_> as std::ops::Drop>::drop

Check 336: <std::vec::set_len_on_drop::SetLenOnDrop<'_> as std::ops::Drop>::drop.pointer_dereference.13
	 - Status: SUCCESS
	 - Description: "dereference failure: pointer NULL"
	 - Location: ../../../../../runner/.rustup/toolchains/nightly-2025-11-21-x86_64-unknown-linux-gnu/lib/rustlib/src/rust/library/alloc/src/vec/set_len_on_drop.rs:31:9 in function <std::vec::set_len_on_drop::SetLenOnDrop<'_> as std::ops::Drop>::drop

Check 337: <std::vec::set_len_on_drop::SetLenOnDrop<'_> as std::ops::Drop>::drop.pointer_dereference.14
	 - Status: SUCCESS
	 - Description: "dereference failure: pointer invalid"
	 - Location: ../../../../../runner/.rustup/toolchains/nightly-2025-11-21-x86_64-unknown-linux-gnu/lib/rustlib/src/rust/library/alloc/src/vec/set_len_on_drop.rs:31:9 in function <std::vec::set_len_on_drop::SetLenOnDrop<'_> as std::ops::Drop>::drop

Check 338: <std::vec::set_len_on_drop::SetLenOnDrop<'_> as std::ops::Drop>::drop.pointer_dereference.15
	 - Status: SUCCESS
	 - Description: "dereference failure: deallocated dynamic object"
	 - Location: ../../../../../runner/.rustup/toolchains/nightly-2025-11-21-x86_64-unknown-linux-gnu/lib/rustlib/src/rust/library/alloc/src/vec/set_len_on_drop.rs:31:9 in function <std::vec::set_len_on_drop::SetLenOnDrop<'_> as std::ops::Drop>::drop

Check 339: <std::vec::set_len_on_drop::SetLenOnDrop<'_> as std::ops::Drop>::drop.pointer_dereference.16
	 - Status: SUCCESS
	 - Description: "dereference failure: dead object"
	 - Location: ../../../../../runner/.rustup/toolchains/nightly-2025-11-21-x86_64-unknown-linux-gnu/lib/rustlib/src/rust/library/alloc/src/vec/set_len_on_drop.rs:31:9 in function <std::vec::set_len_on_drop::SetLenOnDrop<'_> as std::ops::Drop>::drop

Check 340: <std::vec::set_len_on_drop::SetLenOnDrop<'_> as std::ops::Drop>::drop.pointer_dereference.17
	 - Status: SUCCESS
	 - Description: "dereference failure: pointer outside object bounds"
	 - Location: ../../../../../runner/.rustup/toolchains/nightly-2025-11-21-x86_64-unknown-linux-gnu/lib/rustlib/src/rust/library/alloc/src/vec/set_len_on_drop.rs:31:9 in function <std::vec::set_len_on_drop::SetLenOnDrop<'_> as std::ops::Drop>::drop

Check 341: <std::vec::set_len_on_drop::SetLenOnDrop<'_> as std::ops::Drop>::drop.pointer_dereference.18
	 - Status: SUCCESS
	 - Description: "dereference failure: invalid integer address"
	 - Location: ../../../../../runner/.rustup/toolchains/nightly-2025-11-21-x86_64-unknown-linux-gnu/lib/rustlib/src/rust/library/alloc/src/vec/set_len_on_drop.rs:31:9 in function <std::vec::set_len_on_drop::SetLenOnDrop<'_> as std::ops::Drop>::drop

Check 342: std::ptr::write_bytes::<u8>.precondition_instance.1
	 - Status: SUCCESS
	 - Description: "memset destination region writeable"
	 - Location: ../../../../../runner/.rustup/toolchains/nightly-2025-11-21-x86_64-unknown-linux-gnu/lib/rustlib/src/rust/library/core/src/ptr/mod.rs:709:9 in function std::ptr::write_bytes::<u8>

Check 343: <std::result::Result<&mut std::option::Option<value::SlotValue>, errors::CoreError> as std::ops::Try>::branch.pointer_dereference.1
	 - Status: SUCCESS
	 - Description: "dereference failure: dead object"
	 - Location: ../../../../../runner/.rustup/toolchains/nightly-2025-11-21-x86_64-unknown-linux-gnu/lib/rustlib/src/rust/library/core/src/result.rs:2173:15 in function <std::result::Result<&mut std::option::Option<value::SlotValue>, errors::CoreError> as std::ops::Try>::branch

Check 344: <std::result::Result<&mut std::option::Option<value::SlotValue>, errors::CoreError> as std::ops::Try>::branch.pointer_dereference.2
	 - Status: SUCCESS
	 - Description: "dereference failure: dead object"
	 - Location: ../../../../../runner/.rustup/toolchains/nightly-2025-11-21-x86_64-unknown-linux-gnu/lib/rustlib/src/rust/library/core/src/result.rs:2174:22 in function <std::result::Result<&mut std::option::Option<value::SlotValue>, errors::CoreError> as std::ops::Try>::branch

Check 345: alloc::raw_vec::RawVecInner::current_memory.pointer_dereference.1
	 - Status: SUCCESS
	 - Description: "dereference failure: pointer NULL"
	 - Location: ../../../../../runner/.rustup/toolchains/nightly-2025-11-21-x86_64-unknown-linux-gnu/lib/rustlib/src/rust/library/alloc/src/raw_vec/mod.rs:523:39 in function alloc::raw_vec::RawVecInner::current_memory

Check 346: alloc::raw_vec::RawVecInner::current_memory.pointer_dereference.2
	 - Status: SUCCESS
	 - Description: "dereference failure: pointer invalid"
	 - Location: ../../../../../runner/.rustup/toolchains/nightly-2025-11-21-x86_64-unknown-linux-gnu/lib/rustlib/src/rust/library/alloc/src/raw_vec/mod.rs:523:39 in function alloc::raw_vec::RawVecInner::current_memory

Check 347: alloc::raw_vec::RawVecInner::current_memory.pointer_dereference.3
	 - Status: SUCCESS
	 - Description: "dereference failure: deallocated dynamic object"
	 - Location: ../../../../../runner/.rustup/toolchains/nightly-2025-11-21-x86_64-unknown-linux-gnu/lib/rustlib/src/rust/library/alloc/src/raw_vec/mod.rs:523:39 in function alloc::raw_vec::RawVecInner::current_memory

Check 348: alloc::raw_vec::RawVecInner::current_memory.pointer_dereference.4
	 - Status: SUCCESS
	 - Description: "dereference failure: dead object"
	 - Location: ../../../../../runner/.rustup/toolchains/nightly-2025-11-21-x86_64-unknown-linux-gnu/lib/rustlib/src/rust/library/alloc/src/raw_vec/mod.rs:523:39 in function alloc::raw_vec::RawVecInner::current_memory

Check 349: alloc::raw_vec::RawVecInner::current_memory.pointer_dereference.5
	 - Status: SUCCESS
	 - Description: "dereference failure: pointer outside object bounds"
	 - Location: ../../../../../runner/.rustup/toolchains/nightly-2025-11-21-x86_64-unknown-linux-gnu/lib/rustlib/src/rust/library/alloc/src/raw_vec/mod.rs:523:39 in function alloc::raw_vec::RawVecInner::current_memory

Check 350: alloc::raw_vec::RawVecInner::current_memory.pointer_dereference.6
	 - Status: SUCCESS
	 - Description: "dereference failure: invalid integer address"
	 - Location: ../../../../../runner/.rustup/toolchains/nightly-2025-11-21-x86_64-unknown-linux-gnu/lib/rustlib/src/rust/library/alloc/src/raw_vec/mod.rs:523:39 in function alloc::raw_vec::RawVecInner::current_memory

Check 351: alloc::raw_vec::RawVecInner::current_memory.pointer_dereference.7
	 - Status: SUCCESS
	 - Description: "dereference failure: pointer NULL"
	 - Location: ../../../../../runner/.rustup/toolchains/nightly-2025-11-21-x86_64-unknown-linux-gnu/lib/rustlib/src/rust/library/alloc/src/raw_vec/mod.rs:531:67 in function alloc::raw_vec::RawVecInner::current_memory

Check 352: alloc::raw_vec::RawVecInner::current_memory.pointer_dereference.8
	 - Status: SUCCESS
	 - Description: "dereference failure: pointer invalid"
	 - Location: ../../../../../runner/.rustup/toolchains/nightly-2025-11-21-x86_64-unknown-linux-gnu/lib/rustlib/src/rust/library/alloc/src/raw_vec/mod.rs:531:67 in function alloc::raw_vec::RawVecInner::current_memory

Check 353: alloc::raw_vec::RawVecInner::current_memory.pointer_dereference.9
	 - Status: SUCCESS
	 - Description: "dereference failure: deallocated dynamic object"
	 - Location: ../../../../../runner/.rustup/toolchains/nightly-2025-11-21-x86_64-unknown-linux-gnu/lib/rustlib/src/rust/library/alloc/src/raw_vec/mod.rs:531:67 in function alloc::raw_vec::RawVecInner::current_memory

Check 354: alloc::raw_vec::RawVecInner::current_memory.pointer_dereference.10
	 - Status: SUCCESS
	 - Description: "dereference failure: dead object"
	 - Location: ../../../../../runner/.rustup/toolchains/nightly-2025-11-21-x86_64-unknown-linux-gnu/lib/rustlib/src/rust/library/alloc/src/raw_vec/mod.rs:531:67 in function alloc::raw_vec::RawVecInner::current_memory

Check 355: alloc::raw_vec::RawVecInner::current_memory.pointer_dereference.11
	 - Status: SUCCESS
	 - Description: "dereference failure: pointer outside object bounds"
	 - Location: ../../../../../runner/.rustup/toolchains/nightly-2025-11-21-x86_64-unknown-linux-gnu/lib/rustlib/src/rust/library/alloc/src/raw_vec/mod.rs:531:67 in function alloc::raw_vec::RawVecInner::current_memory

Check 356: alloc::raw_vec::RawVecInner::current_memory.pointer_dereference.12
	 - Status: SUCCESS
	 - Description: "dereference failure: invalid integer address"
	 - Location: ../../../../../runner/.rustup/toolchains/nightly-2025-11-21-x86_64-unknown-linux-gnu/lib/rustlib/src/rust/library/alloc/src/raw_vec/mod.rs:531:67 in function alloc::raw_vec::RawVecInner::current_memory

Check 357: alloc::raw_vec::RawVecInner::current_memory.pointer_dereference.13
	 - Status: SUCCESS
	 - Description: "dereference failure: pointer NULL"
	 - Location: ../../../../../runner/.rustup/toolchains/nightly-2025-11-21-x86_64-unknown-linux-gnu/lib/rustlib/src/rust/library/alloc/src/raw_vec/mod.rs:533:23 in function alloc::raw_vec::RawVecInner::current_memory

Check 358: alloc::raw_vec::RawVecInner::current_memory.pointer_dereference.14
	 - Status: SUCCESS
	 - Description: "dereference failure: pointer invalid"
	 - Location: ../../../../../runner/.rustup/toolchains/nightly-2025-11-21-x86_64-unknown-linux-gnu/lib/rustlib/src/rust/library/alloc/src/raw_vec/mod.rs:533:23 in function alloc::raw_vec::RawVecInner::current_memory

Check 359: alloc::raw_vec::RawVecInner::current_memory.pointer_dereference.15
	 - Status: SUCCESS
	 - Description: "dereference failure: deallocated dynamic object"
	 - Location: ../../../../../runner/.rustup/toolchains/nightly-2025-11-21-x86_64-unknown-linux-gnu/lib/rustlib/src/rust/library/alloc/src/raw_vec/mod.rs:533:23 in function alloc::raw_vec::RawVecInner::current_memory

Check 360: alloc::raw_vec::RawVecInner::current_memory.pointer_dereference.16
	 - Status: SUCCESS
	 - Description: "dereference failure: dead object"
	 - Location: ../../../../../runner/.rustup/toolchains/nightly-2025-11-21-x86_64-unknown-linux-gnu/lib/rustlib/src/rust/library/alloc/src/raw_vec/mod.rs:533:23 in function alloc::raw_vec::RawVecInner::current_memory

Check 361: alloc::raw_vec::RawVecInner::current_memory.pointer_dereference.17
	 - Status: SUCCESS
	 - Description: "dereference failure: pointer outside object bounds"
	 - Location: ../../../../../runner/.rustup/toolchains/nightly-2025-11-21-x86_64-unknown-linux-gnu/lib/rustlib/src/rust/library/alloc/src/raw_vec/mod.rs:533:23 in function alloc::raw_vec::RawVecInner::current_memory

Check 362: alloc::raw_vec::RawVecInner::current_memory.pointer_dereference.18
	 - Status: SUCCESS
	 - Description: "dereference failure: invalid integer address"
	 - Location: ../../../../../runner/.rustup/toolchains/nightly-2025-11-21-x86_64-unknown-linux-gnu/lib/rustlib/src/rust/library/alloc/src/raw_vec/mod.rs:533:23 in function alloc::raw_vec::RawVecInner::current_memory

Check 363: alloc::raw_vec::RawVecInner::current_memory.pointer_dereference.19
	 - Status: SUCCESS
	 - Description: "dereference failure: dead object"
	 - Location: ../../../../../runner/.rustup/toolchains/nightly-2025-11-21-x86_64-unknown-linux-gnu/lib/rustlib/src/rust/library/alloc/src/raw_vec/mod.rs:524:13 in function alloc::raw_vec::RawVecInner::current_memory

Check 364: std::ptr::read::<alloc::raw_vec::RawVec<frame::StepState>>.pointer_dereference.1
	 - Status: SUCCESS
	 - Description: "dereference failure: pointer NULL"
	 - Location: ../../../../../runner/.rustup/toolchains/nightly-2025-11-21-x86_64-unknown-linux-gnu/lib/rustlib/src/rust/library/core/src/ptr/mod.rs:1708:9 in function std::ptr::read::<alloc::raw_vec::RawVec<frame::StepState>>

Check 365: std::ptr::read::<alloc::raw_vec::RawVec<frame::StepState>>.pointer_dereference.2
	 - Status: SUCCESS
	 - Description: "dereference failure: pointer invalid"
	 - Location: ../../../../../runner/.rustup/toolchains/nightly-2025-11-21-x86_64-unknown-linux-gnu/lib/rustlib/src/rust/library/core/src/ptr/mod.rs:1708:9 in function std::ptr::read::<alloc::raw_vec::RawVec<frame::StepState>>

Check 366: std::ptr::read::<alloc::raw_vec::RawVec<frame::StepState>>.pointer_dereference.3
	 - Status: SUCCESS
	 - Description: "dereference failure: deallocated dynamic object"
	 - Location: ../../../../../runner/.rustup/toolchains/nightly-2025-11-21-x86_64-unknown-linux-gnu/lib/rustlib/src/rust/library/core/src/ptr/mod.rs:1708:9 in function std::ptr::read::<alloc::raw_vec::RawVec<frame::StepState>>

Check 367: std::ptr::read::<alloc::raw_vec::RawVec<frame::StepState>>.pointer_dereference.4
	 - Status: SUCCESS
	 - Description: "dereference failure: dead object"
	 - Location: ../../../../../runner/.rustup/toolchains/nightly-2025-11-21-x86_64-unknown-linux-gnu/lib/rustlib/src/rust/library/core/src/ptr/mod.rs:1708:9 in function std::ptr::read::<alloc::raw_vec::RawVec<frame::StepState>>

Check 368: std::ptr::read::<alloc::raw_vec::RawVec<frame::StepState>>.pointer_dereference.5
	 - Status: SUCCESS
	 - Description: "dereference failure: pointer outside object bounds"
	 - Location: ../../../../../runner/.rustup/toolchains/nightly-2025-11-21-x86_64-unknown-linux-gnu/lib/rustlib/src/rust/library/core/src/ptr/mod.rs:1708:9 in function std::ptr::read::<alloc::raw_vec::RawVec<frame::StepState>>

Check 369: std::ptr::read::<alloc::raw_vec::RawVec<frame::StepState>>.pointer_dereference.6
	 - Status: SUCCESS
	 - Description: "dereference failure: invalid integer address"
	 - Location: ../../../../../runner/.rustup/toolchains/nightly-2025-11-21-x86_64-unknown-linux-gnu/lib/rustlib/src/rust/library/core/src/ptr/mod.rs:1708:9 in function std::ptr::read::<alloc::raw_vec::RawVec<frame::StepState>>

Check 370: std::alloc::Layout::size.pointer_dereference.1
	 - Status: SUCCESS
	 - Description: "dereference failure: pointer NULL"
	 - Location: ../../../../../runner/.rustup/toolchains/nightly-2025-11-21-x86_64-unknown-linux-gnu/lib/rustlib/src/rust/library/core/src/alloc/layout.rs:140:9 in function std::alloc::Layout::size

Check 371: std::alloc::Layout::size.pointer_dereference.2
	 - Status: SUCCESS
	 - Description: "dereference failure: pointer invalid"
	 - Location: ../../../../../runner/.rustup/toolchains/nightly-2025-11-21-x86_64-unknown-linux-gnu/lib/rustlib/src/rust/library/core/src/alloc/layout.rs:140:9 in function std::alloc::Layout::size

Check 372: std::alloc::Layout::size.pointer_dereference.3
	 - Status: SUCCESS
	 - Description: "dereference failure: deallocated dynamic object"
	 - Location: ../../../../../runner/.rustup/toolchains/nightly-2025-11-21-x86_64-unknown-linux-gnu/lib/rustlib/src/rust/library/core/src/alloc/layout.rs:140:9 in function std::alloc::Layout::size

Check 373: std::alloc::Layout::size.pointer_dereference.4
	 - Status: SUCCESS
	 - Description: "dereference failure: dead object"
	 - Location: ../../../../../runner/.rustup/toolchains/nightly-2025-11-21-x86_64-unknown-linux-gnu/lib/rustlib/src/rust/library/core/src/alloc/layout.rs:140:9 in function std::alloc::Layout::size

Check 374: std::alloc::Layout::size.pointer_dereference.5
	 - Status: SUCCESS
	 - Description: "dereference failure: pointer outside object bounds"
	 - Location: ../../../../../runner/.rustup/toolchains/nightly-2025-11-21-x86_64-unknown-linux-gnu/lib/rustlib/src/rust/library/core/src/alloc/layout.rs:140:9 in function std::alloc::Layout::size

Check 375: std::alloc::Layout::size.pointer_dereference.6
	 - Status: SUCCESS
	 - Description: "dereference failure: invalid integer address"
	 - Location: ../../../../../runner/.rustup/toolchains/nightly-2025-11-21-x86_64-unknown-linux-gnu/lib/rustlib/src/rust/library/core/src/alloc/layout.rs:140:9 in function std::alloc::Layout::size

Check 376: std::ptr::Alignment::new.pointer_dereference.1
	 - Status: SUCCESS
	 - Description: "dereference failure: dead object"
	 - Location: ../../../../../runner/.rustup/toolchains/nightly-2025-11-21-x86_64-unknown-linux-gnu/lib/rustlib/src/rust/library/core/src/ptr/alignment.rs:64:13 in function std::ptr::Alignment::new

Check 377: alloc::raw_vec::RawVecInner::deallocate.pointer_dereference.1
	 - Status: SUCCESS
	 - Description: "dereference failure: dead object"
	 - Location: ../../../../../runner/.rustup/toolchains/nightly-2025-11-21-x86_64-unknown-linux-gnu/lib/rustlib/src/rust/library/alloc/src/raw_vec/mod.rs:832:38 in function alloc::raw_vec::RawVecInner::deallocate

Check 378: <std::vec::Vec<capability::Capability> as std::ops::Drop>::drop.pointer_dereference.1
	 - Status: SUCCESS
	 - Description: "dereference failure: pointer NULL"
	 - Location: ../../../../../runner/.rustup/toolchains/nightly-2025-11-21-x86_64-unknown-linux-gnu/lib/rustlib/src/rust/library/alloc/src/vec/mod.rs:4076:81 in function <std::vec::Vec<capability::Capability> as std::ops::Drop>::drop

Check 379: <std::vec::Vec<capability::Capability> as std::ops::Drop>::drop.pointer_dereference.2
	 - Status: SUCCESS
	 - Description: "dereference failure: pointer invalid"
	 - Location: ../../../../../runner/.rustup/toolchains/nightly-2025-11-21-x86_64-unknown-linux-gnu/lib/rustlib/src/rust/library/alloc/src/vec/mod.rs:4076:81 in function <std::vec::Vec<capability::Capability> as std::ops::Drop>::drop

Check 380: <std::vec::Vec<capability::Capability> as std::ops::Drop>::drop.pointer_dereference.3
	 - Status: SUCCESS
	 - Description: "dereference failure: deallocated dynamic object"
	 - Location: ../../../../../runner/.rustup/toolchains/nightly-2025-11-21-x86_64-unknown-linux-gnu/lib/rustlib/src/rust/library/alloc/src/vec/mod.rs:4076:81 in function <std::vec::Vec<capability::Capability> as std::ops::Drop>::drop

Check 381: <std::vec::Vec<capability::Capability> as std::ops::Drop>::drop.pointer_dereference.4
	 - Status: SUCCESS
	 - Description: "dereference failure: dead object"
	 - Location: ../../../../../runner/.rustup/toolchains/nightly-2025-11-21-x86_64-unknown-linux-gnu/lib/rustlib/src/rust/library/alloc/src/vec/mod.rs:4076:81 in function <std::vec::Vec<capability::Capability> as std::ops::Drop>::drop

Check 382: <std::vec::Vec<capability::Capability> as std::ops::Drop>::drop.pointer_dereference.5
	 - Status: SUCCESS
	 - Description: "dereference failure: pointer outside object bounds"
	 - Location: ../../../../../runner/.rustup/toolchains/nightly-2025-11-21-x86_64-unknown-linux-gnu/lib/rustlib/src/rust/library/alloc/src/vec/mod.rs:4076:81 in function <std::vec::Vec<capability::Capability> as std::ops::Drop>::drop

Check 383: <std::vec::Vec<capability::Capability> as std::ops::Drop>::drop.pointer_dereference.6
	 - Status: SUCCESS
	 - Description: "dereference failure: invalid integer address"
	 - Location: ../../../../../runner/.rustup/toolchains/nightly-2025-11-21-x86_64-unknown-linux-gnu/lib/rustlib/src/rust/library/alloc/src/vec/mod.rs:4076:81 in function <std::vec::Vec<capability::Capability> as std::ops::Drop>::drop

Check 384: <usize as std::slice::SliceIndex<[value::Taint]>>::get.pointer_dereference.1
	 - Status: SUCCESS
	 - Description: "dereference failure: dead object"
	 - Location: ../../../../../runner/.rustup/toolchains/nightly-2025-11-21-x86_64-unknown-linux-gnu/lib/rustlib/src/rust/library/core/src/slice/index.rs:223:13 in function <usize as std::slice::SliceIndex<[value::Taint]>>::get

Check 385: std::vec::Vec::<std::option::Option<value::SlotValue>>::reserve.pointer_dereference.1
	 - Status: SUCCESS
	 - Description: "dereference failure: pointer NULL"
	 - Location: ../../../../../runner/.rustup/toolchains/nightly-2025-11-21-x86_64-unknown-linux-gnu/lib/rustlib/src/rust/library/alloc/src/vec/mod.rs:1298:26 in function std::vec::Vec::<std::option::Option<value::SlotValue>>::reserve

Check 386: std::vec::Vec::<std::option::Option<value::SlotValue>>::reserve.pointer_dereference.2
	 - Status: SUCCESS
	 - Description: "dereference failure: pointer invalid"
	 - Location: ../../../../../runner/.rustup/toolchains/nightly-2025-11-21-x86_64-unknown-linux-gnu/lib/rustlib/src/rust/library/alloc/src/vec/mod.rs:1298:26 in function std::vec::Vec::<std::option::Option<value::SlotValue>>::reserve

Check 387: std::vec::Vec::<std::option::Option<value::SlotValue>>::reserve.pointer_dereference.3
	 - Status: SUCCESS
	 - Description: "dereference failure: deallocated dynamic object"
	 - Location: ../../../../../runner/.rustup/toolchains/nightly-2025-11-21-x86_64-unknown-linux-gnu/lib/rustlib/src/rust/library/alloc/src/vec/mod.rs:1298:26 in function std::vec::Vec::<std::option::Option<value::SlotValue>>::reserve

Check 388: std::vec::Vec::<std::option::Option<value::SlotValue>>::reserve.pointer_dereference.4
	 - Status: SUCCESS
	 - Description: "dereference failure: dead object"
	 - Location: ../../../../../runner/.rustup/toolchains/nightly-2025-11-21-x86_64-unknown-linux-gnu/lib/rustlib/src/rust/library/alloc/src/vec/mod.rs:1298:26 in function std::vec::Vec::<std::option::Option<value::SlotValue>>::reserve

Check 389: std::vec::Vec::<std::option::Option<value::SlotValue>>::reserve.pointer_dereference.5
	 - Status: SUCCESS
	 - Description: "dereference failure: pointer outside object bounds"
	 - Location: ../../../../../runner/.rustup/toolchains/nightly-2025-11-21-x86_64-unknown-linux-gnu/lib/rustlib/src/rust/library/alloc/src/vec/mod.rs:1298:26 in function std::vec::Vec::<std::option::Option<value::SlotValue>>::reserve

Check 390: std::vec::Vec::<std::option::Option<value::SlotValue>>::reserve.pointer_dereference.6
	 - Status: SUCCESS
	 - Description: "dereference failure: invalid integer address"
	 - Location: ../../../../../runner/.rustup/toolchains/nightly-2025-11-21-x86_64-unknown-linux-gnu/lib/rustlib/src/rust/library/alloc/src/vec/mod.rs:1298:26 in function std::vec::Vec::<std::option::Option<value::SlotValue>>::reserve

Check 391: alloc::raw_vec::RawVecInner::shrink_unchecked.pointer_dereference.1
	 - Status: SUCCESS
	 - Description: "dereference failure: dead object"
	 - Location: ../../../../../runner/.rustup/toolchains/nightly-2025-11-21-x86_64-unknown-linux-gnu/lib/rustlib/src/rust/library/alloc/src/raw_vec/mod.rs:791:48 in function alloc::raw_vec::RawVecInner::shrink_unchecked

Check 392: alloc::raw_vec::RawVecInner::shrink_unchecked.pointer_dereference.2
	 - Status: SUCCESS
	 - Description: "dereference failure: dead object"
	 - Location: ../../../../../runner/.rustup/toolchains/nightly-2025-11-21-x86_64-unknown-linux-gnu/lib/rustlib/src/rust/library/alloc/src/raw_vec/mod.rs:794:20 in function alloc::raw_vec::RawVecInner::shrink_unchecked

Check 393: alloc::raw_vec::RawVecInner::shrink_unchecked.pointer_dereference.3
	 - Status: SUCCESS
	 - Description: "dereference failure: pointer NULL"
	 - Location: ../../../../../runner/.rustup/toolchains/nightly-2025-11-21-x86_64-unknown-linux-gnu/lib/rustlib/src/rust/library/alloc/src/raw_vec/mod.rs:802:13 in function alloc::raw_vec::RawVecInner::shrink_unchecked

Check 394: alloc::raw_vec::RawVecInner::shrink_unchecked.pointer_dereference.4
	 - Status: SUCCESS
	 - Description: "dereference failure: pointer invalid"
	 - Location: ../../../../../runner/.rustup/toolchains/nightly-2025-11-21-x86_64-unknown-linux-gnu/lib/rustlib/src/rust/library/alloc/src/raw_vec/mod.rs:802:13 in function alloc::raw_vec::RawVecInner::shrink_unchecked

Check 395: alloc::raw_vec::RawVecInner::shrink_unchecked.pointer_dereference.5
	 - Status: SUCCESS
	 - Description: "dereference failure: deallocated dynamic object"
	 - Location: ../../../../../runner/.rustup/toolchains/nightly-2025-11-21-x86_64-unknown-linux-gnu/lib/rustlib/src/rust/library/alloc/src/raw_vec/mod.rs:802:13 in function alloc::raw_vec::RawVecInner::shrink_unchecked

Check 396: alloc::raw_vec::RawVecInner::shrink_unchecked.pointer_dereference.6
	 - Status: SUCCESS
	 - Description: "dereference failure: dead object"
	 - Location: ../../../../../runner/.rustup/toolchains/nightly-2025-11-21-x86_64-unknown-linux-gnu/lib/rustlib/src/rust/library/alloc/src/raw_vec/mod.rs:802:13 in function alloc::raw_vec::RawVecInner::shrink_unchecked

Check 397: alloc::raw_vec::RawVecInner::shrink_unchecked.pointer_dereference.7
	 - Status: SUCCESS
	 - Description: "dereference failure: pointer outside object bounds"
	 - Location: ../../../../../runner/.rustup/toolchains/nightly-2025-11-21-x86_64-unknown-linux-gnu/lib/rustlib/src/rust/library/alloc/src/raw_vec/mod.rs:802:13 in function alloc::raw_vec::RawVecInner::shrink_unchecked

Check 398: alloc::raw_vec::RawVecInner::shrink_unchecked.pointer_dereference.8
	 - Status: SUCCESS
	 - Description: "dereference failure: invalid integer address"
	 - Location: ../../../../../runner/.rustup/toolchains/nightly-2025-11-21-x86_64-unknown-linux-gnu/lib/rustlib/src/rust/library/alloc/src/raw_vec/mod.rs:802:13 in function alloc::raw_vec::RawVecInner::shrink_unchecked

Check 399: alloc::raw_vec::RawVecInner::shrink_unchecked.pointer_dereference.9
	 - Status: SUCCESS
	 - Description: "dereference failure: pointer NULL"
	 - Location: ../../../../../runner/.rustup/toolchains/nightly-2025-11-21-x86_64-unknown-linux-gnu/lib/rustlib/src/rust/library/alloc/src/raw_vec/mod.rs:804:13 in function alloc::raw_vec::RawVecInner::shrink_unchecked

Check 400: alloc::raw_vec::RawVecInner::shrink_unchecked.pointer_dereference.10
	 - Status: SUCCESS
	 - Description: "dereference failure: pointer invalid"
	 - Location: ../../../../../runner/.rustup/toolchains/nightly-2025-11-21-x86_64-unknown-linux-gnu/lib/rustlib/src/rust/library/alloc/src/raw_vec/mod.rs:804:13 in function alloc::raw_vec::RawVecInner::shrink_unchecked

Check 401: alloc::raw_vec::RawVecInner::shrink_unchecked.pointer_dereference.11
	 - Status: SUCCESS
	 - Description: "dereference failure: deallocated dynamic object"
	 - Location: ../../../../../runner/.rustup/toolchains/nightly-2025-11-21-x86_64-unknown-linux-gnu/lib/rustlib/src/rust/library/alloc/src/raw_vec/mod.rs:804:13 in function alloc::raw_vec::RawVecInner::shrink_unchecked

Check 402: alloc::raw_vec::RawVecInner::shrink_unchecked.pointer_dereference.12
	 - Status: SUCCESS
	 - Description: "dereference failure: dead object"
	 - Location: ../../../../../runner/.rustup/toolchains/nightly-2025-11-21-x86_64-unknown-linux-gnu/lib/rustlib/src/rust/library/alloc/src/raw_vec/mod.rs:804:13 in function alloc::raw_vec::RawVecInner::shrink_unchecked

Check 403: alloc::raw_vec::RawVecInner::shrink_unchecked.pointer_dereference.13
	 - Status: SUCCESS
	 - Description: "dereference failure: pointer outside object bounds"
	 - Location: ../../../../../runner/.rustup/toolchains/nightly-2025-11-21-x86_64-unknown-linux-gnu/lib/rustlib/src/rust/library/alloc/src/raw_vec/mod.rs:804:13 in function alloc::raw_vec::RawVecInner::shrink_unchecked

Check 404: alloc::raw_vec::RawVecInner::shrink_unchecked.pointer_dereference.14
	 - Status: SUCCESS
	 - Description: "dereference failure: invalid integer address"
	 - Location: ../../../../../runner/.rustup/toolchains/nightly-2025-11-21-x86_64-unknown-linux-gnu/lib/rustlib/src/rust/library/alloc/src/raw_vec/mod.rs:804:13 in function alloc::raw_vec::RawVecInner::shrink_unchecked

Check 405: alloc::raw_vec::RawVecInner::shrink_unchecked.pointer_dereference.15
	 - Status: SUCCESS
	 - Description: "dereference failure: dead object"
	 - Location: ../../../../../runner/.rustup/toolchains/nightly-2025-11-21-x86_64-unknown-linux-gnu/lib/rustlib/src/rust/library/alloc/src/raw_vec/mod.rs:820:9 in function alloc::raw_vec::RawVecInner::shrink_unchecked

Check 406: std::alloc::Layout::alignment.pointer_dereference.1
	 - Status: SUCCESS
	 - Description: "dereference failure: pointer NULL"
	 - Location: ../../../../../runner/.rustup/toolchains/nightly-2025-11-21-x86_64-unknown-linux-gnu/lib/rustlib/src/rust/library/core/src/alloc/layout.rs:515:9 in function std::alloc::Layout::alignment

Check 407: std::alloc::Layout::alignment.pointer_dereference.2
	 - Status: SUCCESS
	 - Description: "dereference failure: pointer invalid"
	 - Location: ../../../../../runner/.rustup/toolchains/nightly-2025-11-21-x86_64-unknown-linux-gnu/lib/rustlib/src/rust/library/core/src/alloc/layout.rs:515:9 in function std::alloc::Layout::alignment

Check 408: std::alloc::Layout::alignment.pointer_dereference.3
	 - Status: SUCCESS
	 - Description: "dereference failure: deallocated dynamic object"
	 - Location: ../../../../../runner/.rustup/toolchains/nightly-2025-11-21-x86_64-unknown-linux-gnu/lib/rustlib/src/rust/library/core/src/alloc/layout.rs:515:9 in function std::alloc::Layout::alignment

Check 409: std::alloc::Layout::alignment.pointer_dereference.4
	 - Status: SUCCESS
	 - Description: "dereference failure: dead object"
	 - Location: ../../../../../runner/.rustup/toolchains/nightly-2025-11-21-x86_64-unknown-linux-gnu/lib/rustlib/src/rust/library/core/src/alloc/layout.rs:515:9 in function std::alloc::Layout::alignment

Check 410: std::alloc::Layout::alignment.pointer_dereference.5
	 - Status: SUCCESS
	 - Description: "dereference failure: pointer outside object bounds"
	 - Location: ../../../../../runner/.rustup/toolchains/nightly-2025-11-21-x86_64-unknown-linux-gnu/lib/rustlib/src/rust/library/core/src/alloc/layout.rs:515:9 in function std::alloc::Layout::alignment

Check 411: std::alloc::Layout::alignment.pointer_dereference.6
	 - Status: SUCCESS
	 - Description: "dereference failure: invalid integer address"
	 - Location: ../../../../../runner/.rustup/toolchains/nightly-2025-11-21-x86_64-unknown-linux-gnu/lib/rustlib/src/rust/library/core/src/alloc/layout.rs:515:9 in function std::alloc::Layout::alignment

Check 412: alloc::raw_vec::RawVecInner::shrink_to_fit.pointer_dereference.1
	 - Status: SUCCESS
	 - Description: "dereference failure: dead object"
	 - Location: ../../../../../runner/.rustup/toolchains/nightly-2025-11-21-x86_64-unknown-linux-gnu/lib/rustlib/src/rust/library/alloc/src/raw_vec/mod.rs:648:27 in function alloc::raw_vec::RawVecInner::shrink_to_fit

Check 413: alloc::raw_vec::RawVecInner::non_null::<capability::Capability>.pointer_dereference.1
	 - Status: SUCCESS
	 - Description: "dereference failure: pointer NULL"
	 - Location: ../../../../../runner/.rustup/toolchains/nightly-2025-11-21-x86_64-unknown-linux-gnu/lib/rustlib/src/rust/library/alloc/src/raw_vec/mod.rs:504:9 in function alloc::raw_vec::RawVecInner::non_null::<capability::Capability>

Check 414: alloc::raw_vec::RawVecInner::non_null::<capability::Capability>.pointer_dereference.2
	 - Status: SUCCESS
	 - Description: "dereference failure: pointer invalid"
	 - Location: ../../../../../runner/.rustup/toolchains/nightly-2025-11-21-x86_64-unknown-linux-gnu/lib/rustlib/src/rust/library/alloc/src/raw_vec/mod.rs:504:9 in function alloc::raw_vec::RawVecInner::non_null::<capability::Capability>

Check 415: alloc::raw_vec::RawVecInner::non_null::<capability::Capability>.pointer_dereference.3
	 - Status: SUCCESS
	 - Description: "dereference failure: deallocated dynamic object"
	 - Location: ../../../../../runner/.rustup/toolchains/nightly-2025-11-21-x86_64-unknown-linux-gnu/lib/rustlib/src/rust/library/alloc/src/raw_vec/mod.rs:504:9 in function alloc::raw_vec::RawVecInner::non_null::<capability::Capability>

Check 416: alloc::raw_vec::RawVecInner::non_null::<capability::Capability>.pointer_dereference.4
	 - Status: SUCCESS
	 - Description: "dereference failure: dead object"
	 - Location: ../../../../../runner/.rustup/toolchains/nightly-2025-11-21-x86_64-unknown-linux-gnu/lib/rustlib/src/rust/library/alloc/src/raw_vec/mod.rs:504:9 in function alloc::raw_vec::RawVecInner::non_null::<capability::Capability>

Check 417: alloc::raw_vec::RawVecInner::non_null::<capability::Capability>.pointer_dereference.5
	 - Status: SUCCESS
	 - Description: "dereference failure: pointer outside object bounds"
	 - Location: ../../../../../runner/.rustup/toolchains/nightly-2025-11-21-x86_64-unknown-linux-gnu/lib/rustlib/src/rust/library/alloc/src/raw_vec/mod.rs:504:9 in function alloc::raw_vec::RawVecInner::non_null::<capability::Capability>

Check 418: alloc::raw_vec::RawVecInner::non_null::<capability::Capability>.pointer_dereference.6
	 - Status: SUCCESS
	 - Description: "dereference failure: invalid integer address"
	 - Location: ../../../../../runner/.rustup/toolchains/nightly-2025-11-21-x86_64-unknown-linux-gnu/lib/rustlib/src/rust/library/alloc/src/raw_vec/mod.rs:504:9 in function alloc::raw_vec::RawVecInner::non_null::<capability::Capability>

Check 419: action::verify_idempotency.pointer_dereference.1
	 - Status: SUCCESS
	 - Description: "dereference failure: dead object"
	 - Location: crates/vb_core/src/action.rs:377:16 in function action::verify_idempotency

Check 420: action::verify_idempotency.pointer_dereference.2
	 - Status: SUCCESS
	 - Description: "dereference failure: pointer NULL"
	 - Location: crates/vb_core/src/action.rs:379:11 in function action::verify_idempotency

Check 421: action::verify_idempotency.pointer_dereference.3
	 - Status: SUCCESS
	 - Description: "dereference failure: pointer invalid"
	 - Location: crates/vb_core/src/action.rs:379:11 in function action::verify_idempotency

Check 422: action::verify_idempotency.pointer_dereference.4
	 - Status: SUCCESS
	 - Description: "dereference failure: deallocated dynamic object"
	 - Location: crates/vb_core/src/action.rs:379:11 in function action::verify_idempotency

Check 423: action::verify_idempotency.pointer_dereference.5
	 - Status: SUCCESS
	 - Description: "dereference failure: dead object"
	 - Location: crates/vb_core/src/action.rs:379:11 in function action::verify_idempotency

Check 424: action::verify_idempotency.pointer_dereference.6
	 - Status: SUCCESS
	 - Description: "dereference failure: pointer outside object bounds"
	 - Location: crates/vb_core/src/action.rs:379:11 in function action::verify_idempotency

Check 425: action::verify_idempotency.pointer_dereference.7
	 - Status: SUCCESS
	 - Description: "dereference failure: invalid integer address"
	 - Location: crates/vb_core/src/action.rs:379:11 in function action::verify_idempotency

Check 426: action::verify_idempotency.pointer_dereference.8
	 - Status: SUCCESS
	 - Description: "dereference failure: pointer NULL"
	 - Location: crates/vb_core/src/action.rs:387:69 in function action::verify_idempotency

Check 427: action::verify_idempotency.pointer_dereference.9
	 - Status: SUCCESS
	 - Description: "dereference failure: pointer invalid"
	 - Location: crates/vb_core/src/action.rs:387:69 in function action::verify_idempotency

Check 428: action::verify_idempotency.pointer_dereference.10
	 - Status: SUCCESS
	 - Description: "dereference failure: deallocated dynamic object"
	 - Location: crates/vb_core/src/action.rs:387:69 in function action::verify_idempotency

Check 429: action::verify_idempotency.pointer_dereference.11
	 - Status: SUCCESS
	 - Description: "dereference failure: dead object"
	 - Location: crates/vb_core/src/action.rs:387:69 in function action::verify_idempotency

Check 430: action::verify_idempotency.pointer_dereference.12
	 - Status: SUCCESS
	 - Description: "dereference failure: pointer outside object bounds"
	 - Location: crates/vb_core/src/action.rs:387:69 in function action::verify_idempotency

Check 431: action::verify_idempotency.pointer_dereference.13
	 - Status: SUCCESS
	 - Description: "dereference failure: invalid integer address"
	 - Location: crates/vb_core/src/action.rs:387:69 in function action::verify_idempotency

Check 432: action::verify_idempotency.pointer_dereference.14
	 - Status: SUCCESS
	 - Description: "dereference failure: pointer NULL"
	 - Location: crates/vb_core/src/action.rs:383:61 in function action::verify_idempotency

Check 433: action::verify_idempotency.pointer_dereference.15
	 - Status: SUCCESS
	 - Description: "dereference failure: pointer invalid"
	 - Location: crates/vb_core/src/action.rs:383:61 in function action::verify_idempotency

Check 434: action::verify_idempotency.pointer_dereference.16
	 - Status: SUCCESS
	 - Description: "dereference failure: deallocated dynamic object"
	 - Location: crates/vb_core/src/action.rs:383:61 in function action::verify_idempotency

Check 435: action::verify_idempotency.pointer_dereference.17
	 - Status: SUCCESS
	 - Description: "dereference failure: dead object"
	 - Location: crates/vb_core/src/action.rs:383:61 in function action::verify_idempotency

Check 436: action::verify_idempotency.pointer_dereference.18
	 - Status: SUCCESS
	 - Description: "dereference failure: pointer outside object bounds"
	 - Location: crates/vb_core/src/action.rs:383:61 in function action::verify_idempotency

Check 437: action::verify_idempotency.pointer_dereference.19
	 - Status: SUCCESS
	 - Description: "dereference failure: invalid integer address"
	 - Location: crates/vb_core/src/action.rs:383:61 in function action::verify_idempotency

Check 438: action::verify_idempotency.pointer_dereference.20
	 - Status: SUCCESS
	 - Description: "dereference failure: dead object"
	 - Location: crates/vb_core/src/action.rs:380:30 in function action::verify_idempotency

Check 439: std::vec::set_len_on_drop::SetLenOnDrop::<'_>::new.pointer_dereference.1
	 - Status: SUCCESS
	 - Description: "dereference failure: pointer NULL"
	 - Location: ../../../../../runner/.rustup/toolchains/nightly-2025-11-21-x86_64-unknown-linux-gnu/lib/rustlib/src/rust/library/alloc/src/vec/set_len_on_drop.rs:14:35 in function std::vec::set_len_on_drop::SetLenOnDrop::<'_>::new

Check 440: std::vec::set_len_on_drop::SetLenOnDrop::<'_>::new.pointer_dereference.2
	 - Status: SUCCESS
	 - Description: "dereference failure: pointer invalid"
	 - Location: ../../../../../runner/.rustup/toolchains/nightly-2025-11-21-x86_64-unknown-linux-gnu/lib/rustlib/src/rust/library/alloc/src/vec/set_len_on_drop.rs:14:35 in function std::vec::set_len_on_drop::SetLenOnDrop::<'_>::new

Check 441: std::vec::set_len_on_drop::SetLenOnDrop::<'_>::new.pointer_dereference.3
	 - Status: SUCCESS
	 - Description: "dereference failure: deallocated dynamic object"
	 - Location: ../../../../../runner/.rustup/toolchains/nightly-2025-11-21-x86_64-unknown-linux-gnu/lib/rustlib/src/rust/library/alloc/src/vec/set_len_on_drop.rs:14:35 in function std::vec::set_len_on_drop::SetLenOnDrop::<'_>::new

Check 442: std::vec::set_len_on_drop::SetLenOnDrop::<'_>::new.pointer_dereference.4
	 - Status: SUCCESS
	 - Description: "dereference failure: dead object"
	 - Location: ../../../../../runner/.rustup/toolchains/nightly-2025-11-21-x86_64-unknown-linux-gnu/lib/rustlib/src/rust/library/alloc/src/vec/set_len_on_drop.rs:14:35 in function std::vec::set_len_on_drop::SetLenOnDrop::<'_>::new

Check 443: std::vec::set_len_on_drop::SetLenOnDrop::<'_>::new.pointer_dereference.5
	 - Status: SUCCESS
	 - Description: "dereference failure: pointer outside object bounds"
	 - Location: ../../../../../runner/.rustup/toolchains/nightly-2025-11-21-x86_64-unknown-linux-gnu/lib/rustlib/src/rust/library/alloc/src/vec/set_len_on_drop.rs:14:35 in function std::vec::set_len_on_drop::SetLenOnDrop::<'_>::new

Check 444: std::vec::set_len_on_drop::SetLenOnDrop::<'_>::new.pointer_dereference.6
	 - Status: SUCCESS
	 - Description: "dereference failure: invalid integer address"
	 - Location: ../../../../../runner/.rustup/toolchains/nightly-2025-11-21-x86_64-unknown-linux-gnu/lib/rustlib/src/rust/library/alloc/src/vec/set_len_on_drop.rs:14:35 in function std::vec::set_len_on_drop::SetLenOnDrop::<'_>::new

Check 445: std::ptr::drop_in_place::<std::result::Result<frame::RunFrame, errors::CoreError>>.pointer_dereference.1
	 - Status: SUCCESS
	 - Description: "dereference failure: pointer NULL"
	 - Location: ../../../../../runner/.rustup/toolchains/nightly-2025-11-21-x86_64-unknown-linux-gnu/lib/rustlib/src/rust/library/core/src/ptr/mod.rs:805:1 in function std::ptr::drop_in_place::<std::result::Result<frame::RunFrame, errors::CoreError>>

Check 446: std::ptr::drop_in_place::<std::result::Result<frame::RunFrame, errors::CoreError>>.pointer_dereference.2
	 - Status: SUCCESS
	 - Description: "dereference failure: pointer invalid"
	 - Location: ../../../../../runner/.rustup/toolchains/nightly-2025-11-21-x86_64-unknown-linux-gnu/lib/rustlib/src/rust/library/core/src/ptr/mod.rs:805:1 in function std::ptr::drop_in_place::<std::result::Result<frame::RunFrame, errors::CoreError>>

Check 447: std::ptr::drop_in_place::<std::result::Result<frame::RunFrame, errors::CoreError>>.pointer_dereference.3
	 - Status: SUCCESS
	 - Description: "dereference failure: deallocated dynamic object"
	 - Location: ../../../../../runner/.rustup/toolchains/nightly-2025-11-21-x86_64-unknown-linux-gnu/lib/rustlib/src/rust/library/core/src/ptr/mod.rs:805:1 in function std::ptr::drop_in_place::<std::result::Result<frame::RunFrame, errors::CoreError>>

Check 448: std::ptr::drop_in_place::<std::result::Result<frame::RunFrame, errors::CoreError>>.pointer_dereference.4
	 - Status: SUCCESS
	 - Description: "dereference failure: dead object"
	 - Location: ../../../../../runner/.rustup/toolchains/nightly-2025-11-21-x86_64-unknown-linux-gnu/lib/rustlib/src/rust/library/core/src/ptr/mod.rs:805:1 in function std::ptr::drop_in_place::<std::result::Result<frame::RunFrame, errors::CoreError>>

Check 449: std::ptr::drop_in_place::<std::result::Result<frame::RunFrame, errors::CoreError>>.pointer_dereference.5
	 - Status: SUCCESS
	 - Description: "dereference failure: pointer outside object bounds"
	 - Location: ../../../../../runner/.rustup/toolchains/nightly-2025-11-21-x86_64-unknown-linux-gnu/lib/rustlib/src/rust/library/core/src/ptr/mod.rs:805:1 in function std::ptr::drop_in_place::<std::result::Result<frame::RunFrame, errors::CoreError>>

Check 450: std::ptr::drop_in_place::<std::result::Result<frame::RunFrame, errors::CoreError>>.pointer_dereference.6
	 - Status: SUCCESS
	 - Description: "dereference failure: invalid integer address"
	 - Location: ../../../../../runner/.rustup/toolchains/nightly-2025-11-21-x86_64-unknown-linux-gnu/lib/rustlib/src/rust/library/core/src/ptr/mod.rs:805:1 in function std::ptr::drop_in_place::<std::result::Result<frame::RunFrame, errors::CoreError>>

Check 451: <std::boxed::Box<[frame::StepState]> as std::ops::Drop>::drop.pointer_dereference.1
	 - Status: SUCCESS
	 - Description: "dereference failure: pointer NULL"
	 - Location: ../../../../../runner/.rustup/toolchains/nightly-2025-11-21-x86_64-unknown-linux-gnu/lib/rustlib/src/rust/library/alloc/src/boxed.rs:1761:19 in function <std::boxed::Box<[frame::StepState]> as std::ops::Drop>::drop

Check 452: <std::boxed::Box<[frame::StepState]> as std::ops::Drop>::drop.pointer_dereference.2
	 - Status: SUCCESS
	 - Description: "dereference failure: pointer invalid"
	 - Location: ../../../../../runner/.rustup/toolchains/nightly-2025-11-21-x86_64-unknown-linux-gnu/lib/rustlib/src/rust/library/alloc/src/boxed.rs:1761:19 in function <std::boxed::Box<[frame::StepState]> as std::ops::Drop>::drop

Check 453: <std::boxed::Box<[frame::StepState]> as std::ops::Drop>::drop.pointer_dereference.3
	 - Status: SUCCESS
	 - Description: "dereference failure: deallocated dynamic object"
	 - Location: ../../../../../runner/.rustup/toolchains/nightly-2025-11-21-x86_64-unknown-linux-gnu/lib/rustlib/src/rust/library/alloc/src/boxed.rs:1761:19 in function <std::boxed::Box<[frame::StepState]> as std::ops::Drop>::drop

Check 454: <std::boxed::Box<[frame::StepState]> as std::ops::Drop>::drop.pointer_dereference.4
	 - Status: SUCCESS
	 - Description: "dereference failure: dead object"
	 - Location: ../../../../../runner/.rustup/toolchains/nightly-2025-11-21-x86_64-unknown-linux-gnu/lib/rustlib/src/rust/library/alloc/src/boxed.rs:1761:19 in function <std::boxed::Box<[frame::StepState]> as std::ops::Drop>::drop

Check 455: <std::boxed::Box<[frame::StepState]> as std::ops::Drop>::drop.pointer_dereference.5
	 - Status: SUCCESS
	 - Description: "dereference failure: pointer outside object bounds"
	 - Location: ../../../../../runner/.rustup/toolchains/nightly-2025-11-21-x86_64-unknown-linux-gnu/lib/rustlib/src/rust/library/alloc/src/boxed.rs:1761:19 in function <std::boxed::Box<[frame::StepState]> as std::ops::Drop>::drop

Check 456: <std::boxed::Box<[frame::StepState]> as std::ops::Drop>::drop.pointer_dereference.6
	 - Status: SUCCESS
	 - Description: "dereference failure: invalid integer address"
	 - Location: ../../../../../runner/.rustup/toolchains/nightly-2025-11-21-x86_64-unknown-linux-gnu/lib/rustlib/src/rust/library/alloc/src/boxed.rs:1761:19 in function <std::boxed::Box<[frame::StepState]> as std::ops::Drop>::drop

Check 457: std::ptr::read::<alloc::raw_vec::RawVec<value::Taint>>.pointer_dereference.1
	 - Status: SUCCESS
	 - Description: "dereference failure: pointer NULL"
	 - Location: ../../../../../runner/.rustup/toolchains/nightly-2025-11-21-x86_64-unknown-linux-gnu/lib/rustlib/src/rust/library/core/src/ptr/mod.rs:1708:9 in function std::ptr::read::<alloc::raw_vec::RawVec<value::Taint>>

Check 458: std::ptr::read::<alloc::raw_vec::RawVec<value::Taint>>.pointer_dereference.2
	 - Status: SUCCESS
	 - Description: "dereference failure: pointer invalid"
	 - Location: ../../../../../runner/.rustup/toolchains/nightly-2025-11-21-x86_64-unknown-linux-gnu/lib/rustlib/src/rust/library/core/src/ptr/mod.rs:1708:9 in function std::ptr::read::<alloc::raw_vec::RawVec<value::Taint>>

Check 459: std::ptr::read::<alloc::raw_vec::RawVec<value::Taint>>.pointer_dereference.3
	 - Status: SUCCESS
	 - Description: "dereference failure: deallocated dynamic object"
	 - Location: ../../../../../runner/.rustup/toolchains/nightly-2025-11-21-x86_64-unknown-linux-gnu/lib/rustlib/src/rust/library/core/src/ptr/mod.rs:1708:9 in function std::ptr::read::<alloc::raw_vec::RawVec<value::Taint>>

Check 460: std::ptr::read::<alloc::raw_vec::RawVec<value::Taint>>.pointer_dereference.4
	 - Status: SUCCESS
	 - Description: "dereference failure: dead object"
	 - Location: ../../../../../runner/.rustup/toolchains/nightly-2025-11-21-x86_64-unknown-linux-gnu/lib/rustlib/src/rust/library/core/src/ptr/mod.rs:1708:9 in function std::ptr::read::<alloc::raw_vec::RawVec<value::Taint>>

Check 461: std::ptr::read::<alloc::raw_vec::RawVec<value::Taint>>.pointer_dereference.5
	 - Status: SUCCESS
	 - Description: "dereference failure: pointer outside object bounds"
	 - Location: ../../../../../runner/.rustup/toolchains/nightly-2025-11-21-x86_64-unknown-linux-gnu/lib/rustlib/src/rust/library/core/src/ptr/mod.rs:1708:9 in function std::ptr::read::<alloc::raw_vec::RawVec<value::Taint>>

Check 462: std::ptr::read::<alloc::raw_vec::RawVec<value::Taint>>.pointer_dereference.6
	 - Status: SUCCESS
	 - Description: "dereference failure: invalid integer address"
	 - Location: ../../../../../runner/.rustup/toolchains/nightly-2025-11-21-x86_64-unknown-linux-gnu/lib/rustlib/src/rust/library/core/src/ptr/mod.rs:1708:9 in function std::ptr::read::<alloc::raw_vec::RawVec<value::Taint>>

Check 463: <std::collections::TryReserveErrorKind as std::clone::Clone>::clone.pointer_dereference.1
	 - Status: SUCCESS
	 - Description: "dereference failure: pointer NULL"
	 - Location: ../../../../../runner/.rustup/toolchains/nightly-2025-11-21-x86_64-unknown-linux-gnu/lib/rustlib/src/rust/library/alloc/src/collections/mod.rs:93:10 in function <std::collections::TryReserveErrorKind as std::clone::Clone>::clone

Check 464: <std::collections::TryReserveErrorKind as std::clone::Clone>::clone.pointer_dereference.2
	 - Status: SUCCESS
	 - Description: "dereference failure: pointer invalid"
	 - Location: ../../../../../runner/.rustup/toolchains/nightly-2025-11-21-x86_64-unknown-linux-gnu/lib/rustlib/src/rust/library/alloc/src/collections/mod.rs:93:10 in function <std::collections::TryReserveErrorKind as std::clone::Clone>::clone

Check 465: <std::collections::TryReserveErrorKind as std::clone::Clone>::clone.pointer_dereference.3
	 - Status: SUCCESS
	 - Description: "dereference failure: deallocated dynamic object"
	 - Location: ../../../../../runner/.rustup/toolchains/nightly-2025-11-21-x86_64-unknown-linux-gnu/lib/rustlib/src/rust/library/alloc/src/collections/mod.rs:93:10 in function <std::collections::TryReserveErrorKind as std::clone::Clone>::clone

Check 466: <std::collections::TryReserveErrorKind as std::clone::Clone>::clone.pointer_dereference.4
	 - Status: SUCCESS
	 - Description: "dereference failure: dead object"
	 - Location: ../../../../../runner/.rustup/toolchains/nightly-2025-11-21-x86_64-unknown-linux-gnu/lib/rustlib/src/rust/library/alloc/src/collections/mod.rs:93:10 in function <std::collections::TryReserveErrorKind as std::clone::Clone>::clone

Check 467: <std::collections::TryReserveErrorKind as std::clone::Clone>::clone.pointer_dereference.5
	 - Status: SUCCESS
	 - Description: "dereference failure: pointer outside object bounds"
	 - Location: ../../../../../runner/.rustup/toolchains/nightly-2025-11-21-x86_64-unknown-linux-gnu/lib/rustlib/src/rust/library/alloc/src/collections/mod.rs:93:10 in function <std::collections::TryReserveErrorKind as std::clone::Clone>::clone

Check 468: <std::collections::TryReserveErrorKind as std::clone::Clone>::clone.pointer_dereference.6
	 - Status: SUCCESS
	 - Description: "dereference failure: invalid integer address"
	 - Location: ../../../../../runner/.rustup/toolchains/nightly-2025-11-21-x86_64-unknown-linux-gnu/lib/rustlib/src/rust/library/alloc/src/collections/mod.rs:93:10 in function <std::collections::TryReserveErrorKind as std::clone::Clone>::clone

Check 469: <std::collections::TryReserveErrorKind as std::clone::Clone>::clone.pointer_dereference.7
	 - Status: SUCCESS
	 - Description: "dereference failure: dead object"
	 - Location: ../../../../../runner/.rustup/toolchains/nightly-2025-11-21-x86_64-unknown-linux-gnu/lib/rustlib/src/rust/library/alloc/src/collections/mod.rs:93:10 in function <std::collections::TryReserveErrorKind as std::clone::Clone>::clone

Check 470: std::alloc::Layout::repeat_packed.pointer_dereference.1
	 - Status: SUCCESS
	 - Description: "dereference failure: pointer NULL"
	 - Location: ../../../../../runner/.rustup/toolchains/nightly-2025-11-21-x86_64-unknown-linux-gnu/lib/rustlib/src/rust/library/core/src/alloc/layout.rs:448:29 in function std::alloc::Layout::repeat_packed

Check 471: std::alloc::Layout::repeat_packed.pointer_dereference.2
	 - Status: SUCCESS
	 - Description: "dereference failure: pointer invalid"
	 - Location: ../../../../../runner/.rustup/toolchains/nightly-2025-11-21-x86_64-unknown-linux-gnu/lib/rustlib/src/rust/library/core/src/alloc/layout.rs:448:29 in function std::alloc::Layout::repeat_packed

Check 472: std::alloc::Layout::repeat_packed.pointer_dereference.3
	 - Status: SUCCESS
	 - Description: "dereference failure: deallocated dynamic object"
	 - Location: ../../../../../runner/.rustup/toolchains/nightly-2025-11-21-x86_64-unknown-linux-gnu/lib/rustlib/src/rust/library/core/src/alloc/layout.rs:448:29 in function std::alloc::Layout::repeat_packed

Check 473: std::alloc::Layout::repeat_packed.pointer_dereference.4
	 - Status: SUCCESS
	 - Description: "dereference failure: dead object"
	 - Location: ../../../../../runner/.rustup/toolchains/nightly-2025-11-21-x86_64-unknown-linux-gnu/lib/rustlib/src/rust/library/core/src/alloc/layout.rs:448:29 in function std::alloc::Layout::repeat_packed

Check 474: std::alloc::Layout::repeat_packed.pointer_dereference.5
	 - Status: SUCCESS
	 - Description: "dereference failure: pointer outside object bounds"
	 - Location: ../../../../../runner/.rustup/toolchains/nightly-2025-11-21-x86_64-unknown-linux-gnu/lib/rustlib/src/rust/library/core/src/alloc/layout.rs:448:29 in function std::alloc::Layout::repeat_packed

Check 475: std::alloc::Layout::repeat_packed.pointer_dereference.6
	 - Status: SUCCESS
	 - Description: "dereference failure: invalid integer address"
	 - Location: ../../../../../runner/.rustup/toolchains/nightly-2025-11-21-x86_64-unknown-linux-gnu/lib/rustlib/src/rust/library/core/src/alloc/layout.rs:448:29 in function std::alloc::Layout::repeat_packed

Check 476: std::alloc::Layout::repeat_packed.pointer_dereference.7
	 - Status: SUCCESS
	 - Description: "dereference failure: dead object"
	 - Location: ../../../../../runner/.rustup/toolchains/nightly-2025-11-21-x86_64-unknown-linux-gnu/lib/rustlib/src/rust/library/core/src/alloc/layout.rs:452:13 in function std::alloc::Layout::repeat_packed

Check 477: std::alloc::Layout::repeat_packed.pointer_dereference.8
	 - Status: SUCCESS
	 - Description: "dereference failure: pointer NULL"
	 - Location: ../../../../../runner/.rustup/toolchains/nightly-2025-11-21-x86_64-unknown-linux-gnu/lib/rustlib/src/rust/library/core/src/alloc/layout.rs:450:47 in function std::alloc::Layout::repeat_packed

Check 478: std::alloc::Layout::repeat_packed.pointer_dereference.9
	 - Status: SUCCESS
	 - Description: "dereference failure: pointer invalid"
	 - Location: ../../../../../runner/.rustup/toolchains/nightly-2025-11-21-x86_64-unknown-linux-gnu/lib/rustlib/src/rust/library/core/src/alloc/layout.rs:450:47 in function std::alloc::Layout::repeat_packed

Check 479: std::alloc::Layout::repeat_packed.pointer_dereference.10
	 - Status: SUCCESS
	 - Description: "dereference failure: deallocated dynamic object"
	 - Location: ../../../../../runner/.rustup/toolchains/nightly-2025-11-21-x86_64-unknown-linux-gnu/lib/rustlib/src/rust/library/core/src/alloc/layout.rs:450:47 in function std::alloc::Layout::repeat_packed

Check 480: std::alloc::Layout::repeat_packed.pointer_dereference.11
	 - Status: SUCCESS
	 - Description: "dereference failure: dead object"
	 - Location: ../../../../../runner/.rustup/toolchains/nightly-2025-11-21-x86_64-unknown-linux-gnu/lib/rustlib/src/rust/library/core/src/alloc/layout.rs:450:47 in function std::alloc::Layout::repeat_packed

Check 481: std::alloc::Layout::repeat_packed.pointer_dereference.12
	 - Status: SUCCESS
	 - Description: "dereference failure: pointer outside object bounds"
	 - Location: ../../../../../runner/.rustup/toolchains/nightly-2025-11-21-x86_64-unknown-linux-gnu/lib/rustlib/src/rust/library/core/src/alloc/layout.rs:450:47 in function std::alloc::Layout::repeat_packed

Check 482: std::alloc::Layout::repeat_packed.pointer_dereference.13
	 - Status: SUCCESS
	 - Description: "dereference failure: invalid integer address"
	 - Location: ../../../../../runner/.rustup/toolchains/nightly-2025-11-21-x86_64-unknown-linux-gnu/lib/rustlib/src/rust/library/core/src/alloc/layout.rs:450:47 in function std::alloc::Layout::repeat_packed

Check 483: std::boxed::Box::<[std::mem::MaybeUninit<frame::StepState>]>::into_raw_with_allocator.pointer_dereference.1
	 - Status: SUCCESS
	 - Description: "dereference failure: pointer NULL"
	 - Location: ../../../../../runner/.rustup/toolchains/nightly-2025-11-21-x86_64-unknown-linux-gnu/lib/rustlib/src/rust/library/alloc/src/boxed.rs:1485:19 in function std::boxed::Box::<[std::mem::MaybeUninit<frame::StepState>]>::into_raw_with_allocator

Check 484: std::boxed::Box::<[std::mem::MaybeUninit<frame::StepState>]>::into_raw_with_allocator.pointer_dereference.2
	 - Status: SUCCESS
	 - Description: "dereference failure: pointer invalid"
	 - Location: ../../../../../runner/.rustup/toolchains/nightly-2025-11-21-x86_64-unknown-linux-gnu/lib/rustlib/src/rust/library/alloc/src/boxed.rs:1485:19 in function std::boxed::Box::<[std::mem::MaybeUninit<frame::StepState>]>::into_raw_with_allocator

Check 485: std::boxed::Box::<[std::mem::MaybeUninit<frame::StepState>]>::into_raw_with_allocator.pointer_dereference.3
	 - Status: SUCCESS
	 - Description: "dereference failure: deallocated dynamic object"
	 - Location: ../../../../../runner/.rustup/toolchains/nightly-2025-11-21-x86_64-unknown-linux-gnu/lib/rustlib/src/rust/library/alloc/src/boxed.rs:1485:19 in function std::boxed::Box::<[std::mem::MaybeUninit<frame::StepState>]>::into_raw_with_allocator

Check 486: std::boxed::Box::<[std::mem::MaybeUninit<frame::StepState>]>::into_raw_with_allocator.pointer_dereference.4
	 - Status: SUCCESS
	 - Description: "dereference failure: dead object"
	 - Location: ../../../../../runner/.rustup/toolchains/nightly-2025-11-21-x86_64-unknown-linux-gnu/lib/rustlib/src/rust/library/alloc/src/boxed.rs:1485:19 in function std::boxed::Box::<[std::mem::MaybeUninit<frame::StepState>]>::into_raw_with_allocator

Check 487: std::boxed::Box::<[std::mem::MaybeUninit<frame::StepState>]>::into_raw_with_allocator.pointer_dereference.5
	 - Status: SUCCESS
	 - Description: "dereference failure: pointer outside object bounds"
	 - Location: ../../../../../runner/.rustup/toolchains/nightly-2025-11-21-x86_64-unknown-linux-gnu/lib/rustlib/src/rust/library/alloc/src/boxed.rs:1485:19 in function std::boxed::Box::<[std::mem::MaybeUninit<frame::StepState>]>::into_raw_with_allocator

Check 488: std::boxed::Box::<[std::mem::MaybeUninit<frame::StepState>]>::into_raw_with_allocator.pointer_dereference.6
	 - Status: SUCCESS
	 - Description: "dereference failure: invalid integer address"
	 - Location: ../../../../../runner/.rustup/toolchains/nightly-2025-11-21-x86_64-unknown-linux-gnu/lib/rustlib/src/rust/library/alloc/src/boxed.rs:1485:19 in function std::boxed::Box::<[std::mem::MaybeUninit<frame::StepState>]>::into_raw_with_allocator

Check 489: std::option::Option::<value::SlotValue>::is_some.pointer_dereference.1
	 - Status: SUCCESS
	 - Description: "dereference failure: pointer NULL"
	 - Location: ../../../../../runner/.rustup/toolchains/nightly-2025-11-21-x86_64-unknown-linux-gnu/lib/rustlib/src/rust/library/core/src/option.rs:636:18 in function std::option::Option::<value::SlotValue>::is_some

Check 490: std::option::Option::<value::SlotValue>::is_some.pointer_dereference.2
	 - Status: SUCCESS
	 - Description: "dereference failure: pointer invalid"
	 - Location: ../../../../../runner/.rustup/toolchains/nightly-2025-11-21-x86_64-unknown-linux-gnu/lib/rustlib/src/rust/library/core/src/option.rs:636:18 in function std::option::Option::<value::SlotValue>::is_some

Check 491: std::option::Option::<value::SlotValue>::is_some.pointer_dereference.3
	 - Status: SUCCESS
	 - Description: "dereference failure: deallocated dynamic object"
	 - Location: ../../../../../runner/.rustup/toolchains/nightly-2025-11-21-x86_64-unknown-linux-gnu/lib/rustlib/src/rust/library/core/src/option.rs:636:18 in function std::option::Option::<value::SlotValue>::is_some

Check 492: std::option::Option::<value::SlotValue>::is_some.pointer_dereference.4
	 - Status: SUCCESS
	 - Description: "dereference failure: dead object"
	 - Location: ../../../../../runner/.rustup/toolchains/nightly-2025-11-21-x86_64-unknown-linux-gnu/lib/rustlib/src/rust/library/core/src/option.rs:636:18 in function std::option::Option::<value::SlotValue>::is_some

Check 493: std::option::Option::<value::SlotValue>::is_some.pointer_dereference.5
	 - Status: SUCCESS
	 - Description: "dereference failure: pointer outside object bounds"
	 - Location: ../../../../../runner/.rustup/toolchains/nightly-2025-11-21-x86_64-unknown-linux-gnu/lib/rustlib/src/rust/library/core/src/option.rs:636:18 in function std::option::Option::<value::SlotValue>::is_some

Check 494: std::option::Option::<value::SlotValue>::is_some.pointer_dereference.6
	 - Status: SUCCESS
	 - Description: "dereference failure: invalid integer address"
	 - Location: ../../../../../runner/.rustup/toolchains/nightly-2025-11-21-x86_64-unknown-linux-gnu/lib/rustlib/src/rust/library/core/src/option.rs:636:18 in function std::option::Option::<value::SlotValue>::is_some

Check 495: std::ptr::drop_in_place::<std::boxed::Box<[std::option::Option<value::SlotValue>]>>.pointer_dereference.1
	 - Status: SUCCESS
	 - Description: "dereference failure: pointer NULL"
	 - Location: ../../../../../runner/.rustup/toolchains/nightly-2025-11-21-x86_64-unknown-linux-gnu/lib/rustlib/src/rust/library/core/src/ptr/mod.rs:805:1 in function std::ptr::drop_in_place::<std::boxed::Box<[std::option::Option<value::SlotValue>]>>

Check 496: std::ptr::drop_in_place::<std::boxed::Box<[std::option::Option<value::SlotValue>]>>.pointer_dereference.2
	 - Status: SUCCESS
	 - Description: "dereference failure: pointer invalid"
	 - Location: ../../../../../runner/.rustup/toolchains/nightly-2025-11-21-x86_64-unknown-linux-gnu/lib/rustlib/src/rust/library/core/src/ptr/mod.rs:805:1 in function std::ptr::drop_in_place::<std::boxed::Box<[std::option::Option<value::SlotValue>]>>

Check 497: std::ptr::drop_in_place::<std::boxed::Box<[std::option::Option<value::SlotValue>]>>.pointer_dereference.3
	 - Status: SUCCESS
	 - Description: "dereference failure: deallocated dynamic object"
	 - Location: ../../../../../runner/.rustup/toolchains/nightly-2025-11-21-x86_64-unknown-linux-gnu/lib/rustlib/src/rust/library/core/src/ptr/mod.rs:805:1 in function std::ptr::drop_in_place::<std::boxed::Box<[std::option::Option<value::SlotValue>]>>

Check 498: std::ptr::drop_in_place::<std::boxed::Box<[std::option::Option<value::SlotValue>]>>.pointer_dereference.4
	 - Status: SUCCESS
	 - Description: "dereference failure: dead object"
	 - Location: ../../../../../runner/.rustup/toolchains/nightly-2025-11-21-x86_64-unknown-linux-gnu/lib/rustlib/src/rust/library/core/src/ptr/mod.rs:805:1 in function std::ptr::drop_in_place::<std::boxed::Box<[std::option::Option<value::SlotValue>]>>

Check 499: std::ptr::drop_in_place::<std::boxed::Box<[std::option::Option<value::SlotValue>]>>.pointer_dereference.5
	 - Status: SUCCESS
	 - Description: "dereference failure: pointer outside object bounds"
	 - Location: ../../../../../runner/.rustup/toolchains/nightly-2025-11-21-x86_64-unknown-linux-gnu/lib/rustlib/src/rust/library/core/src/ptr/mod.rs:805:1 in function std::ptr::drop_in_place::<std::boxed::Box<[std::option::Option<value::SlotValue>]>>

Check 500: std::ptr::drop_in_place::<std::boxed::Box<[std::option::Option<value::SlotValue>]>>.pointer_dereference.6
	 - Status: SUCCESS
	 - Description: "dereference failure: invalid integer address"
	 - Location: ../../../../../runner/.rustup/toolchains/nightly-2025-11-21-x86_64-unknown-linux-gnu/lib/rustlib/src/rust/library/core/src/ptr/mod.rs:805:1 in function std::ptr::drop_in_place::<std::boxed::Box<[std::option::Option<value::SlotValue>]>>

Check 501: <std::boxed::Box<str> as std::ops::Drop>::drop.pointer_dereference.1
	 - Status: SUCCESS
	 - Description: "dereference failure: pointer NULL"
	 - Location: ../../../../../runner/.rustup/toolchains/nightly-2025-11-21-x86_64-unknown-linux-gnu/lib/rustlib/src/rust/library/alloc/src/boxed.rs:1761:19 in function <std::boxed::Box<str> as std::ops::Drop>::drop

Check 502: <std::boxed::Box<str> as std::ops::Drop>::drop.pointer_dereference.2
	 - Status: SUCCESS
	 - Description: "dereference failure: pointer invalid"
	 - Location: ../../../../../runner/.rustup/toolchains/nightly-2025-11-21-x86_64-unknown-linux-gnu/lib/rustlib/src/rust/library/alloc/src/boxed.rs:1761:19 in function <std::boxed::Box<str> as std::ops::Drop>::drop

Check 503: <std::boxed::Box<str> as std::ops::Drop>::drop.pointer_dereference.3
	 - Status: SUCCESS
	 - Description: "dereference failure: deallocated dynamic object"
	 - Location: ../../../../../runner/.rustup/toolchains/nightly-2025-11-21-x86_64-unknown-linux-gnu/lib/rustlib/src/rust/library/alloc/src/boxed.rs:1761:19 in function <std::boxed::Box<str> as std::ops::Drop>::drop

Check 504: <std::boxed::Box<str> as std::ops::Drop>::drop.pointer_dereference.4
	 - Status: SUCCESS
	 - Description: "dereference failure: dead object"
	 - Location: ../../../../../runner/.rustup/toolchains/nightly-2025-11-21-x86_64-unknown-linux-gnu/lib/rustlib/src/rust/library/alloc/src/boxed.rs:1761:19 in function <std::boxed::Box<str> as std::ops::Drop>::drop

Check 505: <std::boxed::Box<str> as std::ops::Drop>::drop.pointer_dereference.5
	 - Status: SUCCESS
	 - Description: "dereference failure: pointer outside object bounds"
	 - Location: ../../../../../runner/.rustup/toolchains/nightly-2025-11-21-x86_64-unknown-linux-gnu/lib/rustlib/src/rust/library/alloc/src/boxed.rs:1761:19 in function <std::boxed::Box<str> as std::ops::Drop>::drop

Check 506: <std::boxed::Box<str> as std::ops::Drop>::drop.pointer_dereference.6
	 - Status: SUCCESS
	 - Description: "dereference failure: invalid integer address"
	 - Location: ../../../../../runner/.rustup/toolchains/nightly-2025-11-21-x86_64-unknown-linux-gnu/lib/rustlib/src/rust/library/alloc/src/boxed.rs:1761:19 in function <std::boxed::Box<str> as std::ops::Drop>::drop

Check 507: std::alloc::Layout::size_rounded_up_to_custom_align.pointer_dereference.1
	 - Status: SUCCESS
	 - Description: "dereference failure: pointer NULL"
	 - Location: ../../../../../runner/.rustup/toolchains/nightly-2025-11-21-x86_64-unknown-linux-gnu/lib/rustlib/src/rust/library/core/src/alloc/layout.rs:305:27 in function std::alloc::Layout::size_rounded_up_to_custom_align

Check 508: std::alloc::Layout::size_rounded_up_to_custom_align.pointer_dereference.2
	 - Status: SUCCESS
	 - Description: "dereference failure: pointer invalid"
	 - Location: ../../../../../runner/.rustup/toolchains/nightly-2025-11-21-x86_64-unknown-linux-gnu/lib/rustlib/src/rust/library/core/src/alloc/layout.rs:305:27 in function std::alloc::Layout::size_rounded_up_to_custom_align

Check 509: std::alloc::Layout::size_rounded_up_to_custom_align.pointer_dereference.3
	 - Status: SUCCESS
	 - Description: "dereference failure: deallocated dynamic object"
	 - Location: ../../../../../runner/.rustup/toolchains/nightly-2025-11-21-x86_64-unknown-linux-gnu/lib/rustlib/src/rust/library/core/src/alloc/layout.rs:305:27 in function std::alloc::Layout::size_rounded_up_to_custom_align

Check 510: std::alloc::Layout::size_rounded_up_to_custom_align.pointer_dereference.4
	 - Status: SUCCESS
	 - Description: "dereference failure: dead object"
	 - Location: ../../../../../runner/.rustup/toolchains/nightly-2025-11-21-x86_64-unknown-linux-gnu/lib/rustlib/src/rust/library/core/src/alloc/layout.rs:305:27 in function std::alloc::Layout::size_rounded_up_to_custom_align

Check 511: std::alloc::Layout::size_rounded_up_to_custom_align.pointer_dereference.5
	 - Status: SUCCESS
	 - Description: "dereference failure: pointer outside object bounds"
	 - Location: ../../../../../runner/.rustup/toolchains/nightly-2025-11-21-x86_64-unknown-linux-gnu/lib/rustlib/src/rust/library/core/src/alloc/layout.rs:305:27 in function std::alloc::Layout::size_rounded_up_to_custom_align

Check 512: std::alloc::Layout::size_rounded_up_to_custom_align.pointer_dereference.6
	 - Status: SUCCESS
	 - Description: "dereference failure: invalid integer address"
	 - Location: ../../../../../runner/.rustup/toolchains/nightly-2025-11-21-x86_64-unknown-linux-gnu/lib/rustlib/src/rust/library/core/src/alloc/layout.rs:305:27 in function std::alloc::Layout::size_rounded_up_to_custom_align

Check 513: std::vec::Vec::<std::option::Option<value::SlotValue>>::len.pointer_dereference.1
	 - Status: SUCCESS
	 - Description: "dereference failure: pointer NULL"
	 - Location: ../../../../../runner/.rustup/toolchains/nightly-2025-11-21-x86_64-unknown-linux-gnu/lib/rustlib/src/rust/library/alloc/src/vec/mod.rs:2854:19 in function std::vec::Vec::<std::option::Option<value::SlotValue>>::len

Check 514: std::vec::Vec::<std::option::Option<value::SlotValue>>::len.pointer_dereference.2
	 - Status: SUCCESS
	 - Description: "dereference failure: pointer invalid"
	 - Location: ../../../../../runner/.rustup/toolchains/nightly-2025-11-21-x86_64-unknown-linux-gnu/lib/rustlib/src/rust/library/alloc/src/vec/mod.rs:2854:19 in function std::vec::Vec::<std::option::Option<value::SlotValue>>::len

Check 515: std::vec::Vec::<std::option::Option<value::SlotValue>>::len.pointer_dereference.3
	 - Status: SUCCESS
	 - Description: "dereference failure: deallocated dynamic object"
	 - Location: ../../../../../runner/.rustup/toolchains/nightly-2025-11-21-x86_64-unknown-linux-gnu/lib/rustlib/src/rust/library/alloc/src/vec/mod.rs:2854:19 in function std::vec::Vec::<std::option::Option<value::SlotValue>>::len

Check 516: std::vec::Vec::<std::option::Option<value::SlotValue>>::len.pointer_dereference.4
	 - Status: SUCCESS
	 - Description: "dereference failure: dead object"
	 - Location: ../../../../../runner/.rustup/toolchains/nightly-2025-11-21-x86_64-unknown-linux-gnu/lib/rustlib/src/rust/library/alloc/src/vec/mod.rs:2854:19 in function std::vec::Vec::<std::option::Option<value::SlotValue>>::len

Check 517: std::vec::Vec::<std::option::Option<value::SlotValue>>::len.pointer_dereference.5
	 - Status: SUCCESS
	 - Description: "dereference failure: pointer outside object bounds"
	 - Location: ../../../../../runner/.rustup/toolchains/nightly-2025-11-21-x86_64-unknown-linux-gnu/lib/rustlib/src/rust/library/alloc/src/vec/mod.rs:2854:19 in function std::vec::Vec::<std::option::Option<value::SlotValue>>::len

Check 518: std::vec::Vec::<std::option::Option<value::SlotValue>>::len.pointer_dereference.6
	 - Status: SUCCESS
	 - Description: "dereference failure: invalid integer address"
	 - Location: ../../../../../runner/.rustup/toolchains/nightly-2025-11-21-x86_64-unknown-linux-gnu/lib/rustlib/src/rust/library/alloc/src/vec/mod.rs:2854:19 in function std::vec::Vec::<std::option::Option<value::SlotValue>>::len

Check 519: <std::result::Result<std::ptr::NonNull<u8>, std::alloc::AllocError> as std::ops::Try>::branch.pointer_dereference.1
	 - Status: SUCCESS
	 - Description: "dereference failure: dead object"
	 - Location: ../../../../../runner/.rustup/toolchains/nightly-2025-11-21-x86_64-unknown-linux-gnu/lib/rustlib/src/rust/library/core/src/result.rs:2173:15 in function <std::result::Result<std::ptr::NonNull<u8>, std::alloc::AllocError> as std::ops::Try>::branch

Check 520: <std::result::Result<std::ptr::NonNull<u8>, std::alloc::AllocError> as std::ops::Try>::branch.pointer_dereference.2
	 - Status: SUCCESS
	 - Description: "dereference failure: dead object"
	 - Location: ../../../../../runner/.rustup/toolchains/nightly-2025-11-21-x86_64-unknown-linux-gnu/lib/rustlib/src/rust/library/core/src/result.rs:2175:23 in function <std::result::Result<std::ptr::NonNull<u8>, std::alloc::AllocError> as std::ops::Try>::branch

Check 521: std::alloc::Global::grow_impl.pointer_dereference.1
	 - Status: SUCCESS
	 - Description: "dereference failure: dead object"
	 - Location: ../../../../../runner/.rustup/toolchains/nightly-2025-11-21-x86_64-unknown-linux-gnu/lib/rustlib/src/rust/library/alloc/src/alloc.rs:224:27 in function std::alloc::Global::grow_impl

Check 522: std::alloc::Global::grow_impl.pointer_dereference.2
	 - Status: SUCCESS
	 - Description: "dereference failure: dead object"
	 - Location: ../../../../../runner/.rustup/toolchains/nightly-2025-11-21-x86_64-unknown-linux-gnu/lib/rustlib/src/rust/library/alloc/src/alloc.rs:237:31 in function std::alloc::Global::grow_impl

Check 523: std::ptr::drop_in_place::<errors::CoreError>.pointer_dereference.1
	 - Status: SUCCESS
	 - Description: "dereference failure: pointer NULL"
	 - Location: ../../../../../runner/.rustup/toolchains/nightly-2025-11-21-x86_64-unknown-linux-gnu/lib/rustlib/src/rust/library/core/src/ptr/mod.rs:805:1 in function std::ptr::drop_in_place::<errors::CoreError>

Check 524: std::ptr::drop_in_place::<errors::CoreError>.pointer_dereference.2
	 - Status: SUCCESS
	 - Description: "dereference failure: pointer invalid"
	 - Location: ../../../../../runner/.rustup/toolchains/nightly-2025-11-21-x86_64-unknown-linux-gnu/lib/rustlib/src/rust/library/core/src/ptr/mod.rs:805:1 in function std::ptr::drop_in_place::<errors::CoreError>

Check 525: std::ptr::drop_in_place::<errors::CoreError>.pointer_dereference.3
	 - Status: SUCCESS
	 - Description: "dereference failure: deallocated dynamic object"
	 - Location: ../../../../../runner/.rustup/toolchains/nightly-2025-11-21-x86_64-unknown-linux-gnu/lib/rustlib/src/rust/library/core/src/ptr/mod.rs:805:1 in function std::ptr::drop_in_place::<errors::CoreError>

Check 526: std::ptr::drop_in_place::<errors::CoreError>.pointer_dereference.4
	 - Status: SUCCESS
	 - Description: "dereference failure: dead object"
	 - Location: ../../../../../runner/.rustup/toolchains/nightly-2025-11-21-x86_64-unknown-linux-gnu/lib/rustlib/src/rust/library/core/src/ptr/mod.rs:805:1 in function std::ptr::drop_in_place::<errors::CoreError>

Check 527: std::ptr::drop_in_place::<errors::CoreError>.pointer_dereference.5
	 - Status: SUCCESS
	 - Description: "dereference failure: pointer outside object bounds"
	 - Location: ../../../../../runner/.rustup/toolchains/nightly-2025-11-21-x86_64-unknown-linux-gnu/lib/rustlib/src/rust/library/core/src/ptr/mod.rs:805:1 in function std::ptr::drop_in_place::<errors::CoreError>

Check 528: std::ptr::drop_in_place::<errors::CoreError>.pointer_dereference.6
	 - Status: SUCCESS
	 - Description: "dereference failure: invalid integer address"
	 - Location: ../../../../../runner/.rustup/toolchains/nightly-2025-11-21-x86_64-unknown-linux-gnu/lib/rustlib/src/rust/library/core/src/ptr/mod.rs:805:1 in function std::ptr::drop_in_place::<errors::CoreError>

Check 529: std::option::Option::<usize>::ok_or::<std::collections::TryReserveErrorKind>.pointer_dereference.1
	 - Status: SUCCESS
	 - Description: "dereference failure: dead object"
	 - Location: ../../../../../runner/.rustup/toolchains/nightly-2025-11-21-x86_64-unknown-linux-gnu/lib/rustlib/src/rust/library/core/src/option.rs:1339:24 in function std::option::Option::<usize>::ok_or::<std::collections::TryReserveErrorKind>

Check 530: <std::option::Option<value::SlotValue> as std::clone::Clone>::clone.pointer_dereference.1
	 - Status: SUCCESS
	 - Description: "dereference failure: pointer NULL"
	 - Location: ../../../../../runner/.rustup/toolchains/nightly-2025-11-21-x86_64-unknown-linux-gnu/lib/rustlib/src/rust/library/core/src/option.rs:2201:15 in function <std::option::Option<value::SlotValue> as std::clone::Clone>::clone

Check 531: <std::option::Option<value::SlotValue> as std::clone::Clone>::clone.pointer_dereference.2
	 - Status: SUCCESS
	 - Description: "dereference failure: pointer invalid"
	 - Location: ../../../../../runner/.rustup/toolchains/nightly-2025-11-21-x86_64-unknown-linux-gnu/lib/rustlib/src/rust/library/core/src/option.rs:2201:15 in function <std::option::Option<value::SlotValue> as std::clone::Clone>::clone

Check 532: <std::option::Option<value::SlotValue> as std::clone::Clone>::clone.pointer_dereference.3
	 - Status: SUCCESS
	 - Description: "dereference failure: deallocated dynamic object"
	 - Location: ../../../../../runner/.rustup/toolchains/nightly-2025-11-21-x86_64-unknown-linux-gnu/lib/rustlib/src/rust/library/core/src/option.rs:2201:15 in function <std::option::Option<value::SlotValue> as std::clone::Clone>::clone

Check 533: <std::option::Option<value::SlotValue> as std::clone::Clone>::clone.pointer_dereference.4
	 - Status: SUCCESS
	 - Description: "dereference failure: dead object"
	 - Location: ../../../../../runner/.rustup/toolchains/nightly-2025-11-21-x86_64-unknown-linux-gnu/lib/rustlib/src/rust/library/core/src/option.rs:2201:15 in function <std::option::Option<value::SlotValue> as std::clone::Clone>::clone

Check 534: <std::option::Option<value::SlotValue> as std::clone::Clone>::clone.pointer_dereference.5
	 - Status: SUCCESS
	 - Description: "dereference failure: pointer outside object bounds"
	 - Location: ../../../../../runner/.rustup/toolchains/nightly-2025-11-21-x86_64-unknown-linux-gnu/lib/rustlib/src/rust/library/core/src/option.rs:2201:15 in function <std::option::Option<value::SlotValue> as std::clone::Clone>::clone

Check 535: <std::option::Option<value::SlotValue> as std::clone::Clone>::clone.pointer_dereference.6
	 - Status: SUCCESS
	 - Description: "dereference failure: invalid integer address"
	 - Location: ../../../../../runner/.rustup/toolchains/nightly-2025-11-21-x86_64-unknown-linux-gnu/lib/rustlib/src/rust/library/core/src/option.rs:2201:15 in function <std::option::Option<value::SlotValue> as std::clone::Clone>::clone

Check 536: <std::option::Option<value::SlotValue> as std::clone::Clone>::clone.pointer_dereference.7
	 - Status: SUCCESS
	 - Description: "dereference failure: dead object"
	 - Location: ../../../../../runner/.rustup/toolchains/nightly-2025-11-21-x86_64-unknown-linux-gnu/lib/rustlib/src/rust/library/core/src/option.rs:2203:21 in function <std::option::Option<value::SlotValue> as std::clone::Clone>::clone

Check 537: std::option::Option::<std::ptr::NonNull<u8>>::ok_or::<std::alloc::AllocError>.pointer_dereference.1
	 - Status: SUCCESS
	 - Description: "dereference failure: dead object"
	 - Location: ../../../../../runner/.rustup/toolchains/nightly-2025-11-21-x86_64-unknown-linux-gnu/lib/rustlib/src/rust/library/core/src/option.rs:1338:15 in function std::option::Option::<std::ptr::NonNull<u8>>::ok_or::<std::alloc::AllocError>

Check 538: std::option::Option::<std::ptr::NonNull<u8>>::ok_or::<std::alloc::AllocError>.pointer_dereference.2
	 - Status: SUCCESS
	 - Description: "dereference failure: dead object"
	 - Location: ../../../../../runner/.rustup/toolchains/nightly-2025-11-21-x86_64-unknown-linux-gnu/lib/rustlib/src/rust/library/core/src/option.rs:1340:21 in function std::option::Option::<std::ptr::NonNull<u8>>::ok_or::<std::alloc::AllocError>

Check 539: std::boxed::Box::<[std::mem::MaybeUninit<std::option::Option<value::SlotValue>>]>::into_raw_with_allocator.pointer_dereference.1
	 - Status: SUCCESS
	 - Description: "dereference failure: pointer NULL"
	 - Location: ../../../../../runner/.rustup/toolchains/nightly-2025-11-21-x86_64-unknown-linux-gnu/lib/rustlib/src/rust/library/alloc/src/boxed.rs:1485:19 in function std::boxed::Box::<[std::mem::MaybeUninit<std::option::Option<value::SlotValue>>]>::into_raw_with_allocator

Check 540: std::boxed::Box::<[std::mem::MaybeUninit<std::option::Option<value::SlotValue>>]>::into_raw_with_allocator.pointer_dereference.2
	 - Status: SUCCESS
	 - Description: "dereference failure: pointer invalid"
	 - Location: ../../../../../runner/.rustup/toolchains/nightly-2025-11-21-x86_64-unknown-linux-gnu/lib/rustlib/src/rust/library/alloc/src/boxed.rs:1485:19 in function std::boxed::Box::<[std::mem::MaybeUninit<std::option::Option<value::SlotValue>>]>::into_raw_with_allocator

Check 541: std::boxed::Box::<[std::mem::MaybeUninit<std::option::Option<value::SlotValue>>]>::into_raw_with_allocator.pointer_dereference.3
	 - Status: SUCCESS
	 - Description: "dereference failure: deallocated dynamic object"
	 - Location: ../../../../../runner/.rustup/toolchains/nightly-2025-11-21-x86_64-unknown-linux-gnu/lib/rustlib/src/rust/library/alloc/src/boxed.rs:1485:19 in function std::boxed::Box::<[std::mem::MaybeUninit<std::option::Option<value::SlotValue>>]>::into_raw_with_allocator

Check 542: std::boxed::Box::<[std::mem::MaybeUninit<std::option::Option<value::SlotValue>>]>::into_raw_with_allocator.pointer_dereference.4
	 - Status: SUCCESS
	 - Description: "dereference failure: dead object"
	 - Location: ../../../../../runner/.rustup/toolchains/nightly-2025-11-21-x86_64-unknown-linux-gnu/lib/rustlib/src/rust/library/alloc/src/boxed.rs:1485:19 in function std::boxed::Box::<[std::mem::MaybeUninit<std::option::Option<value::SlotValue>>]>::into_raw_with_allocator

Check 543: std::boxed::Box::<[std::mem::MaybeUninit<std::option::Option<value::SlotValue>>]>::into_raw_with_allocator.pointer_dereference.5
	 - Status: SUCCESS
	 - Description: "dereference failure: pointer outside object bounds"
	 - Location: ../../../../../runner/.rustup/toolchains/nightly-2025-11-21-x86_64-unknown-linux-gnu/lib/rustlib/src/rust/library/alloc/src/boxed.rs:1485:19 in function std::boxed::Box::<[std::mem::MaybeUninit<std::option::Option<value::SlotValue>>]>::into_raw_with_allocator

Check 544: std::boxed::Box::<[std::mem::MaybeUninit<std::option::Option<value::SlotValue>>]>::into_raw_with_allocator.pointer_dereference.6
	 - Status: SUCCESS
	 - Description: "dereference failure: invalid integer address"
	 - Location: ../../../../../runner/.rustup/toolchains/nightly-2025-11-21-x86_64-unknown-linux-gnu/lib/rustlib/src/rust/library/alloc/src/boxed.rs:1485:19 in function std::boxed::Box::<[std::mem::MaybeUninit<std::option::Option<value::SlotValue>>]>::into_raw_with_allocator

Check 545: std::vec::Vec::<std::option::Option<value::SlotValue>>::shrink_to_fit.pointer_dereference.1
	 - Status: SUCCESS
	 - Description: "dereference failure: pointer NULL"
	 - Location: ../../../../../runner/.rustup/toolchains/nightly-2025-11-21-x86_64-unknown-linux-gnu/lib/rustlib/src/rust/library/alloc/src/vec/mod.rs:1435:30 in function std::vec::Vec::<std::option::Option<value::SlotValue>>::shrink_to_fit

Check 546: std::vec::Vec::<std::option::Option<value::SlotValue>>::shrink_to_fit.pointer_dereference.2
	 - Status: SUCCESS
	 - Description: "dereference failure: pointer invalid"
	 - Location: ../../../../../runner/.rustup/toolchains/nightly-2025-11-21-x86_64-unknown-linux-gnu/lib/rustlib/src/rust/library/alloc/src/vec/mod.rs:1435:30 in function std::vec::Vec::<std::option::Option<value::SlotValue>>::shrink_to_fit

Check 547: std::vec::Vec::<std::option::Option<value::SlotValue>>::shrink_to_fit.pointer_dereference.3
	 - Status: SUCCESS
	 - Description: "dereference failure: deallocated dynamic object"
	 - Location: ../../../../../runner/.rustup/toolchains/nightly-2025-11-21-x86_64-unknown-linux-gnu/lib/rustlib/src/rust/library/alloc/src/vec/mod.rs:1435:30 in function std::vec::Vec::<std::option::Option<value::SlotValue>>::shrink_to_fit

Check 548: std::vec::Vec::<std::option::Option<value::SlotValue>>::shrink_to_fit.pointer_dereference.4
	 - Status: SUCCESS
	 - Description: "dereference failure: dead object"
	 - Location: ../../../../../runner/.rustup/toolchains/nightly-2025-11-21-x86_64-unknown-linux-gnu/lib/rustlib/src/rust/library/alloc/src/vec/mod.rs:1435:30 in function std::vec::Vec::<std::option::Option<value::SlotValue>>::shrink_to_fit

Check 549: std::vec::Vec::<std::option::Option<value::SlotValue>>::shrink_to_fit.pointer_dereference.5
	 - Status: SUCCESS
	 - Description: "dereference failure: pointer outside object bounds"
	 - Location: ../../../../../runner/.rustup/toolchains/nightly-2025-11-21-x86_64-unknown-linux-gnu/lib/rustlib/src/rust/library/alloc/src/vec/mod.rs:1435:30 in function std::vec::Vec::<std::option::Option<value::SlotValue>>::shrink_to_fit

Check 550: std::vec::Vec::<std::option::Option<value::SlotValue>>::shrink_to_fit.pointer_dereference.6
	 - Status: SUCCESS
	 - Description: "dereference failure: invalid integer address"
	 - Location: ../../../../../runner/.rustup/toolchains/nightly-2025-11-21-x86_64-unknown-linux-gnu/lib/rustlib/src/rust/library/alloc/src/vec/mod.rs:1435:30 in function std::vec::Vec::<std::option::Option<value::SlotValue>>::shrink_to_fit

Check 551: std::vec::Vec::<std::option::Option<value::SlotValue>>::shrink_to_fit.pointer_dereference.7
	 - Status: SUCCESS
	 - Description: "dereference failure: pointer NULL"
	 - Location: ../../../../../runner/.rustup/toolchains/nightly-2025-11-21-x86_64-unknown-linux-gnu/lib/rustlib/src/rust/library/alloc/src/vec/mod.rs:1436:36 in function std::vec::Vec::<std::option::Option<value::SlotValue>>::shrink_to_fit

Check 552: std::vec::Vec::<std::option::Option<value::SlotValue>>::shrink_to_fit.pointer_dereference.8
	 - Status: SUCCESS
	 - Description: "dereference failure: pointer invalid"
	 - Location: ../../../../../runner/.rustup/toolchains/nightly-2025-11-21-x86_64-unknown-linux-gnu/lib/rustlib/src/rust/library/alloc/src/vec/mod.rs:1436:36 in function std::vec::Vec::<std::option::Option<value::SlotValue>>::shrink_to_fit

Check 553: std::vec::Vec::<std::option::Option<value::SlotValue>>::shrink_to_fit.pointer_dereference.9
	 - Status: SUCCESS
	 - Description: "dereference failure: deallocated dynamic object"
	 - Location: ../../../../../runner/.rustup/toolchains/nightly-2025-11-21-x86_64-unknown-linux-gnu/lib/rustlib/src/rust/library/alloc/src/vec/mod.rs:1436:36 in function std::vec::Vec::<std::option::Option<value::SlotValue>>::shrink_to_fit

Check 554: std::vec::Vec::<std::option::Option<value::SlotValue>>::shrink_to_fit.pointer_dereference.10
	 - Status: SUCCESS
	 - Description: "dereference failure: dead object"
	 - Location: ../../../../../runner/.rustup/toolchains/nightly-2025-11-21-x86_64-unknown-linux-gnu/lib/rustlib/src/rust/library/alloc/src/vec/mod.rs:1436:36 in function std::vec::Vec::<std::option::Option<value::SlotValue>>::shrink_to_fit

Check 555: std::vec::Vec::<std::option::Option<value::SlotValue>>::shrink_to_fit.pointer_dereference.11
	 - Status: SUCCESS
	 - Description: "dereference failure: pointer outside object bounds"
	 - Location: ../../../../../runner/.rustup/toolchains/nightly-2025-11-21-x86_64-unknown-linux-gnu/lib/rustlib/src/rust/library/alloc/src/vec/mod.rs:1436:36 in function std::vec::Vec::<std::option::Option<value::SlotValue>>::shrink_to_fit

Check 556: std::vec::Vec::<std::option::Option<value::SlotValue>>::shrink_to_fit.pointer_dereference.12
	 - Status: SUCCESS
	 - Description: "dereference failure: invalid integer address"
	 - Location: ../../../../../runner/.rustup/toolchains/nightly-2025-11-21-x86_64-unknown-linux-gnu/lib/rustlib/src/rust/library/alloc/src/vec/mod.rs:1436:36 in function std::vec::Vec::<std::option::Option<value::SlotValue>>::shrink_to_fit

Check 557: <std::vec::Vec<u8> as std::ops::Drop>::drop.pointer_dereference.1
	 - Status: SUCCESS
	 - Description: "dereference failure: pointer NULL"
	 - Location: ../../../../../runner/.rustup/toolchains/nightly-2025-11-21-x86_64-unknown-linux-gnu/lib/rustlib/src/rust/library/alloc/src/vec/mod.rs:4076:81 in function <std::vec::Vec<u8> as std::ops::Drop>::drop

Check 558: <std::vec::Vec<u8> as std::ops::Drop>::drop.pointer_dereference.2
	 - Status: SUCCESS
	 - Description: "dereference failure: pointer invalid"
	 - Location: ../../../../../runner/.rustup/toolchains/nightly-2025-11-21-x86_64-unknown-linux-gnu/lib/rustlib/src/rust/library/alloc/src/vec/mod.rs:4076:81 in function <std::vec::Vec<u8> as std::ops::Drop>::drop

Check 559: <std::vec::Vec<u8> as std::ops::Drop>::drop.pointer_dereference.3
	 - Status: SUCCESS
	 - Description: "dereference failure: deallocated dynamic object"
	 - Location: ../../../../../runner/.rustup/toolchains/nightly-2025-11-21-x86_64-unknown-linux-gnu/lib/rustlib/src/rust/library/alloc/src/vec/mod.rs:4076:81 in function <std::vec::Vec<u8> as std::ops::Drop>::drop

Check 560: <std::vec::Vec<u8> as std::ops::Drop>::drop.pointer_dereference.4
	 - Status: SUCCESS
	 - Description: "dereference failure: dead object"
	 - Location: ../../../../../runner/.rustup/toolchains/nightly-2025-11-21-x86_64-unknown-linux-gnu/lib/rustlib/src/rust/library/alloc/src/vec/mod.rs:4076:81 in function <std::vec::Vec<u8> as std::ops::Drop>::drop

Check 561: <std::vec::Vec<u8> as std::ops::Drop>::drop.pointer_dereference.5
	 - Status: SUCCESS
	 - Description: "dereference failure: pointer outside object bounds"
	 - Location: ../../../../../runner/.rustup/toolchains/nightly-2025-11-21-x86_64-unknown-linux-gnu/lib/rustlib/src/rust/library/alloc/src/vec/mod.rs:4076:81 in function <std::vec::Vec<u8> as std::ops::Drop>::drop

Check 562: <std::vec::Vec<u8> as std::ops::Drop>::drop.pointer_dereference.6
	 - Status: SUCCESS
	 - Description: "dereference failure: invalid integer address"
	 - Location: ../../../../../runner/.rustup/toolchains/nightly-2025-11-21-x86_64-unknown-linux-gnu/lib/rustlib/src/rust/library/alloc/src/vec/mod.rs:4076:81 in function <std::vec::Vec<u8> as std::ops::Drop>::drop

Check 563: alloc::raw_vec::RawVecInner::non_null::<u8>.pointer_dereference.1
	 - Status: SUCCESS
	 - Description: "dereference failure: pointer NULL"
	 - Location: ../../../../../runner/.rustup/toolchains/nightly-2025-11-21-x86_64-unknown-linux-gnu/lib/rustlib/src/rust/library/alloc/src/raw_vec/mod.rs:504:9 in function alloc::raw_vec::RawVecInner::non_null::<u8>

Check 564: alloc::raw_vec::RawVecInner::non_null::<u8>.pointer_dereference.2
	 - Status: SUCCESS
	 - Description: "dereference failure: pointer invalid"
	 - Location: ../../../../../runner/.rustup/toolchains/nightly-2025-11-21-x86_64-unknown-linux-gnu/lib/rustlib/src/rust/library/alloc/src/raw_vec/mod.rs:504:9 in function alloc::raw_vec::RawVecInner::non_null::<u8>

Check 565: alloc::raw_vec::RawVecInner::non_null::<u8>.pointer_dereference.3
	 - Status: SUCCESS
	 - Description: "dereference failure: deallocated dynamic object"
	 - Location: ../../../../../runner/.rustup/toolchains/nightly-2025-11-21-x86_64-unknown-linux-gnu/lib/rustlib/src/rust/library/alloc/src/raw_vec/mod.rs:504:9 in function alloc::raw_vec::RawVecInner::non_null::<u8>

Check 566: alloc::raw_vec::RawVecInner::non_null::<u8>.pointer_dereference.4
	 - Status: SUCCESS
	 - Description: "dereference failure: dead object"
	 - Location: ../../../../../runner/.rustup/toolchains/nightly-2025-11-21-x86_64-unknown-linux-gnu/lib/rustlib/src/rust/library/alloc/src/raw_vec/mod.rs:504:9 in function alloc::raw_vec::RawVecInner::non_null::<u8>

Check 567: alloc::raw_vec::RawVecInner::non_null::<u8>.pointer_dereference.5
	 - Status: SUCCESS
	 - Description: "dereference failure: pointer outside object bounds"
	 - Location: ../../../../../runner/.rustup/toolchains/nightly-2025-11-21-x86_64-unknown-linux-gnu/lib/rustlib/src/rust/library/alloc/src/raw_vec/mod.rs:504:9 in function alloc::raw_vec::RawVecInner::non_null::<u8>

Check 568: alloc::raw_vec::RawVecInner::non_null::<u8>.pointer_dereference.6
	 - Status: SUCCESS
	 - Description: "dereference failure: invalid integer address"
	 - Location: ../../../../../runner/.rustup/toolchains/nightly-2025-11-21-x86_64-unknown-linux-gnu/lib/rustlib/src/rust/library/alloc/src/raw_vec/mod.rs:504:9 in function alloc::raw_vec::RawVecInner::non_null::<u8>

Check 569: <std::boxed::Box<[capability::Capability]> as std::ops::Drop>::drop.pointer_dereference.1
	 - Status: SUCCESS
	 - Description: "dereference failure: pointer NULL"
	 - Location: ../../../../../runner/.rustup/toolchains/nightly-2025-11-21-x86_64-unknown-linux-gnu/lib/rustlib/src/rust/library/alloc/src/boxed.rs:1761:19 in function <std::boxed::Box<[capability::Capability]> as std::ops::Drop>::drop

Check 570: <std::boxed::Box<[capability::Capability]> as std::ops::Drop>::drop.pointer_dereference.2
	 - Status: SUCCESS
	 - Description: "dereference failure: pointer invalid"
	 - Location: ../../../../../runner/.rustup/toolchains/nightly-2025-11-21-x86_64-unknown-linux-gnu/lib/rustlib/src/rust/library/alloc/src/boxed.rs:1761:19 in function <std::boxed::Box<[capability::Capability]> as std::ops::Drop>::drop

Check 571: <std::boxed::Box<[capability::Capability]> as std::ops::Drop>::drop.pointer_dereference.3
	 - Status: SUCCESS
	 - Description: "dereference failure: deallocated dynamic object"
	 - Location: ../../../../../runner/.rustup/toolchains/nightly-2025-11-21-x86_64-unknown-linux-gnu/lib/rustlib/src/rust/library/alloc/src/boxed.rs:1761:19 in function <std::boxed::Box<[capability::Capability]> as std::ops::Drop>::drop

Check 572: <std::boxed::Box<[capability::Capability]> as std::ops::Drop>::drop.pointer_dereference.4
	 - Status: SUCCESS
	 - Description: "dereference failure: dead object"
	 - Location: ../../../../../runner/.rustup/toolchains/nightly-2025-11-21-x86_64-unknown-linux-gnu/lib/rustlib/src/rust/library/alloc/src/boxed.rs:1761:19 in function <std::boxed::Box<[capability::Capability]> as std::ops::Drop>::drop

Check 573: <std::boxed::Box<[capability::Capability]> as std::ops::Drop>::drop.pointer_dereference.5
	 - Status: SUCCESS
	 - Description: "dereference failure: pointer outside object bounds"
	 - Location: ../../../../../runner/.rustup/toolchains/nightly-2025-11-21-x86_64-unknown-linux-gnu/lib/rustlib/src/rust/library/alloc/src/boxed.rs:1761:19 in function <std::boxed::Box<[capability::Capability]> as std::ops::Drop>::drop

Check 574: <std::boxed::Box<[capability::Capability]> as std::ops::Drop>::drop.pointer_dereference.6
	 - Status: SUCCESS
	 - Description: "dereference failure: invalid integer address"
	 - Location: ../../../../../runner/.rustup/toolchains/nightly-2025-11-21-x86_64-unknown-linux-gnu/lib/rustlib/src/rust/library/alloc/src/boxed.rs:1761:19 in function <std::boxed::Box<[capability::Capability]> as std::ops::Drop>::drop

Check 575: std::option::Option::<value::Taint>::ok_or::<errors::CoreError>.pointer_dereference.1
	 - Status: SUCCESS
	 - Description: "dereference failure: dead object"
	 - Location: ../../../../../runner/.rustup/toolchains/nightly-2025-11-21-x86_64-unknown-linux-gnu/lib/rustlib/src/rust/library/core/src/option.rs:1338:15 in function std::option::Option::<value::Taint>::ok_or::<errors::CoreError>

Check 576: std::option::Option::<value::Taint>::ok_or::<errors::CoreError>.pointer_dereference.2
	 - Status: SUCCESS
	 - Description: "dereference failure: dead object"
	 - Location: ../../../../../runner/.rustup/toolchains/nightly-2025-11-21-x86_64-unknown-linux-gnu/lib/rustlib/src/rust/library/core/src/option.rs:1339:24 in function std::option::Option::<value::Taint>::ok_or::<errors::CoreError>

Check 577: std::alloc::Layout::dangling.pointer_dereference.1
	 - Status: SUCCESS
	 - Description: "dereference failure: pointer NULL"
	 - Location: ../../../../../runner/.rustup/toolchains/nightly-2025-11-21-x86_64-unknown-linux-gnu/lib/rustlib/src/rust/library/core/src/alloc/layout.rs:223:37 in function std::alloc::Layout::dangling

Check 578: std::alloc::Layout::dangling.pointer_dereference.2
	 - Status: SUCCESS
	 - Description: "dereference failure: pointer invalid"
	 - Location: ../../../../../runner/.rustup/toolchains/nightly-2025-11-21-x86_64-unknown-linux-gnu/lib/rustlib/src/rust/library/core/src/alloc/layout.rs:223:37 in function std::alloc::Layout::dangling

Check 579: std::alloc::Layout::dangling.pointer_dereference.3
	 - Status: SUCCESS
	 - Description: "dereference failure: deallocated dynamic object"
	 - Location: ../../../../../runner/.rustup/toolchains/nightly-2025-11-21-x86_64-unknown-linux-gnu/lib/rustlib/src/rust/library/core/src/alloc/layout.rs:223:37 in function std::alloc::Layout::dangling

Check 580: std::alloc::Layout::dangling.pointer_dereference.4
	 - Status: SUCCESS
	 - Description: "dereference failure: dead object"
	 - Location: ../../../../../runner/.rustup/toolchains/nightly-2025-11-21-x86_64-unknown-linux-gnu/lib/rustlib/src/rust/library/core/src/alloc/layout.rs:223:37 in function std::alloc::Layout::dangling

Check 581: std::alloc::Layout::dangling.pointer_dereference.5
	 - Status: SUCCESS
	 - Description: "dereference failure: pointer outside object bounds"
	 - Location: ../../../../../runner/.rustup/toolchains/nightly-2025-11-21-x86_64-unknown-linux-gnu/lib/rustlib/src/rust/library/core/src/alloc/layout.rs:223:37 in function std::alloc::Layout::dangling

Check 582: std::alloc::Layout::dangling.pointer_dereference.6
	 - Status: SUCCESS
	 - Description: "dereference failure: invalid integer address"
	 - Location: ../../../../../runner/.rustup/toolchains/nightly-2025-11-21-x86_64-unknown-linux-gnu/lib/rustlib/src/rust/library/core/src/alloc/layout.rs:223:37 in function std::alloc::Layout::dangling

Check 583: alloc::raw_vec::RawVecInner::capacity.pointer_dereference.1
	 - Status: SUCCESS
	 - Description: "dereference failure: pointer NULL"
	 - Location: ../../../../../runner/.rustup/toolchains/nightly-2025-11-21-x86_64-unknown-linux-gnu/lib/rustlib/src/rust/library/alloc/src/raw_vec/mod.rs:509:49 in function alloc::raw_vec::RawVecInner::capacity

Check 584: alloc::raw_vec::RawVecInner::capacity.pointer_dereference.2
	 - Status: SUCCESS
	 - Description: "dereference failure: pointer invalid"
	 - Location: ../../../../../runner/.rustup/toolchains/nightly-2025-11-21-x86_64-unknown-linux-gnu/lib/rustlib/src/rust/library/alloc/src/raw_vec/mod.rs:509:49 in function alloc::raw_vec::RawVecInner::capacity

Check 585: alloc::raw_vec::RawVecInner::capacity.pointer_dereference.3
	 - Status: SUCCESS
	 - Description: "dereference failure: deallocated dynamic object"
	 - Location: ../../../../../runner/.rustup/toolchains/nightly-2025-11-21-x86_64-unknown-linux-gnu/lib/rustlib/src/rust/library/alloc/src/raw_vec/mod.rs:509:49 in function alloc::raw_vec::RawVecInner::capacity

Check 586: alloc::raw_vec::RawVecInner::capacity.pointer_dereference.4
	 - Status: SUCCESS
	 - Description: "dereference failure: dead object"
	 - Location: ../../../../../runner/.rustup/toolchains/nightly-2025-11-21-x86_64-unknown-linux-gnu/lib/rustlib/src/rust/library/alloc/src/raw_vec/mod.rs:509:49 in function alloc::raw_vec::RawVecInner::capacity

Check 587: alloc::raw_vec::RawVecInner::capacity.pointer_dereference.5
	 - Status: SUCCESS
	 - Description: "dereference failure: pointer outside object bounds"
	 - Location: ../../../../../runner/.rustup/toolchains/nightly-2025-11-21-x86_64-unknown-linux-gnu/lib/rustlib/src/rust/library/alloc/src/raw_vec/mod.rs:509:49 in function alloc::raw_vec::RawVecInner::capacity

Check 588: alloc::raw_vec::RawVecInner::capacity.pointer_dereference.6
	 - Status: SUCCESS
	 - Description: "dereference failure: invalid integer address"
	 - Location: ../../../../../runner/.rustup/toolchains/nightly-2025-11-21-x86_64-unknown-linux-gnu/lib/rustlib/src/rust/library/alloc/src/raw_vec/mod.rs:509:49 in function alloc::raw_vec::RawVecInner::capacity

Check 589: <std::result::Result<usize, std::collections::TryReserveErrorKind> as std::ops::Try>::branch.pointer_dereference.1
	 - Status: SUCCESS
	 - Description: "dereference failure: dead object"
	 - Location: ../../../../../runner/.rustup/toolchains/nightly-2025-11-21-x86_64-unknown-linux-gnu/lib/rustlib/src/rust/library/core/src/result.rs:2173:15 in function <std::result::Result<usize, std::collections::TryReserveErrorKind> as std::ops::Try>::branch

Check 590: <std::result::Result<usize, std::collections::TryReserveErrorKind> as std::ops::Try>::branch.pointer_dereference.2
	 - Status: SUCCESS
	 - Description: "dereference failure: dead object"
	 - Location: ../../../../../runner/.rustup/toolchains/nightly-2025-11-21-x86_64-unknown-linux-gnu/lib/rustlib/src/rust/library/core/src/result.rs:2174:22 in function <std::result::Result<usize, std::collections::TryReserveErrorKind> as std::ops::Try>::branch

Check 591: <usize as std::slice::SliceIndex<[std::option::Option<value::SlotValue>]>>::get.pointer_dereference.1
	 - Status: SUCCESS
	 - Description: "dereference failure: dead object"
	 - Location: ../../../../../runner/.rustup/toolchains/nightly-2025-11-21-x86_64-unknown-linux-gnu/lib/rustlib/src/rust/library/core/src/slice/index.rs:223:13 in function <usize as std::slice::SliceIndex<[std::option::Option<value::SlotValue>]>>::get

Check 592: std::ptr::NonNull::<u8>::new.pointer_dereference.1
	 - Status: SUCCESS
	 - Description: "dereference failure: dead object"
	 - Location: ../../../../../runner/.rustup/toolchains/nightly-2025-11-21-x86_64-unknown-linux-gnu/lib/rustlib/src/rust/library/core/src/ptr/non_null.rs:275:13 in function std::ptr::NonNull::<u8>::new

Check 593: std::ptr::drop_in_place::<std::result::Result<value::Taint, errors::CoreError>>.pointer_dereference.1
	 - Status: SUCCESS
	 - Description: "dereference failure: pointer NULL"
	 - Location: ../../../../../runner/.rustup/toolchains/nightly-2025-11-21-x86_64-unknown-linux-gnu/lib/rustlib/src/rust/library/core/src/ptr/mod.rs:805:1 in function std::ptr::drop_in_place::<std::result::Result<value::Taint, errors::CoreError>>

Check 594: std::ptr::drop_in_place::<std::result::Result<value::Taint, errors::CoreError>>.pointer_dereference.2
	 - Status: SUCCESS
	 - Description: "dereference failure: pointer invalid"
	 - Location: ../../../../../runner/.rustup/toolchains/nightly-2025-11-21-x86_64-unknown-linux-gnu/lib/rustlib/src/rust/library/core/src/ptr/mod.rs:805:1 in function std::ptr::drop_in_place::<std::result::Result<value::Taint, errors::CoreError>>

Check 595: std::ptr::drop_in_place::<std::result::Result<value::Taint, errors::CoreError>>.pointer_dereference.3
	 - Status: SUCCESS
	 - Description: "dereference failure: deallocated dynamic object"
	 - Location: ../../../../../runner/.rustup/toolchains/nightly-2025-11-21-x86_64-unknown-linux-gnu/lib/rustlib/src/rust/library/core/src/ptr/mod.rs:805:1 in function std::ptr::drop_in_place::<std::result::Result<value::Taint, errors::CoreError>>

Check 596: std::ptr::drop_in_place::<std::result::Result<value::Taint, errors::CoreError>>.pointer_dereference.4
	 - Status: SUCCESS
	 - Description: "dereference failure: dead object"
	 - Location: ../../../../../runner/.rustup/toolchains/nightly-2025-11-21-x86_64-unknown-linux-gnu/lib/rustlib/src/rust/library/core/src/ptr/mod.rs:805:1 in function std::ptr::drop_in_place::<std::result::Result<value::Taint, errors::CoreError>>

Check 597: std::ptr::drop_in_place::<std::result::Result<value::Taint, errors::CoreError>>.pointer_dereference.5
	 - Status: SUCCESS
	 - Description: "dereference failure: pointer outside object bounds"
	 - Location: ../../../../../runner/.rustup/toolchains/nightly-2025-11-21-x86_64-unknown-linux-gnu/lib/rustlib/src/rust/library/core/src/ptr/mod.rs:805:1 in function std::ptr::drop_in_place::<std::result::Result<value::Taint, errors::CoreError>>

Check 598: std::ptr::drop_in_place::<std::result::Result<value::Taint, errors::CoreError>>.pointer_dereference.6
	 - Status: SUCCESS
	 - Description: "dereference failure: invalid integer address"
	 - Location: ../../../../../runner/.rustup/toolchains/nightly-2025-11-21-x86_64-unknown-linux-gnu/lib/rustlib/src/rust/library/core/src/ptr/mod.rs:805:1 in function std::ptr::drop_in_place::<std::result::Result<value::Taint, errors::CoreError>>

Check 599: std::option::Option::<&mut value::Taint>::ok_or::<errors::CoreError>.pointer_dereference.1
	 - Status: SUCCESS
	 - Description: "dereference failure: dead object"
	 - Location: ../../../../../runner/.rustup/toolchains/nightly-2025-11-21-x86_64-unknown-linux-gnu/lib/rustlib/src/rust/library/core/src/option.rs:1338:15 in function std::option::Option::<&mut value::Taint>::ok_or::<errors::CoreError>

Check 600: std::option::Option::<&mut value::Taint>::ok_or::<errors::CoreError>.pointer_dereference.2
	 - Status: SUCCESS
	 - Description: "dereference failure: dead object"
	 - Location: ../../../../../runner/.rustup/toolchains/nightly-2025-11-21-x86_64-unknown-linux-gnu/lib/rustlib/src/rust/library/core/src/option.rs:1339:24 in function std::option::Option::<&mut value::Taint>::ok_or::<errors::CoreError>

Check 601: <std::boxed::Box<[std::option::Option<value::SlotValue>]> as std::ops::Drop>::drop.pointer_dereference.1
	 - Status: SUCCESS
	 - Description: "dereference failure: pointer NULL"
	 - Location: ../../../../../runner/.rustup/toolchains/nightly-2025-11-21-x86_64-unknown-linux-gnu/lib/rustlib/src/rust/library/alloc/src/boxed.rs:1761:19 in function <std::boxed::Box<[std::option::Option<value::SlotValue>]> as std::ops::Drop>::drop

Check 602: <std::boxed::Box<[std::option::Option<value::SlotValue>]> as std::ops::Drop>::drop.pointer_dereference.2
	 - Status: SUCCESS
	 - Description: "dereference failure: pointer invalid"
	 - Location: ../../../../../runner/.rustup/toolchains/nightly-2025-11-21-x86_64-unknown-linux-gnu/lib/rustlib/src/rust/library/alloc/src/boxed.rs:1761:19 in function <std::boxed::Box<[std::option::Option<value::SlotValue>]> as std::ops::Drop>::drop

Check 603: <std::boxed::Box<[std::option::Option<value::SlotValue>]> as std::ops::Drop>::drop.pointer_dereference.3
	 - Status: SUCCESS
	 - Description: "dereference failure: deallocated dynamic object"
	 - Location: ../../../../../runner/.rustup/toolchains/nightly-2025-11-21-x86_64-unknown-linux-gnu/lib/rustlib/src/rust/library/alloc/src/boxed.rs:1761:19 in function <std::boxed::Box<[std::option::Option<value::SlotValue>]> as std::ops::Drop>::drop

Check 604: <std::boxed::Box<[std::option::Option<value::SlotValue>]> as std::ops::Drop>::drop.pointer_dereference.4
	 - Status: SUCCESS
	 - Description: "dereference failure: dead object"
	 - Location: ../../../../../runner/.rustup/toolchains/nightly-2025-11-21-x86_64-unknown-linux-gnu/lib/rustlib/src/rust/library/alloc/src/boxed.rs:1761:19 in function <std::boxed::Box<[std::option::Option<value::SlotValue>]> as std::ops::Drop>::drop

Check 605: <std::boxed::Box<[std::option::Option<value::SlotValue>]> as std::ops::Drop>::drop.pointer_dereference.5
	 - Status: SUCCESS
	 - Description: "dereference failure: pointer outside object bounds"
	 - Location: ../../../../../runner/.rustup/toolchains/nightly-2025-11-21-x86_64-unknown-linux-gnu/lib/rustlib/src/rust/library/alloc/src/boxed.rs:1761:19 in function <std::boxed::Box<[std::option::Option<value::SlotValue>]> as std::ops::Drop>::drop

Check 606: <std::boxed::Box<[std::option::Option<value::SlotValue>]> as std::ops::Drop>::drop.pointer_dereference.6
	 - Status: SUCCESS
	 - Description: "dereference failure: invalid integer address"
	 - Location: ../../../../../runner/.rustup/toolchains/nightly-2025-11-21-x86_64-unknown-linux-gnu/lib/rustlib/src/rust/library/alloc/src/boxed.rs:1761:19 in function <std::boxed::Box<[std::option::Option<value::SlotValue>]> as std::ops::Drop>::drop

Check 607: <std::result::Result<std::ptr::NonNull<[u8]>, std::alloc::AllocError> as std::ops::Try>::branch.pointer_dereference.1
	 - Status: SUCCESS
	 - Description: "dereference failure: dead object"
	 - Location: ../../../../../runner/.rustup/toolchains/nightly-2025-11-21-x86_64-unknown-linux-gnu/lib/rustlib/src/rust/library/core/src/result.rs:2173:15 in function <std::result::Result<std::ptr::NonNull<[u8]>, std::alloc::AllocError> as std::ops::Try>::branch

Check 608: <std::result::Result<std::ptr::NonNull<[u8]>, std::alloc::AllocError> as std::ops::Try>::branch.pointer_dereference.2
	 - Status: SUCCESS
	 - Description: "dereference failure: dead object"
	 - Location: ../../../../../runner/.rustup/toolchains/nightly-2025-11-21-x86_64-unknown-linux-gnu/lib/rustlib/src/rust/library/core/src/result.rs:2175:23 in function <std::result::Result<std::ptr::NonNull<[u8]>, std::alloc::AllocError> as std::ops::Try>::branch

Check 609: std::alloc::Layout::is_size_align_valid.pointer_dereference.1
	 - Status: SUCCESS
	 - Description: "dereference failure: dead object"
	 - Location: ../../../../../runner/.rustup/toolchains/nightly-2025-11-21-x86_64-unknown-linux-gnu/lib/rustlib/src/rust/library/core/src/alloc/layout.rs:69:27 in function std::alloc::Layout::is_size_align_valid

Check 610: <value::Taint as std::clone::Clone>::clone.pointer_dereference.1
	 - Status: SUCCESS
	 - Description: "dereference failure: pointer NULL"
	 - Location: crates/vb_core/src/value.rs:11:17 in function <value::Taint as std::clone::Clone>::clone

Check 611: <value::Taint as std::clone::Clone>::clone.pointer_dereference.2
	 - Status: SUCCESS
	 - Description: "dereference failure: pointer invalid"
	 - Location: crates/vb_core/src/value.rs:11:17 in function <value::Taint as std::clone::Clone>::clone

Check 612: <value::Taint as std::clone::Clone>::clone.pointer_dereference.3
	 - Status: SUCCESS
	 - Description: "dereference failure: deallocated dynamic object"
	 - Location: crates/vb_core/src/value.rs:11:17 in function <value::Taint as std::clone::Clone>::clone

Check 613: <value::Taint as std::clone::Clone>::clone.pointer_dereference.4
	 - Status: SUCCESS
	 - Description: "dereference failure: dead object"
	 - Location: crates/vb_core/src/value.rs:11:17 in function <value::Taint as std::clone::Clone>::clone

Check 614: <value::Taint as std::clone::Clone>::clone.pointer_dereference.5
	 - Status: SUCCESS
	 - Description: "dereference failure: pointer outside object bounds"
	 - Location: crates/vb_core/src/value.rs:11:17 in function <value::Taint as std::clone::Clone>::clone

Check 615: <value::Taint as std::clone::Clone>::clone.pointer_dereference.6
	 - Status: SUCCESS
	 - Description: "dereference failure: invalid integer address"
	 - Location: crates/vb_core/src/value.rs:11:17 in function <value::Taint as std::clone::Clone>::clone

Check 616: std::result::Result::<(std::alloc::Layout, usize), std::alloc::LayoutError>::map::<std::alloc::Layout, {closure@alloc::raw_vec::layout_array::{closure#0}}>.pointer_dereference.1
	 - Status: SUCCESS
	 - Description: "dereference failure: dead object"
	 - Location: ../../../../../runner/.rustup/toolchains/nightly-2025-11-21-x86_64-unknown-linux-gnu/lib/rustlib/src/rust/library/core/src/result.rs:835:15 in function std::result::Result::<(std::alloc::Layout, usize), std::alloc::LayoutError>::map::<std::alloc::Layout, {closure@alloc::raw_vec::layout_array::{closure#0}}>

Check 617: std::result::Result::<(std::alloc::Layout, usize), std::alloc::LayoutError>::map::<std::alloc::Layout, {closure@alloc::raw_vec::layout_array::{closure#0}}>.pointer_dereference.2
	 - Status: SUCCESS
	 - Description: "dereference failure: dead object"
	 - Location: ../../../../../runner/.rustup/toolchains/nightly-2025-11-21-x86_64-unknown-linux-gnu/lib/rustlib/src/rust/library/core/src/result.rs:837:23 in function std::result::Result::<(std::alloc::Layout, usize), std::alloc::LayoutError>::map::<std::alloc::Layout, {closure@alloc::raw_vec::layout_array::{closure#0}}>

Check 618: kani_idempotency_gates::one_slot_frame_with_taint.pointer_dereference.1
	 - Status: SUCCESS
	 - Description: "dereference failure: dead object"
	 - Location: crates/vb_core/src/kani_idempotency_gates.rs:112:27 in function kani_idempotency_gates::one_slot_frame_with_taint

Check 619: kani_idempotency_gates::one_slot_frame_with_taint.pointer_dereference.2
	 - Status: SUCCESS
	 - Description: "dereference failure: dead object"
	 - Location: crates/vb_core/src/kani_idempotency_gates.rs:123:1 in function kani_idempotency_gates::one_slot_frame_with_taint

Check 620: std::result::Result::<std::ptr::NonNull<[u8]>, std::alloc::AllocError>::map_err::<std::collections::TryReserveError, {closure@alloc::raw_vec::RawVecInner::finish_grow::{closure#0}}>.pointer_dereference.1
	 - Status: SUCCESS
	 - Description: "dereference failure: dead object"
	 - Location: ../../../../../runner/.rustup/toolchains/nightly-2025-11-21-x86_64-unknown-linux-gnu/lib/rustlib/src/rust/library/core/src/result.rs:966:15 in function std::result::Result::<std::ptr::NonNull<[u8]>, std::alloc::AllocError>::map_err::<std::collections::TryReserveError, {closure@alloc::raw_vec::RawVecInner::finish_grow::{closure#0}}>

Check 621: frame::RunFrame::new.pointer_dereference.1
	 - Status: SUCCESS
	 - Description: "dereference failure: dead object"
	 - Location: crates/vb_core/src/frame.rs:96:20 in function frame::RunFrame::new

Check 622: frame::RunFrame::new.pointer_dereference.2
	 - Status: SUCCESS
	 - Description: "dereference failure: dead object"
	 - Location: crates/vb_core/src/frame.rs:108:25 in function frame::RunFrame::new

Check 623: frame::RunFrame::new.pointer_dereference.3
	 - Status: SUCCESS
	 - Description: "dereference failure: dead object"
	 - Location: crates/vb_core/src/frame.rs:91:20 in function frame::RunFrame::new

Check 624: std::ptr::write::<std::option::Option<value::SlotValue>>.pointer_dereference.1
	 - Status: SUCCESS
	 - Description: "dereference failure: pointer NULL"
	 - Location: ../../../../../runner/.rustup/toolchains/nightly-2025-11-21-x86_64-unknown-linux-gnu/lib/rustlib/src/rust/library/core/src/ptr/mod.rs:1908:9 in function std::ptr::write::<std::option::Option<value::SlotValue>>

Check 625: std::ptr::write::<std::option::Option<value::SlotValue>>.pointer_dereference.2
	 - Status: SUCCESS
	 - Description: "dereference failure: pointer invalid"
	 - Location: ../../../../../runner/.rustup/toolchains/nightly-2025-11-21-x86_64-unknown-linux-gnu/lib/rustlib/src/rust/library/core/src/ptr/mod.rs:1908:9 in function std::ptr::write::<std::option::Option<value::SlotValue>>

Check 626: std::ptr::write::<std::option::Option<value::SlotValue>>.pointer_dereference.3
	 - Status: SUCCESS
	 - Description: "dereference failure: deallocated dynamic object"
	 - Location: ../../../../../runner/.rustup/toolchains/nightly-2025-11-21-x86_64-unknown-linux-gnu/lib/rustlib/src/rust/library/core/src/ptr/mod.rs:1908:9 in function std::ptr::write::<std::option::Option<value::SlotValue>>

Check 627: std::ptr::write::<std::option::Option<value::SlotValue>>.pointer_dereference.4
	 - Status: SUCCESS
	 - Description: "dereference failure: dead object"
	 - Location: ../../../../../runner/.rustup/toolchains/nightly-2025-11-21-x86_64-unknown-linux-gnu/lib/rustlib/src/rust/library/core/src/ptr/mod.rs:1908:9 in function std::ptr::write::<std::option::Option<value::SlotValue>>

Check 628: std::ptr::write::<std::option::Option<value::SlotValue>>.pointer_dereference.5
	 - Status: SUCCESS
	 - Description: "dereference failure: pointer outside object bounds"
	 - Location: ../../../../../runner/.rustup/toolchains/nightly-2025-11-21-x86_64-unknown-linux-gnu/lib/rustlib/src/rust/library/core/src/ptr/mod.rs:1908:9 in function std::ptr::write::<std::option::Option<value::SlotValue>>

Check 629: std::ptr::write::<std::option::Option<value::SlotValue>>.pointer_dereference.6
	 - Status: SUCCESS
	 - Description: "dereference failure: invalid integer address"
	 - Location: ../../../../../runner/.rustup/toolchains/nightly-2025-11-21-x86_64-unknown-linux-gnu/lib/rustlib/src/rust/library/core/src/ptr/mod.rs:1908:9 in function std::ptr::write::<std::option::Option<value::SlotValue>>

Check 630: <usize as std::slice::SliceIndex<[std::option::Option<value::SlotValue>]>>::get_mut.pointer_dereference.1
	 - Status: SUCCESS
	 - Description: "dereference failure: dead object"
	 - Location: ../../../../../runner/.rustup/toolchains/nightly-2025-11-21-x86_64-unknown-linux-gnu/lib/rustlib/src/rust/library/core/src/slice/index.rs:233:13 in function <usize as std::slice::SliceIndex<[std::option::Option<value::SlotValue>]>>::get_mut

Check 631: std::alloc::Layout::repeat.pointer_dereference.1
	 - Status: SUCCESS
	 - Description: "dereference failure: dead object"
	 - Location: ../../../../../runner/.rustup/toolchains/nightly-2025-11-21-x86_64-unknown-linux-gnu/lib/rustlib/src/rust/library/core/src/alloc/layout.rs:361:31 in function std::alloc::Layout::repeat

Check 632: std::alloc::Layout::repeat.pointer_dereference.2
	 - Status: SUCCESS
	 - Description: "dereference failure: dead object"
	 - Location: ../../../../../runner/.rustup/toolchains/nightly-2025-11-21-x86_64-unknown-linux-gnu/lib/rustlib/src/rust/library/core/src/alloc/layout.rs:364:13 in function std::alloc::Layout::repeat

Check 633: std::vec::Vec::<frame::StepState>::len.pointer_dereference.1
	 - Status: SUCCESS
	 - Description: "dereference failure: pointer NULL"
	 - Location: ../../../../../runner/.rustup/toolchains/nightly-2025-11-21-x86_64-unknown-linux-gnu/lib/rustlib/src/rust/library/alloc/src/vec/mod.rs:2854:19 in function std::vec::Vec::<frame::StepState>::len

Check 634: std::vec::Vec::<frame::StepState>::len.pointer_dereference.2
	 - Status: SUCCESS
	 - Description: "dereference failure: pointer invalid"
	 - Location: ../../../../../runner/.rustup/toolchains/nightly-2025-11-21-x86_64-unknown-linux-gnu/lib/rustlib/src/rust/library/alloc/src/vec/mod.rs:2854:19 in function std::vec::Vec::<frame::StepState>::len

Check 635: std::vec::Vec::<frame::StepState>::len.pointer_dereference.3
	 - Status: SUCCESS
	 - Description: "dereference failure: deallocated dynamic object"
	 - Location: ../../../../../runner/.rustup/toolchains/nightly-2025-11-21-x86_64-unknown-linux-gnu/lib/rustlib/src/rust/library/alloc/src/vec/mod.rs:2854:19 in function std::vec::Vec::<frame::StepState>::len

Check 636: std::vec::Vec::<frame::StepState>::len.pointer_dereference.4
	 - Status: SUCCESS
	 - Description: "dereference failure: dead object"
	 - Location: ../../../../../runner/.rustup/toolchains/nightly-2025-11-21-x86_64-unknown-linux-gnu/lib/rustlib/src/rust/library/alloc/src/vec/mod.rs:2854:19 in function std::vec::Vec::<frame::StepState>::len

Check 637: std::vec::Vec::<frame::StepState>::len.pointer_dereference.5
	 - Status: SUCCESS
	 - Description: "dereference failure: pointer outside object bounds"
	 - Location: ../../../../../runner/.rustup/toolchains/nightly-2025-11-21-x86_64-unknown-linux-gnu/lib/rustlib/src/rust/library/alloc/src/vec/mod.rs:2854:19 in function std::vec::Vec::<frame::StepState>::len

Check 638: std::vec::Vec::<frame::StepState>::len.pointer_dereference.6
	 - Status: SUCCESS
	 - Description: "dereference failure: invalid integer address"
	 - Location: ../../../../../runner/.rustup/toolchains/nightly-2025-11-21-x86_64-unknown-linux-gnu/lib/rustlib/src/rust/library/alloc/src/vec/mod.rs:2854:19 in function std::vec::Vec::<frame::StepState>::len

Check 639: std::alloc::Layout::from_size_alignment.pointer_dereference.1
	 - Status: SUCCESS
	 - Description: "dereference failure: dead object"
	 - Location: ../../../../../runner/.rustup/toolchains/nightly-2025-11-21-x86_64-unknown-linux-gnu/lib/rustlib/src/rust/library/core/src/alloc/layout.rs:102:20 in function std::alloc::Layout::from_size_alignment

Check 640: alloc::raw_vec::RawVecInner::shrink_unchecked::{closure#0}.pointer_dereference.1
	 - Status: SUCCESS
	 - Description: "dereference failure: pointer NULL"
	 - Location: ../../../../../runner/.rustup/toolchains/nightly-2025-11-21-x86_64-unknown-linux-gnu/lib/rustlib/src/rust/library/alloc/src/raw_vec/mod.rs:813:55 in function alloc::raw_vec::RawVecInner::shrink_unchecked::{closure#0}

Check 641: alloc::raw_vec::RawVecInner::shrink_unchecked::{closure#0}.pointer_dereference.2
	 - Status: SUCCESS
	 - Description: "dereference failure: pointer invalid"
	 - Location: ../../../../../runner/.rustup/toolchains/nightly-2025-11-21-x86_64-unknown-linux-gnu/lib/rustlib/src/rust/library/alloc/src/raw_vec/mod.rs:813:55 in function alloc::raw_vec::RawVecInner::shrink_unchecked::{closure#0}

Check 642: alloc::raw_vec::RawVecInner::shrink_unchecked::{closure#0}.pointer_dereference.3
	 - Status: SUCCESS
	 - Description: "dereference failure: deallocated dynamic object"
	 - Location: ../../../../../runner/.rustup/toolchains/nightly-2025-11-21-x86_64-unknown-linux-gnu/lib/rustlib/src/rust/library/alloc/src/raw_vec/mod.rs:813:55 in function alloc::raw_vec::RawVecInner::shrink_unchecked::{closure#0}

Check 643: alloc::raw_vec::RawVecInner::shrink_unchecked::{closure#0}.pointer_dereference.4
	 - Status: SUCCESS
	 - Description: "dereference failure: dead object"
	 - Location: ../../../../../runner/.rustup/toolchains/nightly-2025-11-21-x86_64-unknown-linux-gnu/lib/rustlib/src/rust/library/alloc/src/raw_vec/mod.rs:813:55 in function alloc::raw_vec::RawVecInner::shrink_unchecked::{closure#0}

Check 644: alloc::raw_vec::RawVecInner::shrink_unchecked::{closure#0}.pointer_dereference.5
	 - Status: SUCCESS
	 - Description: "dereference failure: pointer outside object bounds"
	 - Location: ../../../../../runner/.rustup/toolchains/nightly-2025-11-21-x86_64-unknown-linux-gnu/lib/rustlib/src/rust/library/alloc/src/raw_vec/mod.rs:813:55 in function alloc::raw_vec::RawVecInner::shrink_unchecked::{closure#0}

Check 645: alloc::raw_vec::RawVecInner::shrink_unchecked::{closure#0}.pointer_dereference.6
	 - Status: SUCCESS
	 - Description: "dereference failure: invalid integer address"
	 - Location: ../../../../../runner/.rustup/toolchains/nightly-2025-11-21-x86_64-unknown-linux-gnu/lib/rustlib/src/rust/library/alloc/src/raw_vec/mod.rs:813:55 in function alloc::raw_vec::RawVecInner::shrink_unchecked::{closure#0}

Check 646: <std::result::Result<&mut value::Taint, errors::CoreError> as std::ops::Try>::branch.pointer_dereference.1
	 - Status: SUCCESS
	 - Description: "dereference failure: dead object"
	 - Location: ../../../../../runner/.rustup/toolchains/nightly-2025-11-21-x86_64-unknown-linux-gnu/lib/rustlib/src/rust/library/core/src/result.rs:2173:15 in function <std::result::Result<&mut value::Taint, errors::CoreError> as std::ops::Try>::branch

Check 647: <std::result::Result<&mut value::Taint, errors::CoreError> as std::ops::Try>::branch.pointer_dereference.2
	 - Status: SUCCESS
	 - Description: "dereference failure: dead object"
	 - Location: ../../../../../runner/.rustup/toolchains/nightly-2025-11-21-x86_64-unknown-linux-gnu/lib/rustlib/src/rust/library/core/src/result.rs:2174:22 in function <std::result::Result<&mut value::Taint, errors::CoreError> as std::ops::Try>::branch

Check 648: std::option::Option::<&std::option::Option<value::SlotValue>>::ok_or::<errors::CoreError>.pointer_dereference.1
	 - Status: SUCCESS
	 - Description: "dereference failure: dead object"
	 - Location: ../../../../../runner/.rustup/toolchains/nightly-2025-11-21-x86_64-unknown-linux-gnu/lib/rustlib/src/rust/library/core/src/option.rs:1338:15 in function std::option::Option::<&std::option::Option<value::SlotValue>>::ok_or::<errors::CoreError>

Check 649: std::option::Option::<&std::option::Option<value::SlotValue>>::ok_or::<errors::CoreError>.pointer_dereference.2
	 - Status: SUCCESS
	 - Description: "dereference failure: dead object"
	 - Location: ../../../../../runner/.rustup/toolchains/nightly-2025-11-21-x86_64-unknown-linux-gnu/lib/rustlib/src/rust/library/core/src/option.rs:1339:24 in function std::option::Option::<&std::option::Option<value::SlotValue>>::ok_or::<errors::CoreError>

Check 650: std::option::Option::<&value::Taint>::copied.pointer_dereference.1
	 - Status: SUCCESS
	 - Description: "dereference failure: dead object"
	 - Location: ../../../../../runner/.rustup/toolchains/nightly-2025-11-21-x86_64-unknown-linux-gnu/lib/rustlib/src/rust/library/core/src/option.rs:2058:15 in function std::option::Option::<&value::Taint>::copied

Check 651: std::option::Option::<&value::Taint>::copied.pointer_dereference.2
	 - Status: SUCCESS
	 - Description: "dereference failure: pointer NULL"
	 - Location: ../../../../../runner/.rustup/toolchains/nightly-2025-11-21-x86_64-unknown-linux-gnu/lib/rustlib/src/rust/library/core/src/option.rs:2059:19 in function std::option::Option::<&value::Taint>::copied

Check 652: std::option::Option::<&value::Taint>::copied.pointer_dereference.3
	 - Status: SUCCESS
	 - Description: "dereference failure: pointer invalid"
	 - Location: ../../../../../runner/.rustup/toolchains/nightly-2025-11-21-x86_64-unknown-linux-gnu/lib/rustlib/src/rust/library/core/src/option.rs:2059:19 in function std::option::Option::<&value::Taint>::copied

Check 653: std::option::Option::<&value::Taint>::copied.pointer_dereference.4
	 - Status: SUCCESS
	 - Description: "dereference failure: deallocated dynamic object"
	 - Location: ../../../../../runner/.rustup/toolchains/nightly-2025-11-21-x86_64-unknown-linux-gnu/lib/rustlib/src/rust/library/core/src/option.rs:2059:19 in function std::option::Option::<&value::Taint>::copied

Check 654: std::option::Option::<&value::Taint>::copied.pointer_dereference.5
	 - Status: SUCCESS
	 - Description: "dereference failure: dead object"
	 - Location: ../../../../../runner/.rustup/toolchains/nightly-2025-11-21-x86_64-unknown-linux-gnu/lib/rustlib/src/rust/library/core/src/option.rs:2059:19 in function std::option::Option::<&value::Taint>::copied

Check 655: std::option::Option::<&value::Taint>::copied.pointer_dereference.6
	 - Status: SUCCESS
	 - Description: "dereference failure: pointer outside object bounds"
	 - Location: ../../../../../runner/.rustup/toolchains/nightly-2025-11-21-x86_64-unknown-linux-gnu/lib/rustlib/src/rust/library/core/src/option.rs:2059:19 in function std::option::Option::<&value::Taint>::copied

Check 656: std::option::Option::<&value::Taint>::copied.pointer_dereference.7
	 - Status: SUCCESS
	 - Description: "dereference failure: invalid integer address"
	 - Location: ../../../../../runner/.rustup/toolchains/nightly-2025-11-21-x86_64-unknown-linux-gnu/lib/rustlib/src/rust/library/core/src/option.rs:2059:19 in function std::option::Option::<&value::Taint>::copied

Check 657: std::option::Option::<&value::Taint>::copied.pointer_dereference.8
	 - Status: SUCCESS
	 - Description: "dereference failure: dead object"
	 - Location: ../../../../../runner/.rustup/toolchains/nightly-2025-11-21-x86_64-unknown-linux-gnu/lib/rustlib/src/rust/library/core/src/option.rs:2060:21 in function std::option::Option::<&value::Taint>::copied

Check 658: std::ptr::drop_in_place::<std::boxed::Box<str>>.pointer_dereference.1
	 - Status: SUCCESS
	 - Description: "dereference failure: pointer NULL"
	 - Location: ../../../../../runner/.rustup/toolchains/nightly-2025-11-21-x86_64-unknown-linux-gnu/lib/rustlib/src/rust/library/core/src/ptr/mod.rs:805:1 in function std::ptr::drop_in_place::<std::boxed::Box<str>>

Check 659: std::ptr::drop_in_place::<std::boxed::Box<str>>.pointer_dereference.2
	 - Status: SUCCESS
	 - Description: "dereference failure: pointer invalid"
	 - Location: ../../../../../runner/.rustup/toolchains/nightly-2025-11-21-x86_64-unknown-linux-gnu/lib/rustlib/src/rust/library/core/src/ptr/mod.rs:805:1 in function std::ptr::drop_in_place::<std::boxed::Box<str>>

Check 660: std::ptr::drop_in_place::<std::boxed::Box<str>>.pointer_dereference.3
	 - Status: SUCCESS
	 - Description: "dereference failure: deallocated dynamic object"
	 - Location: ../../../../../runner/.rustup/toolchains/nightly-2025-11-21-x86_64-unknown-linux-gnu/lib/rustlib/src/rust/library/core/src/ptr/mod.rs:805:1 in function std::ptr::drop_in_place::<std::boxed::Box<str>>

Check 661: std::ptr::drop_in_place::<std::boxed::Box<str>>.pointer_dereference.4
	 - Status: SUCCESS
	 - Description: "dereference failure: dead object"
	 - Location: ../../../../../runner/.rustup/toolchains/nightly-2025-11-21-x86_64-unknown-linux-gnu/lib/rustlib/src/rust/library/core/src/ptr/mod.rs:805:1 in function std::ptr::drop_in_place::<std::boxed::Box<str>>

Check 662: std::ptr::drop_in_place::<std::boxed::Box<str>>.pointer_dereference.5
	 - Status: SUCCESS
	 - Description: "dereference failure: pointer outside object bounds"
	 - Location: ../../../../../runner/.rustup/toolchains/nightly-2025-11-21-x86_64-unknown-linux-gnu/lib/rustlib/src/rust/library/core/src/ptr/mod.rs:805:1 in function std::ptr::drop_in_place::<std::boxed::Box<str>>

Check 663: std::ptr::drop_in_place::<std::boxed::Box<str>>.pointer_dereference.6
	 - Status: SUCCESS
	 - Description: "dereference failure: invalid integer address"
	 - Location: ../../../../../runner/.rustup/toolchains/nightly-2025-11-21-x86_64-unknown-linux-gnu/lib/rustlib/src/rust/library/core/src/ptr/mod.rs:805:1 in function std::ptr::drop_in_place::<std::boxed::Box<str>>

Check 664: std::ptr::read::<alloc::raw_vec::RawVec<std::option::Option<value::SlotValue>>>.pointer_dereference.1
	 - Status: SUCCESS
	 - Description: "dereference failure: pointer NULL"
	 - Location: ../../../../../runner/.rustup/toolchains/nightly-2025-11-21-x86_64-unknown-linux-gnu/lib/rustlib/src/rust/library/core/src/ptr/mod.rs:1708:9 in function std::ptr::read::<alloc::raw_vec::RawVec<std::option::Option<value::SlotValue>>>

Check 665: std::ptr::read::<alloc::raw_vec::RawVec<std::option::Option<value::SlotValue>>>.pointer_dereference.2
	 - Status: SUCCESS
	 - Description: "dereference failure: pointer invalid"
	 - Location: ../../../../../runner/.rustup/toolchains/nightly-2025-11-21-x86_64-unknown-linux-gnu/lib/rustlib/src/rust/library/core/src/ptr/mod.rs:1708:9 in function std::ptr::read::<alloc::raw_vec::RawVec<std::option::Option<value::SlotValue>>>

Check 666: std::ptr::read::<alloc::raw_vec::RawVec<std::option::Option<value::SlotValue>>>.pointer_dereference.3
	 - Status: SUCCESS
	 - Description: "dereference failure: deallocated dynamic object"
	 - Location: ../../../../../runner/.rustup/toolchains/nightly-2025-11-21-x86_64-unknown-linux-gnu/lib/rustlib/src/rust/library/core/src/ptr/mod.rs:1708:9 in function std::ptr::read::<alloc::raw_vec::RawVec<std::option::Option<value::SlotValue>>>

Check 667: std::ptr::read::<alloc::raw_vec::RawVec<std::option::Option<value::SlotValue>>>.pointer_dereference.4
	 - Status: SUCCESS
	 - Description: "dereference failure: dead object"
	 - Location: ../../../../../runner/.rustup/toolchains/nightly-2025-11-21-x86_64-unknown-linux-gnu/lib/rustlib/src/rust/library/core/src/ptr/mod.rs:1708:9 in function std::ptr::read::<alloc::raw_vec::RawVec<std::option::Option<value::SlotValue>>>

Check 668: std::ptr::read::<alloc::raw_vec::RawVec<std::option::Option<value::SlotValue>>>.pointer_dereference.5
	 - Status: SUCCESS
	 - Description: "dereference failure: pointer outside object bounds"
	 - Location: ../../../../../runner/.rustup/toolchains/nightly-2025-11-21-x86_64-unknown-linux-gnu/lib/rustlib/src/rust/library/core/src/ptr/mod.rs:1708:9 in function std::ptr::read::<alloc::raw_vec::RawVec<std::option::Option<value::SlotValue>>>

Check 669: std::ptr::read::<alloc::raw_vec::RawVec<std::option::Option<value::SlotValue>>>.pointer_dereference.6
	 - Status: SUCCESS
	 - Description: "dereference failure: invalid integer address"
	 - Location: ../../../../../runner/.rustup/toolchains/nightly-2025-11-21-x86_64-unknown-linux-gnu/lib/rustlib/src/rust/library/core/src/ptr/mod.rs:1708:9 in function std::ptr::read::<alloc::raw_vec::RawVec<std::option::Option<value::SlotValue>>>

Check 670: <usize as std::slice::SliceIndex<[ids::SlotIdx]>>::get.pointer_dereference.1
	 - Status: SUCCESS
	 - Description: "dereference failure: dead object"
	 - Location: ../../../../../runner/.rustup/toolchains/nightly-2025-11-21-x86_64-unknown-linux-gnu/lib/rustlib/src/rust/library/core/src/slice/index.rs:223:13 in function <usize as std::slice::SliceIndex<[ids::SlotIdx]>>::get

Check 671: <std::ops::Range<usize> as std::iter::range::RangeIteratorImpl>::spec_next.pointer_dereference.1
	 - Status: SUCCESS
	 - Description: "dereference failure: pointer NULL"
	 - Location: ../../../../../runner/.rustup/toolchains/nightly-2025-11-21-x86_64-unknown-linux-gnu/lib/rustlib/src/rust/library/core/src/iter/range.rs:766:23 in function <std::ops::Range<usize> as std::iter::range::RangeIteratorImpl>::spec_next

Check 672: <std::ops::Range<usize> as std::iter::range::RangeIteratorImpl>::spec_next.pointer_dereference.2
	 - Status: SUCCESS
	 - Description: "dereference failure: pointer invalid"
	 - Location: ../../../../../runner/.rustup/toolchains/nightly-2025-11-21-x86_64-unknown-linux-gnu/lib/rustlib/src/rust/library/core/src/iter/range.rs:766:23 in function <std::ops::Range<usize> as std::iter::range::RangeIteratorImpl>::spec_next

Check 673: <std::ops::Range<usize> as std::iter::range::RangeIteratorImpl>::spec_next.pointer_dereference.3
	 - Status: SUCCESS
	 - Description: "dereference failure: deallocated dynamic object"
	 - Location: ../../../../../runner/.rustup/toolchains/nightly-2025-11-21-x86_64-unknown-linux-gnu/lib/rustlib/src/rust/library/core/src/iter/range.rs:766:23 in function <std::ops::Range<usize> as std::iter::range::RangeIteratorImpl>::spec_next

Check 674: <std::ops::Range<usize> as std::iter::range::RangeIteratorImpl>::spec_next.pointer_dereference.4
	 - Status: SUCCESS
	 - Description: "dereference failure: dead object"
	 - Location: ../../../../../runner/.rustup/toolchains/nightly-2025-11-21-x86_64-unknown-linux-gnu/lib/rustlib/src/rust/library/core/src/iter/range.rs:766:23 in function <std::ops::Range<usize> as std::iter::range::RangeIteratorImpl>::spec_next

Check 675: <std::ops::Range<usize> as std::iter::range::RangeIteratorImpl>::spec_next.pointer_dereference.5
	 - Status: SUCCESS
	 - Description: "dereference failure: pointer outside object bounds"
	 - Location: ../../../../../runner/.rustup/toolchains/nightly-2025-11-21-x86_64-unknown-linux-gnu/lib/rustlib/src/rust/library/core/src/iter/range.rs:766:23 in function <std::ops::Range<usize> as std::iter::range::RangeIteratorImpl>::spec_next

Check 676: <std::ops::Range<usize> as std::iter::range::RangeIteratorImpl>::spec_next.pointer_dereference.6
	 - Status: SUCCESS
	 - Description: "dereference failure: invalid integer address"
	 - Location: ../../../../../runner/.rustup/toolchains/nightly-2025-11-21-x86_64-unknown-linux-gnu/lib/rustlib/src/rust/library/core/src/iter/range.rs:766:23 in function <std::ops::Range<usize> as std::iter::range::RangeIteratorImpl>::spec_next

Check 677: <std::ops::Range<usize> as std::iter::range::RangeIteratorImpl>::spec_next.pointer_dereference.7
	 - Status: SUCCESS
	 - Description: "dereference failure: pointer NULL"
	 - Location: ../../../../../runner/.rustup/toolchains/nightly-2025-11-21-x86_64-unknown-linux-gnu/lib/rustlib/src/rust/library/core/src/iter/range.rs:768:13 in function <std::ops::Range<usize> as std::iter::range::RangeIteratorImpl>::spec_next

Check 678: <std::ops::Range<usize> as std::iter::range::RangeIteratorImpl>::spec_next.pointer_dereference.8
	 - Status: SUCCESS
	 - Description: "dereference failure: pointer invalid"
	 - Location: ../../../../../runner/.rustup/toolchains/nightly-2025-11-21-x86_64-unknown-linux-gnu/lib/rustlib/src/rust/library/core/src/iter/range.rs:768:13 in function <std::ops::Range<usize> as std::iter::range::RangeIteratorImpl>::spec_next

Check 679: <std::ops::Range<usize> as std::iter::range::RangeIteratorImpl>::spec_next.pointer_dereference.9
	 - Status: SUCCESS
	 - Description: "dereference failure: deallocated dynamic object"
	 - Location: ../../../../../runner/.rustup/toolchains/nightly-2025-11-21-x86_64-unknown-linux-gnu/lib/rustlib/src/rust/library/core/src/iter/range.rs:768:13 in function <std::ops::Range<usize> as std::iter::range::RangeIteratorImpl>::spec_next

Check 680: <std::ops::Range<usize> as std::iter::range::RangeIteratorImpl>::spec_next.pointer_dereference.10
	 - Status: SUCCESS
	 - Description: "dereference failure: dead object"
	 - Location: ../../../../../runner/.rustup/toolchains/nightly-2025-11-21-x86_64-unknown-linux-gnu/lib/rustlib/src/rust/library/core/src/iter/range.rs:768:13 in function <std::ops::Range<usize> as std::iter::range::RangeIteratorImpl>::spec_next

Check 681: <std::ops::Range<usize> as std::iter::range::RangeIteratorImpl>::spec_next.pointer_dereference.11
	 - Status: SUCCESS
	 - Description: "dereference failure: pointer outside object bounds"
	 - Location: ../../../../../runner/.rustup/toolchains/nightly-2025-11-21-x86_64-unknown-linux-gnu/lib/rustlib/src/rust/library/core/src/iter/range.rs:768:13 in function <std::ops::Range<usize> as std::iter::range::RangeIteratorImpl>::spec_next

Check 682: <std::ops::Range<usize> as std::iter::range::RangeIteratorImpl>::spec_next.pointer_dereference.12
	 - Status: SUCCESS
	 - Description: "dereference failure: invalid integer address"
	 - Location: ../../../../../runner/.rustup/toolchains/nightly-2025-11-21-x86_64-unknown-linux-gnu/lib/rustlib/src/rust/library/core/src/iter/range.rs:768:13 in function <std::ops::Range<usize> as std::iter::range::RangeIteratorImpl>::spec_next

Check 683: alloc::raw_vec::RawVecInner::finish_grow.pointer_dereference.1
	 - Status: SUCCESS
	 - Description: "dereference failure: dead object"
	 - Location: ../../../../../runner/.rustup/toolchains/nightly-2025-11-21-x86_64-unknown-linux-gnu/lib/rustlib/src/rust/library/alloc/src/raw_vec/mod.rs:747:55 in function alloc::raw_vec::RawVecInner::finish_grow

Check 684: std::ptr::write::<frame::StepState>.pointer_dereference.1
	 - Status: SUCCESS
	 - Description: "dereference failure: pointer NULL"
	 - Location: ../../../../../runner/.rustup/toolchains/nightly-2025-11-21-x86_64-unknown-linux-gnu/lib/rustlib/src/rust/library/core/src/ptr/mod.rs:1908:9 in function std::ptr::write::<frame::StepState>

Check 685: std::ptr::write::<frame::StepState>.pointer_dereference.2
	 - Status: SUCCESS
	 - Description: "dereference failure: pointer invalid"
	 - Location: ../../../../../runner/.rustup/toolchains/nightly-2025-11-21-x86_64-unknown-linux-gnu/lib/rustlib/src/rust/library/core/src/ptr/mod.rs:1908:9 in function std::ptr::write::<frame::StepState>

Check 686: std::ptr::write::<frame::StepState>.pointer_dereference.3
	 - Status: SUCCESS
	 - Description: "dereference failure: deallocated dynamic object"
	 - Location: ../../../../../runner/.rustup/toolchains/nightly-2025-11-21-x86_64-unknown-linux-gnu/lib/rustlib/src/rust/library/core/src/ptr/mod.rs:1908:9 in function std::ptr::write::<frame::StepState>

Check 687: std::ptr::write::<frame::StepState>.pointer_dereference.4
	 - Status: SUCCESS
	 - Description: "dereference failure: dead object"
	 - Location: ../../../../../runner/.rustup/toolchains/nightly-2025-11-21-x86_64-unknown-linux-gnu/lib/rustlib/src/rust/library/core/src/ptr/mod.rs:1908:9 in function std::ptr::write::<frame::StepState>

Check 688: std::ptr::write::<frame::StepState>.pointer_dereference.5
	 - Status: SUCCESS
	 - Description: "dereference failure: pointer outside object bounds"
	 - Location: ../../../../../runner/.rustup/toolchains/nightly-2025-11-21-x86_64-unknown-linux-gnu/lib/rustlib/src/rust/library/core/src/ptr/mod.rs:1908:9 in function std::ptr::write::<frame::StepState>

Check 689: std::ptr::write::<frame::StepState>.pointer_dereference.6
	 - Status: SUCCESS
	 - Description: "dereference failure: invalid integer address"
	 - Location: ../../../../../runner/.rustup/toolchains/nightly-2025-11-21-x86_64-unknown-linux-gnu/lib/rustlib/src/rust/library/core/src/ptr/mod.rs:1908:9 in function std::ptr::write::<frame::StepState>

Check 690: <action::SideEffect as std::cmp::PartialEq>::eq.pointer_dereference.1
	 - Status: SUCCESS
	 - Description: "dereference failure: pointer NULL"
	 - Location: crates/vb_core/src/action.rs:26:30 in function <action::SideEffect as std::cmp::PartialEq>::eq

Check 691: <action::SideEffect as std::cmp::PartialEq>::eq.pointer_dereference.2
	 - Status: SUCCESS
	 - Description: "dereference failure: pointer invalid"
	 - Location: crates/vb_core/src/action.rs:26:30 in function <action::SideEffect as std::cmp::PartialEq>::eq

Check 692: <action::SideEffect as std::cmp::PartialEq>::eq.pointer_dereference.3
	 - Status: SUCCESS
	 - Description: "dereference failure: deallocated dynamic object"
	 - Location: crates/vb_core/src/action.rs:26:30 in function <action::SideEffect as std::cmp::PartialEq>::eq

Check 693: <action::SideEffect as std::cmp::PartialEq>::eq.pointer_dereference.4
	 - Status: SUCCESS
	 - Description: "dereference failure: dead object"
	 - Location: crates/vb_core/src/action.rs:26:30 in function <action::SideEffect as std::cmp::PartialEq>::eq

Check 694: <action::SideEffect as std::cmp::PartialEq>::eq.pointer_dereference.5
	 - Status: SUCCESS
	 - Description: "dereference failure: pointer outside object bounds"
	 - Location: crates/vb_core/src/action.rs:26:30 in function <action::SideEffect as std::cmp::PartialEq>::eq

Check 695: <action::SideEffect as std::cmp::PartialEq>::eq.pointer_dereference.6
	 - Status: SUCCESS
	 - Description: "dereference failure: invalid integer address"
	 - Location: crates/vb_core/src/action.rs:26:30 in function <action::SideEffect as std::cmp::PartialEq>::eq

Check 696: <action::SideEffect as std::cmp::PartialEq>::eq.pointer_dereference.7
	 - Status: SUCCESS
	 - Description: "dereference failure: pointer NULL"
	 - Location: crates/vb_core/src/action.rs:26:30 in function <action::SideEffect as std::cmp::PartialEq>::eq

Check 697: <action::SideEffect as std::cmp::PartialEq>::eq.pointer_dereference.8
	 - Status: SUCCESS
	 - Description: "dereference failure: pointer invalid"
	 - Location: crates/vb_core/src/action.rs:26:30 in function <action::SideEffect as std::cmp::PartialEq>::eq

Check 698: <action::SideEffect as std::cmp::PartialEq>::eq.pointer_dereference.9
	 - Status: SUCCESS
	 - Description: "dereference failure: deallocated dynamic object"
	 - Location: crates/vb_core/src/action.rs:26:30 in function <action::SideEffect as std::cmp::PartialEq>::eq

Check 699: <action::SideEffect as std::cmp::PartialEq>::eq.pointer_dereference.10
	 - Status: SUCCESS
	 - Description: "dereference failure: dead object"
	 - Location: crates/vb_core/src/action.rs:26:30 in function <action::SideEffect as std::cmp::PartialEq>::eq

Check 700: <action::SideEffect as std::cmp::PartialEq>::eq.pointer_dereference.11
	 - Status: SUCCESS
	 - Description: "dereference failure: pointer outside object bounds"
	 - Location: crates/vb_core/src/action.rs:26:30 in function <action::SideEffect as std::cmp::PartialEq>::eq

Check 701: <action::SideEffect as std::cmp::PartialEq>::eq.pointer_dereference.12
	 - Status: SUCCESS
	 - Description: "dereference failure: invalid integer address"
	 - Location: crates/vb_core/src/action.rs:26:30 in function <action::SideEffect as std::cmp::PartialEq>::eq

Check 702: std::alloc::Global::alloc_impl.pointer_dereference.1
	 - Status: SUCCESS
	 - Description: "dereference failure: dead object"
	 - Location: ../../../../../runner/.rustup/toolchains/nightly-2025-11-21-x86_64-unknown-linux-gnu/lib/rustlib/src/rust/library/alloc/src/alloc.rs:191:27 in function std::alloc::Global::alloc_impl

Check 703: std::ptr::drop_in_place::<std::boxed::Box<[capability::Capability]>>.pointer_dereference.1
	 - Status: SUCCESS
	 - Description: "dereference failure: pointer NULL"
	 - Location: ../../../../../runner/.rustup/toolchains/nightly-2025-11-21-x86_64-unknown-linux-gnu/lib/rustlib/src/rust/library/core/src/ptr/mod.rs:805:1 in function std::ptr::drop_in_place::<std::boxed::Box<[capability::Capability]>>

Check 704: std::ptr::drop_in_place::<std::boxed::Box<[capability::Capability]>>.pointer_dereference.2
	 - Status: SUCCESS
	 - Description: "dereference failure: pointer invalid"
	 - Location: ../../../../../runner/.rustup/toolchains/nightly-2025-11-21-x86_64-unknown-linux-gnu/lib/rustlib/src/rust/library/core/src/ptr/mod.rs:805:1 in function std::ptr::drop_in_place::<std::boxed::Box<[capability::Capability]>>

Check 705: std::ptr::drop_in_place::<std::boxed::Box<[capability::Capability]>>.pointer_dereference.3
	 - Status: SUCCESS
	 - Description: "dereference failure: deallocated dynamic object"
	 - Location: ../../../../../runner/.rustup/toolchains/nightly-2025-11-21-x86_64-unknown-linux-gnu/lib/rustlib/src/rust/library/core/src/ptr/mod.rs:805:1 in function std::ptr::drop_in_place::<std::boxed::Box<[capability::Capability]>>

Check 706: std::ptr::drop_in_place::<std::boxed::Box<[capability::Capability]>>.pointer_dereference.4
	 - Status: SUCCESS
	 - Description: "dereference failure: dead object"
	 - Location: ../../../../../runner/.rustup/toolchains/nightly-2025-11-21-x86_64-unknown-linux-gnu/lib/rustlib/src/rust/library/core/src/ptr/mod.rs:805:1 in function std::ptr::drop_in_place::<std::boxed::Box<[capability::Capability]>>

Check 707: std::ptr::drop_in_place::<std::boxed::Box<[capability::Capability]>>.pointer_dereference.5
	 - Status: SUCCESS
	 - Description: "dereference failure: pointer outside object bounds"
	 - Location: ../../../../../runner/.rustup/toolchains/nightly-2025-11-21-x86_64-unknown-linux-gnu/lib/rustlib/src/rust/library/core/src/ptr/mod.rs:805:1 in function std::ptr::drop_in_place::<std::boxed::Box<[capability::Capability]>>

Check 708: std::ptr::drop_in_place::<std::boxed::Box<[capability::Capability]>>.pointer_dereference.6
	 - Status: SUCCESS
	 - Description: "dereference failure: invalid integer address"
	 - Location: ../../../../../runner/.rustup/toolchains/nightly-2025-11-21-x86_64-unknown-linux-gnu/lib/rustlib/src/rust/library/core/src/ptr/mod.rs:805:1 in function std::ptr::drop_in_place::<std::boxed::Box<[capability::Capability]>>

Check 709: std::ptr::write::<value::Taint>.pointer_dereference.1
	 - Status: SUCCESS
	 - Description: "dereference failure: pointer NULL"
	 - Location: ../../../../../runner/.rustup/toolchains/nightly-2025-11-21-x86_64-unknown-linux-gnu/lib/rustlib/src/rust/library/core/src/ptr/mod.rs:1908:9 in function std::ptr::write::<value::Taint>

Check 710: std::ptr::write::<value::Taint>.pointer_dereference.2
	 - Status: SUCCESS
	 - Description: "dereference failure: pointer invalid"
	 - Location: ../../../../../runner/.rustup/toolchains/nightly-2025-11-21-x86_64-unknown-linux-gnu/lib/rustlib/src/rust/library/core/src/ptr/mod.rs:1908:9 in function std::ptr::write::<value::Taint>

Check 711: std::ptr::write::<value::Taint>.pointer_dereference.3
	 - Status: SUCCESS
	 - Description: "dereference failure: deallocated dynamic object"
	 - Location: ../../../../../runner/.rustup/toolchains/nightly-2025-11-21-x86_64-unknown-linux-gnu/lib/rustlib/src/rust/library/core/src/ptr/mod.rs:1908:9 in function std::ptr::write::<value::Taint>

Check 712: std::ptr::write::<value::Taint>.pointer_dereference.4
	 - Status: SUCCESS
	 - Description: "dereference failure: dead object"
	 - Location: ../../../../../runner/.rustup/toolchains/nightly-2025-11-21-x86_64-unknown-linux-gnu/lib/rustlib/src/rust/library/core/src/ptr/mod.rs:1908:9 in function std::ptr::write::<value::Taint>

Check 713: std::ptr::write::<value::Taint>.pointer_dereference.5
	 - Status: SUCCESS
	 - Description: "dereference failure: pointer outside object bounds"
	 - Location: ../../../../../runner/.rustup/toolchains/nightly-2025-11-21-x86_64-unknown-linux-gnu/lib/rustlib/src/rust/library/core/src/ptr/mod.rs:1908:9 in function std::ptr::write::<value::Taint>

Check 714: std::ptr::write::<value::Taint>.pointer_dereference.6
	 - Status: SUCCESS
	 - Description: "dereference failure: invalid integer address"
	 - Location: ../../../../../runner/.rustup/toolchains/nightly-2025-11-21-x86_64-unknown-linux-gnu/lib/rustlib/src/rust/library/core/src/ptr/mod.rs:1908:9 in function std::ptr::write::<value::Taint>

Check 715: memcpy.pointer.3
	 - Status: SUCCESS
	 - Description: "same object violation in (const char *)(void *)src >= (const char *)(void *)dst + (signed long int)(count * sizeof(unsigned char) /*1*/ )"
	 - Location: <builtin-library-memcpy>:33 in function memcpy

Check 716: memcpy.pointer.4
	 - Status: SUCCESS
	 - Description: "same object violation in (const char *)(void *)dst >= (const char *)(void *)src + (signed long int)(count * sizeof(unsigned char) /*1*/ )"
	 - Location: <builtin-library-memcpy>:34 in function memcpy

Check 717: std::ptr::copy_nonoverlapping::<u8>.precondition_instance.1
	 - Status: SUCCESS
	 - Description: "memcpy src/dst overlap"
	 - Location: ../../../../../runner/.rustup/toolchains/nightly-2025-11-21-x86_64-unknown-linux-gnu/lib/rustlib/src/rust/library/core/src/ptr/mod.rs:547:14 in function std::ptr::copy_nonoverlapping::<u8>

Check 718: std::ptr::copy_nonoverlapping::<u8>.precondition_instance.2
	 - Status: SUCCESS
	 - Description: "memcpy source region readable"
	 - Location: ../../../../../runner/.rustup/toolchains/nightly-2025-11-21-x86_64-unknown-linux-gnu/lib/rustlib/src/rust/library/core/src/ptr/mod.rs:547:14 in function std::ptr::copy_nonoverlapping::<u8>

Check 719: std::ptr::copy_nonoverlapping::<u8>.precondition_instance.3
	 - Status: SUCCESS
	 - Description: "memcpy destination region writeable"
	 - Location: ../../../../../runner/.rustup/toolchains/nightly-2025-11-21-x86_64-unknown-linux-gnu/lib/rustlib/src/rust/library/core/src/ptr/mod.rs:547:14 in function std::ptr::copy_nonoverlapping::<u8>

Check 720: std::vec::Vec::<value::Taint>::reserve.pointer_dereference.1
	 - Status: SUCCESS
	 - Description: "dereference failure: pointer NULL"
	 - Location: ../../../../../runner/.rustup/toolchains/nightly-2025-11-21-x86_64-unknown-linux-gnu/lib/rustlib/src/rust/library/alloc/src/vec/mod.rs:1298:26 in function std::vec::Vec::<value::Taint>::reserve

Check 721: std::vec::Vec::<value::Taint>::reserve.pointer_dereference.2
	 - Status: SUCCESS
	 - Description: "dereference failure: pointer invalid"
	 - Location: ../../../../../runner/.rustup/toolchains/nightly-2025-11-21-x86_64-unknown-linux-gnu/lib/rustlib/src/rust/library/alloc/src/vec/mod.rs:1298:26 in function std::vec::Vec::<value::Taint>::reserve

Check 722: std::vec::Vec::<value::Taint>::reserve.pointer_dereference.3
	 - Status: SUCCESS
	 - Description: "dereference failure: deallocated dynamic object"
	 - Location: ../../../../../runner/.rustup/toolchains/nightly-2025-11-21-x86_64-unknown-linux-gnu/lib/rustlib/src/rust/library/alloc/src/vec/mod.rs:1298:26 in function std::vec::Vec::<value::Taint>::reserve

Check 723: std::vec::Vec::<value::Taint>::reserve.pointer_dereference.4
	 - Status: SUCCESS
	 - Description: "dereference failure: dead object"
	 - Location: ../../../../../runner/.rustup/toolchains/nightly-2025-11-21-x86_64-unknown-linux-gnu/lib/rustlib/src/rust/library/alloc/src/vec/mod.rs:1298:26 in function std::vec::Vec::<value::Taint>::reserve

Check 724: std::vec::Vec::<value::Taint>::reserve.pointer_dereference.5
	 - Status: SUCCESS
	 - Description: "dereference failure: pointer outside object bounds"
	 - Location: ../../../../../runner/.rustup/toolchains/nightly-2025-11-21-x86_64-unknown-linux-gnu/lib/rustlib/src/rust/library/alloc/src/vec/mod.rs:1298:26 in function std::vec::Vec::<value::Taint>::reserve

Check 725: std::vec::Vec::<value::Taint>::reserve.pointer_dereference.6
	 - Status: SUCCESS
	 - Description: "dereference failure: invalid integer address"
	 - Location: ../../../../../runner/.rustup/toolchains/nightly-2025-11-21-x86_64-unknown-linux-gnu/lib/rustlib/src/rust/library/alloc/src/vec/mod.rs:1298:26 in function std::vec::Vec::<value::Taint>::reserve

Check 726: kani_idempotency_gates::unreachable_for_kani_frame_bounds.pointer_dereference.1
	 - Status: SUCCESS
	 - Description: "dereference failure: dead object"
	 - Location: crates/vb_core/src/kani_idempotency_gates.rs:202:11 in function kani_idempotency_gates::unreachable_for_kani_frame_bounds

Check 727: kani_idempotency_gates::unreachable_for_kani_frame_bounds.pointer_dereference.2
	 - Status: SUCCESS
	 - Description: "dereference failure: dead object"
	 - Location: crates/vb_core/src/kani_idempotency_gates.rs:205:5 in function kani_idempotency_gates::unreachable_for_kani_frame_bounds

Check 728: std::vec::Vec::<frame::StepState>::shrink_to_fit.pointer_dereference.1
	 - Status: SUCCESS
	 - Description: "dereference failure: pointer NULL"
	 - Location: ../../../../../runner/.rustup/toolchains/nightly-2025-11-21-x86_64-unknown-linux-gnu/lib/rustlib/src/rust/library/alloc/src/vec/mod.rs:1435:30 in function std::vec::Vec::<frame::StepState>::shrink_to_fit

Check 729: std::vec::Vec::<frame::StepState>::shrink_to_fit.pointer_dereference.2
	 - Status: SUCCESS
	 - Description: "dereference failure: pointer invalid"
	 - Location: ../../../../../runner/.rustup/toolchains/nightly-2025-11-21-x86_64-unknown-linux-gnu/lib/rustlib/src/rust/library/alloc/src/vec/mod.rs:1435:30 in function std::vec::Vec::<frame::StepState>::shrink_to_fit

Check 730: std::vec::Vec::<frame::StepState>::shrink_to_fit.pointer_dereference.3
	 - Status: SUCCESS
	 - Description: "dereference failure: deallocated dynamic object"
	 - Location: ../../../../../runner/.rustup/toolchains/nightly-2025-11-21-x86_64-unknown-linux-gnu/lib/rustlib/src/rust/library/alloc/src/vec/mod.rs:1435:30 in function std::vec::Vec::<frame::StepState>::shrink_to_fit

Check 731: std::vec::Vec::<frame::StepState>::shrink_to_fit.pointer_dereference.4
	 - Status: SUCCESS
	 - Description: "dereference failure: dead object"
	 - Location: ../../../../../runner/.rustup/toolchains/nightly-2025-11-21-x86_64-unknown-linux-gnu/lib/rustlib/src/rust/library/alloc/src/vec/mod.rs:1435:30 in function std::vec::Vec::<frame::StepState>::shrink_to_fit

Check 732: std::vec::Vec::<frame::StepState>::shrink_to_fit.pointer_dereference.5
	 - Status: SUCCESS
	 - Description: "dereference failure: pointer outside object bounds"
	 - Location: ../../../../../runner/.rustup/toolchains/nightly-2025-11-21-x86_64-unknown-linux-gnu/lib/rustlib/src/rust/library/alloc/src/vec/mod.rs:1435:30 in function std::vec::Vec::<frame::StepState>::shrink_to_fit

Check 733: std::vec::Vec::<frame::StepState>::shrink_to_fit.pointer_dereference.6
	 - Status: SUCCESS
	 - Description: "dereference failure: invalid integer address"
	 - Location: ../../../../../runner/.rustup/toolchains/nightly-2025-11-21-x86_64-unknown-linux-gnu/lib/rustlib/src/rust/library/alloc/src/vec/mod.rs:1435:30 in function std::vec::Vec::<frame::StepState>::shrink_to_fit

Check 734: std::vec::Vec::<frame::StepState>::shrink_to_fit.pointer_dereference.7
	 - Status: SUCCESS
	 - Description: "dereference failure: pointer NULL"
	 - Location: ../../../../../runner/.rustup/toolchains/nightly-2025-11-21-x86_64-unknown-linux-gnu/lib/rustlib/src/rust/library/alloc/src/vec/mod.rs:1436:36 in function std::vec::Vec::<frame::StepState>::shrink_to_fit

Check 735: std::vec::Vec::<frame::StepState>::shrink_to_fit.pointer_dereference.8
	 - Status: SUCCESS
	 - Description: "dereference failure: pointer invalid"
	 - Location: ../../../../../runner/.rustup/toolchains/nightly-2025-11-21-x86_64-unknown-linux-gnu/lib/rustlib/src/rust/library/alloc/src/vec/mod.rs:1436:36 in function std::vec::Vec::<frame::StepState>::shrink_to_fit

Check 736: std::vec::Vec::<frame::StepState>::shrink_to_fit.pointer_dereference.9
	 - Status: SUCCESS
	 - Description: "dereference failure: deallocated dynamic object"
	 - Location: ../../../../../runner/.rustup/toolchains/nightly-2025-11-21-x86_64-unknown-linux-gnu/lib/rustlib/src/rust/library/alloc/src/vec/mod.rs:1436:36 in function std::vec::Vec::<frame::StepState>::shrink_to_fit

Check 737: std::vec::Vec::<frame::StepState>::shrink_to_fit.pointer_dereference.10
	 - Status: SUCCESS
	 - Description: "dereference failure: dead object"
	 - Location: ../../../../../runner/.rustup/toolchains/nightly-2025-11-21-x86_64-unknown-linux-gnu/lib/rustlib/src/rust/library/alloc/src/vec/mod.rs:1436:36 in function std::vec::Vec::<frame::StepState>::shrink_to_fit

Check 738: std::vec::Vec::<frame::StepState>::shrink_to_fit.pointer_dereference.11
	 - Status: SUCCESS
	 - Description: "dereference failure: pointer outside object bounds"
	 - Location: ../../../../../runner/.rustup/toolchains/nightly-2025-11-21-x86_64-unknown-linux-gnu/lib/rustlib/src/rust/library/alloc/src/vec/mod.rs:1436:36 in function std::vec::Vec::<frame::StepState>::shrink_to_fit

Check 739: std::vec::Vec::<frame::StepState>::shrink_to_fit.pointer_dereference.12
	 - Status: SUCCESS
	 - Description: "dereference failure: invalid integer address"
	 - Location: ../../../../../runner/.rustup/toolchains/nightly-2025-11-21-x86_64-unknown-linux-gnu/lib/rustlib/src/rust/library/alloc/src/vec/mod.rs:1436:36 in function std::vec::Vec::<frame::StepState>::shrink_to_fit

Check 740: std::ptr::drop_in_place::<std::boxed::Box<[frame::StepState]>>.pointer_dereference.1
	 - Status: SUCCESS
	 - Description: "dereference failure: pointer NULL"
	 - Location: ../../../../../runner/.rustup/toolchains/nightly-2025-11-21-x86_64-unknown-linux-gnu/lib/rustlib/src/rust/library/core/src/ptr/mod.rs:805:1 in function std::ptr::drop_in_place::<std::boxed::Box<[frame::StepState]>>

Check 741: std::ptr::drop_in_place::<std::boxed::Box<[frame::StepState]>>.pointer_dereference.2
	 - Status: SUCCESS
	 - Description: "dereference failure: pointer invalid"
	 - Location: ../../../../../runner/.rustup/toolchains/nightly-2025-11-21-x86_64-unknown-linux-gnu/lib/rustlib/src/rust/library/core/src/ptr/mod.rs:805:1 in function std::ptr::drop_in_place::<std::boxed::Box<[frame::StepState]>>

Check 742: std::ptr::drop_in_place::<std::boxed::Box<[frame::StepState]>>.pointer_dereference.3
	 - Status: SUCCESS
	 - Description: "dereference failure: deallocated dynamic object"
	 - Location: ../../../../../runner/.rustup/toolchains/nightly-2025-11-21-x86_64-unknown-linux-gnu/lib/rustlib/src/rust/library/core/src/ptr/mod.rs:805:1 in function std::ptr::drop_in_place::<std::boxed::Box<[frame::StepState]>>

Check 743: std::ptr::drop_in_place::<std::boxed::Box<[frame::StepState]>>.pointer_dereference.4
	 - Status: SUCCESS
	 - Description: "dereference failure: dead object"
	 - Location: ../../../../../runner/.rustup/toolchains/nightly-2025-11-21-x86_64-unknown-linux-gnu/lib/rustlib/src/rust/library/core/src/ptr/mod.rs:805:1 in function std::ptr::drop_in_place::<std::boxed::Box<[frame::StepState]>>

Check 744: std::ptr::drop_in_place::<std::boxed::Box<[frame::StepState]>>.pointer_dereference.5
	 - Status: SUCCESS
	 - Description: "dereference failure: pointer outside object bounds"
	 - Location: ../../../../../runner/.rustup/toolchains/nightly-2025-11-21-x86_64-unknown-linux-gnu/lib/rustlib/src/rust/library/core/src/ptr/mod.rs:805:1 in function std::ptr::drop_in_place::<std::boxed::Box<[frame::StepState]>>

Check 745: std::ptr::drop_in_place::<std::boxed::Box<[frame::StepState]>>.pointer_dereference.6
	 - Status: SUCCESS
	 - Description: "dereference failure: invalid integer address"
	 - Location: ../../../../../runner/.rustup/toolchains/nightly-2025-11-21-x86_64-unknown-linux-gnu/lib/rustlib/src/rust/library/core/src/ptr/mod.rs:805:1 in function std::ptr::drop_in_place::<std::boxed::Box<[frame::StepState]>>

Check 746: alloc::raw_vec::RawVecInner::set_ptr_and_cap.pointer_dereference.1
	 - Status: SUCCESS
	 - Description: "dereference failure: pointer NULL"
	 - Location: ../../../../../runner/.rustup/toolchains/nightly-2025-11-21-x86_64-unknown-linux-gnu/lib/rustlib/src/rust/library/alloc/src/raw_vec/mod.rs:663:9 in function alloc::raw_vec::RawVecInner::set_ptr_and_cap

Check 747: alloc::raw_vec::RawVecInner::set_ptr_and_cap.pointer_dereference.2
	 - Status: SUCCESS
	 - Description: "dereference failure: pointer invalid"
	 - Location: ../../../../../runner/.rustup/toolchains/nightly-2025-11-21-x86_64-unknown-linux-gnu/lib/rustlib/src/rust/library/alloc/src/raw_vec/mod.rs:663:9 in function alloc::raw_vec::RawVecInner::set_ptr_and_cap

Check 748: alloc::raw_vec::RawVecInner::set_ptr_and_cap.pointer_dereference.3
	 - Status: SUCCESS
	 - Description: "dereference failure: deallocated dynamic object"
	 - Location: ../../../../../runner/.rustup/toolchains/nightly-2025-11-21-x86_64-unknown-linux-gnu/lib/rustlib/src/rust/library/alloc/src/raw_vec/mod.rs:663:9 in function alloc::raw_vec::RawVecInner::set_ptr_and_cap

Check 749: alloc::raw_vec::RawVecInner::set_ptr_and_cap.pointer_dereference.4
	 - Status: SUCCESS
	 - Description: "dereference failure: dead object"
	 - Location: ../../../../../runner/.rustup/toolchains/nightly-2025-11-21-x86_64-unknown-linux-gnu/lib/rustlib/src/rust/library/alloc/src/raw_vec/mod.rs:663:9 in function alloc::raw_vec::RawVecInner::set_ptr_and_cap

Check 750: alloc::raw_vec::RawVecInner::set_ptr_and_cap.pointer_dereference.5
	 - Status: SUCCESS
	 - Description: "dereference failure: pointer outside object bounds"
	 - Location: ../../../../../runner/.rustup/toolchains/nightly-2025-11-21-x86_64-unknown-linux-gnu/lib/rustlib/src/rust/library/alloc/src/raw_vec/mod.rs:663:9 in function alloc::raw_vec::RawVecInner::set_ptr_and_cap

Check 751: alloc::raw_vec::RawVecInner::set_ptr_and_cap.pointer_dereference.6
	 - Status: SUCCESS
	 - Description: "dereference failure: invalid integer address"
	 - Location: ../../../../../runner/.rustup/toolchains/nightly-2025-11-21-x86_64-unknown-linux-gnu/lib/rustlib/src/rust/library/alloc/src/raw_vec/mod.rs:663:9 in function alloc::raw_vec::RawVecInner::set_ptr_and_cap

Check 752: alloc::raw_vec::RawVecInner::set_ptr_and_cap.pointer_dereference.7
	 - Status: SUCCESS
	 - Description: "dereference failure: pointer NULL"
	 - Location: ../../../../../runner/.rustup/toolchains/nightly-2025-11-21-x86_64-unknown-linux-gnu/lib/rustlib/src/rust/library/alloc/src/raw_vec/mod.rs:664:9 in function alloc::raw_vec::RawVecInner::set_ptr_and_cap

Check 753: alloc::raw_vec::RawVecInner::set_ptr_and_cap.pointer_dereference.8
	 - Status: SUCCESS
	 - Description: "dereference failure: pointer invalid"
	 - Location: ../../../../../runner/.rustup/toolchains/nightly-2025-11-21-x86_64-unknown-linux-gnu/lib/rustlib/src/rust/library/alloc/src/raw_vec/mod.rs:664:9 in function alloc::raw_vec::RawVecInner::set_ptr_and_cap

Check 754: alloc::raw_vec::RawVecInner::set_ptr_and_cap.pointer_dereference.9
	 - Status: SUCCESS
	 - Description: "dereference failure: deallocated dynamic object"
	 - Location: ../../../../../runner/.rustup/toolchains/nightly-2025-11-21-x86_64-unknown-linux-gnu/lib/rustlib/src/rust/library/alloc/src/raw_vec/mod.rs:664:9 in function alloc::raw_vec::RawVecInner::set_ptr_and_cap

Check 755: alloc::raw_vec::RawVecInner::set_ptr_and_cap.pointer_dereference.10
	 - Status: SUCCESS
	 - Description: "dereference failure: dead object"
	 - Location: ../../../../../runner/.rustup/toolchains/nightly-2025-11-21-x86_64-unknown-linux-gnu/lib/rustlib/src/rust/library/alloc/src/raw_vec/mod.rs:664:9 in function alloc::raw_vec::RawVecInner::set_ptr_and_cap

Check 756: alloc::raw_vec::RawVecInner::set_ptr_and_cap.pointer_dereference.11
	 - Status: SUCCESS
	 - Description: "dereference failure: pointer outside object bounds"
	 - Location: ../../../../../runner/.rustup/toolchains/nightly-2025-11-21-x86_64-unknown-linux-gnu/lib/rustlib/src/rust/library/alloc/src/raw_vec/mod.rs:664:9 in function alloc::raw_vec::RawVecInner::set_ptr_and_cap

Check 757: alloc::raw_vec::RawVecInner::set_ptr_and_cap.pointer_dereference.12
	 - Status: SUCCESS
	 - Description: "dereference failure: invalid integer address"
	 - Location: ../../../../../runner/.rustup/toolchains/nightly-2025-11-21-x86_64-unknown-linux-gnu/lib/rustlib/src/rust/library/alloc/src/raw_vec/mod.rs:664:9 in function alloc::raw_vec::RawVecInner::set_ptr_and_cap

Check 758: frame::RunFrame::write_slot_with_taint.pointer_dereference.1
	 - Status: SUCCESS
	 - Description: "dereference failure: pointer NULL"
	 - Location: crates/vb_core/src/frame.rs:272:10 in function frame::RunFrame::write_slot_with_taint

Check 759: frame::RunFrame::write_slot_with_taint.pointer_dereference.2
	 - Status: SUCCESS
	 - Description: "dereference failure: pointer invalid"
	 - Location: crates/vb_core/src/frame.rs:272:10 in function frame::RunFrame::write_slot_with_taint

Check 760: frame::RunFrame::write_slot_with_taint.pointer_dereference.3
	 - Status: SUCCESS
	 - Description: "dereference failure: deallocated dynamic object"
	 - Location: crates/vb_core/src/frame.rs:272:10 in function frame::RunFrame::write_slot_with_taint

Check 761: frame::RunFrame::write_slot_with_taint.pointer_dereference.4
	 - Status: SUCCESS
	 - Description: "dereference failure: dead object"
	 - Location: crates/vb_core/src/frame.rs:272:10 in function frame::RunFrame::write_slot_with_taint

Check 762: frame::RunFrame::write_slot_with_taint.pointer_dereference.5
	 - Status: SUCCESS
	 - Description: "dereference failure: pointer outside object bounds"
	 - Location: crates/vb_core/src/frame.rs:272:10 in function frame::RunFrame::write_slot_with_taint

Check 763: frame::RunFrame::write_slot_with_taint.pointer_dereference.6
	 - Status: SUCCESS
	 - Description: "dereference failure: invalid integer address"
	 - Location: crates/vb_core/src/frame.rs:272:10 in function frame::RunFrame::write_slot_with_taint

Check 764: frame::RunFrame::write_slot_with_taint.pointer_dereference.7
	 - Status: SUCCESS
	 - Description: "dereference failure: dead object"
	 - Location: crates/vb_core/src/frame.rs:272:10 in function frame::RunFrame::write_slot_with_taint

Check 765: frame::RunFrame::write_slot_with_taint.pointer_dereference.8
	 - Status: SUCCESS
	 - Description: "dereference failure: pointer NULL"
	 - Location: crates/vb_core/src/frame.rs:272:9 in function frame::RunFrame::write_slot_with_taint

Check 766: frame::RunFrame::write_slot_with_taint.pointer_dereference.9
	 - Status: SUCCESS
	 - Description: "dereference failure: pointer invalid"
	 - Location: crates/vb_core/src/frame.rs:272:9 in function frame::RunFrame::write_slot_with_taint

Check 767: frame::RunFrame::write_slot_with_taint.pointer_dereference.10
	 - Status: SUCCESS
	 - Description: "dereference failure: deallocated dynamic object"
	 - Location: crates/vb_core/src/frame.rs:272:9 in function frame::RunFrame::write_slot_with_taint

Check 768: frame::RunFrame::write_slot_with_taint.pointer_dereference.11
	 - Status: SUCCESS
	 - Description: "dereference failure: dead object"
	 - Location: crates/vb_core/src/frame.rs:272:9 in function frame::RunFrame::write_slot_with_taint

Check 769: frame::RunFrame::write_slot_with_taint.pointer_dereference.12
	 - Status: SUCCESS
	 - Description: "dereference failure: pointer outside object bounds"
	 - Location: crates/vb_core/src/frame.rs:272:9 in function frame::RunFrame::write_slot_with_taint

Check 770: frame::RunFrame::write_slot_with_taint.pointer_dereference.13
	 - Status: SUCCESS
	 - Description: "dereference failure: invalid integer address"
	 - Location: crates/vb_core/src/frame.rs:272:9 in function frame::RunFrame::write_slot_with_taint

Check 771: frame::RunFrame::write_slot_with_taint.pointer_dereference.14
	 - Status: SUCCESS
	 - Description: "dereference failure: pointer NULL"
	 - Location: crates/vb_core/src/frame.rs:276:10 in function frame::RunFrame::write_slot_with_taint

Check 772: frame::RunFrame::write_slot_with_taint.pointer_dereference.15
	 - Status: SUCCESS
	 - Description: "dereference failure: pointer invalid"
	 - Location: crates/vb_core/src/frame.rs:276:10 in function frame::RunFrame::write_slot_with_taint

Check 773: frame::RunFrame::write_slot_with_taint.pointer_dereference.16
	 - Status: SUCCESS
	 - Description: "dereference failure: deallocated dynamic object"
	 - Location: crates/vb_core/src/frame.rs:276:10 in function frame::RunFrame::write_slot_with_taint

Check 774: frame::RunFrame::write_slot_with_taint.pointer_dereference.17
	 - Status: SUCCESS
	 - Description: "dereference failure: dead object"
	 - Location: crates/vb_core/src/frame.rs:276:10 in function frame::RunFrame::write_slot_with_taint

Check 775: frame::RunFrame::write_slot_with_taint.pointer_dereference.18
	 - Status: SUCCESS
	 - Description: "dereference failure: pointer outside object bounds"
	 - Location: crates/vb_core/src/frame.rs:276:10 in function frame::RunFrame::write_slot_with_taint

Check 776: frame::RunFrame::write_slot_with_taint.pointer_dereference.19
	 - Status: SUCCESS
	 - Description: "dereference failure: invalid integer address"
	 - Location: crates/vb_core/src/frame.rs:276:10 in function frame::RunFrame::write_slot_with_taint

Check 777: frame::RunFrame::write_slot_with_taint.pointer_dereference.20
	 - Status: SUCCESS
	 - Description: "dereference failure: dead object"
	 - Location: crates/vb_core/src/frame.rs:276:10 in function frame::RunFrame::write_slot_with_taint

Check 778: frame::RunFrame::write_slot_with_taint.pointer_dereference.21
	 - Status: SUCCESS
	 - Description: "dereference failure: pointer NULL"
	 - Location: crates/vb_core/src/frame.rs:276:9 in function frame::RunFrame::write_slot_with_taint

Check 779: frame::RunFrame::write_slot_with_taint.pointer_dereference.22
	 - Status: SUCCESS
	 - Description: "dereference failure: pointer invalid"
	 - Location: crates/vb_core/src/frame.rs:276:9 in function frame::RunFrame::write_slot_with_taint

Check 780: frame::RunFrame::write_slot_with_taint.pointer_dereference.23
	 - Status: SUCCESS
	 - Description: "dereference failure: deallocated dynamic object"
	 - Location: crates/vb_core/src/frame.rs:276:9 in function frame::RunFrame::write_slot_with_taint

Check 781: frame::RunFrame::write_slot_with_taint.pointer_dereference.24
	 - Status: SUCCESS
	 - Description: "dereference failure: dead object"
	 - Location: crates/vb_core/src/frame.rs:276:9 in function frame::RunFrame::write_slot_with_taint

Check 782: frame::RunFrame::write_slot_with_taint.pointer_dereference.25
	 - Status: SUCCESS
	 - Description: "dereference failure: pointer outside object bounds"
	 - Location: crates/vb_core/src/frame.rs:276:9 in function frame::RunFrame::write_slot_with_taint

Check 783: frame::RunFrame::write_slot_with_taint.pointer_dereference.26
	 - Status: SUCCESS
	 - Description: "dereference failure: invalid integer address"
	 - Location: crates/vb_core/src/frame.rs:276:9 in function frame::RunFrame::write_slot_with_taint

Check 784: frame::RunFrame::write_slot_with_taint.pointer_dereference.27
	 - Status: SUCCESS
	 - Description: "dereference failure: dead object"
	 - Location: crates/vb_core/src/frame.rs:280:9 in function frame::RunFrame::write_slot_with_taint

Check 785: std::result::Result::<std::ptr::NonNull<[u8]>, std::alloc::AllocError>::map_err::<std::collections::TryReserveErrorKind, {closure@alloc::raw_vec::RawVecInner::shrink_unchecked::{closure#0}}>.pointer_dereference.1
	 - Status: SUCCESS
	 - Description: "dereference failure: dead object"
	 - Location: ../../../../../runner/.rustup/toolchains/nightly-2025-11-21-x86_64-unknown-linux-gnu/lib/rustlib/src/rust/library/core/src/result.rs:966:15 in function std::result::Result::<std::ptr::NonNull<[u8]>, std::alloc::AllocError>::map_err::<std::collections::TryReserveErrorKind, {closure@alloc::raw_vec::RawVecInner::shrink_unchecked::{closure#0}}>

Check 786: frame::RunFrame::read_taint.pointer_dereference.1
	 - Status: SUCCESS
	 - Description: "dereference failure: pointer NULL"
	 - Location: crates/vb_core/src/frame.rs:317:26 in function frame::RunFrame::read_taint

Check 787: frame::RunFrame::read_taint.pointer_dereference.2
	 - Status: SUCCESS
	 - Description: "dereference failure: pointer invalid"
	 - Location: crates/vb_core/src/frame.rs:317:26 in function frame::RunFrame::read_taint

Check 788: frame::RunFrame::read_taint.pointer_dereference.3
	 - Status: SUCCESS
	 - Description: "dereference failure: deallocated dynamic object"
	 - Location: crates/vb_core/src/frame.rs:317:26 in function frame::RunFrame::read_taint

Check 789: frame::RunFrame::read_taint.pointer_dereference.4
	 - Status: SUCCESS
	 - Description: "dereference failure: dead object"
	 - Location: crates/vb_core/src/frame.rs:317:26 in function frame::RunFrame::read_taint

Check 790: frame::RunFrame::read_taint.pointer_dereference.5
	 - Status: SUCCESS
	 - Description: "dereference failure: pointer outside object bounds"
	 - Location: crates/vb_core/src/frame.rs:317:26 in function frame::RunFrame::read_taint

Check 791: frame::RunFrame::read_taint.pointer_dereference.6
	 - Status: SUCCESS
	 - Description: "dereference failure: invalid integer address"
	 - Location: crates/vb_core/src/frame.rs:317:26 in function frame::RunFrame::read_taint

Check 792: frame::RunFrame::read_taint.pointer_dereference.7
	 - Status: SUCCESS
	 - Description: "dereference failure: dead object"
	 - Location: crates/vb_core/src/frame.rs:317:26 in function frame::RunFrame::read_taint

Check 793: frame::RunFrame::read_taint.pointer_dereference.8
	 - Status: SUCCESS
	 - Description: "dereference failure: pointer NULL"
	 - Location: crates/vb_core/src/frame.rs:324:9 in function frame::RunFrame::read_taint

Check 794: frame::RunFrame::read_taint.pointer_dereference.9
	 - Status: SUCCESS
	 - Description: "dereference failure: pointer invalid"
	 - Location: crates/vb_core/src/frame.rs:324:9 in function frame::RunFrame::read_taint

Check 795: frame::RunFrame::read_taint.pointer_dereference.10
	 - Status: SUCCESS
	 - Description: "dereference failure: deallocated dynamic object"
	 - Location: crates/vb_core/src/frame.rs:324:9 in function frame::RunFrame::read_taint

Check 796: frame::RunFrame::read_taint.pointer_dereference.11
	 - Status: SUCCESS
	 - Description: "dereference failure: dead object"
	 - Location: crates/vb_core/src/frame.rs:324:9 in function frame::RunFrame::read_taint

Check 797: frame::RunFrame::read_taint.pointer_dereference.12
	 - Status: SUCCESS
	 - Description: "dereference failure: pointer outside object bounds"
	 - Location: crates/vb_core/src/frame.rs:324:9 in function frame::RunFrame::read_taint

Check 798: frame::RunFrame::read_taint.pointer_dereference.13
	 - Status: SUCCESS
	 - Description: "dereference failure: invalid integer address"
	 - Location: crates/vb_core/src/frame.rs:324:9 in function frame::RunFrame::read_taint

Check 799: <std::result::Result<std::ptr::NonNull<[u8]>, std::alloc::AllocError> as std::ops::FromResidual<std::result::Result<std::convert::Infallible, std::alloc::AllocError>>>::from_residual.pointer_dereference.1
	 - Status: SUCCESS
	 - Description: "dereference failure: dead object"
	 - Location: ../../../../../runner/.rustup/toolchains/nightly-2025-11-21-x86_64-unknown-linux-gnu/lib/rustlib/src/rust/library/core/src/result.rs:2189:23 in function <std::result::Result<std::ptr::NonNull<[u8]>, std::alloc::AllocError> as std::ops::FromResidual<std::result::Result<std::convert::Infallible, std::alloc::AllocError>>>::from_residual

Check 800: <value::SlotValue as std::clone::Clone>::clone.pointer_dereference.1
	 - Status: SUCCESS
	 - Description: "dereference failure: pointer NULL"
	 - Location: crates/vb_core/src/value.rs:123:17 in function <value::SlotValue as std::clone::Clone>::clone

Check 801: <value::SlotValue as std::clone::Clone>::clone.pointer_dereference.2
	 - Status: SUCCESS
	 - Description: "dereference failure: pointer invalid"
	 - Location: crates/vb_core/src/value.rs:123:17 in function <value::SlotValue as std::clone::Clone>::clone

Check 802: <value::SlotValue as std::clone::Clone>::clone.pointer_dereference.3
	 - Status: SUCCESS
	 - Description: "dereference failure: deallocated dynamic object"
	 - Location: crates/vb_core/src/value.rs:123:17 in function <value::SlotValue as std::clone::Clone>::clone

Check 803: <value::SlotValue as std::clone::Clone>::clone.pointer_dereference.4
	 - Status: SUCCESS
	 - Description: "dereference failure: dead object"
	 - Location: crates/vb_core/src/value.rs:123:17 in function <value::SlotValue as std::clone::Clone>::clone

Check 804: <value::SlotValue as std::clone::Clone>::clone.pointer_dereference.5
	 - Status: SUCCESS
	 - Description: "dereference failure: pointer outside object bounds"
	 - Location: crates/vb_core/src/value.rs:123:17 in function <value::SlotValue as std::clone::Clone>::clone

Check 805: <value::SlotValue as std::clone::Clone>::clone.pointer_dereference.6
	 - Status: SUCCESS
	 - Description: "dereference failure: invalid integer address"
	 - Location: crates/vb_core/src/value.rs:123:17 in function <value::SlotValue as std::clone::Clone>::clone

Check 806: std::result::Result::<(), errors::CoreError>::is_ok.pointer_dereference.1
	 - Status: SUCCESS
	 - Description: "dereference failure: pointer NULL"
	 - Location: ../../../../../runner/.rustup/toolchains/nightly-2025-11-21-x86_64-unknown-linux-gnu/lib/rustlib/src/rust/library/core/src/result.rs:594:18 in function std::result::Result::<(), errors::CoreError>::is_ok

Check 807: std::result::Result::<(), errors::CoreError>::is_ok.pointer_dereference.2
	 - Status: SUCCESS
	 - Description: "dereference failure: pointer invalid"
	 - Location: ../../../../../runner/.rustup/toolchains/nightly-2025-11-21-x86_64-unknown-linux-gnu/lib/rustlib/src/rust/library/core/src/result.rs:594:18 in function std::result::Result::<(), errors::CoreError>::is_ok

Check 808: std::result::Result::<(), errors::CoreError>::is_ok.pointer_dereference.3
	 - Status: SUCCESS
	 - Description: "dereference failure: deallocated dynamic object"
	 - Location: ../../../../../runner/.rustup/toolchains/nightly-2025-11-21-x86_64-unknown-linux-gnu/lib/rustlib/src/rust/library/core/src/result.rs:594:18 in function std::result::Result::<(), errors::CoreError>::is_ok

Check 809: std::result::Result::<(), errors::CoreError>::is_ok.pointer_dereference.4
	 - Status: SUCCESS
	 - Description: "dereference failure: dead object"
	 - Location: ../../../../../runner/.rustup/toolchains/nightly-2025-11-21-x86_64-unknown-linux-gnu/lib/rustlib/src/rust/library/core/src/result.rs:594:18 in function std::result::Result::<(), errors::CoreError>::is_ok

Check 810: std::result::Result::<(), errors::CoreError>::is_ok.pointer_dereference.5
	 - Status: SUCCESS
	 - Description: "dereference failure: pointer outside object bounds"
	 - Location: ../../../../../runner/.rustup/toolchains/nightly-2025-11-21-x86_64-unknown-linux-gnu/lib/rustlib/src/rust/library/core/src/result.rs:594:18 in function std::result::Result::<(), errors::CoreError>::is_ok

Check 811: std::result::Result::<(), errors::CoreError>::is_ok.pointer_dereference.6
	 - Status: SUCCESS
	 - Description: "dereference failure: invalid integer address"
	 - Location: ../../../../../runner/.rustup/toolchains/nightly-2025-11-21-x86_64-unknown-linux-gnu/lib/rustlib/src/rust/library/core/src/result.rs:594:18 in function std::result::Result::<(), errors::CoreError>::is_ok

Check 812: <std::result::Result<&std::option::Option<value::SlotValue>, errors::CoreError> as std::ops::Try>::branch.pointer_dereference.1
	 - Status: SUCCESS
	 - Description: "dereference failure: dead object"
	 - Location: ../../../../../runner/.rustup/toolchains/nightly-2025-11-21-x86_64-unknown-linux-gnu/lib/rustlib/src/rust/library/core/src/result.rs:2173:15 in function <std::result::Result<&std::option::Option<value::SlotValue>, errors::CoreError> as std::ops::Try>::branch

Check 813: <std::result::Result<&std::option::Option<value::SlotValue>, errors::CoreError> as std::ops::Try>::branch.pointer_dereference.2
	 - Status: SUCCESS
	 - Description: "dereference failure: dead object"
	 - Location: ../../../../../runner/.rustup/toolchains/nightly-2025-11-21-x86_64-unknown-linux-gnu/lib/rustlib/src/rust/library/core/src/result.rs:2174:22 in function <std::result::Result<&std::option::Option<value::SlotValue>, errors::CoreError> as std::ops::Try>::branch

Check 814: alloc::raw_vec::RawVecInner::non_null::<std::option::Option<value::SlotValue>>.pointer_dereference.1
	 - Status: SUCCESS
	 - Description: "dereference failure: pointer NULL"
	 - Location: ../../../../../runner/.rustup/toolchains/nightly-2025-11-21-x86_64-unknown-linux-gnu/lib/rustlib/src/rust/library/alloc/src/raw_vec/mod.rs:504:9 in function alloc::raw_vec::RawVecInner::non_null::<std::option::Option<value::SlotValue>>

Check 815: alloc::raw_vec::RawVecInner::non_null::<std::option::Option<value::SlotValue>>.pointer_dereference.2
	 - Status: SUCCESS
	 - Description: "dereference failure: pointer invalid"
	 - Location: ../../../../../runner/.rustup/toolchains/nightly-2025-11-21-x86_64-unknown-linux-gnu/lib/rustlib/src/rust/library/alloc/src/raw_vec/mod.rs:504:9 in function alloc::raw_vec::RawVecInner::non_null::<std::option::Option<value::SlotValue>>

Check 816: alloc::raw_vec::RawVecInner::non_null::<std::option::Option<value::SlotValue>>.pointer_dereference.3
	 - Status: SUCCESS
	 - Description: "dereference failure: deallocated dynamic object"
	 - Location: ../../../../../runner/.rustup/toolchains/nightly-2025-11-21-x86_64-unknown-linux-gnu/lib/rustlib/src/rust/library/alloc/src/raw_vec/mod.rs:504:9 in function alloc::raw_vec::RawVecInner::non_null::<std::option::Option<value::SlotValue>>

Check 817: alloc::raw_vec::RawVecInner::non_null::<std::option::Option<value::SlotValue>>.pointer_dereference.4
	 - Status: SUCCESS
	 - Description: "dereference failure: dead object"
	 - Location: ../../../../../runner/.rustup/toolchains/nightly-2025-11-21-x86_64-unknown-linux-gnu/lib/rustlib/src/rust/library/alloc/src/raw_vec/mod.rs:504:9 in function alloc::raw_vec::RawVecInner::non_null::<std::option::Option<value::SlotValue>>

Check 818: alloc::raw_vec::RawVecInner::non_null::<std::option::Option<value::SlotValue>>.pointer_dereference.5
	 - Status: SUCCESS
	 - Description: "dereference failure: pointer outside object bounds"
	 - Location: ../../../../../runner/.rustup/toolchains/nightly-2025-11-21-x86_64-unknown-linux-gnu/lib/rustlib/src/rust/library/alloc/src/raw_vec/mod.rs:504:9 in function alloc::raw_vec::RawVecInner::non_null::<std::option::Option<value::SlotValue>>

Check 819: alloc::raw_vec::RawVecInner::non_null::<std::option::Option<value::SlotValue>>.pointer_dereference.6
	 - Status: SUCCESS
	 - Description: "dereference failure: invalid integer address"
	 - Location: ../../../../../runner/.rustup/toolchains/nightly-2025-11-21-x86_64-unknown-linux-gnu/lib/rustlib/src/rust/library/alloc/src/raw_vec/mod.rs:504:9 in function alloc::raw_vec::RawVecInner::non_null::<std::option::Option<value::SlotValue>>

Check 820: std::vec::Vec::<frame::StepState>::reserve.pointer_dereference.1
	 - Status: SUCCESS
	 - Description: "dereference failure: pointer NULL"
	 - Location: ../../../../../runner/.rustup/toolchains/nightly-2025-11-21-x86_64-unknown-linux-gnu/lib/rustlib/src/rust/library/alloc/src/vec/mod.rs:1298:26 in function std::vec::Vec::<frame::StepState>::reserve

Check 821: std::vec::Vec::<frame::StepState>::reserve.pointer_dereference.2
	 - Status: SUCCESS
	 - Description: "dereference failure: pointer invalid"
	 - Location: ../../../../../runner/.rustup/toolchains/nightly-2025-11-21-x86_64-unknown-linux-gnu/lib/rustlib/src/rust/library/alloc/src/vec/mod.rs:1298:26 in function std::vec::Vec::<frame::StepState>::reserve

Check 822: std::vec::Vec::<frame::StepState>::reserve.pointer_dereference.3
	 - Status: SUCCESS
	 - Description: "dereference failure: deallocated dynamic object"
	 - Location: ../../../../../runner/.rustup/toolchains/nightly-2025-11-21-x86_64-unknown-linux-gnu/lib/rustlib/src/rust/library/alloc/src/vec/mod.rs:1298:26 in function std::vec::Vec::<frame::StepState>::reserve

Check 823: std::vec::Vec::<frame::StepState>::reserve.pointer_dereference.4
	 - Status: SUCCESS
	 - Description: "dereference failure: dead object"
	 - Location: ../../../../../runner/.rustup/toolchains/nightly-2025-11-21-x86_64-unknown-linux-gnu/lib/rustlib/src/rust/library/alloc/src/vec/mod.rs:1298:26 in function std::vec::Vec::<frame::StepState>::reserve

Check 824: std::vec::Vec::<frame::StepState>::reserve.pointer_dereference.5
	 - Status: SUCCESS
	 - Description: "dereference failure: pointer outside object bounds"
	 - Location: ../../../../../runner/.rustup/toolchains/nightly-2025-11-21-x86_64-unknown-linux-gnu/lib/rustlib/src/rust/library/alloc/src/vec/mod.rs:1298:26 in function std::vec::Vec::<frame::StepState>::reserve

Check 825: std::vec::Vec::<frame::StepState>::reserve.pointer_dereference.6
	 - Status: SUCCESS
	 - Description: "dereference failure: invalid integer address"
	 - Location: ../../../../../runner/.rustup/toolchains/nightly-2025-11-21-x86_64-unknown-linux-gnu/lib/rustlib/src/rust/library/alloc/src/vec/mod.rs:1298:26 in function std::vec::Vec::<frame::StepState>::reserve

Check 826: <std::alloc::Layout as std::clone::Clone>::clone.pointer_dereference.1
	 - Status: SUCCESS
	 - Description: "dereference failure: pointer NULL"
	 - Location: ../../../../../runner/.rustup/toolchains/nightly-2025-11-21-x86_64-unknown-linux-gnu/lib/rustlib/src/rust/library/core/src/alloc/layout.rs:28:16 in function <std::alloc::Layout as std::clone::Clone>::clone

Check 827: <std::alloc::Layout as std::clone::Clone>::clone.pointer_dereference.2
	 - Status: SUCCESS
	 - Description: "dereference failure: pointer invalid"
	 - Location: ../../../../../runner/.rustup/toolchains/nightly-2025-11-21-x86_64-unknown-linux-gnu/lib/rustlib/src/rust/library/core/src/alloc/layout.rs:28:16 in function <std::alloc::Layout as std::clone::Clone>::clone

Check 828: <std::alloc::Layout as std::clone::Clone>::clone.pointer_dereference.3
	 - Status: SUCCESS
	 - Description: "dereference failure: deallocated dynamic object"
	 - Location: ../../../../../runner/.rustup/toolchains/nightly-2025-11-21-x86_64-unknown-linux-gnu/lib/rustlib/src/rust/library/core/src/alloc/layout.rs:28:16 in function <std::alloc::Layout as std::clone::Clone>::clone

Check 829: <std::alloc::Layout as std::clone::Clone>::clone.pointer_dereference.4
	 - Status: SUCCESS
	 - Description: "dereference failure: dead object"
	 - Location: ../../../../../runner/.rustup/toolchains/nightly-2025-11-21-x86_64-unknown-linux-gnu/lib/rustlib/src/rust/library/core/src/alloc/layout.rs:28:16 in function <std::alloc::Layout as std::clone::Clone>::clone

Check 830: <std::alloc::Layout as std::clone::Clone>::clone.pointer_dereference.5
	 - Status: SUCCESS
	 - Description: "dereference failure: pointer outside object bounds"
	 - Location: ../../../../../runner/.rustup/toolchains/nightly-2025-11-21-x86_64-unknown-linux-gnu/lib/rustlib/src/rust/library/core/src/alloc/layout.rs:28:16 in function <std::alloc::Layout as std::clone::Clone>::clone

Check 831: <std::alloc::Layout as std::clone::Clone>::clone.pointer_dereference.6
	 - Status: SUCCESS
	 - Description: "dereference failure: invalid integer address"
	 - Location: ../../../../../runner/.rustup/toolchains/nightly-2025-11-21-x86_64-unknown-linux-gnu/lib/rustlib/src/rust/library/core/src/alloc/layout.rs:28:16 in function <std::alloc::Layout as std::clone::Clone>::clone

Check 832: alloc::raw_vec::handle_error.pointer_dereference.1
	 - Status: SUCCESS
	 - Description: "dereference failure: dead object"
	 - Location: ../../../../../runner/.rustup/toolchains/nightly-2025-11-21-x86_64-unknown-linux-gnu/lib/rustlib/src/rust/library/alloc/src/raw_vec/mod.rs:845:11 in function alloc::raw_vec::handle_error

Check 833: std::ptr::drop_in_place::<[capability::Capability]>.unwind.0
	 - Status: SUCCESS
	 - Description: "unwinding assertion loop 0"
	 - Location: ../../../../../runner/.rustup/toolchains/nightly-2025-11-21-x86_64-unknown-linux-gnu/lib/rustlib/src/rust/library/core/src/ptr/mod.rs:805:1 in function std::ptr::drop_in_place::<[capability::Capability]>


SUMMARY:
 ** 0 of 831 failed (6 unreachable)

 ** 2 of 2 cover properties satisfied


VERIFICATION:- SUCCESSFUL
Verification Time: 10.321506s

Manual Harness Summary:
Complete - 1 successfully verified harnesses, 0 failures, 1 total.

EXIT_CODE=0
