Kani Rust Verifier 0.67.0 (cargo plugin)
    Blocking waiting for file lock on package cache
    Blocking waiting for file lock on package cache
    Blocking waiting for file lock on package cache
    Blocking waiting for file lock on artifact directory
   Compiling vb_core v0.1.0 (/home/lewis/src/velvet-ballistics/crates/vb_core)
warning: unused imports: `ReplayError` and `SuspensionKind`
  --> crates/vb_core/src/replay/kani_harnesses.rs:16:27
   |
16 | use super::{ReplayAction, ReplayError, SuspensionKind, step::replay_step};
   |                           ^^^^^^^^^^^  ^^^^^^^^^^^^^^
   |
   = note: `#[warn(unused_imports)]` (part of `#[warn(unused)]`) on by default

warning: unused import: `crate::errors::EngineError`
  --> crates/vb_core/src/kani_step_harnesses.rs:21:5
   |
21 | use crate::errors::EngineError;
   |     ^^^^^^^^^^^^^^^^^^^^^^^^^^

warning: variable does not need to be mutable
    --> crates/vb_core/src/frame.rs:1963:13
     |
1963 |         let mut frame = RunFrame::new(RunId::new(1), StepIdx::ZERO, step_count, 1);
     |             ----^^^^^
     |             |
     |             help: remove this `mut`
     |
     = note: `#[warn(unused_mut)]` (part of `#[warn(unused)]`) on by default

warning: variable does not need to be mutable
    --> crates/vb_core/src/frame.rs:1978:13
     |
1978 |         let mut frame = RunFrame::new(RunId::new(1), StepIdx::ZERO, step_count, 1);
     |             ----^^^^^
     |             |
     |             help: remove this `mut`

warning: variable does not need to be mutable
    --> crates/vb_core/src/frame.rs:1996:13
     |
1996 |         let mut frame = RunFrame::new(RunId::new(1), StepIdx::ZERO, step_count, 1);
     |             ----^^^^^
     |             |
     |             help: remove this `mut`

warning: variable does not need to be mutable
    --> crates/vb_core/src/frame.rs:2017:13
     |
2017 |         let mut frame = RunFrame::new(RunId::new(1), StepIdx::ZERO, 1, slot_count);
     |             ----^^^^^
     |             |
     |             help: remove this `mut`

warning: variable does not need to be mutable
    --> crates/vb_core/src/frame.rs:2041:13
     |
2041 |         let mut frame = RunFrame::new(RunId::new(1), StepIdx::ZERO, 1, slot_count);
     |             ----^^^^^
     |             |
     |             help: remove this `mut`

warning: variable does not need to be mutable
  --> crates/vb_core/src/kani_taint_propagation.rs:99:9
   |
99 |     let mut frame = RunFrame::new(RunId::new(1), StepIdx::ZERO, 1, slot_count);
   |         ----^^^^^
   |         |
   |         help: remove this `mut`

warning: variable does not need to be mutable
   --> crates/vb_core/src/kani_taint_propagation.rs:123:9
    |
123 |     let mut frame = RunFrame::new(RunId::new(1), StepIdx::ZERO, 1, slot_count);
    |         ----^^^^^
    |         |
    |         help: remove this `mut`

warning: variable does not need to be mutable
  --> crates/vb_core/src/kani_index_access.rs:23:9
   |
23 |     let mut frame = RunFrame::new(RunId::new(1), StepIdx::ZERO, 1, slot_count);
   |         ----^^^^^
   |         |
   |         help: remove this `mut`

warning: variable does not need to be mutable
  --> crates/vb_core/src/kani_index_access.rs:41:9
   |
41 |     let mut frame = RunFrame::new(RunId::new(1), StepIdx::ZERO, 1, slot_count);
   |         ----^^^^^
   |         |
   |         help: remove this `mut`

warning: variable does not need to be mutable
  --> crates/vb_core/src/kani_index_access.rs:69:9
   |
69 |     let mut frame = RunFrame::new(RunId::new(1), StepIdx::ZERO, 1, slot_count);
   |         ----^^^^^
   |         |
   |         help: remove this `mut`

warning: variable does not need to be mutable
  --> crates/vb_core/src/kani_index_access.rs:88:9
   |
88 |     let mut frame = RunFrame::new(RunId::new(1), StepIdx::ZERO, 1, slot_count);
   |         ----^^^^^
   |         |
   |         help: remove this `mut`

warning: variable does not need to be mutable
  --> crates/vb_core/src/kani_index_access.rs:90:9
   |
90 |     let mut frame = frame.unwrap();
   |         ----^^^^^
   |         |
   |         help: remove this `mut`

warning: variable does not need to be mutable
   --> crates/vb_core/src/kani_index_access.rs:104:9
    |
104 |     let mut frame = RunFrame::new(RunId::new(1), StepIdx::ZERO, 1, slot_count);
    |         ----^^^^^
    |         |
    |         help: remove this `mut`

warning: field `resource` is never read
    --> crates/vb_core/src/budget.rs:2151:20
     |
2151 |         Overflow { resource: &'static str },
     |         --------   ^^^^^^^^
     |         |
     |         field in this variant
     |
     = note: `LocalError` has a derived impl for the trait `Debug`, but this is intentionally ignored during dead code analysis
     = note: `#[warn(dead_code)]` (part of `#[warn(unused)]`) on by default

warning: field `resource` is never read
    --> crates/vb_core/src/budget.rs:2152:21
     |
2152 |         Underflow { resource: &'static str },
     |         ---------   ^^^^^^^^
     |         |
     |         field in this variant
     |
     = note: `LocalError` has a derived impl for the trait `Debug`, but this is intentionally ignored during dead code analysis

warning: function `symbolic_frame_with_taints` is never used
  --> crates/vb_core/src/kani_idempotency_gates.rs:86:4
   |
86 | fn symbolic_frame_with_taints(taints: [Taint; 4]) -> RunFrame {
   |    ^^^^^^^^^^^^^^^^^^^^^^^^^^

warning: Found the following unsupported constructs:
             - caller_location (1)
             - foreign function (2)
         
         Verification will fail if one or more of these constructs is reachable.
         See https://model-checking.github.io/kani/rust-feature-support.html for more details.

    Finished `dev` profile [unoptimized + debuginfo] target(s) in 3.83s
Checking harness kani_idempotency_gates::verify_idempotency_required_taint_variants_have_witnesses...
CBMC 6.8.0 (cbmc-6.8.0)
CBMC version 6.8.0 (cbmc-6.8.0) 64-bit x86_64 linux
Reading GOTO program from file /home/lewis/src/velvet-ballistics/target/kani/x86_64-unknown-linux-gnu/debug/deps/vb_core-2618075b58b346ef__RNvNtCsjxOCHGd00j1_7vb_core22kani_idempotency_gates57verify_idempotency_required_taint_variants_have_witnesses.out
Generating GOTO Program
Adding CPROVER library (x86_64)
Removal of function pointers and virtual functions
Generic Property Instrumentation
Running with 16 object bits, 48 offset bits (user-specified)
Starting Bounded Model Checking
aborting path on assume(false) at file /home/runner/.rustup/toolchains/nightly-2025-11-21-x86_64-unknown-linux-gnu/lib/rustlib/src/rust/library/core/src/option.rs line 1338 column 15 function std::option::Option::<value::Taint>::ok_or::<errors::CoreError> thread 0
aborting path on assume(false) at file /home/runner/.rustup/toolchains/nightly-2025-11-21-x86_64-unknown-linux-gnu/lib/rustlib/src/rust/library/alloc/src/raw_vec/mod.rs line 830 column 5 function alloc::raw_vec::RawVecInner::deallocate thread 0
aborting path on assume(false) at file /home/runner/.rustup/toolchains/nightly-2025-11-21-x86_64-unknown-linux-gnu/lib/rustlib/src/rust/library/alloc/src/raw_vec/mod.rs line 830 column 5 function alloc::raw_vec::RawVecInner::deallocate thread 0
aborting path on assume(false) at file /home/runner/.rustup/toolchains/nightly-2025-11-21-x86_64-unknown-linux-gnu/lib/rustlib/src/rust/library/alloc/src/raw_vec/mod.rs line 830 column 5 function alloc::raw_vec::RawVecInner::deallocate thread 0
aborting path on assume(false) at file /home/runner/.rustup/toolchains/nightly-2025-11-21-x86_64-unknown-linux-gnu/lib/rustlib/src/rust/library/alloc/src/raw_vec/mod.rs line 830 column 5 function alloc::raw_vec::RawVecInner::deallocate thread 0
aborting path on assume(false) at file /home/runner/.rustup/toolchains/nightly-2025-11-21-x86_64-unknown-linux-gnu/lib/rustlib/src/rust/library/alloc/src/raw_vec/mod.rs line 830 column 5 function alloc::raw_vec::RawVecInner::deallocate thread 0
aborting path on assume(false) at file /home/runner/.rustup/toolchains/nightly-2025-11-21-x86_64-unknown-linux-gnu/lib/rustlib/src/rust/library/alloc/src/raw_vec/mod.rs line 830 column 5 function alloc::raw_vec::RawVecInner::deallocate thread 0
aborting path on assume(false) at file /home/runner/work/kani/kani/library/kani_core/src/models.rs line 23 column 13 function kani::rustc_intrinsics::size_of_val_raw::<str> thread 0
aborting path on assume(false) at file /home/runner/work/kani/kani/library/kani/src/lib.rs line 57 column 1 function kani::rustc_intrinsics::size_of_val_raw::<str> thread 0
aborting path on assume(false) at file /home/runner/work/kani/kani/library/kani_core/src/models.rs line 23 column 13 function kani::rustc_intrinsics::size_of_val_raw::<str> thread 0
aborting path on assume(false) at file /home/runner/work/kani/kani/library/kani/src/lib.rs line 57 column 1 function kani::rustc_intrinsics::size_of_val_raw::<str> thread 0
Unwinding loop _RINvNtCsci0VKyKEi6N_4core3ptr13drop_in_placeSNtNtCsjxOCHGd00j1_7vb_core10capability10CapabilityEBL_.0 iteration 1 file /home/runner/.rustup/toolchains/nightly-2025-11-21-x86_64-unknown-linux-gnu/lib/rustlib/src/rust/library/core/src/ptr/mod.rs line 805 column 1 function std::ptr::drop_in_place::<[capability::Capability]> thread 0
aborting path on assume(false) at file /home/runner/work/kani/kani/library/kani_core/src/models.rs line 23 column 13 function kani::rustc_intrinsics::size_of_val_raw::<str> thread 0
aborting path on assume(false) at file /home/runner/work/kani/kani/library/kani/src/lib.rs line 57 column 1 function kani::rustc_intrinsics::size_of_val_raw::<str> thread 0
Unwinding loop _RINvNtCsci0VKyKEi6N_4core3ptr13drop_in_placeSNtNtCsjxOCHGd00j1_7vb_core10capability10CapabilityEBL_.0 iteration 2 file /home/runner/.rustup/toolchains/nightly-2025-11-21-x86_64-unknown-linux-gnu/lib/rustlib/src/rust/library/core/src/ptr/mod.rs line 805 column 1 function std::ptr::drop_in_place::<[capability::Capability]> thread 0
aborting path on assume(false) at file /home/runner/work/kani/kani/library/kani_core/src/models.rs line 23 column 13 function kani::rustc_intrinsics::size_of_val_raw::<str> thread 0
aborting path on assume(false) at file /home/runner/work/kani/kani/library/kani/src/lib.rs line 57 column 1 function kani::rustc_intrinsics::size_of_val_raw::<str> thread 0
Unwinding loop _RINvNtCsci0VKyKEi6N_4core3ptr13drop_in_placeSNtNtCsjxOCHGd00j1_7vb_core10capability10CapabilityEBL_.0 iteration 3 file /home/runner/.rustup/toolchains/nightly-2025-11-21-x86_64-unknown-linux-gnu/lib/rustlib/src/rust/library/core/src/ptr/mod.rs line 805 column 1 function std::ptr::drop_in_place::<[capability::Capability]> thread 0
aborting path on assume(false) at file /home/runner/work/kani/kani/library/kani_core/src/models.rs line 23 column 13 function kani::rustc_intrinsics::size_of_val_raw::<str> thread 0
aborting path on assume(false) at file /home/runner/work/kani/kani/library/kani/src/lib.rs line 57 column 1 function kani::rustc_intrinsics::size_of_val_raw::<str> thread 0
Unwinding loop _RINvNtCsci0VKyKEi6N_4core3ptr13drop_in_placeSNtNtCsjxOCHGd00j1_7vb_core10capability10CapabilityEBL_.0 iteration 4 file /home/runner/.rustup/toolchains/nightly-2025-11-21-x86_64-unknown-linux-gnu/lib/rustlib/src/rust/library/core/src/ptr/mod.rs line 805 column 1 function std::ptr::drop_in_place::<[capability::Capability]> thread 0
aborting path on assume(false) at file /home/runner/work/kani/kani/library/kani_core/src/models.rs line 23 column 13 function kani::rustc_intrinsics::size_of_val_raw::<str> thread 0
aborting path on assume(false) at file /home/runner/work/kani/kani/library/kani/src/lib.rs line 57 column 1 function kani::rustc_intrinsics::size_of_val_raw::<str> thread 0
Unwinding loop _RINvNtCsci0VKyKEi6N_4core3ptr13drop_in_placeSNtNtCsjxOCHGd00j1_7vb_core10capability10CapabilityEBL_.0 iteration 5 file /home/runner/.rustup/toolchains/nightly-2025-11-21-x86_64-unknown-linux-gnu/lib/rustlib/src/rust/library/core/src/ptr/mod.rs line 805 column 1 function std::ptr::drop_in_place::<[capability::Capability]> thread 0
aborting path on assume(false) at file /home/runner/work/kani/kani/library/kani_core/src/models.rs line 23 column 13 function kani::rustc_intrinsics::size_of_val_raw::<str> thread 0
aborting path on assume(false) at file /home/runner/work/kani/kani/library/kani/src/lib.rs line 57 column 1 function kani::rustc_intrinsics::size_of_val_raw::<str> thread 0
Unwinding loop _RINvNtCsci0VKyKEi6N_4core3ptr13drop_in_placeSNtNtCsjxOCHGd00j1_7vb_core10capability10CapabilityEBL_.0 iteration 6 file /home/runner/.rustup/toolchains/nightly-2025-11-21-x86_64-unknown-linux-gnu/lib/rustlib/src/rust/library/core/src/ptr/mod.rs line 805 column 1 function std::ptr::drop_in_place::<[capability::Capability]> thread 0
aborting path on assume(false) at file /home/runner/work/kani/kani/library/kani_core/src/models.rs line 23 column 13 function kani::rustc_intrinsics::size_of_val_raw::<str> thread 0
aborting path on assume(false) at file /home/runner/work/kani/kani/library/kani/src/lib.rs line 57 column 1 function kani::rustc_intrinsics::size_of_val_raw::<str> thread 0
Unwinding loop _RINvNtCsci0VKyKEi6N_4core3ptr13drop_in_placeSNtNtCsjxOCHGd00j1_7vb_core10capability10CapabilityEBL_.0 iteration 7 file /home/runner/.rustup/toolchains/nightly-2025-11-21-x86_64-unknown-linux-gnu/lib/rustlib/src/rust/library/core/src/ptr/mod.rs line 805 column 1 function std::ptr::drop_in_place::<[capability::Capability]> thread 0
aborting path on assume(false) at file /home/runner/work/kani/kani/library/kani_core/src/models.rs line 23 column 13 function kani::rustc_intrinsics::size_of_val_raw::<str> thread 0
aborting path on assume(false) at file /home/runner/work/kani/kani/library/kani/src/lib.rs line 57 column 1 function kani::rustc_intrinsics::size_of_val_raw::<str> thread 0
Not unwinding loop _RINvNtCsci0VKyKEi6N_4core3ptr13drop_in_placeSNtNtCsjxOCHGd00j1_7vb_core10capability10CapabilityEBL_.0 iteration 8 file /home/runner/.rustup/toolchains/nightly-2025-11-21-x86_64-unknown-linux-gnu/lib/rustlib/src/rust/library/core/src/ptr/mod.rs line 805 column 1 function std::ptr::drop_in_place::<[capability::Capability]> thread 0
aborting path on assume(false) at file /home/runner/.rustup/toolchains/nightly-2025-11-21-x86_64-unknown-linux-gnu/lib/rustlib/src/rust/library/alloc/src/raw_vec/mod.rs line 830 column 5 function alloc::raw_vec::RawVecInner::deallocate thread 0
aborting path on assume(false) at file /home/runner/.rustup/toolchains/nightly-2025-11-21-x86_64-unknown-linux-gnu/lib/rustlib/src/rust/library/alloc/src/raw_vec/mod.rs line 830 column 5 function alloc::raw_vec::RawVecInner::deallocate thread 0
aborting path on assume(false) at file /home/runner/.rustup/toolchains/nightly-2025-11-21-x86_64-unknown-linux-gnu/lib/rustlib/src/rust/library/alloc/src/raw_vec/mod.rs line 830 column 5 function alloc::raw_vec::RawVecInner::deallocate thread 0
aborting path on assume(false) at file /home/runner/.rustup/toolchains/nightly-2025-11-21-x86_64-unknown-linux-gnu/lib/rustlib/src/rust/library/alloc/src/raw_vec/mod.rs line 830 column 5 function alloc::raw_vec::RawVecInner::deallocate thread 0
aborting path on assume(false) at file /home/runner/.rustup/toolchains/nightly-2025-11-21-x86_64-unknown-linux-gnu/lib/rustlib/src/rust/library/alloc/src/raw_vec/mod.rs line 830 column 5 function alloc::raw_vec::RawVecInner::deallocate thread 0
aborting path on assume(false) at file /home/runner/.rustup/toolchains/nightly-2025-11-21-x86_64-unknown-linux-gnu/lib/rustlib/src/rust/library/alloc/src/raw_vec/mod.rs line 830 column 5 function alloc::raw_vec::RawVecInner::deallocate thread 0
aborting path on assume(false) at file /home/runner/.rustup/toolchains/nightly-2025-11-21-x86_64-unknown-linux-gnu/lib/rustlib/src/rust/library/alloc/src/raw_vec/mod.rs line 830 column 5 function alloc::raw_vec::RawVecInner::deallocate thread 0
aborting path on assume(false) at file /home/runner/work/kani/kani/library/kani_core/src/models.rs line 23 column 13 function kani::rustc_intrinsics::size_of_val_raw::<str> thread 0
aborting path on assume(false) at file /home/runner/work/kani/kani/library/kani/src/lib.rs line 57 column 1 function kani::rustc_intrinsics::size_of_val_raw::<str> thread 0
aborting path on assume(false) at file /home/runner/work/kani/kani/library/kani_core/src/models.rs line 23 column 13 function kani::rustc_intrinsics::size_of_val_raw::<str> thread 0
aborting path on assume(false) at file /home/runner/work/kani/kani/library/kani/src/lib.rs line 57 column 1 function kani::rustc_intrinsics::size_of_val_raw::<str> thread 0
Unwinding loop _RINvNtCsci0VKyKEi6N_4core3ptr13drop_in_placeSNtNtCsjxOCHGd00j1_7vb_core10capability10CapabilityEBL_.0 iteration 1 file /home/runner/.rustup/toolchains/nightly-2025-11-21-x86_64-unknown-linux-gnu/lib/rustlib/src/rust/library/core/src/ptr/mod.rs line 805 column 1 function std::ptr::drop_in_place::<[capability::Capability]> thread 0
aborting path on assume(false) at file /home/runner/work/kani/kani/library/kani_core/src/models.rs line 23 column 13 function kani::rustc_intrinsics::size_of_val_raw::<str> thread 0
aborting path on assume(false) at file /home/runner/work/kani/kani/library/kani/src/lib.rs line 57 column 1 function kani::rustc_intrinsics::size_of_val_raw::<str> thread 0
Unwinding loop _RINvNtCsci0VKyKEi6N_4core3ptr13drop_in_placeSNtNtCsjxOCHGd00j1_7vb_core10capability10CapabilityEBL_.0 iteration 2 file /home/runner/.rustup/toolchains/nightly-2025-11-21-x86_64-unknown-linux-gnu/lib/rustlib/src/rust/library/core/src/ptr/mod.rs line 805 column 1 function std::ptr::drop_in_place::<[capability::Capability]> thread 0
aborting path on assume(false) at file /home/runner/work/kani/kani/library/kani_core/src/models.rs line 23 column 13 function kani::rustc_intrinsics::size_of_val_raw::<str> thread 0
aborting path on assume(false) at file /home/runner/work/kani/kani/library/kani/src/lib.rs line 57 column 1 function kani::rustc_intrinsics::size_of_val_raw::<str> thread 0
Unwinding loop _RINvNtCsci0VKyKEi6N_4core3ptr13drop_in_placeSNtNtCsjxOCHGd00j1_7vb_core10capability10CapabilityEBL_.0 iteration 3 file /home/runner/.rustup/toolchains/nightly-2025-11-21-x86_64-unknown-linux-gnu/lib/rustlib/src/rust/library/core/src/ptr/mod.rs line 805 column 1 function std::ptr::drop_in_place::<[capability::Capability]> thread 0
aborting path on assume(false) at file /home/runner/work/kani/kani/library/kani_core/src/models.rs line 23 column 13 function kani::rustc_intrinsics::size_of_val_raw::<str> thread 0
aborting path on assume(false) at file /home/runner/work/kani/kani/library/kani/src/lib.rs line 57 column 1 function kani::rustc_intrinsics::size_of_val_raw::<str> thread 0
Unwinding loop _RINvNtCsci0VKyKEi6N_4core3ptr13drop_in_placeSNtNtCsjxOCHGd00j1_7vb_core10capability10CapabilityEBL_.0 iteration 4 file /home/runner/.rustup/toolchains/nightly-2025-11-21-x86_64-unknown-linux-gnu/lib/rustlib/src/rust/library/core/src/ptr/mod.rs line 805 column 1 function std::ptr::drop_in_place::<[capability::Capability]> thread 0
aborting path on assume(false) at file /home/runner/work/kani/kani/library/kani_core/src/models.rs line 23 column 13 function kani::rustc_intrinsics::size_of_val_raw::<str> thread 0
aborting path on assume(false) at file /home/runner/work/kani/kani/library/kani/src/lib.rs line 57 column 1 function kani::rustc_intrinsics::size_of_val_raw::<str> thread 0
Unwinding loop _RINvNtCsci0VKyKEi6N_4core3ptr13drop_in_placeSNtNtCsjxOCHGd00j1_7vb_core10capability10CapabilityEBL_.0 iteration 5 file /home/runner/.rustup/toolchains/nightly-2025-11-21-x86_64-unknown-linux-gnu/lib/rustlib/src/rust/library/core/src/ptr/mod.rs line 805 column 1 function std::ptr::drop_in_place::<[capability::Capability]> thread 0
aborting path on assume(false) at file /home/runner/work/kani/kani/library/kani_core/src/models.rs line 23 column 13 function kani::rustc_intrinsics::size_of_val_raw::<str> thread 0
aborting path on assume(false) at file /home/runner/work/kani/kani/library/kani/src/lib.rs line 57 column 1 function kani::rustc_intrinsics::size_of_val_raw::<str> thread 0
Unwinding loop _RINvNtCsci0VKyKEi6N_4core3ptr13drop_in_placeSNtNtCsjxOCHGd00j1_7vb_core10capability10CapabilityEBL_.0 iteration 6 file /home/runner/.rustup/toolchains/nightly-2025-11-21-x86_64-unknown-linux-gnu/lib/rustlib/src/rust/library/core/src/ptr/mod.rs line 805 column 1 function std::ptr::drop_in_place::<[capability::Capability]> thread 0
aborting path on assume(false) at file /home/runner/work/kani/kani/library/kani_core/src/models.rs line 23 column 13 function kani::rustc_intrinsics::size_of_val_raw::<str> thread 0
aborting path on assume(false) at file /home/runner/work/kani/kani/library/kani/src/lib.rs line 57 column 1 function kani::rustc_intrinsics::size_of_val_raw::<str> thread 0
Unwinding loop _RINvNtCsci0VKyKEi6N_4core3ptr13drop_in_placeSNtNtCsjxOCHGd00j1_7vb_core10capability10CapabilityEBL_.0 iteration 7 file /home/runner/.rustup/toolchains/nightly-2025-11-21-x86_64-unknown-linux-gnu/lib/rustlib/src/rust/library/core/src/ptr/mod.rs line 805 column 1 function std::ptr::drop_in_place::<[capability::Capability]> thread 0
aborting path on assume(false) at file /home/runner/work/kani/kani/library/kani_core/src/models.rs line 23 column 13 function kani::rustc_intrinsics::size_of_val_raw::<str> thread 0
aborting path on assume(false) at file /home/runner/work/kani/kani/library/kani/src/lib.rs line 57 column 1 function kani::rustc_intrinsics::size_of_val_raw::<str> thread 0
Not unwinding loop _RINvNtCsci0VKyKEi6N_4core3ptr13drop_in_placeSNtNtCsjxOCHGd00j1_7vb_core10capability10CapabilityEBL_.0 iteration 8 file /home/runner/.rustup/toolchains/nightly-2025-11-21-x86_64-unknown-linux-gnu/lib/rustlib/src/rust/library/core/src/ptr/mod.rs line 805 column 1 function std::ptr::drop_in_place::<[capability::Capability]> thread 0
aborting path on assume(false) at file /home/runner/.rustup/toolchains/nightly-2025-11-21-x86_64-unknown-linux-gnu/lib/rustlib/src/rust/library/alloc/src/raw_vec/mod.rs line 830 column 5 function alloc::raw_vec::RawVecInner::deallocate thread 0
aborting path on assume(false) at file crates/vb_core/src/lib.rs line 0 column 0 function action::validate_idempotency_key_ingredients thread 0
Unwinding loop _RNvNtCsjxOCHGd00j1_7vb_core6action36validate_idempotency_key_ingredients.0 iteration 1 file crates/vb_core/src/action.rs line 332 column 5 function action::validate_idempotency_key_ingredients thread 0
aborting path on assume(false) at file crates/vb_core/src/kani_idempotency_gates.rs line 308 column 1 function kani_idempotency_gates::verify_idempotency_required_taint_variants_have_witnesses thread 0
Runtime Symex: 3.96581s
size of program expression: 161513 steps
slicing removed 141702 assignments
Generated 3029 VCC(s), 619 remaining after simplification
Runtime Postprocess Equation: 0.117998s
Passing problem to propositional reduction
converting SSA
Runtime Convert SSA: 0.437223s
Running propositional reduction
Post-processing
Runtime Post-process: 0.0400309s
Solving with CaDiCaL 2.0.0
293090 variables, 673003 clauses
SAT checker: instance is SATISFIABLE
Runtime Solver: 0.289042s
Runtime decision procedure: 0.748036s
Running propositional reduction
Solving with CaDiCaL 2.0.0
293091 variables, 673004 clauses
SAT checker: instance is SATISFIABLE
Runtime Solver: 0.0153692s
Runtime decision procedure: 0.0173275s
Running propositional reduction
Solving with CaDiCaL 2.0.0
293092 variables, 673005 clauses
SAT checker: instance is SATISFIABLE
Runtime Solver: 0.01605s
Runtime decision procedure: 0.0180894s
Running propositional reduction
Solving with CaDiCaL 2.0.0
293093 variables, 673006 clauses
SAT checker: instance is SATISFIABLE
Runtime Solver: 0.0155542s
Runtime decision procedure: 0.0176964s
Running propositional reduction
Solving with CaDiCaL 2.0.0
293094 variables, 673007 clauses
SAT checker: instance is SATISFIABLE
Runtime Solver: 0.0150694s
Runtime decision procedure: 0.0170814s
Running propositional reduction
Solving with CaDiCaL 2.0.0
293095 variables, 673008 clauses
SAT checker: instance is SATISFIABLE
Runtime Solver: 0.0156422s
Runtime decision procedure: 0.0176751s
Running propositional reduction
Solving with CaDiCaL 2.0.0
293096 variables, 673009 clauses
SAT checker: instance is UNSATISFIABLE
Runtime Solver: 0.00157497s
Runtime decision procedure: 0.00177468s

RESULTS:
Check 1: malloc.assertion.1
	 - Status: SUCCESS
	 - Description: "max allocation size exceeded"
	 - Location: <builtin-library-malloc>:31 in function malloc

Check 2: malloc.assertion.2
	 - Status: SUCCESS
	 - Description: "max allocation may fail"
	 - Location: <builtin-library-malloc>:36 in function malloc

Check 3: __rust_alloc_zeroed.assertion.1
	 - Status: SUCCESS
	 - Description: "__rust_alloc_zeroed must be called with a size greater than 0"
	 - Location: ../../../../.kani/kani-0.67.0/library/kani/kani_lib.c:62 in function __rust_alloc_zeroed

Check 4: __rust_alloc_zeroed.assertion.2
	 - Status: SUCCESS
	 - Description: "Alignment is power of two"
	 - Location: ../../../../.kani/kani-0.67.0/library/kani/kani_lib.c:65 in function __rust_alloc_zeroed

Check 5: calloc.assertion.1
	 - Status: SUCCESS
	 - Description: "max allocation size exceeded"
	 - Location: <builtin-library-calloc>:31 in function calloc

Check 6: calloc.assertion.2
	 - Status: SUCCESS
	 - Description: "max allocation may fail"
	 - Location: <builtin-library-calloc>:36 in function calloc

Check 7: __rust_realloc.assertion.1
	 - Status: SUCCESS
	 - Description: "rust_realloc must be called with a non-null pointer"
	 - Location: ../../../../.kani/kani-0.67.0/library/kani/kani_lib.c:102 in function __rust_realloc

Check 8: __rust_realloc.assertion.2
	 - Status: SUCCESS
	 - Description: "rust_realloc must be called with a size greater than 0"
	 - Location: ../../../../.kani/kani-0.67.0/library/kani/kani_lib.c:105 in function __rust_realloc

Check 9: __rust_realloc.assertion.3
	 - Status: SUCCESS
	 - Description: "Alignment is power of two"
	 - Location: ../../../../.kani/kani-0.67.0/library/kani/kani_lib.c:109 in function __rust_realloc

Check 10: __rust_alloc.assertion.1
	 - Status: SUCCESS
	 - Description: "__rust_alloc must be called with a size greater than 0"
	 - Location: ../../../../.kani/kani-0.67.0/library/kani/kani_lib.c:43 in function __rust_alloc

Check 11: __rust_alloc.assertion.2
	 - Status: SUCCESS
	 - Description: "Alignment is power of two"
	 - Location: ../../../../.kani/kani-0.67.0/library/kani/kani_lib.c:46 in function __rust_alloc

Check 12: <std::option::Option<value::SlotValue> as std::clone::Clone>::clone.unreachable.1
	 - Status: SUCCESS
	 - Description: "unreachable code"
	 - Location: ../../../../../runner/.rustup/toolchains/nightly-2025-11-21-x86_64-unknown-linux-gnu/lib/rustlib/src/rust/library/core/src/option.rs:2201:15 in function <std::option::Option<value::SlotValue> as std::clone::Clone>::clone

Check 13: alloc::raw_vec::RawVecInner::try_allocate_in.unreachable.1
	 - Status: SUCCESS
	 - Description: "unreachable code"
	 - Location: crates/vb_core/src/lib.rs:0:0 in function alloc::raw_vec::RawVecInner::try_allocate_in

Check 14: kani::rustc_intrinsics::offset::<value::Taint, *mut value::Taint, usize>.safety_check.1
	 - Status: SUCCESS
	 - Description: "Offset in bytes overflows isize"
	 - Location: ../../../../../runner/work/kani/kani/library/kani/src/lib.rs:57:1 in function kani::rustc_intrinsics::offset::<value::Taint, *mut value::Taint, usize>

Check 15: kani::rustc_intrinsics::offset::<value::Taint, *mut value::Taint, usize>.safety_check.2
	 - Status: SUCCESS
	 - Description: "Offset result and original pointer must point to the same allocation"
	 - Location: ../../../../../runner/work/kani/kani/library/kani/src/lib.rs:57:1 in function kani::rustc_intrinsics::offset::<value::Taint, *mut value::Taint, usize>

Check 16: kani::rustc_intrinsics::offset::<frame::StepState, *mut frame::StepState, usize>.safety_check.1
	 - Status: SUCCESS
	 - Description: "Offset in bytes overflows isize"
	 - Location: ../../../../../runner/work/kani/kani/library/kani/src/lib.rs:57:1 in function kani::rustc_intrinsics::offset::<frame::StepState, *mut frame::StepState, usize>

Check 17: kani::rustc_intrinsics::offset::<frame::StepState, *mut frame::StepState, usize>.safety_check.2
	 - Status: SUCCESS
	 - Description: "Offset result and original pointer must point to the same allocation"
	 - Location: ../../../../../runner/work/kani/kani/library/kani/src/lib.rs:57:1 in function kani::rustc_intrinsics::offset::<frame::StepState, *mut frame::StepState, usize>

Check 18: <std::result::Result<usize, std::collections::TryReserveErrorKind> as std::ops::Try>::branch.unreachable.1
	 - Status: SUCCESS
	 - Description: "unreachable code"
	 - Location: ../../../../../runner/.rustup/toolchains/nightly-2025-11-21-x86_64-unknown-linux-gnu/lib/rustlib/src/rust/library/core/src/result.rs:2173:15 in function <std::result::Result<usize, std::collections::TryReserveErrorKind> as std::ops::Try>::branch

Check 19: alloc::raw_vec::RawVecInner::<A>::reserve::do_reserve_and_handle::<std::alloc::Global>.unreachable.1
	 - Status: SUCCESS
	 - Description: "unreachable code"
	 - Location: ../../../../../runner/.rustup/toolchains/nightly-2025-11-21-x86_64-unknown-linux-gnu/lib/rustlib/src/rust/library/alloc/src/raw_vec/mod.rs:550:9 in function alloc::raw_vec::RawVecInner::<A>::reserve::do_reserve_and_handle::<std::alloc::Global>

Check 20: kani::rustc_intrinsics::size_of_val_raw::<[capability::Capability]>.unreachable.1
	 - Status: SUCCESS
	 - Description: "unreachable code"
	 - Location: ../../../../../runner/work/kani/kani/library/kani_core/src/models.rs:23:13 in function kani::rustc_intrinsics::size_of_val_raw::<[capability::Capability]>

Check 21: kani::rustc_intrinsics::size_of_val_raw::<[capability::Capability]>.safety_check.1
	 - Status: SUCCESS
	 - Description: "failed to compute `size_of_val`"
	 - Location: ../../../../../runner/work/kani/kani/library/kani/src/lib.rs:57:1 in function kani::rustc_intrinsics::size_of_val_raw::<[capability::Capability]>

Check 22: kani::rustc_intrinsics::size_of_val_raw::<[capability::Capability]>.assertion.1
	 - Status: SUCCESS
	 - Description: "cannot compute `size_of_val` for extern types"
	 - Location: ../../../../../runner/work/kani/kani/library/kani/src/lib.rs:57:1 in function kani::rustc_intrinsics::size_of_val_raw::<[capability::Capability]>

Check 23: kani::rustc_intrinsics::align_of_val_raw::<[capability::Capability]>.unreachable.1
	 - Status: SUCCESS
	 - Description: "unreachable code"
	 - Location: ../../../../../runner/work/kani/kani/library/kani_core/src/models.rs:43:13 in function kani::rustc_intrinsics::align_of_val_raw::<[capability::Capability]>

Check 24: kani::rustc_intrinsics::align_of_val_raw::<[capability::Capability]>.safety_check.1
	 - Status: SUCCESS
	 - Description: "failed to compute `align_of_val`"
	 - Location: ../../../../../runner/work/kani/kani/library/kani/src/lib.rs:57:1 in function kani::rustc_intrinsics::align_of_val_raw::<[capability::Capability]>

Check 25: kani::rustc_intrinsics::align_of_val_raw::<[capability::Capability]>.assertion.1
	 - Status: SUCCESS
	 - Description: "cannot compute `align_of_val` for extern types"
	 - Location: ../../../../../runner/work/kani/kani/library/kani/src/lib.rs:57:1 in function kani::rustc_intrinsics::align_of_val_raw::<[capability::Capability]>

Check 26: alloc::raw_vec::RawVecInner::shrink_to_fit.unreachable.1
	 - Status: SUCCESS
	 - Description: "unreachable code"
	 - Location: ../../../../../runner/.rustup/toolchains/nightly-2025-11-21-x86_64-unknown-linux-gnu/lib/rustlib/src/rust/library/alloc/src/raw_vec/mod.rs:647:5 in function alloc::raw_vec::RawVecInner::shrink_to_fit

Check 27: std::result::Result::<std::alloc::Layout, std::alloc::LayoutError>::map_err::<std::collections::TryReserveError, {closure@alloc::raw_vec::layout_array::{closure#1}}>.unreachable.1
	 - Status: SUCCESS
	 - Description: "unreachable code"
	 - Location: ../../../../../runner/.rustup/toolchains/nightly-2025-11-21-x86_64-unknown-linux-gnu/lib/rustlib/src/rust/library/core/src/result.rs:966:15 in function std::result::Result::<std::alloc::Layout, std::alloc::LayoutError>::map_err::<std::collections::TryReserveError, {closure@alloc::raw_vec::layout_array::{closure#1}}>

Check 28: alloc::raw_vec::RawVecInner::shrink.assertion.1
	 - Status: SUCCESS
	 - Description: "This is a placeholder message; Kani doesn't support message formatted at runtime"
	 - Location: ../../../../../runner/.rustup/toolchains/nightly-2025-11-21-x86_64-unknown-linux-gnu/lib/rustlib/src/rust/library/alloc/src/raw_vec/mod.rs:769:9 in function alloc::raw_vec::RawVecInner::shrink

Check 29: kani::rustc_intrinsics::align_of_val_raw::<str>.unreachable.1
	 - Status: SUCCESS
	 - Description: "unreachable code"
	 - Location: ../../../../../runner/work/kani/kani/library/kani_core/src/models.rs:43:13 in function kani::rustc_intrinsics::align_of_val_raw::<str>

Check 30: kani::rustc_intrinsics::align_of_val_raw::<str>.safety_check.1
	 - Status: SUCCESS
	 - Description: "failed to compute `align_of_val`"
	 - Location: ../../../../../runner/work/kani/kani/library/kani/src/lib.rs:57:1 in function kani::rustc_intrinsics::align_of_val_raw::<str>

Check 31: kani::rustc_intrinsics::align_of_val_raw::<str>.assertion.1
	 - Status: SUCCESS
	 - Description: "cannot compute `align_of_val` for extern types"
	 - Location: ../../../../../runner/work/kani/kani/library/kani/src/lib.rs:57:1 in function kani::rustc_intrinsics::align_of_val_raw::<str>

Check 32: std::alloc::Layout::repeat.unreachable.1
	 - Status: SUCCESS
	 - Description: "unreachable code"
	 - Location: ../../../../../runner/.rustup/toolchains/nightly-2025-11-21-x86_64-unknown-linux-gnu/lib/rustlib/src/rust/library/core/src/alloc/layout.rs:359:5 in function std::alloc::Layout::repeat

Check 33: std::alloc::Global::grow_impl.assertion.1
	 - Status: UNREACHABLE
	 - Description: "attempt to subtract with overflow"
	 - Location: ../../../../../runner/.rustup/toolchains/nightly-2025-11-21-x86_64-unknown-linux-gnu/lib/rustlib/src/rust/library/alloc/src/alloc.rs:226:58 in function std::alloc::Global::grow_impl

Check 34: std::alloc::Global::grow_impl.unreachable.1
	 - Status: SUCCESS
	 - Description: "unreachable code"
	 - Location: crates/vb_core/src/lib.rs:0:0 in function std::alloc::Global::grow_impl

Check 35: std::alloc::Layout::size_rounded_up_to_custom_align.arithmetic_overflow.1
	 - Status: SUCCESS
	 - Description: "attempt to compute `unchecked_sub` which would overflow"
	 - Location: ../../../../../runner/.rustup/toolchains/nightly-2025-11-21-x86_64-unknown-linux-gnu/lib/rustlib/src/rust/library/core/src/alloc/layout.rs:304:28 in function std::alloc::Layout::size_rounded_up_to_custom_align

Check 36: std::alloc::Layout::size_rounded_up_to_custom_align.arithmetic_overflow.2
	 - Status: SUCCESS
	 - Description: "attempt to compute `unchecked_add` which would overflow"
	 - Location: ../../../../../runner/.rustup/toolchains/nightly-2025-11-21-x86_64-unknown-linux-gnu/lib/rustlib/src/rust/library/core/src/alloc/layout.rs:305:13 in function std::alloc::Layout::size_rounded_up_to_custom_align

Check 37: kani::rustc_intrinsics::align_of_val_raw::<[value::Taint]>.unreachable.1
	 - Status: SUCCESS
	 - Description: "unreachable code"
	 - Location: ../../../../../runner/work/kani/kani/library/kani_core/src/models.rs:43:13 in function kani::rustc_intrinsics::align_of_val_raw::<[value::Taint]>

Check 38: kani::rustc_intrinsics::align_of_val_raw::<[value::Taint]>.safety_check.1
	 - Status: SUCCESS
	 - Description: "failed to compute `align_of_val`"
	 - Location: ../../../../../runner/work/kani/kani/library/kani/src/lib.rs:57:1 in function kani::rustc_intrinsics::align_of_val_raw::<[value::Taint]>

Check 39: kani::rustc_intrinsics::align_of_val_raw::<[value::Taint]>.assertion.1
	 - Status: SUCCESS
	 - Description: "cannot compute `align_of_val` for extern types"
	 - Location: ../../../../../runner/work/kani/kani/library/kani/src/lib.rs:57:1 in function kani::rustc_intrinsics::align_of_val_raw::<[value::Taint]>

Check 40: kani::rustc_intrinsics::size_of_val_raw::<[value::Taint]>.unreachable.1
	 - Status: SUCCESS
	 - Description: "unreachable code"
	 - Location: ../../../../../runner/work/kani/kani/library/kani_core/src/models.rs:23:13 in function kani::rustc_intrinsics::size_of_val_raw::<[value::Taint]>

Check 41: kani::rustc_intrinsics::size_of_val_raw::<[value::Taint]>.safety_check.1
	 - Status: SUCCESS
	 - Description: "failed to compute `size_of_val`"
	 - Location: ../../../../../runner/work/kani/kani/library/kani/src/lib.rs:57:1 in function kani::rustc_intrinsics::size_of_val_raw::<[value::Taint]>

Check 42: kani::rustc_intrinsics::size_of_val_raw::<[value::Taint]>.assertion.1
	 - Status: SUCCESS
	 - Description: "cannot compute `size_of_val` for extern types"
	 - Location: ../../../../../runner/work/kani/kani/library/kani/src/lib.rs:57:1 in function kani::rustc_intrinsics::size_of_val_raw::<[value::Taint]>

Check 43: <usize as kani::rustc_intrinsics::ToISize>::to_isize.unreachable.1
	 - Status: SUCCESS
	 - Description: "unreachable code"
	 - Location: ../../../../../runner/work/kani/kani/library/kani_core/src/models.rs:176:17 in function <usize as kani::rustc_intrinsics::ToISize>::to_isize

Check 44: <usize as kani::rustc_intrinsics::ToISize>::to_isize.safety_check.1
	 - Status: SUCCESS
	 - Description: "Offset value overflows isize"
	 - Location: ../../../../../runner/work/kani/kani/library/kani/src/lib.rs:57:1 in function <usize as kani::rustc_intrinsics::ToISize>::to_isize

Check 45: <usize as kani::rustc_intrinsics::ToISize>::to_isize.assertion.1
	 - Status: SUCCESS
	 - Description: "internal error: entered unreachable code"
	 - Location: ../../../../../runner/work/kani/kani/library/kani/src/lib.rs:57:1 in function <usize as kani::rustc_intrinsics::ToISize>::to_isize

Check 46: std::hint::assert_unchecked.assume.1
	 - Status: SUCCESS
	 - Description: "Rust intrinsic assumption failed"
	 - Location: ../../../../../runner/.rustup/toolchains/nightly-2025-11-21-x86_64-unknown-linux-gnu/lib/rustlib/src/rust/library/core/src/hint.rs:210:9 in function std::hint::assert_unchecked

Check 47: std::alloc::Global::alloc_impl.unreachable.1
	 - Status: SUCCESS
	 - Description: "unreachable code"
	 - Location: ../../../../../runner/.rustup/toolchains/nightly-2025-11-21-x86_64-unknown-linux-gnu/lib/rustlib/src/rust/library/alloc/src/alloc.rs:191:27 in function std::alloc::Global::alloc_impl

Check 48: std::vec::Vec::<value::Taint>::extend_with.unreachable.1
	 - Status: SUCCESS
	 - Description: "unreachable code"
	 - Location: ../../../../../runner/.rustup/toolchains/nightly-2025-11-21-x86_64-unknown-linux-gnu/lib/rustlib/src/rust/library/alloc/src/vec/mod.rs:3454:22 in function std::vec::Vec::<value::Taint>::extend_with

Check 49: std::ptr::write_bytes::<u8>.safety_check.1
	 - Status: SUCCESS
	 - Description: "`dst` must be properly aligned"
	 - Location: ../../../../../runner/.rustup/toolchains/nightly-2025-11-21-x86_64-unknown-linux-gnu/lib/rustlib/src/rust/library/core/src/ptr/mod.rs:709:9 in function std::ptr::write_bytes::<u8>

Check 50: std::ptr::write_bytes::<u8>.arithmetic_overflow.1
	 - Status: SUCCESS
	 - Description: "write_bytes: attempt to compute number in bytes which would overflow"
	 - Location: ../../../../../runner/.rustup/toolchains/nightly-2025-11-21-x86_64-unknown-linux-gnu/lib/rustlib/src/rust/library/core/src/ptr/mod.rs:709:9 in function std::ptr::write_bytes::<u8>

Check 51: std::option::Option::<usize>::ok_or::<std::collections::TryReserveErrorKind>.unreachable.1
	 - Status: SUCCESS
	 - Description: "unreachable code"
	 - Location: ../../../../../runner/.rustup/toolchains/nightly-2025-11-21-x86_64-unknown-linux-gnu/lib/rustlib/src/rust/library/core/src/option.rs:1338:15 in function std::option::Option::<usize>::ok_or::<std::collections::TryReserveErrorKind>

Check 52: std::ptr::copy_nonoverlapping::<u8>.safety_check.1
	 - Status: SUCCESS
	 - Description: "`src` must be properly aligned"
	 - Location: ../../../../../runner/.rustup/toolchains/nightly-2025-11-21-x86_64-unknown-linux-gnu/lib/rustlib/src/rust/library/core/src/ptr/mod.rs:547:14 in function std::ptr::copy_nonoverlapping::<u8>

Check 53: std::ptr::copy_nonoverlapping::<u8>.safety_check.2
	 - Status: SUCCESS
	 - Description: "`dst` must be properly aligned"
	 - Location: ../../../../../runner/.rustup/toolchains/nightly-2025-11-21-x86_64-unknown-linux-gnu/lib/rustlib/src/rust/library/core/src/ptr/mod.rs:547:14 in function std::ptr::copy_nonoverlapping::<u8>

Check 54: std::ptr::copy_nonoverlapping::<u8>.arithmetic_overflow.1
	 - Status: SUCCESS
	 - Description: "copy_nonoverlapping: attempt to compute number in bytes which would overflow"
	 - Location: ../../../../../runner/.rustup/toolchains/nightly-2025-11-21-x86_64-unknown-linux-gnu/lib/rustlib/src/rust/library/core/src/ptr/mod.rs:547:14 in function std::ptr::copy_nonoverlapping::<u8>

Check 55: kani_idempotency_gates::verify_idempotency_required_taint_variants_have_witnesses.cover.1
	 - Status: SATISFIED
	 - Description: "clean taint success covered"
	 - Location: crates/vb_core/src/kani_idempotency_gates.rs:323:5 in function kani_idempotency_gates::verify_idempotency_required_taint_variants_have_witnesses

Check 56: kani_idempotency_gates::verify_idempotency_required_taint_variants_have_witnesses.cover.2
	 - Status: SATISFIED
	 - Description: "secret taint failure covered"
	 - Location: crates/vb_core/src/kani_idempotency_gates.rs:324:5 in function kani_idempotency_gates::verify_idempotency_required_taint_variants_have_witnesses

Check 57: kani_idempotency_gates::verify_idempotency_required_taint_variants_have_witnesses.cover.3
	 - Status: SATISFIED
	 - Description: "random taint failure covered"
	 - Location: crates/vb_core/src/kani_idempotency_gates.rs:328:5 in function kani_idempotency_gates::verify_idempotency_required_taint_variants_have_witnesses

Check 58: kani_idempotency_gates::verify_idempotency_required_taint_variants_have_witnesses.unreachable.1
	 - Status: SUCCESS
	 - Description: "unreachable code"
	 - Location: crates/vb_core/src/kani_idempotency_gates.rs:308:1 in function kani_idempotency_gates::verify_idempotency_required_taint_variants_have_witnesses

Check 59: kani_idempotency_gates::verify_idempotency_required_taint_variants_have_witnesses.cover.4
	 - Status: SATISFIED
	 - Description: "time taint failure covered"
	 - Location: crates/vb_core/src/kani_idempotency_gates.rs:332:5 in function kani_idempotency_gates::verify_idempotency_required_taint_variants_have_witnesses

Check 60: std::ptr::drop_in_place::<std::boxed::Box<[value::Taint]>>.safety_check.1
	 - Status: SUCCESS
	 - Description: "misaligned pointer to reference cast: address must be a multiple of its type's alignment"
	 - Location: ../../../../../runner/.rustup/toolchains/nightly-2025-11-21-x86_64-unknown-linux-gnu/lib/rustlib/src/rust/library/core/src/ptr/mod.rs:805:1 in function std::ptr::drop_in_place::<std::boxed::Box<[value::Taint]>>

Check 61: std::ptr::drop_in_place::<std::boxed::Box<[value::Taint]>>.safety_check.2
	 - Status: SUCCESS
	 - Description: "dereference failure: pointer invalid"
	 - Location: ../../../../../runner/.rustup/toolchains/nightly-2025-11-21-x86_64-unknown-linux-gnu/lib/rustlib/src/rust/library/core/src/ptr/mod.rs:805:1 in function std::ptr::drop_in_place::<std::boxed::Box<[value::Taint]>>

Check 62: __rust_dealloc.assertion.1
	 - Status: SUCCESS
	 - Description: "Alignment is power of two"
	 - Location: ../../../../.kani/kani-0.67.0/library/kani/kani_lib.c:83 in function __rust_dealloc

Check 63: __rust_dealloc.assertion.2
	 - Status: SUCCESS
	 - Description: "rust_dealloc must be called on an object whose allocated size matches its layout"
	 - Location: ../../../../.kani/kani-0.67.0/library/kani/kani_lib.c:85 in function __rust_dealloc

Check 64: frame::RunFrame::write_slot_with_taint.safety_check.1
	 - Status: SUCCESS
	 - Description: "misaligned pointer to reference cast: address must be a multiple of its type's alignment"
	 - Location: crates/vb_core/src/frame.rs:272:10 in function frame::RunFrame::write_slot_with_taint

Check 65: frame::RunFrame::write_slot_with_taint.safety_check.2
	 - Status: SUCCESS
	 - Description: "dereference failure: pointer invalid"
	 - Location: crates/vb_core/src/frame.rs:272:10 in function frame::RunFrame::write_slot_with_taint

Check 66: frame::RunFrame::write_slot_with_taint.safety_check.3
	 - Status: SUCCESS
	 - Description: "misaligned pointer to reference cast: address must be a multiple of its type's alignment"
	 - Location: crates/vb_core/src/frame.rs:276:10 in function frame::RunFrame::write_slot_with_taint

Check 67: frame::RunFrame::write_slot_with_taint.safety_check.4
	 - Status: SUCCESS
	 - Description: "dereference failure: pointer invalid"
	 - Location: crates/vb_core/src/frame.rs:276:10 in function frame::RunFrame::write_slot_with_taint

Check 68: frame::RunFrame::write_slot_with_taint.unreachable.1
	 - Status: SUCCESS
	 - Description: "unreachable code"
	 - Location: crates/vb_core/src/lib.rs:0:0 in function frame::RunFrame::write_slot_with_taint

Check 69: std::option::Option::<std::ptr::NonNull<u8>>::ok_or::<std::alloc::AllocError>.unreachable.1
	 - Status: SUCCESS
	 - Description: "unreachable code"
	 - Location: ../../../../../runner/.rustup/toolchains/nightly-2025-11-21-x86_64-unknown-linux-gnu/lib/rustlib/src/rust/library/core/src/option.rs:1338:15 in function std::option::Option::<std::ptr::NonNull<u8>>::ok_or::<std::alloc::AllocError>

Check 70: core::num::<impl usize>::unchecked_mul.arithmetic_overflow.1
	 - Status: SUCCESS
	 - Description: "attempt to compute `unchecked_mul` which would overflow"
	 - Location: ../../../../../runner/.rustup/toolchains/nightly-2025-11-21-x86_64-unknown-linux-gnu/lib/rustlib/src/rust/library/core/src/num/uint_macros.rs:1117:17 in function core::num::<impl usize>::unchecked_mul

Check 71: std::ptr::drop_in_place::<alloc::raw_vec::RawVec<u8>>.safety_check.1
	 - Status: SUCCESS
	 - Description: "misaligned pointer to reference cast: address must be a multiple of its type's alignment"
	 - Location: ../../../../../runner/.rustup/toolchains/nightly-2025-11-21-x86_64-unknown-linux-gnu/lib/rustlib/src/rust/library/core/src/ptr/mod.rs:805:1 in function std::ptr::drop_in_place::<alloc::raw_vec::RawVec<u8>>

Check 72: std::ptr::drop_in_place::<alloc::raw_vec::RawVec<u8>>.safety_check.2
	 - Status: SUCCESS
	 - Description: "dereference failure: pointer invalid"
	 - Location: ../../../../../runner/.rustup/toolchains/nightly-2025-11-21-x86_64-unknown-linux-gnu/lib/rustlib/src/rust/library/core/src/ptr/mod.rs:805:1 in function std::ptr::drop_in_place::<alloc::raw_vec::RawVec<u8>>

Check 73: std::boxed::Box::<[std::mem::MaybeUninit<std::option::Option<value::SlotValue>>]>::into_raw_with_allocator.safety_check.1
	 - Status: SUCCESS
	 - Description: "misaligned pointer to reference cast: address must be a multiple of its type's alignment"
	 - Location: ../../../../../runner/.rustup/toolchains/nightly-2025-11-21-x86_64-unknown-linux-gnu/lib/rustlib/src/rust/library/alloc/src/boxed.rs:1485:19 in function std::boxed::Box::<[std::mem::MaybeUninit<std::option::Option<value::SlotValue>>]>::into_raw_with_allocator

Check 74: std::boxed::Box::<[std::mem::MaybeUninit<std::option::Option<value::SlotValue>>]>::into_raw_with_allocator.safety_check.2
	 - Status: SUCCESS
	 - Description: "dereference failure: pointer invalid"
	 - Location: ../../../../../runner/.rustup/toolchains/nightly-2025-11-21-x86_64-unknown-linux-gnu/lib/rustlib/src/rust/library/alloc/src/boxed.rs:1485:19 in function std::boxed::Box::<[std::mem::MaybeUninit<std::option::Option<value::SlotValue>>]>::into_raw_with_allocator

Check 75: alloc::raw_vec::capacity_overflow.assertion.1
	 - Status: SUCCESS
	 - Description: "This is a placeholder message; Kani doesn't support message formatted at runtime"
	 - Location: ../../../../../runner/.rustup/toolchains/nightly-2025-11-21-x86_64-unknown-linux-gnu/lib/rustlib/src/rust/library/alloc/src/raw_vec/mod.rs:28:5 in function alloc::raw_vec::capacity_overflow

Check 76: core::ub_checks::maybe_is_nonoverlapping::runtime.unreachable.1
	 - Status: SUCCESS
	 - Description: "unreachable code"
	 - Location: ../../../../../runner/.rustup/toolchains/nightly-2025-11-21-x86_64-unknown-linux-gnu/lib/rustlib/src/rust/library/core/src/intrinsics/mod.rs:2437:9 in function core::ub_checks::maybe_is_nonoverlapping::runtime

Check 77: std::ptr::drop_in_place::<std::boxed::Box<str>>.safety_check.1
	 - Status: SUCCESS
	 - Description: "misaligned pointer to reference cast: address must be a multiple of its type's alignment"
	 - Location: ../../../../../runner/.rustup/toolchains/nightly-2025-11-21-x86_64-unknown-linux-gnu/lib/rustlib/src/rust/library/core/src/ptr/mod.rs:805:1 in function std::ptr::drop_in_place::<std::boxed::Box<str>>

Check 78: std::ptr::drop_in_place::<std::boxed::Box<str>>.safety_check.2
	 - Status: SUCCESS
	 - Description: "dereference failure: pointer invalid"
	 - Location: ../../../../../runner/.rustup/toolchains/nightly-2025-11-21-x86_64-unknown-linux-gnu/lib/rustlib/src/rust/library/core/src/ptr/mod.rs:805:1 in function std::ptr::drop_in_place::<std::boxed::Box<str>>

Check 79: std::alloc::Layout::repeat_packed.unreachable.1
	 - Status: SUCCESS
	 - Description: "unreachable code"
	 - Location: ../../../../../runner/.rustup/toolchains/nightly-2025-11-21-x86_64-unknown-linux-gnu/lib/rustlib/src/rust/library/core/src/alloc/layout.rs:447:5 in function std::alloc::Layout::repeat_packed

Check 80: std::vec::Vec::<value::Taint>::len.assume.1
	 - Status: SUCCESS
	 - Description: "Rust intrinsic assumption failed"
	 - Location: ../../../../../runner/.rustup/toolchains/nightly-2025-11-21-x86_64-unknown-linux-gnu/lib/rustlib/src/rust/library/alloc/src/vec/mod.rs:2859:18 in function std::vec::Vec::<value::Taint>::len

Check 81: std::option::Option::<&mut std::option::Option<value::SlotValue>>::ok_or::<errors::CoreError>.unreachable.1
	 - Status: SUCCESS
	 - Description: "unreachable code"
	 - Location: ../../../../../runner/.rustup/toolchains/nightly-2025-11-21-x86_64-unknown-linux-gnu/lib/rustlib/src/rust/library/core/src/option.rs:1338:15 in function std::option::Option::<&mut std::option::Option<value::SlotValue>>::ok_or::<errors::CoreError>

Check 82: kani::rustc_intrinsics::size_of_val_raw::<[frame::StepState]>.unreachable.1
	 - Status: SUCCESS
	 - Description: "unreachable code"
	 - Location: ../../../../../runner/work/kani/kani/library/kani_core/src/models.rs:23:13 in function kani::rustc_intrinsics::size_of_val_raw::<[frame::StepState]>

Check 83: kani::rustc_intrinsics::size_of_val_raw::<[frame::StepState]>.safety_check.1
	 - Status: SUCCESS
	 - Description: "failed to compute `size_of_val`"
	 - Location: ../../../../../runner/work/kani/kani/library/kani/src/lib.rs:57:1 in function kani::rustc_intrinsics::size_of_val_raw::<[frame::StepState]>

Check 84: kani::rustc_intrinsics::size_of_val_raw::<[frame::StepState]>.assertion.1
	 - Status: SUCCESS
	 - Description: "cannot compute `size_of_val` for extern types"
	 - Location: ../../../../../runner/work/kani/kani/library/kani/src/lib.rs:57:1 in function kani::rustc_intrinsics::size_of_val_raw::<[frame::StepState]>

Check 85: std::alloc::Layout::is_size_align_valid.unreachable.1
	 - Status: SUCCESS
	 - Description: "unreachable code"
	 - Location: ../../../../../runner/.rustup/toolchains/nightly-2025-11-21-x86_64-unknown-linux-gnu/lib/rustlib/src/rust/library/core/src/alloc/layout.rs:68:5 in function std::alloc::Layout::is_size_align_valid

Check 86: std::ptr::drop_in_place::<std::boxed::Box<[frame::StepState]>>.safety_check.1
	 - Status: SUCCESS
	 - Description: "misaligned pointer to reference cast: address must be a multiple of its type's alignment"
	 - Location: ../../../../../runner/.rustup/toolchains/nightly-2025-11-21-x86_64-unknown-linux-gnu/lib/rustlib/src/rust/library/core/src/ptr/mod.rs:805:1 in function std::ptr::drop_in_place::<std::boxed::Box<[frame::StepState]>>

Check 87: std::ptr::drop_in_place::<std::boxed::Box<[frame::StepState]>>.safety_check.2
	 - Status: SUCCESS
	 - Description: "dereference failure: pointer invalid"
	 - Location: ../../../../../runner/.rustup/toolchains/nightly-2025-11-21-x86_64-unknown-linux-gnu/lib/rustlib/src/rust/library/core/src/ptr/mod.rs:805:1 in function std::ptr::drop_in_place::<std::boxed::Box<[frame::StepState]>>

Check 88: std::option::Option::<value::Taint>::ok_or::<errors::CoreError>.unreachable.1
	 - Status: SUCCESS
	 - Description: "unreachable code"
	 - Location: ../../../../../runner/.rustup/toolchains/nightly-2025-11-21-x86_64-unknown-linux-gnu/lib/rustlib/src/rust/library/core/src/option.rs:1338:15 in function std::option::Option::<value::Taint>::ok_or::<errors::CoreError>

Check 89: std::panic::Location::<'_>::caller.unsupported_construct.1
	 - Status: SUCCESS
	 - Description: "caller_location is not currently supported by Kani. Please post your example at https://github.com/model-checking/kani/issues/374"
	 - Location: ../../../../../runner/.rustup/toolchains/nightly-2025-11-21-x86_64-unknown-linux-gnu/lib/rustlib/src/rust/library/core/src/panic/location.rs:147:9 in function std::panic::Location::<'_>::caller

Check 90: alloc::raw_vec::RawVecInner::deallocate.unreachable.1
	 - Status: SUCCESS
	 - Description: "unreachable code"
	 - Location: ../../../../../runner/.rustup/toolchains/nightly-2025-11-21-x86_64-unknown-linux-gnu/lib/rustlib/src/rust/library/alloc/src/raw_vec/mod.rs:830:5 in function alloc::raw_vec::RawVecInner::deallocate

Check 91: alloc::raw_vec::RawVecInner::grow_amortized.assertion.1
	 - Status: UNREACHABLE
	 - Description: "attempt to multiply with overflow"
	 - Location: ../../../../../runner/.rustup/toolchains/nightly-2025-11-21-x86_64-unknown-linux-gnu/lib/rustlib/src/rust/library/alloc/src/raw_vec/mod.rs:692:28 in function alloc::raw_vec::RawVecInner::grow_amortized

Check 92: alloc::raw_vec::RawVecInner::grow_amortized.unreachable.1
	 - Status: SUCCESS
	 - Description: "unreachable code"
	 - Location: crates/vb_core/src/lib.rs:0:0 in function alloc::raw_vec::RawVecInner::grow_amortized

Check 93: <std::collections::TryReserveErrorKind as std::clone::Clone>::clone.unreachable.1
	 - Status: SUCCESS
	 - Description: "unreachable code"
	 - Location: ../../../../../runner/.rustup/toolchains/nightly-2025-11-21-x86_64-unknown-linux-gnu/lib/rustlib/src/rust/library/alloc/src/collections/mod.rs:93:10 in function <std::collections::TryReserveErrorKind as std::clone::Clone>::clone

Check 94: alloc::raw_vec::RawVecInner::finish_grow.unreachable.1
	 - Status: SUCCESS
	 - Description: "unreachable code"
	 - Location: ../../../../../runner/.rustup/toolchains/nightly-2025-11-21-x86_64-unknown-linux-gnu/lib/rustlib/src/rust/library/alloc/src/raw_vec/mod.rs:745:26 in function alloc::raw_vec::RawVecInner::finish_grow

Check 95: std::vec::set_len_on_drop::SetLenOnDrop::<'_>::increment_len.assertion.1
	 - Status: SUCCESS
	 - Description: "attempt to add with overflow"
	 - Location: ../../../../../runner/.rustup/toolchains/nightly-2025-11-21-x86_64-unknown-linux-gnu/lib/rustlib/src/rust/library/alloc/src/vec/set_len_on_drop.rs:19:9 in function std::vec::set_len_on_drop::SetLenOnDrop::<'_>::increment_len

Check 96: <std::result::Result<std::alloc::Layout, std::collections::TryReserveError> as std::ops::Try>::branch.unreachable.1
	 - Status: SUCCESS
	 - Description: "unreachable code"
	 - Location: ../../../../../runner/.rustup/toolchains/nightly-2025-11-21-x86_64-unknown-linux-gnu/lib/rustlib/src/rust/library/core/src/result.rs:2173:15 in function <std::result::Result<std::alloc::Layout, std::collections::TryReserveError> as std::ops::Try>::branch

Check 97: std::vec::Vec::<std::option::Option<value::SlotValue>>::len.assume.1
	 - Status: SUCCESS
	 - Description: "Rust intrinsic assumption failed"
	 - Location: ../../../../../runner/.rustup/toolchains/nightly-2025-11-21-x86_64-unknown-linux-gnu/lib/rustlib/src/rust/library/alloc/src/vec/mod.rs:2859:18 in function std::vec::Vec::<std::option::Option<value::SlotValue>>::len

Check 98: std::result::Result::<std::ptr::NonNull<[u8]>, std::alloc::AllocError>::map_err::<std::collections::TryReserveError, {closure@alloc::raw_vec::RawVecInner::finish_grow::{closure#0}}>.unreachable.1
	 - Status: SUCCESS
	 - Description: "unreachable code"
	 - Location: ../../../../../runner/.rustup/toolchains/nightly-2025-11-21-x86_64-unknown-linux-gnu/lib/rustlib/src/rust/library/core/src/result.rs:966:15 in function std::result::Result::<std::ptr::NonNull<[u8]>, std::alloc::AllocError>::map_err::<std::collections::TryReserveError, {closure@alloc::raw_vec::RawVecInner::finish_grow::{closure#0}}>

Check 99: action::validate_idempotency_key_ingredients.unreachable.1
	 - Status: SUCCESS
	 - Description: "unreachable code"
	 - Location: crates/vb_core/src/lib.rs:0:0 in function action::validate_idempotency_key_ingredients

Check 100: std::ptr::drop_in_place::<std::boxed::Box<[capability::Capability]>>.safety_check.1
	 - Status: SUCCESS
	 - Description: "misaligned pointer to reference cast: address must be a multiple of its type's alignment"
	 - Location: ../../../../../runner/.rustup/toolchains/nightly-2025-11-21-x86_64-unknown-linux-gnu/lib/rustlib/src/rust/library/core/src/ptr/mod.rs:805:1 in function std::ptr::drop_in_place::<std::boxed::Box<[capability::Capability]>>

Check 101: std::ptr::drop_in_place::<std::boxed::Box<[capability::Capability]>>.safety_check.2
	 - Status: SUCCESS
	 - Description: "dereference failure: pointer invalid"
	 - Location: ../../../../../runner/.rustup/toolchains/nightly-2025-11-21-x86_64-unknown-linux-gnu/lib/rustlib/src/rust/library/core/src/ptr/mod.rs:805:1 in function std::ptr::drop_in_place::<std::boxed::Box<[capability::Capability]>>

Check 102: frame::RunFrame::read_taint.safety_check.1
	 - Status: SUCCESS
	 - Description: "misaligned pointer to reference cast: address must be a multiple of its type's alignment"
	 - Location: crates/vb_core/src/frame.rs:317:26 in function frame::RunFrame::read_taint

Check 103: frame::RunFrame::read_taint.safety_check.2
	 - Status: SUCCESS
	 - Description: "dereference failure: pointer invalid"
	 - Location: crates/vb_core/src/frame.rs:317:26 in function frame::RunFrame::read_taint

Check 104: frame::RunFrame::read_taint.unreachable.1
	 - Status: SUCCESS
	 - Description: "unreachable code"
	 - Location: crates/vb_core/src/frame.rs:317:26 in function frame::RunFrame::read_taint

Check 105: frame::RunFrame::read_taint.safety_check.3
	 - Status: SUCCESS
	 - Description: "misaligned pointer to reference cast: address must be a multiple of its type's alignment"
	 - Location: crates/vb_core/src/frame.rs:324:9 in function frame::RunFrame::read_taint

Check 106: frame::RunFrame::read_taint.safety_check.4
	 - Status: SUCCESS
	 - Description: "dereference failure: pointer invalid"
	 - Location: crates/vb_core/src/frame.rs:324:9 in function frame::RunFrame::read_taint

Check 107: std::result::Result::<std::ptr::NonNull<[u8]>, std::alloc::AllocError>::map_err::<std::collections::TryReserveErrorKind, {closure@alloc::raw_vec::RawVecInner::shrink_unchecked::{closure#0}}>.unreachable.1
	 - Status: SUCCESS
	 - Description: "unreachable code"
	 - Location: ../../../../../runner/.rustup/toolchains/nightly-2025-11-21-x86_64-unknown-linux-gnu/lib/rustlib/src/rust/library/core/src/result.rs:966:15 in function std::result::Result::<std::ptr::NonNull<[u8]>, std::alloc::AllocError>::map_err::<std::collections::TryReserveErrorKind, {closure@alloc::raw_vec::RawVecInner::shrink_unchecked::{closure#0}}>

Check 108: std::vec::Vec::<frame::StepState>::len.assume.1
	 - Status: SUCCESS
	 - Description: "Rust intrinsic assumption failed"
	 - Location: ../../../../../runner/.rustup/toolchains/nightly-2025-11-21-x86_64-unknown-linux-gnu/lib/rustlib/src/rust/library/alloc/src/vec/mod.rs:2859:18 in function std::vec::Vec::<frame::StepState>::len

Check 109: std::option::Option::<&std::option::Option<value::SlotValue>>::ok_or::<errors::CoreError>.unreachable.1
	 - Status: SUCCESS
	 - Description: "unreachable code"
	 - Location: ../../../../../runner/.rustup/toolchains/nightly-2025-11-21-x86_64-unknown-linux-gnu/lib/rustlib/src/rust/library/core/src/option.rs:1338:15 in function std::option::Option::<&std::option::Option<value::SlotValue>>::ok_or::<errors::CoreError>

Check 110: std::ptr::drop_in_place::<std::vec::Vec<capability::Capability>>.safety_check.1
	 - Status: SUCCESS
	 - Description: "misaligned pointer to reference cast: address must be a multiple of its type's alignment"
	 - Location: ../../../../../runner/.rustup/toolchains/nightly-2025-11-21-x86_64-unknown-linux-gnu/lib/rustlib/src/rust/library/core/src/ptr/mod.rs:805:1 in function std::ptr::drop_in_place::<std::vec::Vec<capability::Capability>>

Check 111: std::ptr::drop_in_place::<std::vec::Vec<capability::Capability>>.safety_check.2
	 - Status: SUCCESS
	 - Description: "dereference failure: pointer invalid"
	 - Location: ../../../../../runner/.rustup/toolchains/nightly-2025-11-21-x86_64-unknown-linux-gnu/lib/rustlib/src/rust/library/core/src/ptr/mod.rs:805:1 in function std::ptr::drop_in_place::<std::vec::Vec<capability::Capability>>

Check 112: std::ptr::drop_in_place::<std::vec::Vec<u8>>.safety_check.1
	 - Status: SUCCESS
	 - Description: "misaligned pointer to reference cast: address must be a multiple of its type's alignment"
	 - Location: ../../../../../runner/.rustup/toolchains/nightly-2025-11-21-x86_64-unknown-linux-gnu/lib/rustlib/src/rust/library/core/src/ptr/mod.rs:805:1 in function std::ptr::drop_in_place::<std::vec::Vec<u8>>

Check 113: std::ptr::drop_in_place::<std::vec::Vec<u8>>.safety_check.2
	 - Status: SUCCESS
	 - Description: "dereference failure: pointer invalid"
	 - Location: ../../../../../runner/.rustup/toolchains/nightly-2025-11-21-x86_64-unknown-linux-gnu/lib/rustlib/src/rust/library/core/src/ptr/mod.rs:805:1 in function std::ptr::drop_in_place::<std::vec::Vec<u8>>

Check 114: std::alloc::Layout::max_size_for_align.assertion.1
	 - Status: SUCCESS
	 - Description: "attempt to add with overflow"
	 - Location: ../../../../../runner/.rustup/toolchains/nightly-2025-11-21-x86_64-unknown-linux-gnu/lib/rustlib/src/rust/library/core/src/alloc/layout.rs:95:32 in function std::alloc::Layout::max_size_for_align

Check 115: std::alloc::Layout::max_size_for_align.arithmetic_overflow.1
	 - Status: SUCCESS
	 - Description: "attempt to compute `unchecked_sub` which would overflow"
	 - Location: ../../../../../runner/.rustup/toolchains/nightly-2025-11-21-x86_64-unknown-linux-gnu/lib/rustlib/src/rust/library/core/src/alloc/layout.rs:95:18 in function std::alloc::Layout::max_size_for_align

Check 116: std::boxed::Box::<[std::mem::MaybeUninit<frame::StepState>]>::into_raw_with_allocator.safety_check.1
	 - Status: SUCCESS
	 - Description: "misaligned pointer to reference cast: address must be a multiple of its type's alignment"
	 - Location: ../../../../../runner/.rustup/toolchains/nightly-2025-11-21-x86_64-unknown-linux-gnu/lib/rustlib/src/rust/library/alloc/src/boxed.rs:1485:19 in function std::boxed::Box::<[std::mem::MaybeUninit<frame::StepState>]>::into_raw_with_allocator

Check 117: std::boxed::Box::<[std::mem::MaybeUninit<frame::StepState>]>::into_raw_with_allocator.safety_check.2
	 - Status: SUCCESS
	 - Description: "dereference failure: pointer invalid"
	 - Location: ../../../../../runner/.rustup/toolchains/nightly-2025-11-21-x86_64-unknown-linux-gnu/lib/rustlib/src/rust/library/alloc/src/boxed.rs:1485:19 in function std::boxed::Box::<[std::mem::MaybeUninit<frame::StepState>]>::into_raw_with_allocator

Check 118: core::num::<impl usize>::unchecked_add.arithmetic_overflow.1
	 - Status: SUCCESS
	 - Description: "attempt to compute `unchecked_add` which would overflow"
	 - Location: ../../../../../runner/.rustup/toolchains/nightly-2025-11-21-x86_64-unknown-linux-gnu/lib/rustlib/src/rust/library/core/src/num/uint_macros.rs:729:17 in function core::num::<impl usize>::unchecked_add

Check 119: kani::rustc_intrinsics::align_of_val_raw::<[std::option::Option<value::SlotValue>]>.unreachable.1
	 - Status: SUCCESS
	 - Description: "unreachable code"
	 - Location: ../../../../../runner/work/kani/kani/library/kani_core/src/models.rs:43:13 in function kani::rustc_intrinsics::align_of_val_raw::<[std::option::Option<value::SlotValue>]>

Check 120: kani::rustc_intrinsics::align_of_val_raw::<[std::option::Option<value::SlotValue>]>.safety_check.1
	 - Status: SUCCESS
	 - Description: "failed to compute `align_of_val`"
	 - Location: ../../../../../runner/work/kani/kani/library/kani/src/lib.rs:57:1 in function kani::rustc_intrinsics::align_of_val_raw::<[std::option::Option<value::SlotValue>]>

Check 121: kani::rustc_intrinsics::align_of_val_raw::<[std::option::Option<value::SlotValue>]>.assertion.1
	 - Status: SUCCESS
	 - Description: "cannot compute `align_of_val` for extern types"
	 - Location: ../../../../../runner/work/kani/kani/library/kani/src/lib.rs:57:1 in function kani::rustc_intrinsics::align_of_val_raw::<[std::option::Option<value::SlotValue>]>

Check 122: <std::result::Result<std::ptr::NonNull<u8>, std::alloc::AllocError> as std::ops::Try>::branch.unreachable.1
	 - Status: SUCCESS
	 - Description: "unreachable code"
	 - Location: ../../../../../runner/.rustup/toolchains/nightly-2025-11-21-x86_64-unknown-linux-gnu/lib/rustlib/src/rust/library/core/src/result.rs:2173:15 in function <std::result::Result<std::ptr::NonNull<u8>, std::alloc::AllocError> as std::ops::Try>::branch

Check 123: std::ptr::drop_in_place::<std::boxed::Box<[std::option::Option<value::SlotValue>]>>.safety_check.1
	 - Status: SUCCESS
	 - Description: "misaligned pointer to reference cast: address must be a multiple of its type's alignment"
	 - Location: ../../../../../runner/.rustup/toolchains/nightly-2025-11-21-x86_64-unknown-linux-gnu/lib/rustlib/src/rust/library/core/src/ptr/mod.rs:805:1 in function std::ptr::drop_in_place::<std::boxed::Box<[std::option::Option<value::SlotValue>]>>

Check 124: std::ptr::drop_in_place::<std::boxed::Box<[std::option::Option<value::SlotValue>]>>.safety_check.2
	 - Status: SUCCESS
	 - Description: "dereference failure: pointer invalid"
	 - Location: ../../../../../runner/.rustup/toolchains/nightly-2025-11-21-x86_64-unknown-linux-gnu/lib/rustlib/src/rust/library/core/src/ptr/mod.rs:805:1 in function std::ptr::drop_in_place::<std::boxed::Box<[std::option::Option<value::SlotValue>]>>

Check 125: std::fmt::Arguments::<'_>::from_str.assertion.1
	 - Status: UNREACHABLE
	 - Description: "attempt to shift left with overflow"
	 - Location: ../../../../../runner/.rustup/toolchains/nightly-2025-11-21-x86_64-unknown-linux-gnu/lib/rustlib/src/rust/library/core/src/fmt/mod.rs:820:38 in function std::fmt::Arguments::<'_>::from_str

Check 126: std::option::Option::<&mut value::Taint>::ok_or::<errors::CoreError>.unreachable.1
	 - Status: SUCCESS
	 - Description: "unreachable code"
	 - Location: ../../../../../runner/.rustup/toolchains/nightly-2025-11-21-x86_64-unknown-linux-gnu/lib/rustlib/src/rust/library/core/src/option.rs:1338:15 in function std::option::Option::<&mut value::Taint>::ok_or::<errors::CoreError>

Check 127: kani::mem::cbmc::same_allocation.unsupported_construct.1
	 - Status: SUCCESS
	 - Description: "Kani does not support reasoning about pointer to unallocated memory"
	 - Location: ../../../../../runner/work/kani/kani/library/kani/src/lib.rs:57:1 in function kani::mem::cbmc::same_allocation

Check 128: kani::rustc_intrinsics::size_of_val_raw::<str>.unreachable.1
	 - Status: SUCCESS
	 - Description: "unreachable code"
	 - Location: ../../../../../runner/work/kani/kani/library/kani_core/src/models.rs:23:13 in function kani::rustc_intrinsics::size_of_val_raw::<str>

Check 129: kani::rustc_intrinsics::size_of_val_raw::<str>.safety_check.1
	 - Status: SUCCESS
	 - Description: "failed to compute `size_of_val`"
	 - Location: ../../../../../runner/work/kani/kani/library/kani/src/lib.rs:57:1 in function kani::rustc_intrinsics::size_of_val_raw::<str>

Check 130: kani::rustc_intrinsics::size_of_val_raw::<str>.assertion.1
	 - Status: SUCCESS
	 - Description: "cannot compute `size_of_val` for extern types"
	 - Location: ../../../../../runner/work/kani/kani/library/kani/src/lib.rs:57:1 in function kani::rustc_intrinsics::size_of_val_raw::<str>

Check 131: std::vec::Vec::<std::option::Option<value::SlotValue>>::extend_with.unreachable.1
	 - Status: SUCCESS
	 - Description: "unreachable code"
	 - Location: ../../../../../runner/.rustup/toolchains/nightly-2025-11-21-x86_64-unknown-linux-gnu/lib/rustlib/src/rust/library/alloc/src/vec/mod.rs:3454:22 in function std::vec::Vec::<std::option::Option<value::SlotValue>>::extend_with

Check 132: std::ptr::const_ptr::<impl *const ()>::is_aligned_to.assertion.1
	 - Status: UNREACHABLE
	 - Description: "attempt to subtract with overflow"
	 - Location: ../../../../../runner/.rustup/toolchains/nightly-2025-11-21-x86_64-unknown-linux-gnu/lib/rustlib/src/rust/library/core/src/ptr/const_ptr.rs:1377:23 in function std::ptr::const_ptr::<impl *const ()>::is_aligned_to

Check 133: std::ptr::const_ptr::<impl *const ()>::is_aligned_to.assertion.2
	 - Status: SUCCESS
	 - Description: "This is a placeholder message; Kani doesn't support message formatted at runtime"
	 - Location: ../../../../../runner/.rustup/toolchains/nightly-2025-11-21-x86_64-unknown-linux-gnu/lib/rustlib/src/rust/library/core/src/ptr/const_ptr.rs:1374:13 in function std::ptr::const_ptr::<impl *const ()>::is_aligned_to

Check 134: action::verify_idempotency.unreachable.1
	 - Status: SUCCESS
	 - Description: "unreachable code"
	 - Location: crates/vb_core/src/action.rs:379:11 in function action::verify_idempotency

Check 135: std::result::Result::<(std::alloc::Layout, usize), std::alloc::LayoutError>::map::<std::alloc::Layout, {closure@alloc::raw_vec::layout_array::{closure#0}}>.unreachable.1
	 - Status: SUCCESS
	 - Description: "unreachable code"
	 - Location: ../../../../../runner/.rustup/toolchains/nightly-2025-11-21-x86_64-unknown-linux-gnu/lib/rustlib/src/rust/library/core/src/result.rs:835:15 in function std::result::Result::<(std::alloc::Layout, usize), std::alloc::LayoutError>::map::<std::alloc::Layout, {closure@alloc::raw_vec::layout_array::{closure#0}}>

Check 136: core::num::<impl usize>::abs_diff.assertion.1
	 - Status: UNREACHABLE
	 - Description: "attempt to subtract with overflow"
	 - Location: ../../../../../runner/.rustup/toolchains/nightly-2025-11-21-x86_64-unknown-linux-gnu/lib/rustlib/src/rust/library/core/src/num/uint_macros.rs:2852:21 in function core::num::<impl usize>::abs_diff

Check 137: core::num::<impl usize>::abs_diff.assertion.2
	 - Status: UNREACHABLE
	 - Description: "attempt to subtract with overflow"
	 - Location: ../../../../../runner/.rustup/toolchains/nightly-2025-11-21-x86_64-unknown-linux-gnu/lib/rustlib/src/rust/library/core/src/num/uint_macros.rs:2854:21 in function core::num::<impl usize>::abs_diff

Check 138: <std::result::Result<&mut std::option::Option<value::SlotValue>, errors::CoreError> as std::ops::Try>::branch.unreachable.1
	 - Status: SUCCESS
	 - Description: "unreachable code"
	 - Location: ../../../../../runner/.rustup/toolchains/nightly-2025-11-21-x86_64-unknown-linux-gnu/lib/rustlib/src/rust/library/core/src/result.rs:2173:15 in function <std::result::Result<&mut std::option::Option<value::SlotValue>, errors::CoreError> as std::ops::Try>::branch

Check 139: std::boxed::Box::<[std::mem::MaybeUninit<value::Taint>]>::into_raw_with_allocator.safety_check.1
	 - Status: SUCCESS
	 - Description: "misaligned pointer to reference cast: address must be a multiple of its type's alignment"
	 - Location: ../../../../../runner/.rustup/toolchains/nightly-2025-11-21-x86_64-unknown-linux-gnu/lib/rustlib/src/rust/library/alloc/src/boxed.rs:1485:19 in function std::boxed::Box::<[std::mem::MaybeUninit<value::Taint>]>::into_raw_with_allocator

Check 140: std::boxed::Box::<[std::mem::MaybeUninit<value::Taint>]>::into_raw_with_allocator.safety_check.2
	 - Status: SUCCESS
	 - Description: "dereference failure: pointer invalid"
	 - Location: ../../../../../runner/.rustup/toolchains/nightly-2025-11-21-x86_64-unknown-linux-gnu/lib/rustlib/src/rust/library/alloc/src/boxed.rs:1485:19 in function std::boxed::Box::<[std::mem::MaybeUninit<value::Taint>]>::into_raw_with_allocator

Check 141: <std::result::Result<&std::option::Option<value::SlotValue>, errors::CoreError> as std::ops::Try>::branch.unreachable.1
	 - Status: SUCCESS
	 - Description: "unreachable code"
	 - Location: ../../../../../runner/.rustup/toolchains/nightly-2025-11-21-x86_64-unknown-linux-gnu/lib/rustlib/src/rust/library/core/src/result.rs:2173:15 in function <std::result::Result<&std::option::Option<value::SlotValue>, errors::CoreError> as std::ops::Try>::branch

Check 142: alloc::raw_vec::RawVecInner::shrink_unchecked.unreachable.1
	 - Status: SUCCESS
	 - Description: "unreachable code"
	 - Location: ../../../../../runner/.rustup/toolchains/nightly-2025-11-21-x86_64-unknown-linux-gnu/lib/rustlib/src/rust/library/alloc/src/raw_vec/mod.rs:811:17 in function alloc::raw_vec::RawVecInner::shrink_unchecked

Check 143: kani_idempotency_gates::unreachable_for_kani_frame_bounds.unreachable.1
	 - Status: SUCCESS
	 - Description: "unreachable code"
	 - Location: crates/vb_core/src/kani_idempotency_gates.rs:202:11 in function kani_idempotency_gates::unreachable_for_kani_frame_bounds

Check 144: <std::result::Result<std::ptr::NonNull<[u8]>, std::collections::TryReserveErrorKind> as std::ops::Try>::branch.unreachable.1
	 - Status: SUCCESS
	 - Description: "unreachable code"
	 - Location: ../../../../../runner/.rustup/toolchains/nightly-2025-11-21-x86_64-unknown-linux-gnu/lib/rustlib/src/rust/library/core/src/result.rs:2173:15 in function <std::result::Result<std::ptr::NonNull<[u8]>, std::collections::TryReserveErrorKind> as std::ops::Try>::branch

Check 145: std::ptr::drop_in_place::<alloc::raw_vec::RawVec<capability::Capability>>.safety_check.1
	 - Status: SUCCESS
	 - Description: "misaligned pointer to reference cast: address must be a multiple of its type's alignment"
	 - Location: ../../../../../runner/.rustup/toolchains/nightly-2025-11-21-x86_64-unknown-linux-gnu/lib/rustlib/src/rust/library/core/src/ptr/mod.rs:805:1 in function std::ptr::drop_in_place::<alloc::raw_vec::RawVec<capability::Capability>>

Check 146: std::ptr::drop_in_place::<alloc::raw_vec::RawVec<capability::Capability>>.safety_check.2
	 - Status: SUCCESS
	 - Description: "dereference failure: pointer invalid"
	 - Location: ../../../../../runner/.rustup/toolchains/nightly-2025-11-21-x86_64-unknown-linux-gnu/lib/rustlib/src/rust/library/core/src/ptr/mod.rs:805:1 in function std::ptr::drop_in_place::<alloc::raw_vec::RawVec<capability::Capability>>

Check 147: std::ptr::drop_in_place::<std::vec::set_len_on_drop::SetLenOnDrop<'_>>.safety_check.1
	 - Status: SUCCESS
	 - Description: "misaligned pointer to reference cast: address must be a multiple of its type's alignment"
	 - Location: ../../../../../runner/.rustup/toolchains/nightly-2025-11-21-x86_64-unknown-linux-gnu/lib/rustlib/src/rust/library/core/src/ptr/mod.rs:805:1 in function std::ptr::drop_in_place::<std::vec::set_len_on_drop::SetLenOnDrop<'_>>

Check 148: std::ptr::drop_in_place::<std::vec::set_len_on_drop::SetLenOnDrop<'_>>.safety_check.2
	 - Status: SUCCESS
	 - Description: "dereference failure: pointer invalid"
	 - Location: ../../../../../runner/.rustup/toolchains/nightly-2025-11-21-x86_64-unknown-linux-gnu/lib/rustlib/src/rust/library/core/src/ptr/mod.rs:805:1 in function std::ptr::drop_in_place::<std::vec::set_len_on_drop::SetLenOnDrop<'_>>

Check 149: std::alloc::handle_alloc_error::rt_error.unsupported_construct.1
	 - Status: SUCCESS
	 - Description: "call to foreign "Rust" function `_RNvCs1hStedNDpZ2_7___rustc26___rust_alloc_error_handler` is not currently supported by Kani. Please post your example at https://github.com/model-checking/kani/issues/new/choose"
	 - Location: ../../../../../runner/.rustup/toolchains/nightly-2025-11-21-x86_64-unknown-linux-gnu/lib/rustlib/src/rust/library/alloc/src/alloc.rs:366:5 in function std::alloc::handle_alloc_error::rt_error

Check 150: core::num::<impl usize>::checked_add.arithmetic_overflow.1
	 - Status: SUCCESS
	 - Description: "attempt to compute `unchecked_add` which would overflow"
	 - Location: ../../../../../runner/.rustup/toolchains/nightly-2025-11-21-x86_64-unknown-linux-gnu/lib/rustlib/src/rust/library/core/src/num/uint_macros.rs:658:31 in function core::num::<impl usize>::checked_add

Check 151: <std::result::Result<std::ptr::NonNull<[u8]>, std::collections::TryReserveError> as std::ops::Try>::branch.unreachable.1
	 - Status: SUCCESS
	 - Description: "unreachable code"
	 - Location: ../../../../../runner/.rustup/toolchains/nightly-2025-11-21-x86_64-unknown-linux-gnu/lib/rustlib/src/rust/library/core/src/result.rs:2173:15 in function <std::result::Result<std::ptr::NonNull<[u8]>, std::collections::TryReserveError> as std::ops::Try>::branch

Check 152: <std::alloc::Global as std::alloc::Allocator>::shrink.unreachable.1
	 - Status: SUCCESS
	 - Description: "unreachable code"
	 - Location: crates/vb_core/src/lib.rs:0:0 in function <std::alloc::Global as std::alloc::Allocator>::shrink

Check 153: alloc::raw_vec::RawVecInner::with_capacity_in.unreachable.1
	 - Status: SUCCESS
	 - Description: "unreachable code"
	 - Location: ../../../../../runner/.rustup/toolchains/nightly-2025-11-21-x86_64-unknown-linux-gnu/lib/rustlib/src/rust/library/alloc/src/raw_vec/mod.rs:419:15 in function alloc::raw_vec::RawVecInner::with_capacity_in

Check 154: core::panicking::panic_nounwind_fmt::runtime.unsupported_construct.1
	 - Status: SUCCESS
	 - Description: "call to foreign "Rust" function `_RNvCs1hStedNDpZ2_7___rustc17rust_begin_unwind` is not currently supported by Kani. Please post your example at https://github.com/model-checking/kani/issues/new/choose"
	 - Location: ../../../../../runner/.rustup/toolchains/nightly-2025-11-21-x86_64-unknown-linux-gnu/lib/rustlib/src/rust/library/core/src/panicking.rs:110:17 in function core::panicking::panic_nounwind_fmt::runtime

Check 155: <std::result::Result<&mut value::Taint, errors::CoreError> as std::ops::Try>::branch.unreachable.1
	 - Status: SUCCESS
	 - Description: "unreachable code"
	 - Location: ../../../../../runner/.rustup/toolchains/nightly-2025-11-21-x86_64-unknown-linux-gnu/lib/rustlib/src/rust/library/core/src/result.rs:2173:15 in function <std::result::Result<&mut value::Taint, errors::CoreError> as std::ops::Try>::branch

Check 156: kani_idempotency_gates::one_slot_frame_with_taint.unreachable.1
	 - Status: SUCCESS
	 - Description: "unreachable code"
	 - Location: crates/vb_core/src/kani_idempotency_gates.rs:112:27 in function kani_idempotency_gates::one_slot_frame_with_taint

Check 157: kani::rustc_intrinsics::align_of_val_raw::<[frame::StepState]>.unreachable.1
	 - Status: SUCCESS
	 - Description: "unreachable code"
	 - Location: ../../../../../runner/work/kani/kani/library/kani_core/src/models.rs:43:13 in function kani::rustc_intrinsics::align_of_val_raw::<[frame::StepState]>

Check 158: kani::rustc_intrinsics::align_of_val_raw::<[frame::StepState]>.safety_check.1
	 - Status: SUCCESS
	 - Description: "failed to compute `align_of_val`"
	 - Location: ../../../../../runner/work/kani/kani/library/kani/src/lib.rs:57:1 in function kani::rustc_intrinsics::align_of_val_raw::<[frame::StepState]>

Check 159: kani::rustc_intrinsics::align_of_val_raw::<[frame::StepState]>.assertion.1
	 - Status: SUCCESS
	 - Description: "cannot compute `align_of_val` for extern types"
	 - Location: ../../../../../runner/work/kani/kani/library/kani/src/lib.rs:57:1 in function kani::rustc_intrinsics::align_of_val_raw::<[frame::StepState]>

Check 160: std::vec::Vec::<frame::StepState>::extend_with.unreachable.1
	 - Status: SUCCESS
	 - Description: "unreachable code"
	 - Location: ../../../../../runner/.rustup/toolchains/nightly-2025-11-21-x86_64-unknown-linux-gnu/lib/rustlib/src/rust/library/alloc/src/vec/mod.rs:3454:22 in function std::vec::Vec::<frame::StepState>::extend_with

Check 161: <std::result::Result<std::ptr::NonNull<[u8]>, std::alloc::AllocError> as std::ops::Try>::branch.unreachable.1
	 - Status: SUCCESS
	 - Description: "unreachable code"
	 - Location: ../../../../../runner/.rustup/toolchains/nightly-2025-11-21-x86_64-unknown-linux-gnu/lib/rustlib/src/rust/library/core/src/result.rs:2173:15 in function <std::result::Result<std::ptr::NonNull<[u8]>, std::alloc::AllocError> as std::ops::Try>::branch

Check 162: alloc::raw_vec::handle_error.unreachable.1
	 - Status: SUCCESS
	 - Description: "unreachable code"
	 - Location: ../../../../../runner/.rustup/toolchains/nightly-2025-11-21-x86_64-unknown-linux-gnu/lib/rustlib/src/rust/library/alloc/src/raw_vec/mod.rs:845:11 in function alloc::raw_vec::handle_error

Check 163: std::option::Option::<&value::Taint>::copied.unreachable.1
	 - Status: SUCCESS
	 - Description: "unreachable code"
	 - Location: ../../../../../runner/.rustup/toolchains/nightly-2025-11-21-x86_64-unknown-linux-gnu/lib/rustlib/src/rust/library/core/src/option.rs:2058:15 in function std::option::Option::<&value::Taint>::copied

Check 164: kani::rustc_intrinsics::offset::<u8, *mut u8, usize>.safety_check.1
	 - Status: SUCCESS
	 - Description: "Offset in bytes overflows isize"
	 - Location: ../../../../../runner/work/kani/kani/library/kani/src/lib.rs:57:1 in function kani::rustc_intrinsics::offset::<u8, *mut u8, usize>

Check 165: kani::rustc_intrinsics::offset::<u8, *mut u8, usize>.safety_check.2
	 - Status: SUCCESS
	 - Description: "Offset result and original pointer must point to the same allocation"
	 - Location: ../../../../../runner/work/kani/kani/library/kani/src/lib.rs:57:1 in function kani::rustc_intrinsics::offset::<u8, *mut u8, usize>

Check 166: kani::rustc_intrinsics::size_of_val_raw::<[std::option::Option<value::SlotValue>]>.unreachable.1
	 - Status: SUCCESS
	 - Description: "unreachable code"
	 - Location: ../../../../../runner/work/kani/kani/library/kani_core/src/models.rs:23:13 in function kani::rustc_intrinsics::size_of_val_raw::<[std::option::Option<value::SlotValue>]>

Check 167: kani::rustc_intrinsics::size_of_val_raw::<[std::option::Option<value::SlotValue>]>.safety_check.1
	 - Status: SUCCESS
	 - Description: "failed to compute `size_of_val`"
	 - Location: ../../../../../runner/work/kani/kani/library/kani/src/lib.rs:57:1 in function kani::rustc_intrinsics::size_of_val_raw::<[std::option::Option<value::SlotValue>]>

Check 168: kani::rustc_intrinsics::size_of_val_raw::<[std::option::Option<value::SlotValue>]>.assertion.1
	 - Status: SUCCESS
	 - Description: "cannot compute `size_of_val` for extern types"
	 - Location: ../../../../../runner/work/kani/kani/library/kani/src/lib.rs:57:1 in function kani::rustc_intrinsics::size_of_val_raw::<[std::option::Option<value::SlotValue>]>

Check 169: kani::rustc_intrinsics::offset::<std::option::Option<value::SlotValue>, *mut std::option::Option<value::SlotValue>, usize>.safety_check.1
	 - Status: SUCCESS
	 - Description: "Offset in bytes overflows isize"
	 - Location: ../../../../../runner/work/kani/kani/library/kani/src/lib.rs:57:1 in function kani::rustc_intrinsics::offset::<std::option::Option<value::SlotValue>, *mut std::option::Option<value::SlotValue>, usize>

Check 170: kani::rustc_intrinsics::offset::<std::option::Option<value::SlotValue>, *mut std::option::Option<value::SlotValue>, usize>.safety_check.2
	 - Status: SUCCESS
	 - Description: "Offset result and original pointer must point to the same allocation"
	 - Location: ../../../../../runner/work/kani/kani/library/kani/src/lib.rs:57:1 in function kani::rustc_intrinsics::offset::<std::option::Option<value::SlotValue>, *mut std::option::Option<value::SlotValue>, usize>

Check 171: std::alloc::Layout::pad_to_align.pointer_dereference.1
	 - Status: SUCCESS
	 - Description: "dereference failure: pointer NULL"
	 - Location: ../../../../../runner/.rustup/toolchains/nightly-2025-11-21-x86_64-unknown-linux-gnu/lib/rustlib/src/rust/library/core/src/alloc/layout.rs:324:61 in function std::alloc::Layout::pad_to_align

Check 172: std::alloc::Layout::pad_to_align.pointer_dereference.2
	 - Status: SUCCESS
	 - Description: "dereference failure: pointer invalid"
	 - Location: ../../../../../runner/.rustup/toolchains/nightly-2025-11-21-x86_64-unknown-linux-gnu/lib/rustlib/src/rust/library/core/src/alloc/layout.rs:324:61 in function std::alloc::Layout::pad_to_align

Check 173: std::alloc::Layout::pad_to_align.pointer_dereference.3
	 - Status: SUCCESS
	 - Description: "dereference failure: deallocated dynamic object"
	 - Location: ../../../../../runner/.rustup/toolchains/nightly-2025-11-21-x86_64-unknown-linux-gnu/lib/rustlib/src/rust/library/core/src/alloc/layout.rs:324:61 in function std::alloc::Layout::pad_to_align

Check 174: std::alloc::Layout::pad_to_align.pointer_dereference.4
	 - Status: SUCCESS
	 - Description: "dereference failure: dead object"
	 - Location: ../../../../../runner/.rustup/toolchains/nightly-2025-11-21-x86_64-unknown-linux-gnu/lib/rustlib/src/rust/library/core/src/alloc/layout.rs:324:61 in function std::alloc::Layout::pad_to_align

Check 175: std::alloc::Layout::pad_to_align.pointer_dereference.5
	 - Status: SUCCESS
	 - Description: "dereference failure: pointer outside object bounds"
	 - Location: ../../../../../runner/.rustup/toolchains/nightly-2025-11-21-x86_64-unknown-linux-gnu/lib/rustlib/src/rust/library/core/src/alloc/layout.rs:324:61 in function std::alloc::Layout::pad_to_align

Check 176: std::alloc::Layout::pad_to_align.pointer_dereference.6
	 - Status: SUCCESS
	 - Description: "dereference failure: invalid integer address"
	 - Location: ../../../../../runner/.rustup/toolchains/nightly-2025-11-21-x86_64-unknown-linux-gnu/lib/rustlib/src/rust/library/core/src/alloc/layout.rs:324:61 in function std::alloc::Layout::pad_to_align

Check 177: <usize as std::slice::SliceIndex<[ids::SlotIdx]>>::get.pointer_dereference.1
	 - Status: SUCCESS
	 - Description: "dereference failure: dead object"
	 - Location: ../../../../../runner/.rustup/toolchains/nightly-2025-11-21-x86_64-unknown-linux-gnu/lib/rustlib/src/rust/library/core/src/slice/index.rs:223:13 in function <usize as std::slice::SliceIndex<[ids::SlotIdx]>>::get

Check 178: alloc::raw_vec::RawVecInner::finish_grow.pointer_dereference.1
	 - Status: SUCCESS
	 - Description: "dereference failure: dead object"
	 - Location: ../../../../../runner/.rustup/toolchains/nightly-2025-11-21-x86_64-unknown-linux-gnu/lib/rustlib/src/rust/library/alloc/src/raw_vec/mod.rs:747:55 in function alloc::raw_vec::RawVecInner::finish_grow

Check 179: std::ptr::read::<alloc::raw_vec::RawVec<value::Taint>>.pointer_dereference.1
	 - Status: SUCCESS
	 - Description: "dereference failure: pointer NULL"
	 - Location: ../../../../../runner/.rustup/toolchains/nightly-2025-11-21-x86_64-unknown-linux-gnu/lib/rustlib/src/rust/library/core/src/ptr/mod.rs:1708:9 in function std::ptr::read::<alloc::raw_vec::RawVec<value::Taint>>

Check 180: std::ptr::read::<alloc::raw_vec::RawVec<value::Taint>>.pointer_dereference.2
	 - Status: SUCCESS
	 - Description: "dereference failure: pointer invalid"
	 - Location: ../../../../../runner/.rustup/toolchains/nightly-2025-11-21-x86_64-unknown-linux-gnu/lib/rustlib/src/rust/library/core/src/ptr/mod.rs:1708:9 in function std::ptr::read::<alloc::raw_vec::RawVec<value::Taint>>

Check 181: std::ptr::read::<alloc::raw_vec::RawVec<value::Taint>>.pointer_dereference.3
	 - Status: SUCCESS
	 - Description: "dereference failure: deallocated dynamic object"
	 - Location: ../../../../../runner/.rustup/toolchains/nightly-2025-11-21-x86_64-unknown-linux-gnu/lib/rustlib/src/rust/library/core/src/ptr/mod.rs:1708:9 in function std::ptr::read::<alloc::raw_vec::RawVec<value::Taint>>

Check 182: std::ptr::read::<alloc::raw_vec::RawVec<value::Taint>>.pointer_dereference.4
	 - Status: SUCCESS
	 - Description: "dereference failure: dead object"
	 - Location: ../../../../../runner/.rustup/toolchains/nightly-2025-11-21-x86_64-unknown-linux-gnu/lib/rustlib/src/rust/library/core/src/ptr/mod.rs:1708:9 in function std::ptr::read::<alloc::raw_vec::RawVec<value::Taint>>

Check 183: std::ptr::read::<alloc::raw_vec::RawVec<value::Taint>>.pointer_dereference.5
	 - Status: SUCCESS
	 - Description: "dereference failure: pointer outside object bounds"
	 - Location: ../../../../../runner/.rustup/toolchains/nightly-2025-11-21-x86_64-unknown-linux-gnu/lib/rustlib/src/rust/library/core/src/ptr/mod.rs:1708:9 in function std::ptr::read::<alloc::raw_vec::RawVec<value::Taint>>

Check 184: std::ptr::read::<alloc::raw_vec::RawVec<value::Taint>>.pointer_dereference.6
	 - Status: SUCCESS
	 - Description: "dereference failure: invalid integer address"
	 - Location: ../../../../../runner/.rustup/toolchains/nightly-2025-11-21-x86_64-unknown-linux-gnu/lib/rustlib/src/rust/library/core/src/ptr/mod.rs:1708:9 in function std::ptr::read::<alloc::raw_vec::RawVec<value::Taint>>

Check 185: std::option::Option::<value::Taint>::ok_or::<errors::CoreError>.pointer_dereference.1
	 - Status: SUCCESS
	 - Description: "dereference failure: dead object"
	 - Location: ../../../../../runner/.rustup/toolchains/nightly-2025-11-21-x86_64-unknown-linux-gnu/lib/rustlib/src/rust/library/core/src/option.rs:1338:15 in function std::option::Option::<value::Taint>::ok_or::<errors::CoreError>

Check 186: std::option::Option::<value::Taint>::ok_or::<errors::CoreError>.pointer_dereference.2
	 - Status: SUCCESS
	 - Description: "dereference failure: dead object"
	 - Location: ../../../../../runner/.rustup/toolchains/nightly-2025-11-21-x86_64-unknown-linux-gnu/lib/rustlib/src/rust/library/core/src/option.rs:1339:24 in function std::option::Option::<value::Taint>::ok_or::<errors::CoreError>

Check 187: std::ptr::drop_in_place::<std::boxed::Box<[frame::StepState]>>.pointer_dereference.1
	 - Status: SUCCESS
	 - Description: "dereference failure: pointer NULL"
	 - Location: ../../../../../runner/.rustup/toolchains/nightly-2025-11-21-x86_64-unknown-linux-gnu/lib/rustlib/src/rust/library/core/src/ptr/mod.rs:805:1 in function std::ptr::drop_in_place::<std::boxed::Box<[frame::StepState]>>

Check 188: std::ptr::drop_in_place::<std::boxed::Box<[frame::StepState]>>.pointer_dereference.2
	 - Status: SUCCESS
	 - Description: "dereference failure: pointer invalid"
	 - Location: ../../../../../runner/.rustup/toolchains/nightly-2025-11-21-x86_64-unknown-linux-gnu/lib/rustlib/src/rust/library/core/src/ptr/mod.rs:805:1 in function std::ptr::drop_in_place::<std::boxed::Box<[frame::StepState]>>

Check 189: std::ptr::drop_in_place::<std::boxed::Box<[frame::StepState]>>.pointer_dereference.3
	 - Status: SUCCESS
	 - Description: "dereference failure: deallocated dynamic object"
	 - Location: ../../../../../runner/.rustup/toolchains/nightly-2025-11-21-x86_64-unknown-linux-gnu/lib/rustlib/src/rust/library/core/src/ptr/mod.rs:805:1 in function std::ptr::drop_in_place::<std::boxed::Box<[frame::StepState]>>

Check 190: std::ptr::drop_in_place::<std::boxed::Box<[frame::StepState]>>.pointer_dereference.4
	 - Status: SUCCESS
	 - Description: "dereference failure: dead object"
	 - Location: ../../../../../runner/.rustup/toolchains/nightly-2025-11-21-x86_64-unknown-linux-gnu/lib/rustlib/src/rust/library/core/src/ptr/mod.rs:805:1 in function std::ptr::drop_in_place::<std::boxed::Box<[frame::StepState]>>

Check 191: std::ptr::drop_in_place::<std::boxed::Box<[frame::StepState]>>.pointer_dereference.5
	 - Status: SUCCESS
	 - Description: "dereference failure: pointer outside object bounds"
	 - Location: ../../../../../runner/.rustup/toolchains/nightly-2025-11-21-x86_64-unknown-linux-gnu/lib/rustlib/src/rust/library/core/src/ptr/mod.rs:805:1 in function std::ptr::drop_in_place::<std::boxed::Box<[frame::StepState]>>

Check 192: std::ptr::drop_in_place::<std::boxed::Box<[frame::StepState]>>.pointer_dereference.6
	 - Status: SUCCESS
	 - Description: "dereference failure: invalid integer address"
	 - Location: ../../../../../runner/.rustup/toolchains/nightly-2025-11-21-x86_64-unknown-linux-gnu/lib/rustlib/src/rust/library/core/src/ptr/mod.rs:805:1 in function std::ptr::drop_in_place::<std::boxed::Box<[frame::StepState]>>

Check 193: std::alloc::Layout::is_size_align_valid.pointer_dereference.1
	 - Status: SUCCESS
	 - Description: "dereference failure: dead object"
	 - Location: ../../../../../runner/.rustup/toolchains/nightly-2025-11-21-x86_64-unknown-linux-gnu/lib/rustlib/src/rust/library/core/src/alloc/layout.rs:69:27 in function std::alloc::Layout::is_size_align_valid

Check 194: std::alloc::Layout::repeat_packed.pointer_dereference.1
	 - Status: SUCCESS
	 - Description: "dereference failure: pointer NULL"
	 - Location: ../../../../../runner/.rustup/toolchains/nightly-2025-11-21-x86_64-unknown-linux-gnu/lib/rustlib/src/rust/library/core/src/alloc/layout.rs:448:29 in function std::alloc::Layout::repeat_packed

Check 195: std::alloc::Layout::repeat_packed.pointer_dereference.2
	 - Status: SUCCESS
	 - Description: "dereference failure: pointer invalid"
	 - Location: ../../../../../runner/.rustup/toolchains/nightly-2025-11-21-x86_64-unknown-linux-gnu/lib/rustlib/src/rust/library/core/src/alloc/layout.rs:448:29 in function std::alloc::Layout::repeat_packed

Check 196: std::alloc::Layout::repeat_packed.pointer_dereference.3
	 - Status: SUCCESS
	 - Description: "dereference failure: deallocated dynamic object"
	 - Location: ../../../../../runner/.rustup/toolchains/nightly-2025-11-21-x86_64-unknown-linux-gnu/lib/rustlib/src/rust/library/core/src/alloc/layout.rs:448:29 in function std::alloc::Layout::repeat_packed

Check 197: std::alloc::Layout::repeat_packed.pointer_dereference.4
	 - Status: SUCCESS
	 - Description: "dereference failure: dead object"
	 - Location: ../../../../../runner/.rustup/toolchains/nightly-2025-11-21-x86_64-unknown-linux-gnu/lib/rustlib/src/rust/library/core/src/alloc/layout.rs:448:29 in function std::alloc::Layout::repeat_packed

Check 198: std::alloc::Layout::repeat_packed.pointer_dereference.5
	 - Status: SUCCESS
	 - Description: "dereference failure: pointer outside object bounds"
	 - Location: ../../../../../runner/.rustup/toolchains/nightly-2025-11-21-x86_64-unknown-linux-gnu/lib/rustlib/src/rust/library/core/src/alloc/layout.rs:448:29 in function std::alloc::Layout::repeat_packed

Check 199: std::alloc::Layout::repeat_packed.pointer_dereference.6
	 - Status: SUCCESS
	 - Description: "dereference failure: invalid integer address"
	 - Location: ../../../../../runner/.rustup/toolchains/nightly-2025-11-21-x86_64-unknown-linux-gnu/lib/rustlib/src/rust/library/core/src/alloc/layout.rs:448:29 in function std::alloc::Layout::repeat_packed

Check 200: std::alloc::Layout::repeat_packed.pointer_dereference.7
	 - Status: SUCCESS
	 - Description: "dereference failure: dead object"
	 - Location: ../../../../../runner/.rustup/toolchains/nightly-2025-11-21-x86_64-unknown-linux-gnu/lib/rustlib/src/rust/library/core/src/alloc/layout.rs:452:13 in function std::alloc::Layout::repeat_packed

Check 201: std::alloc::Layout::repeat_packed.pointer_dereference.8
	 - Status: SUCCESS
	 - Description: "dereference failure: pointer NULL"
	 - Location: ../../../../../runner/.rustup/toolchains/nightly-2025-11-21-x86_64-unknown-linux-gnu/lib/rustlib/src/rust/library/core/src/alloc/layout.rs:450:47 in function std::alloc::Layout::repeat_packed

Check 202: std::alloc::Layout::repeat_packed.pointer_dereference.9
	 - Status: SUCCESS
	 - Description: "dereference failure: pointer invalid"
	 - Location: ../../../../../runner/.rustup/toolchains/nightly-2025-11-21-x86_64-unknown-linux-gnu/lib/rustlib/src/rust/library/core/src/alloc/layout.rs:450:47 in function std::alloc::Layout::repeat_packed

Check 203: std::alloc::Layout::repeat_packed.pointer_dereference.10
	 - Status: SUCCESS
	 - Description: "dereference failure: deallocated dynamic object"
	 - Location: ../../../../../runner/.rustup/toolchains/nightly-2025-11-21-x86_64-unknown-linux-gnu/lib/rustlib/src/rust/library/core/src/alloc/layout.rs:450:47 in function std::alloc::Layout::repeat_packed

Check 204: std::alloc::Layout::repeat_packed.pointer_dereference.11
	 - Status: SUCCESS
	 - Description: "dereference failure: dead object"
	 - Location: ../../../../../runner/.rustup/toolchains/nightly-2025-11-21-x86_64-unknown-linux-gnu/lib/rustlib/src/rust/library/core/src/alloc/layout.rs:450:47 in function std::alloc::Layout::repeat_packed

Check 205: std::alloc::Layout::repeat_packed.pointer_dereference.12
	 - Status: SUCCESS
	 - Description: "dereference failure: pointer outside object bounds"
	 - Location: ../../../../../runner/.rustup/toolchains/nightly-2025-11-21-x86_64-unknown-linux-gnu/lib/rustlib/src/rust/library/core/src/alloc/layout.rs:450:47 in function std::alloc::Layout::repeat_packed

Check 206: std::alloc::Layout::repeat_packed.pointer_dereference.13
	 - Status: SUCCESS
	 - Description: "dereference failure: invalid integer address"
	 - Location: ../../../../../runner/.rustup/toolchains/nightly-2025-11-21-x86_64-unknown-linux-gnu/lib/rustlib/src/rust/library/core/src/alloc/layout.rs:450:47 in function std::alloc::Layout::repeat_packed

Check 207: std::alloc::Layout::dangling.pointer_dereference.1
	 - Status: SUCCESS
	 - Description: "dereference failure: pointer NULL"
	 - Location: ../../../../../runner/.rustup/toolchains/nightly-2025-11-21-x86_64-unknown-linux-gnu/lib/rustlib/src/rust/library/core/src/alloc/layout.rs:223:37 in function std::alloc::Layout::dangling

Check 208: std::alloc::Layout::dangling.pointer_dereference.2
	 - Status: SUCCESS
	 - Description: "dereference failure: pointer invalid"
	 - Location: ../../../../../runner/.rustup/toolchains/nightly-2025-11-21-x86_64-unknown-linux-gnu/lib/rustlib/src/rust/library/core/src/alloc/layout.rs:223:37 in function std::alloc::Layout::dangling

Check 209: std::alloc::Layout::dangling.pointer_dereference.3
	 - Status: SUCCESS
	 - Description: "dereference failure: deallocated dynamic object"
	 - Location: ../../../../../runner/.rustup/toolchains/nightly-2025-11-21-x86_64-unknown-linux-gnu/lib/rustlib/src/rust/library/core/src/alloc/layout.rs:223:37 in function std::alloc::Layout::dangling

Check 210: std::alloc::Layout::dangling.pointer_dereference.4
	 - Status: SUCCESS
	 - Description: "dereference failure: dead object"
	 - Location: ../../../../../runner/.rustup/toolchains/nightly-2025-11-21-x86_64-unknown-linux-gnu/lib/rustlib/src/rust/library/core/src/alloc/layout.rs:223:37 in function std::alloc::Layout::dangling

Check 211: std::alloc::Layout::dangling.pointer_dereference.5
	 - Status: SUCCESS
	 - Description: "dereference failure: pointer outside object bounds"
	 - Location: ../../../../../runner/.rustup/toolchains/nightly-2025-11-21-x86_64-unknown-linux-gnu/lib/rustlib/src/rust/library/core/src/alloc/layout.rs:223:37 in function std::alloc::Layout::dangling

Check 212: std::alloc::Layout::dangling.pointer_dereference.6
	 - Status: SUCCESS
	 - Description: "dereference failure: invalid integer address"
	 - Location: ../../../../../runner/.rustup/toolchains/nightly-2025-11-21-x86_64-unknown-linux-gnu/lib/rustlib/src/rust/library/core/src/alloc/layout.rs:223:37 in function std::alloc::Layout::dangling

Check 213: std::ptr::drop_in_place::<std::boxed::Box<str>>.pointer_dereference.1
	 - Status: SUCCESS
	 - Description: "dereference failure: pointer NULL"
	 - Location: ../../../../../runner/.rustup/toolchains/nightly-2025-11-21-x86_64-unknown-linux-gnu/lib/rustlib/src/rust/library/core/src/ptr/mod.rs:805:1 in function std::ptr::drop_in_place::<std::boxed::Box<str>>

Check 214: std::ptr::drop_in_place::<std::boxed::Box<str>>.pointer_dereference.2
	 - Status: SUCCESS
	 - Description: "dereference failure: pointer invalid"
	 - Location: ../../../../../runner/.rustup/toolchains/nightly-2025-11-21-x86_64-unknown-linux-gnu/lib/rustlib/src/rust/library/core/src/ptr/mod.rs:805:1 in function std::ptr::drop_in_place::<std::boxed::Box<str>>

Check 215: std::ptr::drop_in_place::<std::boxed::Box<str>>.pointer_dereference.3
	 - Status: SUCCESS
	 - Description: "dereference failure: deallocated dynamic object"
	 - Location: ../../../../../runner/.rustup/toolchains/nightly-2025-11-21-x86_64-unknown-linux-gnu/lib/rustlib/src/rust/library/core/src/ptr/mod.rs:805:1 in function std::ptr::drop_in_place::<std::boxed::Box<str>>

Check 216: std::ptr::drop_in_place::<std::boxed::Box<str>>.pointer_dereference.4
	 - Status: SUCCESS
	 - Description: "dereference failure: dead object"
	 - Location: ../../../../../runner/.rustup/toolchains/nightly-2025-11-21-x86_64-unknown-linux-gnu/lib/rustlib/src/rust/library/core/src/ptr/mod.rs:805:1 in function std::ptr::drop_in_place::<std::boxed::Box<str>>

Check 217: std::ptr::drop_in_place::<std::boxed::Box<str>>.pointer_dereference.5
	 - Status: SUCCESS
	 - Description: "dereference failure: pointer outside object bounds"
	 - Location: ../../../../../runner/.rustup/toolchains/nightly-2025-11-21-x86_64-unknown-linux-gnu/lib/rustlib/src/rust/library/core/src/ptr/mod.rs:805:1 in function std::ptr::drop_in_place::<std::boxed::Box<str>>

Check 218: std::ptr::drop_in_place::<std::boxed::Box<str>>.pointer_dereference.6
	 - Status: SUCCESS
	 - Description: "dereference failure: invalid integer address"
	 - Location: ../../../../../runner/.rustup/toolchains/nightly-2025-11-21-x86_64-unknown-linux-gnu/lib/rustlib/src/rust/library/core/src/ptr/mod.rs:805:1 in function std::ptr::drop_in_place::<std::boxed::Box<str>>

Check 219: std::boxed::Box::<[std::mem::MaybeUninit<std::option::Option<value::SlotValue>>]>::into_raw_with_allocator.pointer_dereference.1
	 - Status: SUCCESS
	 - Description: "dereference failure: pointer NULL"
	 - Location: ../../../../../runner/.rustup/toolchains/nightly-2025-11-21-x86_64-unknown-linux-gnu/lib/rustlib/src/rust/library/alloc/src/boxed.rs:1485:19 in function std::boxed::Box::<[std::mem::MaybeUninit<std::option::Option<value::SlotValue>>]>::into_raw_with_allocator

Check 220: std::boxed::Box::<[std::mem::MaybeUninit<std::option::Option<value::SlotValue>>]>::into_raw_with_allocator.pointer_dereference.2
	 - Status: SUCCESS
	 - Description: "dereference failure: pointer invalid"
	 - Location: ../../../../../runner/.rustup/toolchains/nightly-2025-11-21-x86_64-unknown-linux-gnu/lib/rustlib/src/rust/library/alloc/src/boxed.rs:1485:19 in function std::boxed::Box::<[std::mem::MaybeUninit<std::option::Option<value::SlotValue>>]>::into_raw_with_allocator

Check 221: std::boxed::Box::<[std::mem::MaybeUninit<std::option::Option<value::SlotValue>>]>::into_raw_with_allocator.pointer_dereference.3
	 - Status: SUCCESS
	 - Description: "dereference failure: deallocated dynamic object"
	 - Location: ../../../../../runner/.rustup/toolchains/nightly-2025-11-21-x86_64-unknown-linux-gnu/lib/rustlib/src/rust/library/alloc/src/boxed.rs:1485:19 in function std::boxed::Box::<[std::mem::MaybeUninit<std::option::Option<value::SlotValue>>]>::into_raw_with_allocator

Check 222: std::boxed::Box::<[std::mem::MaybeUninit<std::option::Option<value::SlotValue>>]>::into_raw_with_allocator.pointer_dereference.4
	 - Status: SUCCESS
	 - Description: "dereference failure: dead object"
	 - Location: ../../../../../runner/.rustup/toolchains/nightly-2025-11-21-x86_64-unknown-linux-gnu/lib/rustlib/src/rust/library/alloc/src/boxed.rs:1485:19 in function std::boxed::Box::<[std::mem::MaybeUninit<std::option::Option<value::SlotValue>>]>::into_raw_with_allocator

Check 223: std::boxed::Box::<[std::mem::MaybeUninit<std::option::Option<value::SlotValue>>]>::into_raw_with_allocator.pointer_dereference.5
	 - Status: SUCCESS
	 - Description: "dereference failure: pointer outside object bounds"
	 - Location: ../../../../../runner/.rustup/toolchains/nightly-2025-11-21-x86_64-unknown-linux-gnu/lib/rustlib/src/rust/library/alloc/src/boxed.rs:1485:19 in function std::boxed::Box::<[std::mem::MaybeUninit<std::option::Option<value::SlotValue>>]>::into_raw_with_allocator

Check 224: std::boxed::Box::<[std::mem::MaybeUninit<std::option::Option<value::SlotValue>>]>::into_raw_with_allocator.pointer_dereference.6
	 - Status: SUCCESS
	 - Description: "dereference failure: invalid integer address"
	 - Location: ../../../../../runner/.rustup/toolchains/nightly-2025-11-21-x86_64-unknown-linux-gnu/lib/rustlib/src/rust/library/alloc/src/boxed.rs:1485:19 in function std::boxed::Box::<[std::mem::MaybeUninit<std::option::Option<value::SlotValue>>]>::into_raw_with_allocator

Check 225: alloc::raw_vec::RawVecInner::non_null::<value::Taint>.pointer_dereference.1
	 - Status: SUCCESS
	 - Description: "dereference failure: pointer NULL"
	 - Location: ../../../../../runner/.rustup/toolchains/nightly-2025-11-21-x86_64-unknown-linux-gnu/lib/rustlib/src/rust/library/alloc/src/raw_vec/mod.rs:504:9 in function alloc::raw_vec::RawVecInner::non_null::<value::Taint>

Check 226: alloc::raw_vec::RawVecInner::non_null::<value::Taint>.pointer_dereference.2
	 - Status: SUCCESS
	 - Description: "dereference failure: pointer invalid"
	 - Location: ../../../../../runner/.rustup/toolchains/nightly-2025-11-21-x86_64-unknown-linux-gnu/lib/rustlib/src/rust/library/alloc/src/raw_vec/mod.rs:504:9 in function alloc::raw_vec::RawVecInner::non_null::<value::Taint>

Check 227: alloc::raw_vec::RawVecInner::non_null::<value::Taint>.pointer_dereference.3
	 - Status: SUCCESS
	 - Description: "dereference failure: deallocated dynamic object"
	 - Location: ../../../../../runner/.rustup/toolchains/nightly-2025-11-21-x86_64-unknown-linux-gnu/lib/rustlib/src/rust/library/alloc/src/raw_vec/mod.rs:504:9 in function alloc::raw_vec::RawVecInner::non_null::<value::Taint>

Check 228: alloc::raw_vec::RawVecInner::non_null::<value::Taint>.pointer_dereference.4
	 - Status: SUCCESS
	 - Description: "dereference failure: dead object"
	 - Location: ../../../../../runner/.rustup/toolchains/nightly-2025-11-21-x86_64-unknown-linux-gnu/lib/rustlib/src/rust/library/alloc/src/raw_vec/mod.rs:504:9 in function alloc::raw_vec::RawVecInner::non_null::<value::Taint>

Check 229: alloc::raw_vec::RawVecInner::non_null::<value::Taint>.pointer_dereference.5
	 - Status: SUCCESS
	 - Description: "dereference failure: pointer outside object bounds"
	 - Location: ../../../../../runner/.rustup/toolchains/nightly-2025-11-21-x86_64-unknown-linux-gnu/lib/rustlib/src/rust/library/alloc/src/raw_vec/mod.rs:504:9 in function alloc::raw_vec::RawVecInner::non_null::<value::Taint>

Check 230: alloc::raw_vec::RawVecInner::non_null::<value::Taint>.pointer_dereference.6
	 - Status: SUCCESS
	 - Description: "dereference failure: invalid integer address"
	 - Location: ../../../../../runner/.rustup/toolchains/nightly-2025-11-21-x86_64-unknown-linux-gnu/lib/rustlib/src/rust/library/alloc/src/raw_vec/mod.rs:504:9 in function alloc::raw_vec::RawVecInner::non_null::<value::Taint>

Check 231: memcpy.pointer.1
	 - Status: SUCCESS
	 - Description: "same object violation in (const char *)(const void *)ptr >= (const char *)(void *)result + (signed long int)bytes_to_copy"
	 - Location: <builtin-library-memcpy>:33 in function memcpy

Check 232: memcpy.pointer.2
	 - Status: SUCCESS
	 - Description: "same object violation in (const char *)(void *)result >= (const char *)(const void *)ptr + (signed long int)bytes_to_copy"
	 - Location: <builtin-library-memcpy>:34 in function memcpy

Check 233: __rust_realloc.precondition_instance.1
	 - Status: SUCCESS
	 - Description: "memcpy src/dst overlap"
	 - Location: ../../../../.kani/kani-0.67.0/library/kani/kani_lib.c:114 in function __rust_realloc

Check 234: __rust_realloc.precondition_instance.2
	 - Status: SUCCESS
	 - Description: "memcpy source region readable"
	 - Location: ../../../../.kani/kani-0.67.0/library/kani/kani_lib.c:114 in function __rust_realloc

Check 235: __rust_realloc.precondition_instance.3
	 - Status: SUCCESS
	 - Description: "memcpy destination region writeable"
	 - Location: ../../../../.kani/kani-0.67.0/library/kani/kani_lib.c:114 in function __rust_realloc

Check 236: __rust_realloc.precondition_instance.4
	 - Status: SUCCESS
	 - Description: "free argument must be NULL or valid pointer"
	 - Location: ../../../../.kani/kani-0.67.0/library/kani/kani_lib.c:115 in function __rust_realloc

Check 237: __rust_realloc.precondition_instance.5
	 - Status: SUCCESS
	 - Description: "free argument must be dynamic object"
	 - Location: ../../../../.kani/kani-0.67.0/library/kani/kani_lib.c:115 in function __rust_realloc

Check 238: __rust_realloc.precondition_instance.6
	 - Status: SUCCESS
	 - Description: "free argument has offset zero"
	 - Location: ../../../../.kani/kani-0.67.0/library/kani/kani_lib.c:115 in function __rust_realloc

Check 239: __rust_realloc.precondition_instance.7
	 - Status: SUCCESS
	 - Description: "double free"
	 - Location: ../../../../.kani/kani-0.67.0/library/kani/kani_lib.c:115 in function __rust_realloc

Check 240: __rust_realloc.precondition_instance.8
	 - Status: SUCCESS
	 - Description: "free called for new[] object"
	 - Location: ../../../../.kani/kani-0.67.0/library/kani/kani_lib.c:115 in function __rust_realloc

Check 241: __rust_realloc.precondition_instance.9
	 - Status: SUCCESS
	 - Description: "free called for stack-allocated object"
	 - Location: ../../../../.kani/kani-0.67.0/library/kani/kani_lib.c:115 in function __rust_realloc

Check 242: alloc::raw_vec::RawVecInner::set_ptr_and_cap.pointer_dereference.1
	 - Status: SUCCESS
	 - Description: "dereference failure: pointer NULL"
	 - Location: ../../../../../runner/.rustup/toolchains/nightly-2025-11-21-x86_64-unknown-linux-gnu/lib/rustlib/src/rust/library/alloc/src/raw_vec/mod.rs:663:9 in function alloc::raw_vec::RawVecInner::set_ptr_and_cap

Check 243: alloc::raw_vec::RawVecInner::set_ptr_and_cap.pointer_dereference.2
	 - Status: SUCCESS
	 - Description: "dereference failure: pointer invalid"
	 - Location: ../../../../../runner/.rustup/toolchains/nightly-2025-11-21-x86_64-unknown-linux-gnu/lib/rustlib/src/rust/library/alloc/src/raw_vec/mod.rs:663:9 in function alloc::raw_vec::RawVecInner::set_ptr_and_cap

Check 244: alloc::raw_vec::RawVecInner::set_ptr_and_cap.pointer_dereference.3
	 - Status: SUCCESS
	 - Description: "dereference failure: deallocated dynamic object"
	 - Location: ../../../../../runner/.rustup/toolchains/nightly-2025-11-21-x86_64-unknown-linux-gnu/lib/rustlib/src/rust/library/alloc/src/raw_vec/mod.rs:663:9 in function alloc::raw_vec::RawVecInner::set_ptr_and_cap

Check 245: alloc::raw_vec::RawVecInner::set_ptr_and_cap.pointer_dereference.4
	 - Status: SUCCESS
	 - Description: "dereference failure: dead object"
	 - Location: ../../../../../runner/.rustup/toolchains/nightly-2025-11-21-x86_64-unknown-linux-gnu/lib/rustlib/src/rust/library/alloc/src/raw_vec/mod.rs:663:9 in function alloc::raw_vec::RawVecInner::set_ptr_and_cap

Check 246: alloc::raw_vec::RawVecInner::set_ptr_and_cap.pointer_dereference.5
	 - Status: SUCCESS
	 - Description: "dereference failure: pointer outside object bounds"
	 - Location: ../../../../../runner/.rustup/toolchains/nightly-2025-11-21-x86_64-unknown-linux-gnu/lib/rustlib/src/rust/library/alloc/src/raw_vec/mod.rs:663:9 in function alloc::raw_vec::RawVecInner::set_ptr_and_cap

Check 247: alloc::raw_vec::RawVecInner::set_ptr_and_cap.pointer_dereference.6
	 - Status: SUCCESS
	 - Description: "dereference failure: invalid integer address"
	 - Location: ../../../../../runner/.rustup/toolchains/nightly-2025-11-21-x86_64-unknown-linux-gnu/lib/rustlib/src/rust/library/alloc/src/raw_vec/mod.rs:663:9 in function alloc::raw_vec::RawVecInner::set_ptr_and_cap

Check 248: alloc::raw_vec::RawVecInner::set_ptr_and_cap.pointer_dereference.7
	 - Status: SUCCESS
	 - Description: "dereference failure: pointer NULL"
	 - Location: ../../../../../runner/.rustup/toolchains/nightly-2025-11-21-x86_64-unknown-linux-gnu/lib/rustlib/src/rust/library/alloc/src/raw_vec/mod.rs:664:9 in function alloc::raw_vec::RawVecInner::set_ptr_and_cap

Check 249: alloc::raw_vec::RawVecInner::set_ptr_and_cap.pointer_dereference.8
	 - Status: SUCCESS
	 - Description: "dereference failure: pointer invalid"
	 - Location: ../../../../../runner/.rustup/toolchains/nightly-2025-11-21-x86_64-unknown-linux-gnu/lib/rustlib/src/rust/library/alloc/src/raw_vec/mod.rs:664:9 in function alloc::raw_vec::RawVecInner::set_ptr_and_cap

Check 250: alloc::raw_vec::RawVecInner::set_ptr_and_cap.pointer_dereference.9
	 - Status: SUCCESS
	 - Description: "dereference failure: deallocated dynamic object"
	 - Location: ../../../../../runner/.rustup/toolchains/nightly-2025-11-21-x86_64-unknown-linux-gnu/lib/rustlib/src/rust/library/alloc/src/raw_vec/mod.rs:664:9 in function alloc::raw_vec::RawVecInner::set_ptr_and_cap

Check 251: alloc::raw_vec::RawVecInner::set_ptr_and_cap.pointer_dereference.10
	 - Status: SUCCESS
	 - Description: "dereference failure: dead object"
	 - Location: ../../../../../runner/.rustup/toolchains/nightly-2025-11-21-x86_64-unknown-linux-gnu/lib/rustlib/src/rust/library/alloc/src/raw_vec/mod.rs:664:9 in function alloc::raw_vec::RawVecInner::set_ptr_and_cap

Check 252: alloc::raw_vec::RawVecInner::set_ptr_and_cap.pointer_dereference.11
	 - Status: SUCCESS
	 - Description: "dereference failure: pointer outside object bounds"
	 - Location: ../../../../../runner/.rustup/toolchains/nightly-2025-11-21-x86_64-unknown-linux-gnu/lib/rustlib/src/rust/library/alloc/src/raw_vec/mod.rs:664:9 in function alloc::raw_vec::RawVecInner::set_ptr_and_cap

Check 253: alloc::raw_vec::RawVecInner::set_ptr_and_cap.pointer_dereference.12
	 - Status: SUCCESS
	 - Description: "dereference failure: invalid integer address"
	 - Location: ../../../../../runner/.rustup/toolchains/nightly-2025-11-21-x86_64-unknown-linux-gnu/lib/rustlib/src/rust/library/alloc/src/raw_vec/mod.rs:664:9 in function alloc::raw_vec::RawVecInner::set_ptr_and_cap

Check 254: frame::RunFrame::write_slot_with_taint.pointer_dereference.1
	 - Status: SUCCESS
	 - Description: "dereference failure: pointer NULL"
	 - Location: crates/vb_core/src/frame.rs:272:10 in function frame::RunFrame::write_slot_with_taint

Check 255: frame::RunFrame::write_slot_with_taint.pointer_dereference.2
	 - Status: SUCCESS
	 - Description: "dereference failure: pointer invalid"
	 - Location: crates/vb_core/src/frame.rs:272:10 in function frame::RunFrame::write_slot_with_taint

Check 256: frame::RunFrame::write_slot_with_taint.pointer_dereference.3
	 - Status: SUCCESS
	 - Description: "dereference failure: deallocated dynamic object"
	 - Location: crates/vb_core/src/frame.rs:272:10 in function frame::RunFrame::write_slot_with_taint

Check 257: frame::RunFrame::write_slot_with_taint.pointer_dereference.4
	 - Status: SUCCESS
	 - Description: "dereference failure: dead object"
	 - Location: crates/vb_core/src/frame.rs:272:10 in function frame::RunFrame::write_slot_with_taint

Check 258: frame::RunFrame::write_slot_with_taint.pointer_dereference.5
	 - Status: SUCCESS
	 - Description: "dereference failure: pointer outside object bounds"
	 - Location: crates/vb_core/src/frame.rs:272:10 in function frame::RunFrame::write_slot_with_taint

Check 259: frame::RunFrame::write_slot_with_taint.pointer_dereference.6
	 - Status: SUCCESS
	 - Description: "dereference failure: invalid integer address"
	 - Location: crates/vb_core/src/frame.rs:272:10 in function frame::RunFrame::write_slot_with_taint

Check 260: frame::RunFrame::write_slot_with_taint.pointer_dereference.7
	 - Status: SUCCESS
	 - Description: "dereference failure: dead object"
	 - Location: crates/vb_core/src/frame.rs:272:10 in function frame::RunFrame::write_slot_with_taint

Check 261: frame::RunFrame::write_slot_with_taint.pointer_dereference.8
	 - Status: SUCCESS
	 - Description: "dereference failure: pointer NULL"
	 - Location: crates/vb_core/src/frame.rs:272:9 in function frame::RunFrame::write_slot_with_taint

Check 262: frame::RunFrame::write_slot_with_taint.pointer_dereference.9
	 - Status: SUCCESS
	 - Description: "dereference failure: pointer invalid"
	 - Location: crates/vb_core/src/frame.rs:272:9 in function frame::RunFrame::write_slot_with_taint

Check 263: frame::RunFrame::write_slot_with_taint.pointer_dereference.10
	 - Status: SUCCESS
	 - Description: "dereference failure: deallocated dynamic object"
	 - Location: crates/vb_core/src/frame.rs:272:9 in function frame::RunFrame::write_slot_with_taint

Check 264: frame::RunFrame::write_slot_with_taint.pointer_dereference.11
	 - Status: SUCCESS
	 - Description: "dereference failure: dead object"
	 - Location: crates/vb_core/src/frame.rs:272:9 in function frame::RunFrame::write_slot_with_taint

Check 265: frame::RunFrame::write_slot_with_taint.pointer_dereference.12
	 - Status: SUCCESS
	 - Description: "dereference failure: pointer outside object bounds"
	 - Location: crates/vb_core/src/frame.rs:272:9 in function frame::RunFrame::write_slot_with_taint

Check 266: frame::RunFrame::write_slot_with_taint.pointer_dereference.13
	 - Status: SUCCESS
	 - Description: "dereference failure: invalid integer address"
	 - Location: crates/vb_core/src/frame.rs:272:9 in function frame::RunFrame::write_slot_with_taint

Check 267: frame::RunFrame::write_slot_with_taint.pointer_dereference.14
	 - Status: SUCCESS
	 - Description: "dereference failure: pointer NULL"
	 - Location: crates/vb_core/src/frame.rs:276:10 in function frame::RunFrame::write_slot_with_taint

Check 268: frame::RunFrame::write_slot_with_taint.pointer_dereference.15
	 - Status: SUCCESS
	 - Description: "dereference failure: pointer invalid"
	 - Location: crates/vb_core/src/frame.rs:276:10 in function frame::RunFrame::write_slot_with_taint

Check 269: frame::RunFrame::write_slot_with_taint.pointer_dereference.16
	 - Status: SUCCESS
	 - Description: "dereference failure: deallocated dynamic object"
	 - Location: crates/vb_core/src/frame.rs:276:10 in function frame::RunFrame::write_slot_with_taint

Check 270: frame::RunFrame::write_slot_with_taint.pointer_dereference.17
	 - Status: SUCCESS
	 - Description: "dereference failure: dead object"
	 - Location: crates/vb_core/src/frame.rs:276:10 in function frame::RunFrame::write_slot_with_taint

Check 271: frame::RunFrame::write_slot_with_taint.pointer_dereference.18
	 - Status: SUCCESS
	 - Description: "dereference failure: pointer outside object bounds"
	 - Location: crates/vb_core/src/frame.rs:276:10 in function frame::RunFrame::write_slot_with_taint

Check 272: frame::RunFrame::write_slot_with_taint.pointer_dereference.19
	 - Status: SUCCESS
	 - Description: "dereference failure: invalid integer address"
	 - Location: crates/vb_core/src/frame.rs:276:10 in function frame::RunFrame::write_slot_with_taint

Check 273: frame::RunFrame::write_slot_with_taint.pointer_dereference.20
	 - Status: SUCCESS
	 - Description: "dereference failure: dead object"
	 - Location: crates/vb_core/src/frame.rs:276:10 in function frame::RunFrame::write_slot_with_taint

Check 274: frame::RunFrame::write_slot_with_taint.pointer_dereference.21
	 - Status: SUCCESS
	 - Description: "dereference failure: pointer NULL"
	 - Location: crates/vb_core/src/frame.rs:276:9 in function frame::RunFrame::write_slot_with_taint

Check 275: frame::RunFrame::write_slot_with_taint.pointer_dereference.22
	 - Status: SUCCESS
	 - Description: "dereference failure: pointer invalid"
	 - Location: crates/vb_core/src/frame.rs:276:9 in function frame::RunFrame::write_slot_with_taint

Check 276: frame::RunFrame::write_slot_with_taint.pointer_dereference.23
	 - Status: SUCCESS
	 - Description: "dereference failure: deallocated dynamic object"
	 - Location: crates/vb_core/src/frame.rs:276:9 in function frame::RunFrame::write_slot_with_taint

Check 277: frame::RunFrame::write_slot_with_taint.pointer_dereference.24
	 - Status: SUCCESS
	 - Description: "dereference failure: dead object"
	 - Location: crates/vb_core/src/frame.rs:276:9 in function frame::RunFrame::write_slot_with_taint

Check 278: frame::RunFrame::write_slot_with_taint.pointer_dereference.25
	 - Status: SUCCESS
	 - Description: "dereference failure: pointer outside object bounds"
	 - Location: crates/vb_core/src/frame.rs:276:9 in function frame::RunFrame::write_slot_with_taint

Check 279: frame::RunFrame::write_slot_with_taint.pointer_dereference.26
	 - Status: SUCCESS
	 - Description: "dereference failure: invalid integer address"
	 - Location: crates/vb_core/src/frame.rs:276:9 in function frame::RunFrame::write_slot_with_taint

Check 280: frame::RunFrame::write_slot_with_taint.pointer_dereference.27
	 - Status: SUCCESS
	 - Description: "dereference failure: dead object"
	 - Location: crates/vb_core/src/frame.rs:280:9 in function frame::RunFrame::write_slot_with_taint

Check 281: __rust_dealloc.precondition_instance.1
	 - Status: SUCCESS
	 - Description: "free argument must be NULL or valid pointer"
	 - Location: ../../../../.kani/kani-0.67.0/library/kani/kani_lib.c:87 in function __rust_dealloc

Check 282: __rust_dealloc.precondition_instance.2
	 - Status: SUCCESS
	 - Description: "free argument must be dynamic object"
	 - Location: ../../../../.kani/kani-0.67.0/library/kani/kani_lib.c:87 in function __rust_dealloc

Check 283: __rust_dealloc.precondition_instance.3
	 - Status: SUCCESS
	 - Description: "free argument has offset zero"
	 - Location: ../../../../.kani/kani-0.67.0/library/kani/kani_lib.c:87 in function __rust_dealloc

Check 284: __rust_dealloc.precondition_instance.4
	 - Status: SUCCESS
	 - Description: "double free"
	 - Location: ../../../../.kani/kani-0.67.0/library/kani/kani_lib.c:87 in function __rust_dealloc

Check 285: __rust_dealloc.precondition_instance.5
	 - Status: SUCCESS
	 - Description: "free called for new[] object"
	 - Location: ../../../../.kani/kani-0.67.0/library/kani/kani_lib.c:87 in function __rust_dealloc

Check 286: __rust_dealloc.precondition_instance.6
	 - Status: SUCCESS
	 - Description: "free called for stack-allocated object"
	 - Location: ../../../../.kani/kani-0.67.0/library/kani/kani_lib.c:87 in function __rust_dealloc

Check 287: std::ptr::write::<std::option::Option<value::SlotValue>>.pointer_dereference.1
	 - Status: SUCCESS
	 - Description: "dereference failure: pointer NULL"
	 - Location: ../../../../../runner/.rustup/toolchains/nightly-2025-11-21-x86_64-unknown-linux-gnu/lib/rustlib/src/rust/library/core/src/ptr/mod.rs:1908:9 in function std::ptr::write::<std::option::Option<value::SlotValue>>

Check 288: std::ptr::write::<std::option::Option<value::SlotValue>>.pointer_dereference.2
	 - Status: SUCCESS
	 - Description: "dereference failure: pointer invalid"
	 - Location: ../../../../../runner/.rustup/toolchains/nightly-2025-11-21-x86_64-unknown-linux-gnu/lib/rustlib/src/rust/library/core/src/ptr/mod.rs:1908:9 in function std::ptr::write::<std::option::Option<value::SlotValue>>

Check 289: std::ptr::write::<std::option::Option<value::SlotValue>>.pointer_dereference.3
	 - Status: SUCCESS
	 - Description: "dereference failure: deallocated dynamic object"
	 - Location: ../../../../../runner/.rustup/toolchains/nightly-2025-11-21-x86_64-unknown-linux-gnu/lib/rustlib/src/rust/library/core/src/ptr/mod.rs:1908:9 in function std::ptr::write::<std::option::Option<value::SlotValue>>

Check 290: std::ptr::write::<std::option::Option<value::SlotValue>>.pointer_dereference.4
	 - Status: SUCCESS
	 - Description: "dereference failure: dead object"
	 - Location: ../../../../../runner/.rustup/toolchains/nightly-2025-11-21-x86_64-unknown-linux-gnu/lib/rustlib/src/rust/library/core/src/ptr/mod.rs:1908:9 in function std::ptr::write::<std::option::Option<value::SlotValue>>

Check 291: std::ptr::write::<std::option::Option<value::SlotValue>>.pointer_dereference.5
	 - Status: SUCCESS
	 - Description: "dereference failure: pointer outside object bounds"
	 - Location: ../../../../../runner/.rustup/toolchains/nightly-2025-11-21-x86_64-unknown-linux-gnu/lib/rustlib/src/rust/library/core/src/ptr/mod.rs:1908:9 in function std::ptr::write::<std::option::Option<value::SlotValue>>

Check 292: std::ptr::write::<std::option::Option<value::SlotValue>>.pointer_dereference.6
	 - Status: SUCCESS
	 - Description: "dereference failure: invalid integer address"
	 - Location: ../../../../../runner/.rustup/toolchains/nightly-2025-11-21-x86_64-unknown-linux-gnu/lib/rustlib/src/rust/library/core/src/ptr/mod.rs:1908:9 in function std::ptr::write::<std::option::Option<value::SlotValue>>

Check 293: std::ptr::drop_in_place::<std::boxed::Box<[value::Taint]>>.pointer_dereference.1
	 - Status: SUCCESS
	 - Description: "dereference failure: pointer NULL"
	 - Location: ../../../../../runner/.rustup/toolchains/nightly-2025-11-21-x86_64-unknown-linux-gnu/lib/rustlib/src/rust/library/core/src/ptr/mod.rs:805:1 in function std::ptr::drop_in_place::<std::boxed::Box<[value::Taint]>>

Check 294: std::ptr::drop_in_place::<std::boxed::Box<[value::Taint]>>.pointer_dereference.2
	 - Status: SUCCESS
	 - Description: "dereference failure: pointer invalid"
	 - Location: ../../../../../runner/.rustup/toolchains/nightly-2025-11-21-x86_64-unknown-linux-gnu/lib/rustlib/src/rust/library/core/src/ptr/mod.rs:805:1 in function std::ptr::drop_in_place::<std::boxed::Box<[value::Taint]>>

Check 295: std::ptr::drop_in_place::<std::boxed::Box<[value::Taint]>>.pointer_dereference.3
	 - Status: SUCCESS
	 - Description: "dereference failure: deallocated dynamic object"
	 - Location: ../../../../../runner/.rustup/toolchains/nightly-2025-11-21-x86_64-unknown-linux-gnu/lib/rustlib/src/rust/library/core/src/ptr/mod.rs:805:1 in function std::ptr::drop_in_place::<std::boxed::Box<[value::Taint]>>

Check 296: std::ptr::drop_in_place::<std::boxed::Box<[value::Taint]>>.pointer_dereference.4
	 - Status: SUCCESS
	 - Description: "dereference failure: dead object"
	 - Location: ../../../../../runner/.rustup/toolchains/nightly-2025-11-21-x86_64-unknown-linux-gnu/lib/rustlib/src/rust/library/core/src/ptr/mod.rs:805:1 in function std::ptr::drop_in_place::<std::boxed::Box<[value::Taint]>>

Check 297: std::ptr::drop_in_place::<std::boxed::Box<[value::Taint]>>.pointer_dereference.5
	 - Status: SUCCESS
	 - Description: "dereference failure: pointer outside object bounds"
	 - Location: ../../../../../runner/.rustup/toolchains/nightly-2025-11-21-x86_64-unknown-linux-gnu/lib/rustlib/src/rust/library/core/src/ptr/mod.rs:805:1 in function std::ptr::drop_in_place::<std::boxed::Box<[value::Taint]>>

Check 298: std::ptr::drop_in_place::<std::boxed::Box<[value::Taint]>>.pointer_dereference.6
	 - Status: SUCCESS
	 - Description: "dereference failure: invalid integer address"
	 - Location: ../../../../../runner/.rustup/toolchains/nightly-2025-11-21-x86_64-unknown-linux-gnu/lib/rustlib/src/rust/library/core/src/ptr/mod.rs:805:1 in function std::ptr::drop_in_place::<std::boxed::Box<[value::Taint]>>

Check 299: std::vec::set_len_on_drop::SetLenOnDrop::<'_>::new.pointer_dereference.1
	 - Status: SUCCESS
	 - Description: "dereference failure: pointer NULL"
	 - Location: ../../../../../runner/.rustup/toolchains/nightly-2025-11-21-x86_64-unknown-linux-gnu/lib/rustlib/src/rust/library/alloc/src/vec/set_len_on_drop.rs:14:35 in function std::vec::set_len_on_drop::SetLenOnDrop::<'_>::new

Check 300: std::vec::set_len_on_drop::SetLenOnDrop::<'_>::new.pointer_dereference.2
	 - Status: SUCCESS
	 - Description: "dereference failure: pointer invalid"
	 - Location: ../../../../../runner/.rustup/toolchains/nightly-2025-11-21-x86_64-unknown-linux-gnu/lib/rustlib/src/rust/library/alloc/src/vec/set_len_on_drop.rs:14:35 in function std::vec::set_len_on_drop::SetLenOnDrop::<'_>::new

Check 301: std::vec::set_len_on_drop::SetLenOnDrop::<'_>::new.pointer_dereference.3
	 - Status: SUCCESS
	 - Description: "dereference failure: deallocated dynamic object"
	 - Location: ../../../../../runner/.rustup/toolchains/nightly-2025-11-21-x86_64-unknown-linux-gnu/lib/rustlib/src/rust/library/alloc/src/vec/set_len_on_drop.rs:14:35 in function std::vec::set_len_on_drop::SetLenOnDrop::<'_>::new

Check 302: std::vec::set_len_on_drop::SetLenOnDrop::<'_>::new.pointer_dereference.4
	 - Status: SUCCESS
	 - Description: "dereference failure: dead object"
	 - Location: ../../../../../runner/.rustup/toolchains/nightly-2025-11-21-x86_64-unknown-linux-gnu/lib/rustlib/src/rust/library/alloc/src/vec/set_len_on_drop.rs:14:35 in function std::vec::set_len_on_drop::SetLenOnDrop::<'_>::new

Check 303: std::vec::set_len_on_drop::SetLenOnDrop::<'_>::new.pointer_dereference.5
	 - Status: SUCCESS
	 - Description: "dereference failure: pointer outside object bounds"
	 - Location: ../../../../../runner/.rustup/toolchains/nightly-2025-11-21-x86_64-unknown-linux-gnu/lib/rustlib/src/rust/library/alloc/src/vec/set_len_on_drop.rs:14:35 in function std::vec::set_len_on_drop::SetLenOnDrop::<'_>::new

Check 304: std::vec::set_len_on_drop::SetLenOnDrop::<'_>::new.pointer_dereference.6
	 - Status: SUCCESS
	 - Description: "dereference failure: invalid integer address"
	 - Location: ../../../../../runner/.rustup/toolchains/nightly-2025-11-21-x86_64-unknown-linux-gnu/lib/rustlib/src/rust/library/alloc/src/vec/set_len_on_drop.rs:14:35 in function std::vec::set_len_on_drop::SetLenOnDrop::<'_>::new

Check 305: alloc::raw_vec::RawVecInner::deallocate.pointer_dereference.1
	 - Status: SUCCESS
	 - Description: "dereference failure: dead object"
	 - Location: ../../../../../runner/.rustup/toolchains/nightly-2025-11-21-x86_64-unknown-linux-gnu/lib/rustlib/src/rust/library/alloc/src/raw_vec/mod.rs:832:38 in function alloc::raw_vec::RawVecInner::deallocate

Check 306: kani_idempotency_gates::verify_idempotency_required_taint_variants_have_witnesses.pointer_dereference.1
	 - Status: SUCCESS
	 - Description: "dereference failure: dead object"
	 - Location: crates/vb_core/src/kani_idempotency_gates.rs:325:18 in function kani_idempotency_gates::verify_idempotency_required_taint_variants_have_witnesses

Check 307: kani_idempotency_gates::verify_idempotency_required_taint_variants_have_witnesses.pointer_dereference.2
	 - Status: SUCCESS
	 - Description: "dereference failure: dead object"
	 - Location: crates/vb_core/src/kani_idempotency_gates.rs:329:18 in function kani_idempotency_gates::verify_idempotency_required_taint_variants_have_witnesses

Check 308: kani_idempotency_gates::verify_idempotency_required_taint_variants_have_witnesses.pointer_dereference.3
	 - Status: SUCCESS
	 - Description: "dereference failure: dead object"
	 - Location: crates/vb_core/src/kani_idempotency_gates.rs:333:18 in function kani_idempotency_gates::verify_idempotency_required_taint_variants_have_witnesses

Check 309: <std::alloc::Global as std::alloc::Allocator>::shrink.pointer_dereference.1
	 - Status: SUCCESS
	 - Description: "dereference failure: dead object"
	 - Location: ../../../../../runner/.rustup/toolchains/nightly-2025-11-21-x86_64-unknown-linux-gnu/lib/rustlib/src/rust/library/alloc/src/alloc.rs:326:27 in function <std::alloc::Global as std::alloc::Allocator>::shrink

Check 310: <std::alloc::Global as std::alloc::Allocator>::shrink.pointer_dereference.2
	 - Status: SUCCESS
	 - Description: "dereference failure: dead object"
	 - Location: ../../../../../runner/.rustup/toolchains/nightly-2025-11-21-x86_64-unknown-linux-gnu/lib/rustlib/src/rust/library/alloc/src/alloc.rs:336:31 in function <std::alloc::Global as std::alloc::Allocator>::shrink

Check 311: memcpy.pointer.3
	 - Status: SUCCESS
	 - Description: "same object violation in (const char *)(void *)src >= (const char *)(void *)dst + (signed long int)(count * sizeof(unsigned char) /*1*/ )"
	 - Location: <builtin-library-memcpy>:33 in function memcpy

Check 312: memcpy.pointer.4
	 - Status: SUCCESS
	 - Description: "same object violation in (const char *)(void *)dst >= (const char *)(void *)src + (signed long int)(count * sizeof(unsigned char) /*1*/ )"
	 - Location: <builtin-library-memcpy>:34 in function memcpy

Check 313: std::ptr::copy_nonoverlapping::<u8>.precondition_instance.1
	 - Status: SUCCESS
	 - Description: "memcpy src/dst overlap"
	 - Location: ../../../../../runner/.rustup/toolchains/nightly-2025-11-21-x86_64-unknown-linux-gnu/lib/rustlib/src/rust/library/core/src/ptr/mod.rs:547:14 in function std::ptr::copy_nonoverlapping::<u8>

Check 314: std::ptr::copy_nonoverlapping::<u8>.precondition_instance.2
	 - Status: SUCCESS
	 - Description: "memcpy source region readable"
	 - Location: ../../../../../runner/.rustup/toolchains/nightly-2025-11-21-x86_64-unknown-linux-gnu/lib/rustlib/src/rust/library/core/src/ptr/mod.rs:547:14 in function std::ptr::copy_nonoverlapping::<u8>

Check 315: std::ptr::copy_nonoverlapping::<u8>.precondition_instance.3
	 - Status: SUCCESS
	 - Description: "memcpy destination region writeable"
	 - Location: ../../../../../runner/.rustup/toolchains/nightly-2025-11-21-x86_64-unknown-linux-gnu/lib/rustlib/src/rust/library/core/src/ptr/mod.rs:547:14 in function std::ptr::copy_nonoverlapping::<u8>

Check 316: calloc.pointer_dereference.1
	 - Status: SUCCESS
	 - Description: "dereference failure: dead object"
	 - Location: <builtin-library-calloc>:14 in function calloc

Check 317: std::ptr::write_bytes::<u8>.precondition_instance.1
	 - Status: SUCCESS
	 - Description: "memset destination region writeable"
	 - Location: ../../../../../runner/.rustup/toolchains/nightly-2025-11-21-x86_64-unknown-linux-gnu/lib/rustlib/src/rust/library/core/src/ptr/mod.rs:709:9 in function std::ptr::write_bytes::<u8>

Check 318: std::option::Option::<&mut std::option::Option<value::SlotValue>>::ok_or::<errors::CoreError>.pointer_dereference.1
	 - Status: SUCCESS
	 - Description: "dereference failure: dead object"
	 - Location: ../../../../../runner/.rustup/toolchains/nightly-2025-11-21-x86_64-unknown-linux-gnu/lib/rustlib/src/rust/library/core/src/option.rs:1338:15 in function std::option::Option::<&mut std::option::Option<value::SlotValue>>::ok_or::<errors::CoreError>

Check 319: std::option::Option::<&mut std::option::Option<value::SlotValue>>::ok_or::<errors::CoreError>.pointer_dereference.2
	 - Status: SUCCESS
	 - Description: "dereference failure: dead object"
	 - Location: ../../../../../runner/.rustup/toolchains/nightly-2025-11-21-x86_64-unknown-linux-gnu/lib/rustlib/src/rust/library/core/src/option.rs:1339:24 in function std::option::Option::<&mut std::option::Option<value::SlotValue>>::ok_or::<errors::CoreError>

Check 320: <std::vec::Vec<u8> as std::ops::Drop>::drop.pointer_dereference.1
	 - Status: SUCCESS
	 - Description: "dereference failure: pointer NULL"
	 - Location: ../../../../../runner/.rustup/toolchains/nightly-2025-11-21-x86_64-unknown-linux-gnu/lib/rustlib/src/rust/library/alloc/src/vec/mod.rs:4076:81 in function <std::vec::Vec<u8> as std::ops::Drop>::drop

Check 321: <std::vec::Vec<u8> as std::ops::Drop>::drop.pointer_dereference.2
	 - Status: SUCCESS
	 - Description: "dereference failure: pointer invalid"
	 - Location: ../../../../../runner/.rustup/toolchains/nightly-2025-11-21-x86_64-unknown-linux-gnu/lib/rustlib/src/rust/library/alloc/src/vec/mod.rs:4076:81 in function <std::vec::Vec<u8> as std::ops::Drop>::drop

Check 322: <std::vec::Vec<u8> as std::ops::Drop>::drop.pointer_dereference.3
	 - Status: SUCCESS
	 - Description: "dereference failure: deallocated dynamic object"
	 - Location: ../../../../../runner/.rustup/toolchains/nightly-2025-11-21-x86_64-unknown-linux-gnu/lib/rustlib/src/rust/library/alloc/src/vec/mod.rs:4076:81 in function <std::vec::Vec<u8> as std::ops::Drop>::drop

Check 323: <std::vec::Vec<u8> as std::ops::Drop>::drop.pointer_dereference.4
	 - Status: SUCCESS
	 - Description: "dereference failure: dead object"
	 - Location: ../../../../../runner/.rustup/toolchains/nightly-2025-11-21-x86_64-unknown-linux-gnu/lib/rustlib/src/rust/library/alloc/src/vec/mod.rs:4076:81 in function <std::vec::Vec<u8> as std::ops::Drop>::drop

Check 324: <std::vec::Vec<u8> as std::ops::Drop>::drop.pointer_dereference.5
	 - Status: SUCCESS
	 - Description: "dereference failure: pointer outside object bounds"
	 - Location: ../../../../../runner/.rustup/toolchains/nightly-2025-11-21-x86_64-unknown-linux-gnu/lib/rustlib/src/rust/library/alloc/src/vec/mod.rs:4076:81 in function <std::vec::Vec<u8> as std::ops::Drop>::drop

Check 325: <std::vec::Vec<u8> as std::ops::Drop>::drop.pointer_dereference.6
	 - Status: SUCCESS
	 - Description: "dereference failure: invalid integer address"
	 - Location: ../../../../../runner/.rustup/toolchains/nightly-2025-11-21-x86_64-unknown-linux-gnu/lib/rustlib/src/rust/library/alloc/src/vec/mod.rs:4076:81 in function <std::vec::Vec<u8> as std::ops::Drop>::drop

Check 326: <std::alloc::Layout as std::clone::Clone>::clone.pointer_dereference.1
	 - Status: SUCCESS
	 - Description: "dereference failure: pointer NULL"
	 - Location: ../../../../../runner/.rustup/toolchains/nightly-2025-11-21-x86_64-unknown-linux-gnu/lib/rustlib/src/rust/library/core/src/alloc/layout.rs:28:16 in function <std::alloc::Layout as std::clone::Clone>::clone

Check 327: <std::alloc::Layout as std::clone::Clone>::clone.pointer_dereference.2
	 - Status: SUCCESS
	 - Description: "dereference failure: pointer invalid"
	 - Location: ../../../../../runner/.rustup/toolchains/nightly-2025-11-21-x86_64-unknown-linux-gnu/lib/rustlib/src/rust/library/core/src/alloc/layout.rs:28:16 in function <std::alloc::Layout as std::clone::Clone>::clone

Check 328: <std::alloc::Layout as std::clone::Clone>::clone.pointer_dereference.3
	 - Status: SUCCESS
	 - Description: "dereference failure: deallocated dynamic object"
	 - Location: ../../../../../runner/.rustup/toolchains/nightly-2025-11-21-x86_64-unknown-linux-gnu/lib/rustlib/src/rust/library/core/src/alloc/layout.rs:28:16 in function <std::alloc::Layout as std::clone::Clone>::clone

Check 329: <std::alloc::Layout as std::clone::Clone>::clone.pointer_dereference.4
	 - Status: SUCCESS
	 - Description: "dereference failure: dead object"
	 - Location: ../../../../../runner/.rustup/toolchains/nightly-2025-11-21-x86_64-unknown-linux-gnu/lib/rustlib/src/rust/library/core/src/alloc/layout.rs:28:16 in function <std::alloc::Layout as std::clone::Clone>::clone

Check 330: <std::alloc::Layout as std::clone::Clone>::clone.pointer_dereference.5
	 - Status: SUCCESS
	 - Description: "dereference failure: pointer outside object bounds"
	 - Location: ../../../../../runner/.rustup/toolchains/nightly-2025-11-21-x86_64-unknown-linux-gnu/lib/rustlib/src/rust/library/core/src/alloc/layout.rs:28:16 in function <std::alloc::Layout as std::clone::Clone>::clone

Check 331: <std::alloc::Layout as std::clone::Clone>::clone.pointer_dereference.6
	 - Status: SUCCESS
	 - Description: "dereference failure: invalid integer address"
	 - Location: ../../../../../runner/.rustup/toolchains/nightly-2025-11-21-x86_64-unknown-linux-gnu/lib/rustlib/src/rust/library/core/src/alloc/layout.rs:28:16 in function <std::alloc::Layout as std::clone::Clone>::clone

Check 332: std::option::Option::<&mut value::Taint>::ok_or::<errors::CoreError>.pointer_dereference.1
	 - Status: SUCCESS
	 - Description: "dereference failure: dead object"
	 - Location: ../../../../../runner/.rustup/toolchains/nightly-2025-11-21-x86_64-unknown-linux-gnu/lib/rustlib/src/rust/library/core/src/option.rs:1338:15 in function std::option::Option::<&mut value::Taint>::ok_or::<errors::CoreError>

Check 333: std::option::Option::<&mut value::Taint>::ok_or::<errors::CoreError>.pointer_dereference.2
	 - Status: SUCCESS
	 - Description: "dereference failure: dead object"
	 - Location: ../../../../../runner/.rustup/toolchains/nightly-2025-11-21-x86_64-unknown-linux-gnu/lib/rustlib/src/rust/library/core/src/option.rs:1339:24 in function std::option::Option::<&mut value::Taint>::ok_or::<errors::CoreError>

Check 334: std::alloc::Global::grow_impl.pointer_dereference.1
	 - Status: SUCCESS
	 - Description: "dereference failure: dead object"
	 - Location: ../../../../../runner/.rustup/toolchains/nightly-2025-11-21-x86_64-unknown-linux-gnu/lib/rustlib/src/rust/library/alloc/src/alloc.rs:224:27 in function std::alloc::Global::grow_impl

Check 335: std::alloc::Global::grow_impl.pointer_dereference.2
	 - Status: SUCCESS
	 - Description: "dereference failure: dead object"
	 - Location: ../../../../../runner/.rustup/toolchains/nightly-2025-11-21-x86_64-unknown-linux-gnu/lib/rustlib/src/rust/library/alloc/src/alloc.rs:237:31 in function std::alloc::Global::grow_impl

Check 336: std::vec::Vec::<value::Taint>::reserve.pointer_dereference.1
	 - Status: SUCCESS
	 - Description: "dereference failure: pointer NULL"
	 - Location: ../../../../../runner/.rustup/toolchains/nightly-2025-11-21-x86_64-unknown-linux-gnu/lib/rustlib/src/rust/library/alloc/src/vec/mod.rs:1298:26 in function std::vec::Vec::<value::Taint>::reserve

Check 337: std::vec::Vec::<value::Taint>::reserve.pointer_dereference.2
	 - Status: SUCCESS
	 - Description: "dereference failure: pointer invalid"
	 - Location: ../../../../../runner/.rustup/toolchains/nightly-2025-11-21-x86_64-unknown-linux-gnu/lib/rustlib/src/rust/library/alloc/src/vec/mod.rs:1298:26 in function std::vec::Vec::<value::Taint>::reserve

Check 338: std::vec::Vec::<value::Taint>::reserve.pointer_dereference.3
	 - Status: SUCCESS
	 - Description: "dereference failure: deallocated dynamic object"
	 - Location: ../../../../../runner/.rustup/toolchains/nightly-2025-11-21-x86_64-unknown-linux-gnu/lib/rustlib/src/rust/library/alloc/src/vec/mod.rs:1298:26 in function std::vec::Vec::<value::Taint>::reserve

Check 339: std::vec::Vec::<value::Taint>::reserve.pointer_dereference.4
	 - Status: SUCCESS
	 - Description: "dereference failure: dead object"
	 - Location: ../../../../../runner/.rustup/toolchains/nightly-2025-11-21-x86_64-unknown-linux-gnu/lib/rustlib/src/rust/library/alloc/src/vec/mod.rs:1298:26 in function std::vec::Vec::<value::Taint>::reserve

Check 340: std::vec::Vec::<value::Taint>::reserve.pointer_dereference.5
	 - Status: SUCCESS
	 - Description: "dereference failure: pointer outside object bounds"
	 - Location: ../../../../../runner/.rustup/toolchains/nightly-2025-11-21-x86_64-unknown-linux-gnu/lib/rustlib/src/rust/library/alloc/src/vec/mod.rs:1298:26 in function std::vec::Vec::<value::Taint>::reserve

Check 341: std::vec::Vec::<value::Taint>::reserve.pointer_dereference.6
	 - Status: SUCCESS
	 - Description: "dereference failure: invalid integer address"
	 - Location: ../../../../../runner/.rustup/toolchains/nightly-2025-11-21-x86_64-unknown-linux-gnu/lib/rustlib/src/rust/library/alloc/src/vec/mod.rs:1298:26 in function std::vec::Vec::<value::Taint>::reserve

Check 342: alloc::raw_vec::RawVecInner::try_allocate_in.pointer_dereference.1
	 - Status: SUCCESS
	 - Description: "dereference failure: dead object"
	 - Location: ../../../../../runner/.rustup/toolchains/nightly-2025-11-21-x86_64-unknown-linux-gnu/lib/rustlib/src/rust/library/alloc/src/raw_vec/mod.rs:459:34 in function alloc::raw_vec::RawVecInner::try_allocate_in

Check 343: alloc::raw_vec::RawVecInner::try_allocate_in.pointer_dereference.2
	 - Status: SUCCESS
	 - Description: "dereference failure: dead object"
	 - Location: ../../../../../runner/.rustup/toolchains/nightly-2025-11-21-x86_64-unknown-linux-gnu/lib/rustlib/src/rust/library/alloc/src/raw_vec/mod.rs:472:25 in function alloc::raw_vec::RawVecInner::try_allocate_in

Check 344: <std::result::Result<std::ptr::NonNull<u8>, std::alloc::AllocError> as std::ops::Try>::branch.pointer_dereference.1
	 - Status: SUCCESS
	 - Description: "dereference failure: dead object"
	 - Location: ../../../../../runner/.rustup/toolchains/nightly-2025-11-21-x86_64-unknown-linux-gnu/lib/rustlib/src/rust/library/core/src/result.rs:2173:15 in function <std::result::Result<std::ptr::NonNull<u8>, std::alloc::AllocError> as std::ops::Try>::branch

Check 345: <std::result::Result<std::ptr::NonNull<u8>, std::alloc::AllocError> as std::ops::Try>::branch.pointer_dereference.2
	 - Status: SUCCESS
	 - Description: "dereference failure: dead object"
	 - Location: ../../../../../runner/.rustup/toolchains/nightly-2025-11-21-x86_64-unknown-linux-gnu/lib/rustlib/src/rust/library/core/src/result.rs:2175:23 in function <std::result::Result<std::ptr::NonNull<u8>, std::alloc::AllocError> as std::ops::Try>::branch

Check 346: frame::RunFrame::new.pointer_dereference.1
	 - Status: SUCCESS
	 - Description: "dereference failure: dead object"
	 - Location: crates/vb_core/src/frame.rs:96:20 in function frame::RunFrame::new

Check 347: frame::RunFrame::new.pointer_dereference.2
	 - Status: SUCCESS
	 - Description: "dereference failure: dead object"
	 - Location: crates/vb_core/src/frame.rs:108:25 in function frame::RunFrame::new

Check 348: frame::RunFrame::new.pointer_dereference.3
	 - Status: SUCCESS
	 - Description: "dereference failure: dead object"
	 - Location: crates/vb_core/src/frame.rs:91:20 in function frame::RunFrame::new

Check 349: <std::vec::Vec<capability::Capability> as std::ops::Drop>::drop.pointer_dereference.1
	 - Status: SUCCESS
	 - Description: "dereference failure: pointer NULL"
	 - Location: ../../../../../runner/.rustup/toolchains/nightly-2025-11-21-x86_64-unknown-linux-gnu/lib/rustlib/src/rust/library/alloc/src/vec/mod.rs:4076:81 in function <std::vec::Vec<capability::Capability> as std::ops::Drop>::drop

Check 350: <std::vec::Vec<capability::Capability> as std::ops::Drop>::drop.pointer_dereference.2
	 - Status: SUCCESS
	 - Description: "dereference failure: pointer invalid"
	 - Location: ../../../../../runner/.rustup/toolchains/nightly-2025-11-21-x86_64-unknown-linux-gnu/lib/rustlib/src/rust/library/alloc/src/vec/mod.rs:4076:81 in function <std::vec::Vec<capability::Capability> as std::ops::Drop>::drop

Check 351: <std::vec::Vec<capability::Capability> as std::ops::Drop>::drop.pointer_dereference.3
	 - Status: SUCCESS
	 - Description: "dereference failure: deallocated dynamic object"
	 - Location: ../../../../../runner/.rustup/toolchains/nightly-2025-11-21-x86_64-unknown-linux-gnu/lib/rustlib/src/rust/library/alloc/src/vec/mod.rs:4076:81 in function <std::vec::Vec<capability::Capability> as std::ops::Drop>::drop

Check 352: <std::vec::Vec<capability::Capability> as std::ops::Drop>::drop.pointer_dereference.4
	 - Status: SUCCESS
	 - Description: "dereference failure: dead object"
	 - Location: ../../../../../runner/.rustup/toolchains/nightly-2025-11-21-x86_64-unknown-linux-gnu/lib/rustlib/src/rust/library/alloc/src/vec/mod.rs:4076:81 in function <std::vec::Vec<capability::Capability> as std::ops::Drop>::drop

Check 353: <std::vec::Vec<capability::Capability> as std::ops::Drop>::drop.pointer_dereference.5
	 - Status: SUCCESS
	 - Description: "dereference failure: pointer outside object bounds"
	 - Location: ../../../../../runner/.rustup/toolchains/nightly-2025-11-21-x86_64-unknown-linux-gnu/lib/rustlib/src/rust/library/alloc/src/vec/mod.rs:4076:81 in function <std::vec::Vec<capability::Capability> as std::ops::Drop>::drop

Check 354: <std::vec::Vec<capability::Capability> as std::ops::Drop>::drop.pointer_dereference.6
	 - Status: SUCCESS
	 - Description: "dereference failure: invalid integer address"
	 - Location: ../../../../../runner/.rustup/toolchains/nightly-2025-11-21-x86_64-unknown-linux-gnu/lib/rustlib/src/rust/library/alloc/src/vec/mod.rs:4076:81 in function <std::vec::Vec<capability::Capability> as std::ops::Drop>::drop

Check 355: <std::result::Result<usize, std::collections::TryReserveErrorKind> as std::ops::Try>::branch.pointer_dereference.1
	 - Status: SUCCESS
	 - Description: "dereference failure: dead object"
	 - Location: ../../../../../runner/.rustup/toolchains/nightly-2025-11-21-x86_64-unknown-linux-gnu/lib/rustlib/src/rust/library/core/src/result.rs:2173:15 in function <std::result::Result<usize, std::collections::TryReserveErrorKind> as std::ops::Try>::branch

Check 356: <std::result::Result<usize, std::collections::TryReserveErrorKind> as std::ops::Try>::branch.pointer_dereference.2
	 - Status: SUCCESS
	 - Description: "dereference failure: dead object"
	 - Location: ../../../../../runner/.rustup/toolchains/nightly-2025-11-21-x86_64-unknown-linux-gnu/lib/rustlib/src/rust/library/core/src/result.rs:2174:22 in function <std::result::Result<usize, std::collections::TryReserveErrorKind> as std::ops::Try>::branch

Check 357: <std::vec::set_len_on_drop::SetLenOnDrop<'_> as std::ops::Drop>::drop.pointer_dereference.1
	 - Status: SUCCESS
	 - Description: "dereference failure: pointer NULL"
	 - Location: ../../../../../runner/.rustup/toolchains/nightly-2025-11-21-x86_64-unknown-linux-gnu/lib/rustlib/src/rust/library/alloc/src/vec/set_len_on_drop.rs:31:21 in function <std::vec::set_len_on_drop::SetLenOnDrop<'_> as std::ops::Drop>::drop

Check 358: <std::vec::set_len_on_drop::SetLenOnDrop<'_> as std::ops::Drop>::drop.pointer_dereference.2
	 - Status: SUCCESS
	 - Description: "dereference failure: pointer invalid"
	 - Location: ../../../../../runner/.rustup/toolchains/nightly-2025-11-21-x86_64-unknown-linux-gnu/lib/rustlib/src/rust/library/alloc/src/vec/set_len_on_drop.rs:31:21 in function <std::vec::set_len_on_drop::SetLenOnDrop<'_> as std::ops::Drop>::drop

Check 359: <std::vec::set_len_on_drop::SetLenOnDrop<'_> as std::ops::Drop>::drop.pointer_dereference.3
	 - Status: SUCCESS
	 - Description: "dereference failure: deallocated dynamic object"
	 - Location: ../../../../../runner/.rustup/toolchains/nightly-2025-11-21-x86_64-unknown-linux-gnu/lib/rustlib/src/rust/library/alloc/src/vec/set_len_on_drop.rs:31:21 in function <std::vec::set_len_on_drop::SetLenOnDrop<'_> as std::ops::Drop>::drop

Check 360: <std::vec::set_len_on_drop::SetLenOnDrop<'_> as std::ops::Drop>::drop.pointer_dereference.4
	 - Status: SUCCESS
	 - Description: "dereference failure: dead object"
	 - Location: ../../../../../runner/.rustup/toolchains/nightly-2025-11-21-x86_64-unknown-linux-gnu/lib/rustlib/src/rust/library/alloc/src/vec/set_len_on_drop.rs:31:21 in function <std::vec::set_len_on_drop::SetLenOnDrop<'_> as std::ops::Drop>::drop

Check 361: <std::vec::set_len_on_drop::SetLenOnDrop<'_> as std::ops::Drop>::drop.pointer_dereference.5
	 - Status: SUCCESS
	 - Description: "dereference failure: pointer outside object bounds"
	 - Location: ../../../../../runner/.rustup/toolchains/nightly-2025-11-21-x86_64-unknown-linux-gnu/lib/rustlib/src/rust/library/alloc/src/vec/set_len_on_drop.rs:31:21 in function <std::vec::set_len_on_drop::SetLenOnDrop<'_> as std::ops::Drop>::drop

Check 362: <std::vec::set_len_on_drop::SetLenOnDrop<'_> as std::ops::Drop>::drop.pointer_dereference.6
	 - Status: SUCCESS
	 - Description: "dereference failure: invalid integer address"
	 - Location: ../../../../../runner/.rustup/toolchains/nightly-2025-11-21-x86_64-unknown-linux-gnu/lib/rustlib/src/rust/library/alloc/src/vec/set_len_on_drop.rs:31:21 in function <std::vec::set_len_on_drop::SetLenOnDrop<'_> as std::ops::Drop>::drop

Check 363: <std::vec::set_len_on_drop::SetLenOnDrop<'_> as std::ops::Drop>::drop.pointer_dereference.7
	 - Status: SUCCESS
	 - Description: "dereference failure: pointer NULL"
	 - Location: ../../../../../runner/.rustup/toolchains/nightly-2025-11-21-x86_64-unknown-linux-gnu/lib/rustlib/src/rust/library/alloc/src/vec/set_len_on_drop.rs:31:9 in function <std::vec::set_len_on_drop::SetLenOnDrop<'_> as std::ops::Drop>::drop

Check 364: <std::vec::set_len_on_drop::SetLenOnDrop<'_> as std::ops::Drop>::drop.pointer_dereference.8
	 - Status: SUCCESS
	 - Description: "dereference failure: pointer invalid"
	 - Location: ../../../../../runner/.rustup/toolchains/nightly-2025-11-21-x86_64-unknown-linux-gnu/lib/rustlib/src/rust/library/alloc/src/vec/set_len_on_drop.rs:31:9 in function <std::vec::set_len_on_drop::SetLenOnDrop<'_> as std::ops::Drop>::drop

Check 365: <std::vec::set_len_on_drop::SetLenOnDrop<'_> as std::ops::Drop>::drop.pointer_dereference.9
	 - Status: SUCCESS
	 - Description: "dereference failure: deallocated dynamic object"
	 - Location: ../../../../../runner/.rustup/toolchains/nightly-2025-11-21-x86_64-unknown-linux-gnu/lib/rustlib/src/rust/library/alloc/src/vec/set_len_on_drop.rs:31:9 in function <std::vec::set_len_on_drop::SetLenOnDrop<'_> as std::ops::Drop>::drop

Check 366: <std::vec::set_len_on_drop::SetLenOnDrop<'_> as std::ops::Drop>::drop.pointer_dereference.10
	 - Status: SUCCESS
	 - Description: "dereference failure: dead object"
	 - Location: ../../../../../runner/.rustup/toolchains/nightly-2025-11-21-x86_64-unknown-linux-gnu/lib/rustlib/src/rust/library/alloc/src/vec/set_len_on_drop.rs:31:9 in function <std::vec::set_len_on_drop::SetLenOnDrop<'_> as std::ops::Drop>::drop

Check 367: <std::vec::set_len_on_drop::SetLenOnDrop<'_> as std::ops::Drop>::drop.pointer_dereference.11
	 - Status: SUCCESS
	 - Description: "dereference failure: pointer outside object bounds"
	 - Location: ../../../../../runner/.rustup/toolchains/nightly-2025-11-21-x86_64-unknown-linux-gnu/lib/rustlib/src/rust/library/alloc/src/vec/set_len_on_drop.rs:31:9 in function <std::vec::set_len_on_drop::SetLenOnDrop<'_> as std::ops::Drop>::drop

Check 368: <std::vec::set_len_on_drop::SetLenOnDrop<'_> as std::ops::Drop>::drop.pointer_dereference.12
	 - Status: SUCCESS
	 - Description: "dereference failure: invalid integer address"
	 - Location: ../../../../../runner/.rustup/toolchains/nightly-2025-11-21-x86_64-unknown-linux-gnu/lib/rustlib/src/rust/library/alloc/src/vec/set_len_on_drop.rs:31:9 in function <std::vec::set_len_on_drop::SetLenOnDrop<'_> as std::ops::Drop>::drop

Check 369: <std::vec::set_len_on_drop::SetLenOnDrop<'_> as std::ops::Drop>::drop.pointer_dereference.13
	 - Status: SUCCESS
	 - Description: "dereference failure: pointer NULL"
	 - Location: ../../../../../runner/.rustup/toolchains/nightly-2025-11-21-x86_64-unknown-linux-gnu/lib/rustlib/src/rust/library/alloc/src/vec/set_len_on_drop.rs:31:9 in function <std::vec::set_len_on_drop::SetLenOnDrop<'_> as std::ops::Drop>::drop

Check 370: <std::vec::set_len_on_drop::SetLenOnDrop<'_> as std::ops::Drop>::drop.pointer_dereference.14
	 - Status: SUCCESS
	 - Description: "dereference failure: pointer invalid"
	 - Location: ../../../../../runner/.rustup/toolchains/nightly-2025-11-21-x86_64-unknown-linux-gnu/lib/rustlib/src/rust/library/alloc/src/vec/set_len_on_drop.rs:31:9 in function <std::vec::set_len_on_drop::SetLenOnDrop<'_> as std::ops::Drop>::drop

Check 371: <std::vec::set_len_on_drop::SetLenOnDrop<'_> as std::ops::Drop>::drop.pointer_dereference.15
	 - Status: SUCCESS
	 - Description: "dereference failure: deallocated dynamic object"
	 - Location: ../../../../../runner/.rustup/toolchains/nightly-2025-11-21-x86_64-unknown-linux-gnu/lib/rustlib/src/rust/library/alloc/src/vec/set_len_on_drop.rs:31:9 in function <std::vec::set_len_on_drop::SetLenOnDrop<'_> as std::ops::Drop>::drop

Check 372: <std::vec::set_len_on_drop::SetLenOnDrop<'_> as std::ops::Drop>::drop.pointer_dereference.16
	 - Status: SUCCESS
	 - Description: "dereference failure: dead object"
	 - Location: ../../../../../runner/.rustup/toolchains/nightly-2025-11-21-x86_64-unknown-linux-gnu/lib/rustlib/src/rust/library/alloc/src/vec/set_len_on_drop.rs:31:9 in function <std::vec::set_len_on_drop::SetLenOnDrop<'_> as std::ops::Drop>::drop

Check 373: <std::vec::set_len_on_drop::SetLenOnDrop<'_> as std::ops::Drop>::drop.pointer_dereference.17
	 - Status: SUCCESS
	 - Description: "dereference failure: pointer outside object bounds"
	 - Location: ../../../../../runner/.rustup/toolchains/nightly-2025-11-21-x86_64-unknown-linux-gnu/lib/rustlib/src/rust/library/alloc/src/vec/set_len_on_drop.rs:31:9 in function <std::vec::set_len_on_drop::SetLenOnDrop<'_> as std::ops::Drop>::drop

Check 374: <std::vec::set_len_on_drop::SetLenOnDrop<'_> as std::ops::Drop>::drop.pointer_dereference.18
	 - Status: SUCCESS
	 - Description: "dereference failure: invalid integer address"
	 - Location: ../../../../../runner/.rustup/toolchains/nightly-2025-11-21-x86_64-unknown-linux-gnu/lib/rustlib/src/rust/library/alloc/src/vec/set_len_on_drop.rs:31:9 in function <std::vec::set_len_on_drop::SetLenOnDrop<'_> as std::ops::Drop>::drop

Check 375: std::ptr::drop_in_place::<std::result::Result<frame::RunFrame, errors::CoreError>>.pointer_dereference.1
	 - Status: SUCCESS
	 - Description: "dereference failure: pointer NULL"
	 - Location: ../../../../../runner/.rustup/toolchains/nightly-2025-11-21-x86_64-unknown-linux-gnu/lib/rustlib/src/rust/library/core/src/ptr/mod.rs:805:1 in function std::ptr::drop_in_place::<std::result::Result<frame::RunFrame, errors::CoreError>>

Check 376: std::ptr::drop_in_place::<std::result::Result<frame::RunFrame, errors::CoreError>>.pointer_dereference.2
	 - Status: SUCCESS
	 - Description: "dereference failure: pointer invalid"
	 - Location: ../../../../../runner/.rustup/toolchains/nightly-2025-11-21-x86_64-unknown-linux-gnu/lib/rustlib/src/rust/library/core/src/ptr/mod.rs:805:1 in function std::ptr::drop_in_place::<std::result::Result<frame::RunFrame, errors::CoreError>>

Check 377: std::ptr::drop_in_place::<std::result::Result<frame::RunFrame, errors::CoreError>>.pointer_dereference.3
	 - Status: SUCCESS
	 - Description: "dereference failure: deallocated dynamic object"
	 - Location: ../../../../../runner/.rustup/toolchains/nightly-2025-11-21-x86_64-unknown-linux-gnu/lib/rustlib/src/rust/library/core/src/ptr/mod.rs:805:1 in function std::ptr::drop_in_place::<std::result::Result<frame::RunFrame, errors::CoreError>>

Check 378: std::ptr::drop_in_place::<std::result::Result<frame::RunFrame, errors::CoreError>>.pointer_dereference.4
	 - Status: SUCCESS
	 - Description: "dereference failure: dead object"
	 - Location: ../../../../../runner/.rustup/toolchains/nightly-2025-11-21-x86_64-unknown-linux-gnu/lib/rustlib/src/rust/library/core/src/ptr/mod.rs:805:1 in function std::ptr::drop_in_place::<std::result::Result<frame::RunFrame, errors::CoreError>>

Check 379: std::ptr::drop_in_place::<std::result::Result<frame::RunFrame, errors::CoreError>>.pointer_dereference.5
	 - Status: SUCCESS
	 - Description: "dereference failure: pointer outside object bounds"
	 - Location: ../../../../../runner/.rustup/toolchains/nightly-2025-11-21-x86_64-unknown-linux-gnu/lib/rustlib/src/rust/library/core/src/ptr/mod.rs:805:1 in function std::ptr::drop_in_place::<std::result::Result<frame::RunFrame, errors::CoreError>>

Check 380: std::ptr::drop_in_place::<std::result::Result<frame::RunFrame, errors::CoreError>>.pointer_dereference.6
	 - Status: SUCCESS
	 - Description: "dereference failure: invalid integer address"
	 - Location: ../../../../../runner/.rustup/toolchains/nightly-2025-11-21-x86_64-unknown-linux-gnu/lib/rustlib/src/rust/library/core/src/ptr/mod.rs:805:1 in function std::ptr::drop_in_place::<std::result::Result<frame::RunFrame, errors::CoreError>>

Check 381: std::alloc::Layout::size.pointer_dereference.1
	 - Status: SUCCESS
	 - Description: "dereference failure: pointer NULL"
	 - Location: ../../../../../runner/.rustup/toolchains/nightly-2025-11-21-x86_64-unknown-linux-gnu/lib/rustlib/src/rust/library/core/src/alloc/layout.rs:140:9 in function std::alloc::Layout::size

Check 382: std::alloc::Layout::size.pointer_dereference.2
	 - Status: SUCCESS
	 - Description: "dereference failure: pointer invalid"
	 - Location: ../../../../../runner/.rustup/toolchains/nightly-2025-11-21-x86_64-unknown-linux-gnu/lib/rustlib/src/rust/library/core/src/alloc/layout.rs:140:9 in function std::alloc::Layout::size

Check 383: std::alloc::Layout::size.pointer_dereference.3
	 - Status: SUCCESS
	 - Description: "dereference failure: deallocated dynamic object"
	 - Location: ../../../../../runner/.rustup/toolchains/nightly-2025-11-21-x86_64-unknown-linux-gnu/lib/rustlib/src/rust/library/core/src/alloc/layout.rs:140:9 in function std::alloc::Layout::size

Check 384: std::alloc::Layout::size.pointer_dereference.4
	 - Status: SUCCESS
	 - Description: "dereference failure: dead object"
	 - Location: ../../../../../runner/.rustup/toolchains/nightly-2025-11-21-x86_64-unknown-linux-gnu/lib/rustlib/src/rust/library/core/src/alloc/layout.rs:140:9 in function std::alloc::Layout::size

Check 385: std::alloc::Layout::size.pointer_dereference.5
	 - Status: SUCCESS
	 - Description: "dereference failure: pointer outside object bounds"
	 - Location: ../../../../../runner/.rustup/toolchains/nightly-2025-11-21-x86_64-unknown-linux-gnu/lib/rustlib/src/rust/library/core/src/alloc/layout.rs:140:9 in function std::alloc::Layout::size

Check 386: std::alloc::Layout::size.pointer_dereference.6
	 - Status: SUCCESS
	 - Description: "dereference failure: invalid integer address"
	 - Location: ../../../../../runner/.rustup/toolchains/nightly-2025-11-21-x86_64-unknown-linux-gnu/lib/rustlib/src/rust/library/core/src/alloc/layout.rs:140:9 in function std::alloc::Layout::size

Check 387: std::option::Option::<usize>::ok_or::<std::collections::TryReserveErrorKind>.pointer_dereference.1
	 - Status: SUCCESS
	 - Description: "dereference failure: dead object"
	 - Location: ../../../../../runner/.rustup/toolchains/nightly-2025-11-21-x86_64-unknown-linux-gnu/lib/rustlib/src/rust/library/core/src/option.rs:1339:24 in function std::option::Option::<usize>::ok_or::<std::collections::TryReserveErrorKind>

Check 388: <std::boxed::Box<[value::Taint]> as std::ops::Drop>::drop.pointer_dereference.1
	 - Status: SUCCESS
	 - Description: "dereference failure: pointer NULL"
	 - Location: ../../../../../runner/.rustup/toolchains/nightly-2025-11-21-x86_64-unknown-linux-gnu/lib/rustlib/src/rust/library/alloc/src/boxed.rs:1761:19 in function <std::boxed::Box<[value::Taint]> as std::ops::Drop>::drop

Check 389: <std::boxed::Box<[value::Taint]> as std::ops::Drop>::drop.pointer_dereference.2
	 - Status: SUCCESS
	 - Description: "dereference failure: pointer invalid"
	 - Location: ../../../../../runner/.rustup/toolchains/nightly-2025-11-21-x86_64-unknown-linux-gnu/lib/rustlib/src/rust/library/alloc/src/boxed.rs:1761:19 in function <std::boxed::Box<[value::Taint]> as std::ops::Drop>::drop

Check 390: <std::boxed::Box<[value::Taint]> as std::ops::Drop>::drop.pointer_dereference.3
	 - Status: SUCCESS
	 - Description: "dereference failure: deallocated dynamic object"
	 - Location: ../../../../../runner/.rustup/toolchains/nightly-2025-11-21-x86_64-unknown-linux-gnu/lib/rustlib/src/rust/library/alloc/src/boxed.rs:1761:19 in function <std::boxed::Box<[value::Taint]> as std::ops::Drop>::drop

Check 391: <std::boxed::Box<[value::Taint]> as std::ops::Drop>::drop.pointer_dereference.4
	 - Status: SUCCESS
	 - Description: "dereference failure: dead object"
	 - Location: ../../../../../runner/.rustup/toolchains/nightly-2025-11-21-x86_64-unknown-linux-gnu/lib/rustlib/src/rust/library/alloc/src/boxed.rs:1761:19 in function <std::boxed::Box<[value::Taint]> as std::ops::Drop>::drop

Check 392: <std::boxed::Box<[value::Taint]> as std::ops::Drop>::drop.pointer_dereference.5
	 - Status: SUCCESS
	 - Description: "dereference failure: pointer outside object bounds"
	 - Location: ../../../../../runner/.rustup/toolchains/nightly-2025-11-21-x86_64-unknown-linux-gnu/lib/rustlib/src/rust/library/alloc/src/boxed.rs:1761:19 in function <std::boxed::Box<[value::Taint]> as std::ops::Drop>::drop

Check 393: <std::boxed::Box<[value::Taint]> as std::ops::Drop>::drop.pointer_dereference.6
	 - Status: SUCCESS
	 - Description: "dereference failure: invalid integer address"
	 - Location: ../../../../../runner/.rustup/toolchains/nightly-2025-11-21-x86_64-unknown-linux-gnu/lib/rustlib/src/rust/library/alloc/src/boxed.rs:1761:19 in function <std::boxed::Box<[value::Taint]> as std::ops::Drop>::drop

Check 394: <usize as std::slice::SliceIndex<[std::option::Option<value::SlotValue>]>>::get_mut.pointer_dereference.1
	 - Status: SUCCESS
	 - Description: "dereference failure: dead object"
	 - Location: ../../../../../runner/.rustup/toolchains/nightly-2025-11-21-x86_64-unknown-linux-gnu/lib/rustlib/src/rust/library/core/src/slice/index.rs:233:13 in function <usize as std::slice::SliceIndex<[std::option::Option<value::SlotValue>]>>::get_mut

Check 395: std::ptr::write::<frame::StepState>.pointer_dereference.1
	 - Status: SUCCESS
	 - Description: "dereference failure: pointer NULL"
	 - Location: ../../../../../runner/.rustup/toolchains/nightly-2025-11-21-x86_64-unknown-linux-gnu/lib/rustlib/src/rust/library/core/src/ptr/mod.rs:1908:9 in function std::ptr::write::<frame::StepState>

Check 396: std::ptr::write::<frame::StepState>.pointer_dereference.2
	 - Status: SUCCESS
	 - Description: "dereference failure: pointer invalid"
	 - Location: ../../../../../runner/.rustup/toolchains/nightly-2025-11-21-x86_64-unknown-linux-gnu/lib/rustlib/src/rust/library/core/src/ptr/mod.rs:1908:9 in function std::ptr::write::<frame::StepState>

Check 397: std::ptr::write::<frame::StepState>.pointer_dereference.3
	 - Status: SUCCESS
	 - Description: "dereference failure: deallocated dynamic object"
	 - Location: ../../../../../runner/.rustup/toolchains/nightly-2025-11-21-x86_64-unknown-linux-gnu/lib/rustlib/src/rust/library/core/src/ptr/mod.rs:1908:9 in function std::ptr::write::<frame::StepState>

Check 398: std::ptr::write::<frame::StepState>.pointer_dereference.4
	 - Status: SUCCESS
	 - Description: "dereference failure: dead object"
	 - Location: ../../../../../runner/.rustup/toolchains/nightly-2025-11-21-x86_64-unknown-linux-gnu/lib/rustlib/src/rust/library/core/src/ptr/mod.rs:1908:9 in function std::ptr::write::<frame::StepState>

Check 399: std::ptr::write::<frame::StepState>.pointer_dereference.5
	 - Status: SUCCESS
	 - Description: "dereference failure: pointer outside object bounds"
	 - Location: ../../../../../runner/.rustup/toolchains/nightly-2025-11-21-x86_64-unknown-linux-gnu/lib/rustlib/src/rust/library/core/src/ptr/mod.rs:1908:9 in function std::ptr::write::<frame::StepState>

Check 400: std::ptr::write::<frame::StepState>.pointer_dereference.6
	 - Status: SUCCESS
	 - Description: "dereference failure: invalid integer address"
	 - Location: ../../../../../runner/.rustup/toolchains/nightly-2025-11-21-x86_64-unknown-linux-gnu/lib/rustlib/src/rust/library/core/src/ptr/mod.rs:1908:9 in function std::ptr::write::<frame::StepState>

Check 401: std::result::Result::<std::ptr::NonNull<[u8]>, std::alloc::AllocError>::map_err::<std::collections::TryReserveErrorKind, {closure@alloc::raw_vec::RawVecInner::shrink_unchecked::{closure#0}}>.pointer_dereference.1
	 - Status: SUCCESS
	 - Description: "dereference failure: dead object"
	 - Location: ../../../../../runner/.rustup/toolchains/nightly-2025-11-21-x86_64-unknown-linux-gnu/lib/rustlib/src/rust/library/core/src/result.rs:966:15 in function std::result::Result::<std::ptr::NonNull<[u8]>, std::alloc::AllocError>::map_err::<std::collections::TryReserveErrorKind, {closure@alloc::raw_vec::RawVecInner::shrink_unchecked::{closure#0}}>

Check 402: <std::result::Result<std::ptr::NonNull<[u8]>, std::alloc::AllocError> as std::ops::Try>::branch.pointer_dereference.1
	 - Status: SUCCESS
	 - Description: "dereference failure: dead object"
	 - Location: ../../../../../runner/.rustup/toolchains/nightly-2025-11-21-x86_64-unknown-linux-gnu/lib/rustlib/src/rust/library/core/src/result.rs:2173:15 in function <std::result::Result<std::ptr::NonNull<[u8]>, std::alloc::AllocError> as std::ops::Try>::branch

Check 403: <std::result::Result<std::ptr::NonNull<[u8]>, std::alloc::AllocError> as std::ops::Try>::branch.pointer_dereference.2
	 - Status: SUCCESS
	 - Description: "dereference failure: dead object"
	 - Location: ../../../../../runner/.rustup/toolchains/nightly-2025-11-21-x86_64-unknown-linux-gnu/lib/rustlib/src/rust/library/core/src/result.rs:2175:23 in function <std::result::Result<std::ptr::NonNull<[u8]>, std::alloc::AllocError> as std::ops::Try>::branch

Check 404: alloc::raw_vec::RawVecInner::finish_grow::{closure#0}.pointer_dereference.1
	 - Status: SUCCESS
	 - Description: "dereference failure: pointer NULL"
	 - Location: ../../../../../runner/.rustup/toolchains/nightly-2025-11-21-x86_64-unknown-linux-gnu/lib/rustlib/src/rust/library/alloc/src/raw_vec/mod.rs:758:49 in function alloc::raw_vec::RawVecInner::finish_grow::{closure#0}

Check 405: alloc::raw_vec::RawVecInner::finish_grow::{closure#0}.pointer_dereference.2
	 - Status: SUCCESS
	 - Description: "dereference failure: pointer invalid"
	 - Location: ../../../../../runner/.rustup/toolchains/nightly-2025-11-21-x86_64-unknown-linux-gnu/lib/rustlib/src/rust/library/alloc/src/raw_vec/mod.rs:758:49 in function alloc::raw_vec::RawVecInner::finish_grow::{closure#0}

Check 406: alloc::raw_vec::RawVecInner::finish_grow::{closure#0}.pointer_dereference.3
	 - Status: SUCCESS
	 - Description: "dereference failure: deallocated dynamic object"
	 - Location: ../../../../../runner/.rustup/toolchains/nightly-2025-11-21-x86_64-unknown-linux-gnu/lib/rustlib/src/rust/library/alloc/src/raw_vec/mod.rs:758:49 in function alloc::raw_vec::RawVecInner::finish_grow::{closure#0}

Check 407: alloc::raw_vec::RawVecInner::finish_grow::{closure#0}.pointer_dereference.4
	 - Status: SUCCESS
	 - Description: "dereference failure: dead object"
	 - Location: ../../../../../runner/.rustup/toolchains/nightly-2025-11-21-x86_64-unknown-linux-gnu/lib/rustlib/src/rust/library/alloc/src/raw_vec/mod.rs:758:49 in function alloc::raw_vec::RawVecInner::finish_grow::{closure#0}

Check 408: alloc::raw_vec::RawVecInner::finish_grow::{closure#0}.pointer_dereference.5
	 - Status: SUCCESS
	 - Description: "dereference failure: pointer outside object bounds"
	 - Location: ../../../../../runner/.rustup/toolchains/nightly-2025-11-21-x86_64-unknown-linux-gnu/lib/rustlib/src/rust/library/alloc/src/raw_vec/mod.rs:758:49 in function alloc::raw_vec::RawVecInner::finish_grow::{closure#0}

Check 409: alloc::raw_vec::RawVecInner::finish_grow::{closure#0}.pointer_dereference.6
	 - Status: SUCCESS
	 - Description: "dereference failure: invalid integer address"
	 - Location: ../../../../../runner/.rustup/toolchains/nightly-2025-11-21-x86_64-unknown-linux-gnu/lib/rustlib/src/rust/library/alloc/src/raw_vec/mod.rs:758:49 in function alloc::raw_vec::RawVecInner::finish_grow::{closure#0}

Check 410: alloc::raw_vec::RawVecInner::non_null::<capability::Capability>.pointer_dereference.1
	 - Status: SUCCESS
	 - Description: "dereference failure: pointer NULL"
	 - Location: ../../../../../runner/.rustup/toolchains/nightly-2025-11-21-x86_64-unknown-linux-gnu/lib/rustlib/src/rust/library/alloc/src/raw_vec/mod.rs:504:9 in function alloc::raw_vec::RawVecInner::non_null::<capability::Capability>

Check 411: alloc::raw_vec::RawVecInner::non_null::<capability::Capability>.pointer_dereference.2
	 - Status: SUCCESS
	 - Description: "dereference failure: pointer invalid"
	 - Location: ../../../../../runner/.rustup/toolchains/nightly-2025-11-21-x86_64-unknown-linux-gnu/lib/rustlib/src/rust/library/alloc/src/raw_vec/mod.rs:504:9 in function alloc::raw_vec::RawVecInner::non_null::<capability::Capability>

Check 412: alloc::raw_vec::RawVecInner::non_null::<capability::Capability>.pointer_dereference.3
	 - Status: SUCCESS
	 - Description: "dereference failure: deallocated dynamic object"
	 - Location: ../../../../../runner/.rustup/toolchains/nightly-2025-11-21-x86_64-unknown-linux-gnu/lib/rustlib/src/rust/library/alloc/src/raw_vec/mod.rs:504:9 in function alloc::raw_vec::RawVecInner::non_null::<capability::Capability>

Check 413: alloc::raw_vec::RawVecInner::non_null::<capability::Capability>.pointer_dereference.4
	 - Status: SUCCESS
	 - Description: "dereference failure: dead object"
	 - Location: ../../../../../runner/.rustup/toolchains/nightly-2025-11-21-x86_64-unknown-linux-gnu/lib/rustlib/src/rust/library/alloc/src/raw_vec/mod.rs:504:9 in function alloc::raw_vec::RawVecInner::non_null::<capability::Capability>

Check 414: alloc::raw_vec::RawVecInner::non_null::<capability::Capability>.pointer_dereference.5
	 - Status: SUCCESS
	 - Description: "dereference failure: pointer outside object bounds"
	 - Location: ../../../../../runner/.rustup/toolchains/nightly-2025-11-21-x86_64-unknown-linux-gnu/lib/rustlib/src/rust/library/alloc/src/raw_vec/mod.rs:504:9 in function alloc::raw_vec::RawVecInner::non_null::<capability::Capability>

Check 415: alloc::raw_vec::RawVecInner::non_null::<capability::Capability>.pointer_dereference.6
	 - Status: SUCCESS
	 - Description: "dereference failure: invalid integer address"
	 - Location: ../../../../../runner/.rustup/toolchains/nightly-2025-11-21-x86_64-unknown-linux-gnu/lib/rustlib/src/rust/library/alloc/src/raw_vec/mod.rs:504:9 in function alloc::raw_vec::RawVecInner::non_null::<capability::Capability>

Check 416: <std::result::Result<&mut value::Taint, errors::CoreError> as std::ops::Try>::branch.pointer_dereference.1
	 - Status: SUCCESS
	 - Description: "dereference failure: dead object"
	 - Location: ../../../../../runner/.rustup/toolchains/nightly-2025-11-21-x86_64-unknown-linux-gnu/lib/rustlib/src/rust/library/core/src/result.rs:2173:15 in function <std::result::Result<&mut value::Taint, errors::CoreError> as std::ops::Try>::branch

Check 417: <std::result::Result<&mut value::Taint, errors::CoreError> as std::ops::Try>::branch.pointer_dereference.2
	 - Status: SUCCESS
	 - Description: "dereference failure: dead object"
	 - Location: ../../../../../runner/.rustup/toolchains/nightly-2025-11-21-x86_64-unknown-linux-gnu/lib/rustlib/src/rust/library/core/src/result.rs:2174:22 in function <std::result::Result<&mut value::Taint, errors::CoreError> as std::ops::Try>::branch

Check 418: alloc::raw_vec::RawVecInner::current_memory.pointer_dereference.1
	 - Status: SUCCESS
	 - Description: "dereference failure: pointer NULL"
	 - Location: ../../../../../runner/.rustup/toolchains/nightly-2025-11-21-x86_64-unknown-linux-gnu/lib/rustlib/src/rust/library/alloc/src/raw_vec/mod.rs:523:39 in function alloc::raw_vec::RawVecInner::current_memory

Check 419: alloc::raw_vec::RawVecInner::current_memory.pointer_dereference.2
	 - Status: SUCCESS
	 - Description: "dereference failure: pointer invalid"
	 - Location: ../../../../../runner/.rustup/toolchains/nightly-2025-11-21-x86_64-unknown-linux-gnu/lib/rustlib/src/rust/library/alloc/src/raw_vec/mod.rs:523:39 in function alloc::raw_vec::RawVecInner::current_memory

Check 420: alloc::raw_vec::RawVecInner::current_memory.pointer_dereference.3
	 - Status: SUCCESS
	 - Description: "dereference failure: deallocated dynamic object"
	 - Location: ../../../../../runner/.rustup/toolchains/nightly-2025-11-21-x86_64-unknown-linux-gnu/lib/rustlib/src/rust/library/alloc/src/raw_vec/mod.rs:523:39 in function alloc::raw_vec::RawVecInner::current_memory

Check 421: alloc::raw_vec::RawVecInner::current_memory.pointer_dereference.4
	 - Status: SUCCESS
	 - Description: "dereference failure: dead object"
	 - Location: ../../../../../runner/.rustup/toolchains/nightly-2025-11-21-x86_64-unknown-linux-gnu/lib/rustlib/src/rust/library/alloc/src/raw_vec/mod.rs:523:39 in function alloc::raw_vec::RawVecInner::current_memory

Check 422: alloc::raw_vec::RawVecInner::current_memory.pointer_dereference.5
	 - Status: SUCCESS
	 - Description: "dereference failure: pointer outside object bounds"
	 - Location: ../../../../../runner/.rustup/toolchains/nightly-2025-11-21-x86_64-unknown-linux-gnu/lib/rustlib/src/rust/library/alloc/src/raw_vec/mod.rs:523:39 in function alloc::raw_vec::RawVecInner::current_memory

Check 423: alloc::raw_vec::RawVecInner::current_memory.pointer_dereference.6
	 - Status: SUCCESS
	 - Description: "dereference failure: invalid integer address"
	 - Location: ../../../../../runner/.rustup/toolchains/nightly-2025-11-21-x86_64-unknown-linux-gnu/lib/rustlib/src/rust/library/alloc/src/raw_vec/mod.rs:523:39 in function alloc::raw_vec::RawVecInner::current_memory

Check 424: alloc::raw_vec::RawVecInner::current_memory.pointer_dereference.7
	 - Status: SUCCESS
	 - Description: "dereference failure: pointer NULL"
	 - Location: ../../../../../runner/.rustup/toolchains/nightly-2025-11-21-x86_64-unknown-linux-gnu/lib/rustlib/src/rust/library/alloc/src/raw_vec/mod.rs:531:67 in function alloc::raw_vec::RawVecInner::current_memory

Check 425: alloc::raw_vec::RawVecInner::current_memory.pointer_dereference.8
	 - Status: SUCCESS
	 - Description: "dereference failure: pointer invalid"
	 - Location: ../../../../../runner/.rustup/toolchains/nightly-2025-11-21-x86_64-unknown-linux-gnu/lib/rustlib/src/rust/library/alloc/src/raw_vec/mod.rs:531:67 in function alloc::raw_vec::RawVecInner::current_memory

Check 426: alloc::raw_vec::RawVecInner::current_memory.pointer_dereference.9
	 - Status: SUCCESS
	 - Description: "dereference failure: deallocated dynamic object"
	 - Location: ../../../../../runner/.rustup/toolchains/nightly-2025-11-21-x86_64-unknown-linux-gnu/lib/rustlib/src/rust/library/alloc/src/raw_vec/mod.rs:531:67 in function alloc::raw_vec::RawVecInner::current_memory

Check 427: alloc::raw_vec::RawVecInner::current_memory.pointer_dereference.10
	 - Status: SUCCESS
	 - Description: "dereference failure: dead object"
	 - Location: ../../../../../runner/.rustup/toolchains/nightly-2025-11-21-x86_64-unknown-linux-gnu/lib/rustlib/src/rust/library/alloc/src/raw_vec/mod.rs:531:67 in function alloc::raw_vec::RawVecInner::current_memory

Check 428: alloc::raw_vec::RawVecInner::current_memory.pointer_dereference.11
	 - Status: SUCCESS
	 - Description: "dereference failure: pointer outside object bounds"
	 - Location: ../../../../../runner/.rustup/toolchains/nightly-2025-11-21-x86_64-unknown-linux-gnu/lib/rustlib/src/rust/library/alloc/src/raw_vec/mod.rs:531:67 in function alloc::raw_vec::RawVecInner::current_memory

Check 429: alloc::raw_vec::RawVecInner::current_memory.pointer_dereference.12
	 - Status: SUCCESS
	 - Description: "dereference failure: invalid integer address"
	 - Location: ../../../../../runner/.rustup/toolchains/nightly-2025-11-21-x86_64-unknown-linux-gnu/lib/rustlib/src/rust/library/alloc/src/raw_vec/mod.rs:531:67 in function alloc::raw_vec::RawVecInner::current_memory

Check 430: alloc::raw_vec::RawVecInner::current_memory.pointer_dereference.13
	 - Status: SUCCESS
	 - Description: "dereference failure: pointer NULL"
	 - Location: ../../../../../runner/.rustup/toolchains/nightly-2025-11-21-x86_64-unknown-linux-gnu/lib/rustlib/src/rust/library/alloc/src/raw_vec/mod.rs:533:23 in function alloc::raw_vec::RawVecInner::current_memory

Check 431: alloc::raw_vec::RawVecInner::current_memory.pointer_dereference.14
	 - Status: SUCCESS
	 - Description: "dereference failure: pointer invalid"
	 - Location: ../../../../../runner/.rustup/toolchains/nightly-2025-11-21-x86_64-unknown-linux-gnu/lib/rustlib/src/rust/library/alloc/src/raw_vec/mod.rs:533:23 in function alloc::raw_vec::RawVecInner::current_memory

Check 432: alloc::raw_vec::RawVecInner::current_memory.pointer_dereference.15
	 - Status: SUCCESS
	 - Description: "dereference failure: deallocated dynamic object"
	 - Location: ../../../../../runner/.rustup/toolchains/nightly-2025-11-21-x86_64-unknown-linux-gnu/lib/rustlib/src/rust/library/alloc/src/raw_vec/mod.rs:533:23 in function alloc::raw_vec::RawVecInner::current_memory

Check 433: alloc::raw_vec::RawVecInner::current_memory.pointer_dereference.16
	 - Status: SUCCESS
	 - Description: "dereference failure: dead object"
	 - Location: ../../../../../runner/.rustup/toolchains/nightly-2025-11-21-x86_64-unknown-linux-gnu/lib/rustlib/src/rust/library/alloc/src/raw_vec/mod.rs:533:23 in function alloc::raw_vec::RawVecInner::current_memory

Check 434: alloc::raw_vec::RawVecInner::current_memory.pointer_dereference.17
	 - Status: SUCCESS
	 - Description: "dereference failure: pointer outside object bounds"
	 - Location: ../../../../../runner/.rustup/toolchains/nightly-2025-11-21-x86_64-unknown-linux-gnu/lib/rustlib/src/rust/library/alloc/src/raw_vec/mod.rs:533:23 in function alloc::raw_vec::RawVecInner::current_memory

Check 435: alloc::raw_vec::RawVecInner::current_memory.pointer_dereference.18
	 - Status: SUCCESS
	 - Description: "dereference failure: invalid integer address"
	 - Location: ../../../../../runner/.rustup/toolchains/nightly-2025-11-21-x86_64-unknown-linux-gnu/lib/rustlib/src/rust/library/alloc/src/raw_vec/mod.rs:533:23 in function alloc::raw_vec::RawVecInner::current_memory

Check 436: alloc::raw_vec::RawVecInner::current_memory.pointer_dereference.19
	 - Status: SUCCESS
	 - Description: "dereference failure: dead object"
	 - Location: ../../../../../runner/.rustup/toolchains/nightly-2025-11-21-x86_64-unknown-linux-gnu/lib/rustlib/src/rust/library/alloc/src/raw_vec/mod.rs:524:13 in function alloc::raw_vec::RawVecInner::current_memory

Check 437: <value::SlotValue as std::clone::Clone>::clone.pointer_dereference.1
	 - Status: SUCCESS
	 - Description: "dereference failure: pointer NULL"
	 - Location: crates/vb_core/src/value.rs:123:17 in function <value::SlotValue as std::clone::Clone>::clone

Check 438: <value::SlotValue as std::clone::Clone>::clone.pointer_dereference.2
	 - Status: SUCCESS
	 - Description: "dereference failure: pointer invalid"
	 - Location: crates/vb_core/src/value.rs:123:17 in function <value::SlotValue as std::clone::Clone>::clone

Check 439: <value::SlotValue as std::clone::Clone>::clone.pointer_dereference.3
	 - Status: SUCCESS
	 - Description: "dereference failure: deallocated dynamic object"
	 - Location: crates/vb_core/src/value.rs:123:17 in function <value::SlotValue as std::clone::Clone>::clone

Check 440: <value::SlotValue as std::clone::Clone>::clone.pointer_dereference.4
	 - Status: SUCCESS
	 - Description: "dereference failure: dead object"
	 - Location: crates/vb_core/src/value.rs:123:17 in function <value::SlotValue as std::clone::Clone>::clone

Check 441: <value::SlotValue as std::clone::Clone>::clone.pointer_dereference.5
	 - Status: SUCCESS
	 - Description: "dereference failure: pointer outside object bounds"
	 - Location: crates/vb_core/src/value.rs:123:17 in function <value::SlotValue as std::clone::Clone>::clone

Check 442: <value::SlotValue as std::clone::Clone>::clone.pointer_dereference.6
	 - Status: SUCCESS
	 - Description: "dereference failure: invalid integer address"
	 - Location: crates/vb_core/src/value.rs:123:17 in function <value::SlotValue as std::clone::Clone>::clone

Check 443: std::option::Option::<std::ptr::NonNull<u8>>::ok_or::<std::alloc::AllocError>.pointer_dereference.1
	 - Status: SUCCESS
	 - Description: "dereference failure: dead object"
	 - Location: ../../../../../runner/.rustup/toolchains/nightly-2025-11-21-x86_64-unknown-linux-gnu/lib/rustlib/src/rust/library/core/src/option.rs:1338:15 in function std::option::Option::<std::ptr::NonNull<u8>>::ok_or::<std::alloc::AllocError>

Check 444: std::option::Option::<std::ptr::NonNull<u8>>::ok_or::<std::alloc::AllocError>.pointer_dereference.2
	 - Status: SUCCESS
	 - Description: "dereference failure: dead object"
	 - Location: ../../../../../runner/.rustup/toolchains/nightly-2025-11-21-x86_64-unknown-linux-gnu/lib/rustlib/src/rust/library/core/src/option.rs:1340:21 in function std::option::Option::<std::ptr::NonNull<u8>>::ok_or::<std::alloc::AllocError>

Check 445: <std::option::Option<value::SlotValue> as std::clone::Clone>::clone.pointer_dereference.1
	 - Status: SUCCESS
	 - Description: "dereference failure: pointer NULL"
	 - Location: ../../../../../runner/.rustup/toolchains/nightly-2025-11-21-x86_64-unknown-linux-gnu/lib/rustlib/src/rust/library/core/src/option.rs:2201:15 in function <std::option::Option<value::SlotValue> as std::clone::Clone>::clone

Check 446: <std::option::Option<value::SlotValue> as std::clone::Clone>::clone.pointer_dereference.2
	 - Status: SUCCESS
	 - Description: "dereference failure: pointer invalid"
	 - Location: ../../../../../runner/.rustup/toolchains/nightly-2025-11-21-x86_64-unknown-linux-gnu/lib/rustlib/src/rust/library/core/src/option.rs:2201:15 in function <std::option::Option<value::SlotValue> as std::clone::Clone>::clone

Check 447: <std::option::Option<value::SlotValue> as std::clone::Clone>::clone.pointer_dereference.3
	 - Status: SUCCESS
	 - Description: "dereference failure: deallocated dynamic object"
	 - Location: ../../../../../runner/.rustup/toolchains/nightly-2025-11-21-x86_64-unknown-linux-gnu/lib/rustlib/src/rust/library/core/src/option.rs:2201:15 in function <std::option::Option<value::SlotValue> as std::clone::Clone>::clone

Check 448: <std::option::Option<value::SlotValue> as std::clone::Clone>::clone.pointer_dereference.4
	 - Status: SUCCESS
	 - Description: "dereference failure: dead object"
	 - Location: ../../../../../runner/.rustup/toolchains/nightly-2025-11-21-x86_64-unknown-linux-gnu/lib/rustlib/src/rust/library/core/src/option.rs:2201:15 in function <std::option::Option<value::SlotValue> as std::clone::Clone>::clone

Check 449: <std::option::Option<value::SlotValue> as std::clone::Clone>::clone.pointer_dereference.5
	 - Status: SUCCESS
	 - Description: "dereference failure: pointer outside object bounds"
	 - Location: ../../../../../runner/.rustup/toolchains/nightly-2025-11-21-x86_64-unknown-linux-gnu/lib/rustlib/src/rust/library/core/src/option.rs:2201:15 in function <std::option::Option<value::SlotValue> as std::clone::Clone>::clone

Check 450: <std::option::Option<value::SlotValue> as std::clone::Clone>::clone.pointer_dereference.6
	 - Status: SUCCESS
	 - Description: "dereference failure: invalid integer address"
	 - Location: ../../../../../runner/.rustup/toolchains/nightly-2025-11-21-x86_64-unknown-linux-gnu/lib/rustlib/src/rust/library/core/src/option.rs:2201:15 in function <std::option::Option<value::SlotValue> as std::clone::Clone>::clone

Check 451: <std::option::Option<value::SlotValue> as std::clone::Clone>::clone.pointer_dereference.7
	 - Status: SUCCESS
	 - Description: "dereference failure: dead object"
	 - Location: ../../../../../runner/.rustup/toolchains/nightly-2025-11-21-x86_64-unknown-linux-gnu/lib/rustlib/src/rust/library/core/src/option.rs:2203:21 in function <std::option::Option<value::SlotValue> as std::clone::Clone>::clone

Check 452: std::vec::Vec::<frame::StepState>::len.pointer_dereference.1
	 - Status: SUCCESS
	 - Description: "dereference failure: pointer NULL"
	 - Location: ../../../../../runner/.rustup/toolchains/nightly-2025-11-21-x86_64-unknown-linux-gnu/lib/rustlib/src/rust/library/alloc/src/vec/mod.rs:2854:19 in function std::vec::Vec::<frame::StepState>::len

Check 453: std::vec::Vec::<frame::StepState>::len.pointer_dereference.2
	 - Status: SUCCESS
	 - Description: "dereference failure: pointer invalid"
	 - Location: ../../../../../runner/.rustup/toolchains/nightly-2025-11-21-x86_64-unknown-linux-gnu/lib/rustlib/src/rust/library/alloc/src/vec/mod.rs:2854:19 in function std::vec::Vec::<frame::StepState>::len

Check 454: std::vec::Vec::<frame::StepState>::len.pointer_dereference.3
	 - Status: SUCCESS
	 - Description: "dereference failure: deallocated dynamic object"
	 - Location: ../../../../../runner/.rustup/toolchains/nightly-2025-11-21-x86_64-unknown-linux-gnu/lib/rustlib/src/rust/library/alloc/src/vec/mod.rs:2854:19 in function std::vec::Vec::<frame::StepState>::len

Check 455: std::vec::Vec::<frame::StepState>::len.pointer_dereference.4
	 - Status: SUCCESS
	 - Description: "dereference failure: dead object"
	 - Location: ../../../../../runner/.rustup/toolchains/nightly-2025-11-21-x86_64-unknown-linux-gnu/lib/rustlib/src/rust/library/alloc/src/vec/mod.rs:2854:19 in function std::vec::Vec::<frame::StepState>::len

Check 456: std::vec::Vec::<frame::StepState>::len.pointer_dereference.5
	 - Status: SUCCESS
	 - Description: "dereference failure: pointer outside object bounds"
	 - Location: ../../../../../runner/.rustup/toolchains/nightly-2025-11-21-x86_64-unknown-linux-gnu/lib/rustlib/src/rust/library/alloc/src/vec/mod.rs:2854:19 in function std::vec::Vec::<frame::StepState>::len

Check 457: std::vec::Vec::<frame::StepState>::len.pointer_dereference.6
	 - Status: SUCCESS
	 - Description: "dereference failure: invalid integer address"
	 - Location: ../../../../../runner/.rustup/toolchains/nightly-2025-11-21-x86_64-unknown-linux-gnu/lib/rustlib/src/rust/library/alloc/src/vec/mod.rs:2854:19 in function std::vec::Vec::<frame::StepState>::len

Check 458: <std::boxed::Box<[capability::Capability]> as std::ops::Drop>::drop.pointer_dereference.1
	 - Status: SUCCESS
	 - Description: "dereference failure: pointer NULL"
	 - Location: ../../../../../runner/.rustup/toolchains/nightly-2025-11-21-x86_64-unknown-linux-gnu/lib/rustlib/src/rust/library/alloc/src/boxed.rs:1761:19 in function <std::boxed::Box<[capability::Capability]> as std::ops::Drop>::drop

Check 459: <std::boxed::Box<[capability::Capability]> as std::ops::Drop>::drop.pointer_dereference.2
	 - Status: SUCCESS
	 - Description: "dereference failure: pointer invalid"
	 - Location: ../../../../../runner/.rustup/toolchains/nightly-2025-11-21-x86_64-unknown-linux-gnu/lib/rustlib/src/rust/library/alloc/src/boxed.rs:1761:19 in function <std::boxed::Box<[capability::Capability]> as std::ops::Drop>::drop

Check 460: <std::boxed::Box<[capability::Capability]> as std::ops::Drop>::drop.pointer_dereference.3
	 - Status: SUCCESS
	 - Description: "dereference failure: deallocated dynamic object"
	 - Location: ../../../../../runner/.rustup/toolchains/nightly-2025-11-21-x86_64-unknown-linux-gnu/lib/rustlib/src/rust/library/alloc/src/boxed.rs:1761:19 in function <std::boxed::Box<[capability::Capability]> as std::ops::Drop>::drop

Check 461: <std::boxed::Box<[capability::Capability]> as std::ops::Drop>::drop.pointer_dereference.4
	 - Status: SUCCESS
	 - Description: "dereference failure: dead object"
	 - Location: ../../../../../runner/.rustup/toolchains/nightly-2025-11-21-x86_64-unknown-linux-gnu/lib/rustlib/src/rust/library/alloc/src/boxed.rs:1761:19 in function <std::boxed::Box<[capability::Capability]> as std::ops::Drop>::drop

Check 462: <std::boxed::Box<[capability::Capability]> as std::ops::Drop>::drop.pointer_dereference.5
	 - Status: SUCCESS
	 - Description: "dereference failure: pointer outside object bounds"
	 - Location: ../../../../../runner/.rustup/toolchains/nightly-2025-11-21-x86_64-unknown-linux-gnu/lib/rustlib/src/rust/library/alloc/src/boxed.rs:1761:19 in function <std::boxed::Box<[capability::Capability]> as std::ops::Drop>::drop

Check 463: <std::boxed::Box<[capability::Capability]> as std::ops::Drop>::drop.pointer_dereference.6
	 - Status: SUCCESS
	 - Description: "dereference failure: invalid integer address"
	 - Location: ../../../../../runner/.rustup/toolchains/nightly-2025-11-21-x86_64-unknown-linux-gnu/lib/rustlib/src/rust/library/alloc/src/boxed.rs:1761:19 in function <std::boxed::Box<[capability::Capability]> as std::ops::Drop>::drop

Check 464: std::alloc::Layout::repeat.pointer_dereference.1
	 - Status: SUCCESS
	 - Description: "dereference failure: dead object"
	 - Location: ../../../../../runner/.rustup/toolchains/nightly-2025-11-21-x86_64-unknown-linux-gnu/lib/rustlib/src/rust/library/core/src/alloc/layout.rs:361:31 in function std::alloc::Layout::repeat

Check 465: std::alloc::Layout::repeat.pointer_dereference.2
	 - Status: SUCCESS
	 - Description: "dereference failure: dead object"
	 - Location: ../../../../../runner/.rustup/toolchains/nightly-2025-11-21-x86_64-unknown-linux-gnu/lib/rustlib/src/rust/library/core/src/alloc/layout.rs:364:13 in function std::alloc::Layout::repeat

Check 466: std::cmp::impls::<impl std::cmp::PartialOrd for usize>::lt.pointer_dereference.1
	 - Status: SUCCESS
	 - Description: "dereference failure: pointer NULL"
	 - Location: ../../../../../runner/.rustup/toolchains/nightly-2025-11-21-x86_64-unknown-linux-gnu/lib/rustlib/src/rust/library/core/src/cmp.rs:1903:50 in function std::cmp::impls::<impl std::cmp::PartialOrd for usize>::lt

Check 467: std::cmp::impls::<impl std::cmp::PartialOrd for usize>::lt.pointer_dereference.2
	 - Status: SUCCESS
	 - Description: "dereference failure: pointer invalid"
	 - Location: ../../../../../runner/.rustup/toolchains/nightly-2025-11-21-x86_64-unknown-linux-gnu/lib/rustlib/src/rust/library/core/src/cmp.rs:1903:50 in function std::cmp::impls::<impl std::cmp::PartialOrd for usize>::lt

Check 468: std::cmp::impls::<impl std::cmp::PartialOrd for usize>::lt.pointer_dereference.3
	 - Status: SUCCESS
	 - Description: "dereference failure: deallocated dynamic object"
	 - Location: ../../../../../runner/.rustup/toolchains/nightly-2025-11-21-x86_64-unknown-linux-gnu/lib/rustlib/src/rust/library/core/src/cmp.rs:1903:50 in function std::cmp::impls::<impl std::cmp::PartialOrd for usize>::lt

Check 469: std::cmp::impls::<impl std::cmp::PartialOrd for usize>::lt.pointer_dereference.4
	 - Status: SUCCESS
	 - Description: "dereference failure: dead object"
	 - Location: ../../../../../runner/.rustup/toolchains/nightly-2025-11-21-x86_64-unknown-linux-gnu/lib/rustlib/src/rust/library/core/src/cmp.rs:1903:50 in function std::cmp::impls::<impl std::cmp::PartialOrd for usize>::lt

Check 470: std::cmp::impls::<impl std::cmp::PartialOrd for usize>::lt.pointer_dereference.5
	 - Status: SUCCESS
	 - Description: "dereference failure: pointer outside object bounds"
	 - Location: ../../../../../runner/.rustup/toolchains/nightly-2025-11-21-x86_64-unknown-linux-gnu/lib/rustlib/src/rust/library/core/src/cmp.rs:1903:50 in function std::cmp::impls::<impl std::cmp::PartialOrd for usize>::lt

Check 471: std::cmp::impls::<impl std::cmp::PartialOrd for usize>::lt.pointer_dereference.6
	 - Status: SUCCESS
	 - Description: "dereference failure: invalid integer address"
	 - Location: ../../../../../runner/.rustup/toolchains/nightly-2025-11-21-x86_64-unknown-linux-gnu/lib/rustlib/src/rust/library/core/src/cmp.rs:1903:50 in function std::cmp::impls::<impl std::cmp::PartialOrd for usize>::lt

Check 472: std::cmp::impls::<impl std::cmp::PartialOrd for usize>::lt.pointer_dereference.7
	 - Status: SUCCESS
	 - Description: "dereference failure: pointer NULL"
	 - Location: ../../../../../runner/.rustup/toolchains/nightly-2025-11-21-x86_64-unknown-linux-gnu/lib/rustlib/src/rust/library/core/src/cmp.rs:1903:59 in function std::cmp::impls::<impl std::cmp::PartialOrd for usize>::lt

Check 473: std::cmp::impls::<impl std::cmp::PartialOrd for usize>::lt.pointer_dereference.8
	 - Status: SUCCESS
	 - Description: "dereference failure: pointer invalid"
	 - Location: ../../../../../runner/.rustup/toolchains/nightly-2025-11-21-x86_64-unknown-linux-gnu/lib/rustlib/src/rust/library/core/src/cmp.rs:1903:59 in function std::cmp::impls::<impl std::cmp::PartialOrd for usize>::lt

Check 474: std::cmp::impls::<impl std::cmp::PartialOrd for usize>::lt.pointer_dereference.9
	 - Status: SUCCESS
	 - Description: "dereference failure: deallocated dynamic object"
	 - Location: ../../../../../runner/.rustup/toolchains/nightly-2025-11-21-x86_64-unknown-linux-gnu/lib/rustlib/src/rust/library/core/src/cmp.rs:1903:59 in function std::cmp::impls::<impl std::cmp::PartialOrd for usize>::lt

Check 475: std::cmp::impls::<impl std::cmp::PartialOrd for usize>::lt.pointer_dereference.10
	 - Status: SUCCESS
	 - Description: "dereference failure: dead object"
	 - Location: ../../../../../runner/.rustup/toolchains/nightly-2025-11-21-x86_64-unknown-linux-gnu/lib/rustlib/src/rust/library/core/src/cmp.rs:1903:59 in function std::cmp::impls::<impl std::cmp::PartialOrd for usize>::lt

Check 476: std::cmp::impls::<impl std::cmp::PartialOrd for usize>::lt.pointer_dereference.11
	 - Status: SUCCESS
	 - Description: "dereference failure: pointer outside object bounds"
	 - Location: ../../../../../runner/.rustup/toolchains/nightly-2025-11-21-x86_64-unknown-linux-gnu/lib/rustlib/src/rust/library/core/src/cmp.rs:1903:59 in function std::cmp::impls::<impl std::cmp::PartialOrd for usize>::lt

Check 477: std::cmp::impls::<impl std::cmp::PartialOrd for usize>::lt.pointer_dereference.12
	 - Status: SUCCESS
	 - Description: "dereference failure: invalid integer address"
	 - Location: ../../../../../runner/.rustup/toolchains/nightly-2025-11-21-x86_64-unknown-linux-gnu/lib/rustlib/src/rust/library/core/src/cmp.rs:1903:59 in function std::cmp::impls::<impl std::cmp::PartialOrd for usize>::lt

Check 478: alloc::raw_vec::RawVecInner::non_null::<frame::StepState>.pointer_dereference.1
	 - Status: SUCCESS
	 - Description: "dereference failure: pointer NULL"
	 - Location: ../../../../../runner/.rustup/toolchains/nightly-2025-11-21-x86_64-unknown-linux-gnu/lib/rustlib/src/rust/library/alloc/src/raw_vec/mod.rs:504:9 in function alloc::raw_vec::RawVecInner::non_null::<frame::StepState>

Check 479: alloc::raw_vec::RawVecInner::non_null::<frame::StepState>.pointer_dereference.2
	 - Status: SUCCESS
	 - Description: "dereference failure: pointer invalid"
	 - Location: ../../../../../runner/.rustup/toolchains/nightly-2025-11-21-x86_64-unknown-linux-gnu/lib/rustlib/src/rust/library/alloc/src/raw_vec/mod.rs:504:9 in function alloc::raw_vec::RawVecInner::non_null::<frame::StepState>

Check 480: alloc::raw_vec::RawVecInner::non_null::<frame::StepState>.pointer_dereference.3
	 - Status: SUCCESS
	 - Description: "dereference failure: deallocated dynamic object"
	 - Location: ../../../../../runner/.rustup/toolchains/nightly-2025-11-21-x86_64-unknown-linux-gnu/lib/rustlib/src/rust/library/alloc/src/raw_vec/mod.rs:504:9 in function alloc::raw_vec::RawVecInner::non_null::<frame::StepState>

Check 481: alloc::raw_vec::RawVecInner::non_null::<frame::StepState>.pointer_dereference.4
	 - Status: SUCCESS
	 - Description: "dereference failure: dead object"
	 - Location: ../../../../../runner/.rustup/toolchains/nightly-2025-11-21-x86_64-unknown-linux-gnu/lib/rustlib/src/rust/library/alloc/src/raw_vec/mod.rs:504:9 in function alloc::raw_vec::RawVecInner::non_null::<frame::StepState>

Check 482: alloc::raw_vec::RawVecInner::non_null::<frame::StepState>.pointer_dereference.5
	 - Status: SUCCESS
	 - Description: "dereference failure: pointer outside object bounds"
	 - Location: ../../../../../runner/.rustup/toolchains/nightly-2025-11-21-x86_64-unknown-linux-gnu/lib/rustlib/src/rust/library/alloc/src/raw_vec/mod.rs:504:9 in function alloc::raw_vec::RawVecInner::non_null::<frame::StepState>

Check 483: alloc::raw_vec::RawVecInner::non_null::<frame::StepState>.pointer_dereference.6
	 - Status: SUCCESS
	 - Description: "dereference failure: invalid integer address"
	 - Location: ../../../../../runner/.rustup/toolchains/nightly-2025-11-21-x86_64-unknown-linux-gnu/lib/rustlib/src/rust/library/alloc/src/raw_vec/mod.rs:504:9 in function alloc::raw_vec::RawVecInner::non_null::<frame::StepState>

Check 484: std::alloc::Global::alloc_impl.pointer_dereference.1
	 - Status: SUCCESS
	 - Description: "dereference failure: dead object"
	 - Location: ../../../../../runner/.rustup/toolchains/nightly-2025-11-21-x86_64-unknown-linux-gnu/lib/rustlib/src/rust/library/alloc/src/alloc.rs:191:27 in function std::alloc::Global::alloc_impl

Check 485: <usize as std::slice::SliceIndex<[value::Taint]>>::get.pointer_dereference.1
	 - Status: SUCCESS
	 - Description: "dereference failure: dead object"
	 - Location: ../../../../../runner/.rustup/toolchains/nightly-2025-11-21-x86_64-unknown-linux-gnu/lib/rustlib/src/rust/library/core/src/slice/index.rs:223:13 in function <usize as std::slice::SliceIndex<[value::Taint]>>::get

Check 486: <std::boxed::Box<[frame::StepState]> as std::ops::Drop>::drop.pointer_dereference.1
	 - Status: SUCCESS
	 - Description: "dereference failure: pointer NULL"
	 - Location: ../../../../../runner/.rustup/toolchains/nightly-2025-11-21-x86_64-unknown-linux-gnu/lib/rustlib/src/rust/library/alloc/src/boxed.rs:1761:19 in function <std::boxed::Box<[frame::StepState]> as std::ops::Drop>::drop

Check 487: <std::boxed::Box<[frame::StepState]> as std::ops::Drop>::drop.pointer_dereference.2
	 - Status: SUCCESS
	 - Description: "dereference failure: pointer invalid"
	 - Location: ../../../../../runner/.rustup/toolchains/nightly-2025-11-21-x86_64-unknown-linux-gnu/lib/rustlib/src/rust/library/alloc/src/boxed.rs:1761:19 in function <std::boxed::Box<[frame::StepState]> as std::ops::Drop>::drop

Check 488: <std::boxed::Box<[frame::StepState]> as std::ops::Drop>::drop.pointer_dereference.3
	 - Status: SUCCESS
	 - Description: "dereference failure: deallocated dynamic object"
	 - Location: ../../../../../runner/.rustup/toolchains/nightly-2025-11-21-x86_64-unknown-linux-gnu/lib/rustlib/src/rust/library/alloc/src/boxed.rs:1761:19 in function <std::boxed::Box<[frame::StepState]> as std::ops::Drop>::drop

Check 489: <std::boxed::Box<[frame::StepState]> as std::ops::Drop>::drop.pointer_dereference.4
	 - Status: SUCCESS
	 - Description: "dereference failure: dead object"
	 - Location: ../../../../../runner/.rustup/toolchains/nightly-2025-11-21-x86_64-unknown-linux-gnu/lib/rustlib/src/rust/library/alloc/src/boxed.rs:1761:19 in function <std::boxed::Box<[frame::StepState]> as std::ops::Drop>::drop

Check 490: <std::boxed::Box<[frame::StepState]> as std::ops::Drop>::drop.pointer_dereference.5
	 - Status: SUCCESS
	 - Description: "dereference failure: pointer outside object bounds"
	 - Location: ../../../../../runner/.rustup/toolchains/nightly-2025-11-21-x86_64-unknown-linux-gnu/lib/rustlib/src/rust/library/alloc/src/boxed.rs:1761:19 in function <std::boxed::Box<[frame::StepState]> as std::ops::Drop>::drop

Check 491: <std::boxed::Box<[frame::StepState]> as std::ops::Drop>::drop.pointer_dereference.6
	 - Status: SUCCESS
	 - Description: "dereference failure: invalid integer address"
	 - Location: ../../../../../runner/.rustup/toolchains/nightly-2025-11-21-x86_64-unknown-linux-gnu/lib/rustlib/src/rust/library/alloc/src/boxed.rs:1761:19 in function <std::boxed::Box<[frame::StepState]> as std::ops::Drop>::drop

Check 492: alloc::raw_vec::RawVecInner::<A>::reserve::do_reserve_and_handle::<std::alloc::Global>.pointer_dereference.1
	 - Status: SUCCESS
	 - Description: "dereference failure: dead object"
	 - Location: ../../../../../runner/.rustup/toolchains/nightly-2025-11-21-x86_64-unknown-linux-gnu/lib/rustlib/src/rust/library/alloc/src/raw_vec/mod.rs:557:31 in function alloc::raw_vec::RawVecInner::<A>::reserve::do_reserve_and_handle::<std::alloc::Global>

Check 493: action::verify_idempotency.pointer_dereference.1
	 - Status: SUCCESS
	 - Description: "dereference failure: dead object"
	 - Location: crates/vb_core/src/action.rs:377:16 in function action::verify_idempotency

Check 494: action::verify_idempotency.pointer_dereference.2
	 - Status: SUCCESS
	 - Description: "dereference failure: pointer NULL"
	 - Location: crates/vb_core/src/action.rs:379:11 in function action::verify_idempotency

Check 495: action::verify_idempotency.pointer_dereference.3
	 - Status: SUCCESS
	 - Description: "dereference failure: pointer invalid"
	 - Location: crates/vb_core/src/action.rs:379:11 in function action::verify_idempotency

Check 496: action::verify_idempotency.pointer_dereference.4
	 - Status: SUCCESS
	 - Description: "dereference failure: deallocated dynamic object"
	 - Location: crates/vb_core/src/action.rs:379:11 in function action::verify_idempotency

Check 497: action::verify_idempotency.pointer_dereference.5
	 - Status: SUCCESS
	 - Description: "dereference failure: dead object"
	 - Location: crates/vb_core/src/action.rs:379:11 in function action::verify_idempotency

Check 498: action::verify_idempotency.pointer_dereference.6
	 - Status: SUCCESS
	 - Description: "dereference failure: pointer outside object bounds"
	 - Location: crates/vb_core/src/action.rs:379:11 in function action::verify_idempotency

Check 499: action::verify_idempotency.pointer_dereference.7
	 - Status: SUCCESS
	 - Description: "dereference failure: invalid integer address"
	 - Location: crates/vb_core/src/action.rs:379:11 in function action::verify_idempotency

Check 500: action::verify_idempotency.pointer_dereference.8
	 - Status: SUCCESS
	 - Description: "dereference failure: pointer NULL"
	 - Location: crates/vb_core/src/action.rs:387:69 in function action::verify_idempotency

Check 501: action::verify_idempotency.pointer_dereference.9
	 - Status: SUCCESS
	 - Description: "dereference failure: pointer invalid"
	 - Location: crates/vb_core/src/action.rs:387:69 in function action::verify_idempotency

Check 502: action::verify_idempotency.pointer_dereference.10
	 - Status: SUCCESS
	 - Description: "dereference failure: deallocated dynamic object"
	 - Location: crates/vb_core/src/action.rs:387:69 in function action::verify_idempotency

Check 503: action::verify_idempotency.pointer_dereference.11
	 - Status: SUCCESS
	 - Description: "dereference failure: dead object"
	 - Location: crates/vb_core/src/action.rs:387:69 in function action::verify_idempotency

Check 504: action::verify_idempotency.pointer_dereference.12
	 - Status: SUCCESS
	 - Description: "dereference failure: pointer outside object bounds"
	 - Location: crates/vb_core/src/action.rs:387:69 in function action::verify_idempotency

Check 505: action::verify_idempotency.pointer_dereference.13
	 - Status: SUCCESS
	 - Description: "dereference failure: invalid integer address"
	 - Location: crates/vb_core/src/action.rs:387:69 in function action::verify_idempotency

Check 506: action::verify_idempotency.pointer_dereference.14
	 - Status: SUCCESS
	 - Description: "dereference failure: pointer NULL"
	 - Location: crates/vb_core/src/action.rs:383:61 in function action::verify_idempotency

Check 507: action::verify_idempotency.pointer_dereference.15
	 - Status: SUCCESS
	 - Description: "dereference failure: pointer invalid"
	 - Location: crates/vb_core/src/action.rs:383:61 in function action::verify_idempotency

Check 508: action::verify_idempotency.pointer_dereference.16
	 - Status: SUCCESS
	 - Description: "dereference failure: deallocated dynamic object"
	 - Location: crates/vb_core/src/action.rs:383:61 in function action::verify_idempotency

Check 509: action::verify_idempotency.pointer_dereference.17
	 - Status: SUCCESS
	 - Description: "dereference failure: dead object"
	 - Location: crates/vb_core/src/action.rs:383:61 in function action::verify_idempotency

Check 510: action::verify_idempotency.pointer_dereference.18
	 - Status: SUCCESS
	 - Description: "dereference failure: pointer outside object bounds"
	 - Location: crates/vb_core/src/action.rs:383:61 in function action::verify_idempotency

Check 511: action::verify_idempotency.pointer_dereference.19
	 - Status: SUCCESS
	 - Description: "dereference failure: invalid integer address"
	 - Location: crates/vb_core/src/action.rs:383:61 in function action::verify_idempotency

Check 512: action::verify_idempotency.pointer_dereference.20
	 - Status: SUCCESS
	 - Description: "dereference failure: dead object"
	 - Location: crates/vb_core/src/action.rs:380:30 in function action::verify_idempotency

Check 513: std::result::Result::<(std::alloc::Layout, usize), std::alloc::LayoutError>::map::<std::alloc::Layout, {closure@alloc::raw_vec::layout_array::{closure#0}}>.pointer_dereference.1
	 - Status: SUCCESS
	 - Description: "dereference failure: dead object"
	 - Location: ../../../../../runner/.rustup/toolchains/nightly-2025-11-21-x86_64-unknown-linux-gnu/lib/rustlib/src/rust/library/core/src/result.rs:835:15 in function std::result::Result::<(std::alloc::Layout, usize), std::alloc::LayoutError>::map::<std::alloc::Layout, {closure@alloc::raw_vec::layout_array::{closure#0}}>

Check 514: std::result::Result::<(std::alloc::Layout, usize), std::alloc::LayoutError>::map::<std::alloc::Layout, {closure@alloc::raw_vec::layout_array::{closure#0}}>.pointer_dereference.2
	 - Status: SUCCESS
	 - Description: "dereference failure: dead object"
	 - Location: ../../../../../runner/.rustup/toolchains/nightly-2025-11-21-x86_64-unknown-linux-gnu/lib/rustlib/src/rust/library/core/src/result.rs:837:23 in function std::result::Result::<(std::alloc::Layout, usize), std::alloc::LayoutError>::map::<std::alloc::Layout, {closure@alloc::raw_vec::layout_array::{closure#0}}>

Check 515: alloc::raw_vec::RawVecInner::capacity.pointer_dereference.1
	 - Status: SUCCESS
	 - Description: "dereference failure: pointer NULL"
	 - Location: ../../../../../runner/.rustup/toolchains/nightly-2025-11-21-x86_64-unknown-linux-gnu/lib/rustlib/src/rust/library/alloc/src/raw_vec/mod.rs:509:49 in function alloc::raw_vec::RawVecInner::capacity

Check 516: alloc::raw_vec::RawVecInner::capacity.pointer_dereference.2
	 - Status: SUCCESS
	 - Description: "dereference failure: pointer invalid"
	 - Location: ../../../../../runner/.rustup/toolchains/nightly-2025-11-21-x86_64-unknown-linux-gnu/lib/rustlib/src/rust/library/alloc/src/raw_vec/mod.rs:509:49 in function alloc::raw_vec::RawVecInner::capacity

Check 517: alloc::raw_vec::RawVecInner::capacity.pointer_dereference.3
	 - Status: SUCCESS
	 - Description: "dereference failure: deallocated dynamic object"
	 - Location: ../../../../../runner/.rustup/toolchains/nightly-2025-11-21-x86_64-unknown-linux-gnu/lib/rustlib/src/rust/library/alloc/src/raw_vec/mod.rs:509:49 in function alloc::raw_vec::RawVecInner::capacity

Check 518: alloc::raw_vec::RawVecInner::capacity.pointer_dereference.4
	 - Status: SUCCESS
	 - Description: "dereference failure: dead object"
	 - Location: ../../../../../runner/.rustup/toolchains/nightly-2025-11-21-x86_64-unknown-linux-gnu/lib/rustlib/src/rust/library/alloc/src/raw_vec/mod.rs:509:49 in function alloc::raw_vec::RawVecInner::capacity

Check 519: alloc::raw_vec::RawVecInner::capacity.pointer_dereference.5
	 - Status: SUCCESS
	 - Description: "dereference failure: pointer outside object bounds"
	 - Location: ../../../../../runner/.rustup/toolchains/nightly-2025-11-21-x86_64-unknown-linux-gnu/lib/rustlib/src/rust/library/alloc/src/raw_vec/mod.rs:509:49 in function alloc::raw_vec::RawVecInner::capacity

Check 520: alloc::raw_vec::RawVecInner::capacity.pointer_dereference.6
	 - Status: SUCCESS
	 - Description: "dereference failure: invalid integer address"
	 - Location: ../../../../../runner/.rustup/toolchains/nightly-2025-11-21-x86_64-unknown-linux-gnu/lib/rustlib/src/rust/library/alloc/src/raw_vec/mod.rs:509:49 in function alloc::raw_vec::RawVecInner::capacity

Check 521: std::vec::Vec::<value::Taint>::len.pointer_dereference.1
	 - Status: SUCCESS
	 - Description: "dereference failure: pointer NULL"
	 - Location: ../../../../../runner/.rustup/toolchains/nightly-2025-11-21-x86_64-unknown-linux-gnu/lib/rustlib/src/rust/library/alloc/src/vec/mod.rs:2854:19 in function std::vec::Vec::<value::Taint>::len

Check 522: std::vec::Vec::<value::Taint>::len.pointer_dereference.2
	 - Status: SUCCESS
	 - Description: "dereference failure: pointer invalid"
	 - Location: ../../../../../runner/.rustup/toolchains/nightly-2025-11-21-x86_64-unknown-linux-gnu/lib/rustlib/src/rust/library/alloc/src/vec/mod.rs:2854:19 in function std::vec::Vec::<value::Taint>::len

Check 523: std::vec::Vec::<value::Taint>::len.pointer_dereference.3
	 - Status: SUCCESS
	 - Description: "dereference failure: deallocated dynamic object"
	 - Location: ../../../../../runner/.rustup/toolchains/nightly-2025-11-21-x86_64-unknown-linux-gnu/lib/rustlib/src/rust/library/alloc/src/vec/mod.rs:2854:19 in function std::vec::Vec::<value::Taint>::len

Check 524: std::vec::Vec::<value::Taint>::len.pointer_dereference.4
	 - Status: SUCCESS
	 - Description: "dereference failure: dead object"
	 - Location: ../../../../../runner/.rustup/toolchains/nightly-2025-11-21-x86_64-unknown-linux-gnu/lib/rustlib/src/rust/library/alloc/src/vec/mod.rs:2854:19 in function std::vec::Vec::<value::Taint>::len

Check 525: std::vec::Vec::<value::Taint>::len.pointer_dereference.5
	 - Status: SUCCESS
	 - Description: "dereference failure: pointer outside object bounds"
	 - Location: ../../../../../runner/.rustup/toolchains/nightly-2025-11-21-x86_64-unknown-linux-gnu/lib/rustlib/src/rust/library/alloc/src/vec/mod.rs:2854:19 in function std::vec::Vec::<value::Taint>::len

Check 526: std::vec::Vec::<value::Taint>::len.pointer_dereference.6
	 - Status: SUCCESS
	 - Description: "dereference failure: invalid integer address"
	 - Location: ../../../../../runner/.rustup/toolchains/nightly-2025-11-21-x86_64-unknown-linux-gnu/lib/rustlib/src/rust/library/alloc/src/vec/mod.rs:2854:19 in function std::vec::Vec::<value::Taint>::len

Check 527: <std::boxed::Box<[std::option::Option<value::SlotValue>]> as std::ops::Drop>::drop.pointer_dereference.1
	 - Status: SUCCESS
	 - Description: "dereference failure: pointer NULL"
	 - Location: ../../../../../runner/.rustup/toolchains/nightly-2025-11-21-x86_64-unknown-linux-gnu/lib/rustlib/src/rust/library/alloc/src/boxed.rs:1761:19 in function <std::boxed::Box<[std::option::Option<value::SlotValue>]> as std::ops::Drop>::drop

Check 528: <std::boxed::Box<[std::option::Option<value::SlotValue>]> as std::ops::Drop>::drop.pointer_dereference.2
	 - Status: SUCCESS
	 - Description: "dereference failure: pointer invalid"
	 - Location: ../../../../../runner/.rustup/toolchains/nightly-2025-11-21-x86_64-unknown-linux-gnu/lib/rustlib/src/rust/library/alloc/src/boxed.rs:1761:19 in function <std::boxed::Box<[std::option::Option<value::SlotValue>]> as std::ops::Drop>::drop

Check 529: <std::boxed::Box<[std::option::Option<value::SlotValue>]> as std::ops::Drop>::drop.pointer_dereference.3
	 - Status: SUCCESS
	 - Description: "dereference failure: deallocated dynamic object"
	 - Location: ../../../../../runner/.rustup/toolchains/nightly-2025-11-21-x86_64-unknown-linux-gnu/lib/rustlib/src/rust/library/alloc/src/boxed.rs:1761:19 in function <std::boxed::Box<[std::option::Option<value::SlotValue>]> as std::ops::Drop>::drop

Check 530: <std::boxed::Box<[std::option::Option<value::SlotValue>]> as std::ops::Drop>::drop.pointer_dereference.4
	 - Status: SUCCESS
	 - Description: "dereference failure: dead object"
	 - Location: ../../../../../runner/.rustup/toolchains/nightly-2025-11-21-x86_64-unknown-linux-gnu/lib/rustlib/src/rust/library/alloc/src/boxed.rs:1761:19 in function <std::boxed::Box<[std::option::Option<value::SlotValue>]> as std::ops::Drop>::drop

Check 531: <std::boxed::Box<[std::option::Option<value::SlotValue>]> as std::ops::Drop>::drop.pointer_dereference.5
	 - Status: SUCCESS
	 - Description: "dereference failure: pointer outside object bounds"
	 - Location: ../../../../../runner/.rustup/toolchains/nightly-2025-11-21-x86_64-unknown-linux-gnu/lib/rustlib/src/rust/library/alloc/src/boxed.rs:1761:19 in function <std::boxed::Box<[std::option::Option<value::SlotValue>]> as std::ops::Drop>::drop

Check 532: <std::boxed::Box<[std::option::Option<value::SlotValue>]> as std::ops::Drop>::drop.pointer_dereference.6
	 - Status: SUCCESS
	 - Description: "dereference failure: invalid integer address"
	 - Location: ../../../../../runner/.rustup/toolchains/nightly-2025-11-21-x86_64-unknown-linux-gnu/lib/rustlib/src/rust/library/alloc/src/boxed.rs:1761:19 in function <std::boxed::Box<[std::option::Option<value::SlotValue>]> as std::ops::Drop>::drop

Check 533: <value::Taint as std::clone::Clone>::clone.pointer_dereference.1
	 - Status: SUCCESS
	 - Description: "dereference failure: pointer NULL"
	 - Location: crates/vb_core/src/value.rs:11:17 in function <value::Taint as std::clone::Clone>::clone

Check 534: <value::Taint as std::clone::Clone>::clone.pointer_dereference.2
	 - Status: SUCCESS
	 - Description: "dereference failure: pointer invalid"
	 - Location: crates/vb_core/src/value.rs:11:17 in function <value::Taint as std::clone::Clone>::clone

Check 535: <value::Taint as std::clone::Clone>::clone.pointer_dereference.3
	 - Status: SUCCESS
	 - Description: "dereference failure: deallocated dynamic object"
	 - Location: crates/vb_core/src/value.rs:11:17 in function <value::Taint as std::clone::Clone>::clone

Check 536: <value::Taint as std::clone::Clone>::clone.pointer_dereference.4
	 - Status: SUCCESS
	 - Description: "dereference failure: dead object"
	 - Location: crates/vb_core/src/value.rs:11:17 in function <value::Taint as std::clone::Clone>::clone

Check 537: <value::Taint as std::clone::Clone>::clone.pointer_dereference.5
	 - Status: SUCCESS
	 - Description: "dereference failure: pointer outside object bounds"
	 - Location: crates/vb_core/src/value.rs:11:17 in function <value::Taint as std::clone::Clone>::clone

Check 538: <value::Taint as std::clone::Clone>::clone.pointer_dereference.6
	 - Status: SUCCESS
	 - Description: "dereference failure: invalid integer address"
	 - Location: crates/vb_core/src/value.rs:11:17 in function <value::Taint as std::clone::Clone>::clone

Check 539: alloc::raw_vec::RawVecInner::shrink_unchecked.pointer_dereference.1
	 - Status: SUCCESS
	 - Description: "dereference failure: dead object"
	 - Location: ../../../../../runner/.rustup/toolchains/nightly-2025-11-21-x86_64-unknown-linux-gnu/lib/rustlib/src/rust/library/alloc/src/raw_vec/mod.rs:791:48 in function alloc::raw_vec::RawVecInner::shrink_unchecked

Check 540: alloc::raw_vec::RawVecInner::shrink_unchecked.pointer_dereference.2
	 - Status: SUCCESS
	 - Description: "dereference failure: dead object"
	 - Location: ../../../../../runner/.rustup/toolchains/nightly-2025-11-21-x86_64-unknown-linux-gnu/lib/rustlib/src/rust/library/alloc/src/raw_vec/mod.rs:794:20 in function alloc::raw_vec::RawVecInner::shrink_unchecked

Check 541: alloc::raw_vec::RawVecInner::shrink_unchecked.pointer_dereference.3
	 - Status: SUCCESS
	 - Description: "dereference failure: pointer NULL"
	 - Location: ../../../../../runner/.rustup/toolchains/nightly-2025-11-21-x86_64-unknown-linux-gnu/lib/rustlib/src/rust/library/alloc/src/raw_vec/mod.rs:802:13 in function alloc::raw_vec::RawVecInner::shrink_unchecked

Check 542: alloc::raw_vec::RawVecInner::shrink_unchecked.pointer_dereference.4
	 - Status: SUCCESS
	 - Description: "dereference failure: pointer invalid"
	 - Location: ../../../../../runner/.rustup/toolchains/nightly-2025-11-21-x86_64-unknown-linux-gnu/lib/rustlib/src/rust/library/alloc/src/raw_vec/mod.rs:802:13 in function alloc::raw_vec::RawVecInner::shrink_unchecked

Check 543: alloc::raw_vec::RawVecInner::shrink_unchecked.pointer_dereference.5
	 - Status: SUCCESS
	 - Description: "dereference failure: deallocated dynamic object"
	 - Location: ../../../../../runner/.rustup/toolchains/nightly-2025-11-21-x86_64-unknown-linux-gnu/lib/rustlib/src/rust/library/alloc/src/raw_vec/mod.rs:802:13 in function alloc::raw_vec::RawVecInner::shrink_unchecked

Check 544: alloc::raw_vec::RawVecInner::shrink_unchecked.pointer_dereference.6
	 - Status: SUCCESS
	 - Description: "dereference failure: dead object"
	 - Location: ../../../../../runner/.rustup/toolchains/nightly-2025-11-21-x86_64-unknown-linux-gnu/lib/rustlib/src/rust/library/alloc/src/raw_vec/mod.rs:802:13 in function alloc::raw_vec::RawVecInner::shrink_unchecked

Check 545: alloc::raw_vec::RawVecInner::shrink_unchecked.pointer_dereference.7
	 - Status: SUCCESS
	 - Description: "dereference failure: pointer outside object bounds"
	 - Location: ../../../../../runner/.rustup/toolchains/nightly-2025-11-21-x86_64-unknown-linux-gnu/lib/rustlib/src/rust/library/alloc/src/raw_vec/mod.rs:802:13 in function alloc::raw_vec::RawVecInner::shrink_unchecked

Check 546: alloc::raw_vec::RawVecInner::shrink_unchecked.pointer_dereference.8
	 - Status: SUCCESS
	 - Description: "dereference failure: invalid integer address"
	 - Location: ../../../../../runner/.rustup/toolchains/nightly-2025-11-21-x86_64-unknown-linux-gnu/lib/rustlib/src/rust/library/alloc/src/raw_vec/mod.rs:802:13 in function alloc::raw_vec::RawVecInner::shrink_unchecked

Check 547: alloc::raw_vec::RawVecInner::shrink_unchecked.pointer_dereference.9
	 - Status: SUCCESS
	 - Description: "dereference failure: pointer NULL"
	 - Location: ../../../../../runner/.rustup/toolchains/nightly-2025-11-21-x86_64-unknown-linux-gnu/lib/rustlib/src/rust/library/alloc/src/raw_vec/mod.rs:804:13 in function alloc::raw_vec::RawVecInner::shrink_unchecked

Check 548: alloc::raw_vec::RawVecInner::shrink_unchecked.pointer_dereference.10
	 - Status: SUCCESS
	 - Description: "dereference failure: pointer invalid"
	 - Location: ../../../../../runner/.rustup/toolchains/nightly-2025-11-21-x86_64-unknown-linux-gnu/lib/rustlib/src/rust/library/alloc/src/raw_vec/mod.rs:804:13 in function alloc::raw_vec::RawVecInner::shrink_unchecked

Check 549: alloc::raw_vec::RawVecInner::shrink_unchecked.pointer_dereference.11
	 - Status: SUCCESS
	 - Description: "dereference failure: deallocated dynamic object"
	 - Location: ../../../../../runner/.rustup/toolchains/nightly-2025-11-21-x86_64-unknown-linux-gnu/lib/rustlib/src/rust/library/alloc/src/raw_vec/mod.rs:804:13 in function alloc::raw_vec::RawVecInner::shrink_unchecked

Check 550: alloc::raw_vec::RawVecInner::shrink_unchecked.pointer_dereference.12
	 - Status: SUCCESS
	 - Description: "dereference failure: dead object"
	 - Location: ../../../../../runner/.rustup/toolchains/nightly-2025-11-21-x86_64-unknown-linux-gnu/lib/rustlib/src/rust/library/alloc/src/raw_vec/mod.rs:804:13 in function alloc::raw_vec::RawVecInner::shrink_unchecked

Check 551: alloc::raw_vec::RawVecInner::shrink_unchecked.pointer_dereference.13
	 - Status: SUCCESS
	 - Description: "dereference failure: pointer outside object bounds"
	 - Location: ../../../../../runner/.rustup/toolchains/nightly-2025-11-21-x86_64-unknown-linux-gnu/lib/rustlib/src/rust/library/alloc/src/raw_vec/mod.rs:804:13 in function alloc::raw_vec::RawVecInner::shrink_unchecked

Check 552: alloc::raw_vec::RawVecInner::shrink_unchecked.pointer_dereference.14
	 - Status: SUCCESS
	 - Description: "dereference failure: invalid integer address"
	 - Location: ../../../../../runner/.rustup/toolchains/nightly-2025-11-21-x86_64-unknown-linux-gnu/lib/rustlib/src/rust/library/alloc/src/raw_vec/mod.rs:804:13 in function alloc::raw_vec::RawVecInner::shrink_unchecked

Check 553: alloc::raw_vec::RawVecInner::shrink_unchecked.pointer_dereference.15
	 - Status: SUCCESS
	 - Description: "dereference failure: dead object"
	 - Location: ../../../../../runner/.rustup/toolchains/nightly-2025-11-21-x86_64-unknown-linux-gnu/lib/rustlib/src/rust/library/alloc/src/raw_vec/mod.rs:820:9 in function alloc::raw_vec::RawVecInner::shrink_unchecked

Check 554: <value::Taint as std::cmp::PartialEq>::eq.pointer_dereference.1
	 - Status: SUCCESS
	 - Description: "dereference failure: pointer NULL"
	 - Location: crates/vb_core/src/value.rs:11:30 in function <value::Taint as std::cmp::PartialEq>::eq

Check 555: <value::Taint as std::cmp::PartialEq>::eq.pointer_dereference.2
	 - Status: SUCCESS
	 - Description: "dereference failure: pointer invalid"
	 - Location: crates/vb_core/src/value.rs:11:30 in function <value::Taint as std::cmp::PartialEq>::eq

Check 556: <value::Taint as std::cmp::PartialEq>::eq.pointer_dereference.3
	 - Status: SUCCESS
	 - Description: "dereference failure: deallocated dynamic object"
	 - Location: crates/vb_core/src/value.rs:11:30 in function <value::Taint as std::cmp::PartialEq>::eq

Check 557: <value::Taint as std::cmp::PartialEq>::eq.pointer_dereference.4
	 - Status: SUCCESS
	 - Description: "dereference failure: dead object"
	 - Location: crates/vb_core/src/value.rs:11:30 in function <value::Taint as std::cmp::PartialEq>::eq

Check 558: <value::Taint as std::cmp::PartialEq>::eq.pointer_dereference.5
	 - Status: SUCCESS
	 - Description: "dereference failure: pointer outside object bounds"
	 - Location: crates/vb_core/src/value.rs:11:30 in function <value::Taint as std::cmp::PartialEq>::eq

Check 559: <value::Taint as std::cmp::PartialEq>::eq.pointer_dereference.6
	 - Status: SUCCESS
	 - Description: "dereference failure: invalid integer address"
	 - Location: crates/vb_core/src/value.rs:11:30 in function <value::Taint as std::cmp::PartialEq>::eq

Check 560: <value::Taint as std::cmp::PartialEq>::eq.pointer_dereference.7
	 - Status: SUCCESS
	 - Description: "dereference failure: pointer NULL"
	 - Location: crates/vb_core/src/value.rs:11:30 in function <value::Taint as std::cmp::PartialEq>::eq

Check 561: <value::Taint as std::cmp::PartialEq>::eq.pointer_dereference.8
	 - Status: SUCCESS
	 - Description: "dereference failure: pointer invalid"
	 - Location: crates/vb_core/src/value.rs:11:30 in function <value::Taint as std::cmp::PartialEq>::eq

Check 562: <value::Taint as std::cmp::PartialEq>::eq.pointer_dereference.9
	 - Status: SUCCESS
	 - Description: "dereference failure: deallocated dynamic object"
	 - Location: crates/vb_core/src/value.rs:11:30 in function <value::Taint as std::cmp::PartialEq>::eq

Check 563: <value::Taint as std::cmp::PartialEq>::eq.pointer_dereference.10
	 - Status: SUCCESS
	 - Description: "dereference failure: dead object"
	 - Location: crates/vb_core/src/value.rs:11:30 in function <value::Taint as std::cmp::PartialEq>::eq

Check 564: <value::Taint as std::cmp::PartialEq>::eq.pointer_dereference.11
	 - Status: SUCCESS
	 - Description: "dereference failure: pointer outside object bounds"
	 - Location: crates/vb_core/src/value.rs:11:30 in function <value::Taint as std::cmp::PartialEq>::eq

Check 565: <value::Taint as std::cmp::PartialEq>::eq.pointer_dereference.12
	 - Status: SUCCESS
	 - Description: "dereference failure: invalid integer address"
	 - Location: crates/vb_core/src/value.rs:11:30 in function <value::Taint as std::cmp::PartialEq>::eq

Check 566: std::ptr::read::<alloc::raw_vec::RawVec<std::option::Option<value::SlotValue>>>.pointer_dereference.1
	 - Status: SUCCESS
	 - Description: "dereference failure: pointer NULL"
	 - Location: ../../../../../runner/.rustup/toolchains/nightly-2025-11-21-x86_64-unknown-linux-gnu/lib/rustlib/src/rust/library/core/src/ptr/mod.rs:1708:9 in function std::ptr::read::<alloc::raw_vec::RawVec<std::option::Option<value::SlotValue>>>

Check 567: std::ptr::read::<alloc::raw_vec::RawVec<std::option::Option<value::SlotValue>>>.pointer_dereference.2
	 - Status: SUCCESS
	 - Description: "dereference failure: pointer invalid"
	 - Location: ../../../../../runner/.rustup/toolchains/nightly-2025-11-21-x86_64-unknown-linux-gnu/lib/rustlib/src/rust/library/core/src/ptr/mod.rs:1708:9 in function std::ptr::read::<alloc::raw_vec::RawVec<std::option::Option<value::SlotValue>>>

Check 568: std::ptr::read::<alloc::raw_vec::RawVec<std::option::Option<value::SlotValue>>>.pointer_dereference.3
	 - Status: SUCCESS
	 - Description: "dereference failure: deallocated dynamic object"
	 - Location: ../../../../../runner/.rustup/toolchains/nightly-2025-11-21-x86_64-unknown-linux-gnu/lib/rustlib/src/rust/library/core/src/ptr/mod.rs:1708:9 in function std::ptr::read::<alloc::raw_vec::RawVec<std::option::Option<value::SlotValue>>>

Check 569: std::ptr::read::<alloc::raw_vec::RawVec<std::option::Option<value::SlotValue>>>.pointer_dereference.4
	 - Status: SUCCESS
	 - Description: "dereference failure: dead object"
	 - Location: ../../../../../runner/.rustup/toolchains/nightly-2025-11-21-x86_64-unknown-linux-gnu/lib/rustlib/src/rust/library/core/src/ptr/mod.rs:1708:9 in function std::ptr::read::<alloc::raw_vec::RawVec<std::option::Option<value::SlotValue>>>

Check 570: std::ptr::read::<alloc::raw_vec::RawVec<std::option::Option<value::SlotValue>>>.pointer_dereference.5
	 - Status: SUCCESS
	 - Description: "dereference failure: pointer outside object bounds"
	 - Location: ../../../../../runner/.rustup/toolchains/nightly-2025-11-21-x86_64-unknown-linux-gnu/lib/rustlib/src/rust/library/core/src/ptr/mod.rs:1708:9 in function std::ptr::read::<alloc::raw_vec::RawVec<std::option::Option<value::SlotValue>>>

Check 571: std::ptr::read::<alloc::raw_vec::RawVec<std::option::Option<value::SlotValue>>>.pointer_dereference.6
	 - Status: SUCCESS
	 - Description: "dereference failure: invalid integer address"
	 - Location: ../../../../../runner/.rustup/toolchains/nightly-2025-11-21-x86_64-unknown-linux-gnu/lib/rustlib/src/rust/library/core/src/ptr/mod.rs:1708:9 in function std::ptr::read::<alloc::raw_vec::RawVec<std::option::Option<value::SlotValue>>>

Check 572: std::ptr::NonNull::<u8>::new.pointer_dereference.1
	 - Status: SUCCESS
	 - Description: "dereference failure: dead object"
	 - Location: ../../../../../runner/.rustup/toolchains/nightly-2025-11-21-x86_64-unknown-linux-gnu/lib/rustlib/src/rust/library/core/src/ptr/non_null.rs:275:13 in function std::ptr::NonNull::<u8>::new

Check 573: std::ptr::drop_in_place::<std::result::Result<(), errors::CoreError>>.pointer_dereference.1
	 - Status: SUCCESS
	 - Description: "dereference failure: pointer NULL"
	 - Location: ../../../../../runner/.rustup/toolchains/nightly-2025-11-21-x86_64-unknown-linux-gnu/lib/rustlib/src/rust/library/core/src/ptr/mod.rs:805:1 in function std::ptr::drop_in_place::<std::result::Result<(), errors::CoreError>>

Check 574: std::ptr::drop_in_place::<std::result::Result<(), errors::CoreError>>.pointer_dereference.2
	 - Status: SUCCESS
	 - Description: "dereference failure: pointer invalid"
	 - Location: ../../../../../runner/.rustup/toolchains/nightly-2025-11-21-x86_64-unknown-linux-gnu/lib/rustlib/src/rust/library/core/src/ptr/mod.rs:805:1 in function std::ptr::drop_in_place::<std::result::Result<(), errors::CoreError>>

Check 575: std::ptr::drop_in_place::<std::result::Result<(), errors::CoreError>>.pointer_dereference.3
	 - Status: SUCCESS
	 - Description: "dereference failure: deallocated dynamic object"
	 - Location: ../../../../../runner/.rustup/toolchains/nightly-2025-11-21-x86_64-unknown-linux-gnu/lib/rustlib/src/rust/library/core/src/ptr/mod.rs:805:1 in function std::ptr::drop_in_place::<std::result::Result<(), errors::CoreError>>

Check 576: std::ptr::drop_in_place::<std::result::Result<(), errors::CoreError>>.pointer_dereference.4
	 - Status: SUCCESS
	 - Description: "dereference failure: dead object"
	 - Location: ../../../../../runner/.rustup/toolchains/nightly-2025-11-21-x86_64-unknown-linux-gnu/lib/rustlib/src/rust/library/core/src/ptr/mod.rs:805:1 in function std::ptr::drop_in_place::<std::result::Result<(), errors::CoreError>>

Check 577: std::ptr::drop_in_place::<std::result::Result<(), errors::CoreError>>.pointer_dereference.5
	 - Status: SUCCESS
	 - Description: "dereference failure: pointer outside object bounds"
	 - Location: ../../../../../runner/.rustup/toolchains/nightly-2025-11-21-x86_64-unknown-linux-gnu/lib/rustlib/src/rust/library/core/src/ptr/mod.rs:805:1 in function std::ptr::drop_in_place::<std::result::Result<(), errors::CoreError>>

Check 578: std::ptr::drop_in_place::<std::result::Result<(), errors::CoreError>>.pointer_dereference.6
	 - Status: SUCCESS
	 - Description: "dereference failure: invalid integer address"
	 - Location: ../../../../../runner/.rustup/toolchains/nightly-2025-11-21-x86_64-unknown-linux-gnu/lib/rustlib/src/rust/library/core/src/ptr/mod.rs:805:1 in function std::ptr::drop_in_place::<std::result::Result<(), errors::CoreError>>

Check 579: std::ptr::drop_in_place::<std::result::Result<value::Taint, errors::CoreError>>.pointer_dereference.1
	 - Status: SUCCESS
	 - Description: "dereference failure: pointer NULL"
	 - Location: ../../../../../runner/.rustup/toolchains/nightly-2025-11-21-x86_64-unknown-linux-gnu/lib/rustlib/src/rust/library/core/src/ptr/mod.rs:805:1 in function std::ptr::drop_in_place::<std::result::Result<value::Taint, errors::CoreError>>

Check 580: std::ptr::drop_in_place::<std::result::Result<value::Taint, errors::CoreError>>.pointer_dereference.2
	 - Status: SUCCESS
	 - Description: "dereference failure: pointer invalid"
	 - Location: ../../../../../runner/.rustup/toolchains/nightly-2025-11-21-x86_64-unknown-linux-gnu/lib/rustlib/src/rust/library/core/src/ptr/mod.rs:805:1 in function std::ptr::drop_in_place::<std::result::Result<value::Taint, errors::CoreError>>

Check 581: std::ptr::drop_in_place::<std::result::Result<value::Taint, errors::CoreError>>.pointer_dereference.3
	 - Status: SUCCESS
	 - Description: "dereference failure: deallocated dynamic object"
	 - Location: ../../../../../runner/.rustup/toolchains/nightly-2025-11-21-x86_64-unknown-linux-gnu/lib/rustlib/src/rust/library/core/src/ptr/mod.rs:805:1 in function std::ptr::drop_in_place::<std::result::Result<value::Taint, errors::CoreError>>

Check 582: std::ptr::drop_in_place::<std::result::Result<value::Taint, errors::CoreError>>.pointer_dereference.4
	 - Status: SUCCESS
	 - Description: "dereference failure: dead object"
	 - Location: ../../../../../runner/.rustup/toolchains/nightly-2025-11-21-x86_64-unknown-linux-gnu/lib/rustlib/src/rust/library/core/src/ptr/mod.rs:805:1 in function std::ptr::drop_in_place::<std::result::Result<value::Taint, errors::CoreError>>

Check 583: std::ptr::drop_in_place::<std::result::Result<value::Taint, errors::CoreError>>.pointer_dereference.5
	 - Status: SUCCESS
	 - Description: "dereference failure: pointer outside object bounds"
	 - Location: ../../../../../runner/.rustup/toolchains/nightly-2025-11-21-x86_64-unknown-linux-gnu/lib/rustlib/src/rust/library/core/src/ptr/mod.rs:805:1 in function std::ptr::drop_in_place::<std::result::Result<value::Taint, errors::CoreError>>

Check 584: std::ptr::drop_in_place::<std::result::Result<value::Taint, errors::CoreError>>.pointer_dereference.6
	 - Status: SUCCESS
	 - Description: "dereference failure: invalid integer address"
	 - Location: ../../../../../runner/.rustup/toolchains/nightly-2025-11-21-x86_64-unknown-linux-gnu/lib/rustlib/src/rust/library/core/src/ptr/mod.rs:805:1 in function std::ptr::drop_in_place::<std::result::Result<value::Taint, errors::CoreError>>

Check 585: <usize as std::slice::SliceIndex<[value::Taint]>>::get_mut.pointer_dereference.1
	 - Status: SUCCESS
	 - Description: "dereference failure: dead object"
	 - Location: ../../../../../runner/.rustup/toolchains/nightly-2025-11-21-x86_64-unknown-linux-gnu/lib/rustlib/src/rust/library/core/src/slice/index.rs:233:13 in function <usize as std::slice::SliceIndex<[value::Taint]>>::get_mut

Check 586: <std::ops::Range<usize> as std::iter::range::RangeIteratorImpl>::spec_next.pointer_dereference.1
	 - Status: SUCCESS
	 - Description: "dereference failure: pointer NULL"
	 - Location: ../../../../../runner/.rustup/toolchains/nightly-2025-11-21-x86_64-unknown-linux-gnu/lib/rustlib/src/rust/library/core/src/iter/range.rs:766:23 in function <std::ops::Range<usize> as std::iter::range::RangeIteratorImpl>::spec_next

Check 587: <std::ops::Range<usize> as std::iter::range::RangeIteratorImpl>::spec_next.pointer_dereference.2
	 - Status: SUCCESS
	 - Description: "dereference failure: pointer invalid"
	 - Location: ../../../../../runner/.rustup/toolchains/nightly-2025-11-21-x86_64-unknown-linux-gnu/lib/rustlib/src/rust/library/core/src/iter/range.rs:766:23 in function <std::ops::Range<usize> as std::iter::range::RangeIteratorImpl>::spec_next

Check 588: <std::ops::Range<usize> as std::iter::range::RangeIteratorImpl>::spec_next.pointer_dereference.3
	 - Status: SUCCESS
	 - Description: "dereference failure: deallocated dynamic object"
	 - Location: ../../../../../runner/.rustup/toolchains/nightly-2025-11-21-x86_64-unknown-linux-gnu/lib/rustlib/src/rust/library/core/src/iter/range.rs:766:23 in function <std::ops::Range<usize> as std::iter::range::RangeIteratorImpl>::spec_next

Check 589: <std::ops::Range<usize> as std::iter::range::RangeIteratorImpl>::spec_next.pointer_dereference.4
	 - Status: SUCCESS
	 - Description: "dereference failure: dead object"
	 - Location: ../../../../../runner/.rustup/toolchains/nightly-2025-11-21-x86_64-unknown-linux-gnu/lib/rustlib/src/rust/library/core/src/iter/range.rs:766:23 in function <std::ops::Range<usize> as std::iter::range::RangeIteratorImpl>::spec_next

Check 590: <std::ops::Range<usize> as std::iter::range::RangeIteratorImpl>::spec_next.pointer_dereference.5
	 - Status: SUCCESS
	 - Description: "dereference failure: pointer outside object bounds"
	 - Location: ../../../../../runner/.rustup/toolchains/nightly-2025-11-21-x86_64-unknown-linux-gnu/lib/rustlib/src/rust/library/core/src/iter/range.rs:766:23 in function <std::ops::Range<usize> as std::iter::range::RangeIteratorImpl>::spec_next

Check 591: <std::ops::Range<usize> as std::iter::range::RangeIteratorImpl>::spec_next.pointer_dereference.6
	 - Status: SUCCESS
	 - Description: "dereference failure: invalid integer address"
	 - Location: ../../../../../runner/.rustup/toolchains/nightly-2025-11-21-x86_64-unknown-linux-gnu/lib/rustlib/src/rust/library/core/src/iter/range.rs:766:23 in function <std::ops::Range<usize> as std::iter::range::RangeIteratorImpl>::spec_next

Check 592: <std::ops::Range<usize> as std::iter::range::RangeIteratorImpl>::spec_next.pointer_dereference.7
	 - Status: SUCCESS
	 - Description: "dereference failure: pointer NULL"
	 - Location: ../../../../../runner/.rustup/toolchains/nightly-2025-11-21-x86_64-unknown-linux-gnu/lib/rustlib/src/rust/library/core/src/iter/range.rs:768:13 in function <std::ops::Range<usize> as std::iter::range::RangeIteratorImpl>::spec_next

Check 593: <std::ops::Range<usize> as std::iter::range::RangeIteratorImpl>::spec_next.pointer_dereference.8
	 - Status: SUCCESS
	 - Description: "dereference failure: pointer invalid"
	 - Location: ../../../../../runner/.rustup/toolchains/nightly-2025-11-21-x86_64-unknown-linux-gnu/lib/rustlib/src/rust/library/core/src/iter/range.rs:768:13 in function <std::ops::Range<usize> as std::iter::range::RangeIteratorImpl>::spec_next

Check 594: <std::ops::Range<usize> as std::iter::range::RangeIteratorImpl>::spec_next.pointer_dereference.9
	 - Status: SUCCESS
	 - Description: "dereference failure: deallocated dynamic object"
	 - Location: ../../../../../runner/.rustup/toolchains/nightly-2025-11-21-x86_64-unknown-linux-gnu/lib/rustlib/src/rust/library/core/src/iter/range.rs:768:13 in function <std::ops::Range<usize> as std::iter::range::RangeIteratorImpl>::spec_next

Check 595: <std::ops::Range<usize> as std::iter::range::RangeIteratorImpl>::spec_next.pointer_dereference.10
	 - Status: SUCCESS
	 - Description: "dereference failure: dead object"
	 - Location: ../../../../../runner/.rustup/toolchains/nightly-2025-11-21-x86_64-unknown-linux-gnu/lib/rustlib/src/rust/library/core/src/iter/range.rs:768:13 in function <std::ops::Range<usize> as std::iter::range::RangeIteratorImpl>::spec_next

Check 596: <std::ops::Range<usize> as std::iter::range::RangeIteratorImpl>::spec_next.pointer_dereference.11
	 - Status: SUCCESS
	 - Description: "dereference failure: pointer outside object bounds"
	 - Location: ../../../../../runner/.rustup/toolchains/nightly-2025-11-21-x86_64-unknown-linux-gnu/lib/rustlib/src/rust/library/core/src/iter/range.rs:768:13 in function <std::ops::Range<usize> as std::iter::range::RangeIteratorImpl>::spec_next

Check 597: <std::ops::Range<usize> as std::iter::range::RangeIteratorImpl>::spec_next.pointer_dereference.12
	 - Status: SUCCESS
	 - Description: "dereference failure: invalid integer address"
	 - Location: ../../../../../runner/.rustup/toolchains/nightly-2025-11-21-x86_64-unknown-linux-gnu/lib/rustlib/src/rust/library/core/src/iter/range.rs:768:13 in function <std::ops::Range<usize> as std::iter::range::RangeIteratorImpl>::spec_next

Check 598: <action::SideEffect as std::cmp::PartialEq>::eq.pointer_dereference.1
	 - Status: SUCCESS
	 - Description: "dereference failure: pointer NULL"
	 - Location: crates/vb_core/src/action.rs:26:30 in function <action::SideEffect as std::cmp::PartialEq>::eq

Check 599: <action::SideEffect as std::cmp::PartialEq>::eq.pointer_dereference.2
	 - Status: SUCCESS
	 - Description: "dereference failure: pointer invalid"
	 - Location: crates/vb_core/src/action.rs:26:30 in function <action::SideEffect as std::cmp::PartialEq>::eq

Check 600: <action::SideEffect as std::cmp::PartialEq>::eq.pointer_dereference.3
	 - Status: SUCCESS
	 - Description: "dereference failure: deallocated dynamic object"
	 - Location: crates/vb_core/src/action.rs:26:30 in function <action::SideEffect as std::cmp::PartialEq>::eq

Check 601: <action::SideEffect as std::cmp::PartialEq>::eq.pointer_dereference.4
	 - Status: SUCCESS
	 - Description: "dereference failure: dead object"
	 - Location: crates/vb_core/src/action.rs:26:30 in function <action::SideEffect as std::cmp::PartialEq>::eq

Check 602: <action::SideEffect as std::cmp::PartialEq>::eq.pointer_dereference.5
	 - Status: SUCCESS
	 - Description: "dereference failure: pointer outside object bounds"
	 - Location: crates/vb_core/src/action.rs:26:30 in function <action::SideEffect as std::cmp::PartialEq>::eq

Check 603: <action::SideEffect as std::cmp::PartialEq>::eq.pointer_dereference.6
	 - Status: SUCCESS
	 - Description: "dereference failure: invalid integer address"
	 - Location: crates/vb_core/src/action.rs:26:30 in function <action::SideEffect as std::cmp::PartialEq>::eq

Check 604: <action::SideEffect as std::cmp::PartialEq>::eq.pointer_dereference.7
	 - Status: SUCCESS
	 - Description: "dereference failure: pointer NULL"
	 - Location: crates/vb_core/src/action.rs:26:30 in function <action::SideEffect as std::cmp::PartialEq>::eq

Check 605: <action::SideEffect as std::cmp::PartialEq>::eq.pointer_dereference.8
	 - Status: SUCCESS
	 - Description: "dereference failure: pointer invalid"
	 - Location: crates/vb_core/src/action.rs:26:30 in function <action::SideEffect as std::cmp::PartialEq>::eq

Check 606: <action::SideEffect as std::cmp::PartialEq>::eq.pointer_dereference.9
	 - Status: SUCCESS
	 - Description: "dereference failure: deallocated dynamic object"
	 - Location: crates/vb_core/src/action.rs:26:30 in function <action::SideEffect as std::cmp::PartialEq>::eq

Check 607: <action::SideEffect as std::cmp::PartialEq>::eq.pointer_dereference.10
	 - Status: SUCCESS
	 - Description: "dereference failure: dead object"
	 - Location: crates/vb_core/src/action.rs:26:30 in function <action::SideEffect as std::cmp::PartialEq>::eq

Check 608: <action::SideEffect as std::cmp::PartialEq>::eq.pointer_dereference.11
	 - Status: SUCCESS
	 - Description: "dereference failure: pointer outside object bounds"
	 - Location: crates/vb_core/src/action.rs:26:30 in function <action::SideEffect as std::cmp::PartialEq>::eq

Check 609: <action::SideEffect as std::cmp::PartialEq>::eq.pointer_dereference.12
	 - Status: SUCCESS
	 - Description: "dereference failure: invalid integer address"
	 - Location: crates/vb_core/src/action.rs:26:30 in function <action::SideEffect as std::cmp::PartialEq>::eq

Check 610: std::vec::Vec::<std::option::Option<value::SlotValue>>::reserve.pointer_dereference.1
	 - Status: SUCCESS
	 - Description: "dereference failure: pointer NULL"
	 - Location: ../../../../../runner/.rustup/toolchains/nightly-2025-11-21-x86_64-unknown-linux-gnu/lib/rustlib/src/rust/library/alloc/src/vec/mod.rs:1298:26 in function std::vec::Vec::<std::option::Option<value::SlotValue>>::reserve

Check 611: std::vec::Vec::<std::option::Option<value::SlotValue>>::reserve.pointer_dereference.2
	 - Status: SUCCESS
	 - Description: "dereference failure: pointer invalid"
	 - Location: ../../../../../runner/.rustup/toolchains/nightly-2025-11-21-x86_64-unknown-linux-gnu/lib/rustlib/src/rust/library/alloc/src/vec/mod.rs:1298:26 in function std::vec::Vec::<std::option::Option<value::SlotValue>>::reserve

Check 612: std::vec::Vec::<std::option::Option<value::SlotValue>>::reserve.pointer_dereference.3
	 - Status: SUCCESS
	 - Description: "dereference failure: deallocated dynamic object"
	 - Location: ../../../../../runner/.rustup/toolchains/nightly-2025-11-21-x86_64-unknown-linux-gnu/lib/rustlib/src/rust/library/alloc/src/vec/mod.rs:1298:26 in function std::vec::Vec::<std::option::Option<value::SlotValue>>::reserve

Check 613: std::vec::Vec::<std::option::Option<value::SlotValue>>::reserve.pointer_dereference.4
	 - Status: SUCCESS
	 - Description: "dereference failure: dead object"
	 - Location: ../../../../../runner/.rustup/toolchains/nightly-2025-11-21-x86_64-unknown-linux-gnu/lib/rustlib/src/rust/library/alloc/src/vec/mod.rs:1298:26 in function std::vec::Vec::<std::option::Option<value::SlotValue>>::reserve

Check 614: std::vec::Vec::<std::option::Option<value::SlotValue>>::reserve.pointer_dereference.5
	 - Status: SUCCESS
	 - Description: "dereference failure: pointer outside object bounds"
	 - Location: ../../../../../runner/.rustup/toolchains/nightly-2025-11-21-x86_64-unknown-linux-gnu/lib/rustlib/src/rust/library/alloc/src/vec/mod.rs:1298:26 in function std::vec::Vec::<std::option::Option<value::SlotValue>>::reserve

Check 615: std::vec::Vec::<std::option::Option<value::SlotValue>>::reserve.pointer_dereference.6
	 - Status: SUCCESS
	 - Description: "dereference failure: invalid integer address"
	 - Location: ../../../../../runner/.rustup/toolchains/nightly-2025-11-21-x86_64-unknown-linux-gnu/lib/rustlib/src/rust/library/alloc/src/vec/mod.rs:1298:26 in function std::vec::Vec::<std::option::Option<value::SlotValue>>::reserve

Check 616: std::ptr::write::<value::Taint>.pointer_dereference.1
	 - Status: SUCCESS
	 - Description: "dereference failure: pointer NULL"
	 - Location: ../../../../../runner/.rustup/toolchains/nightly-2025-11-21-x86_64-unknown-linux-gnu/lib/rustlib/src/rust/library/core/src/ptr/mod.rs:1908:9 in function std::ptr::write::<value::Taint>

Check 617: std::ptr::write::<value::Taint>.pointer_dereference.2
	 - Status: SUCCESS
	 - Description: "dereference failure: pointer invalid"
	 - Location: ../../../../../runner/.rustup/toolchains/nightly-2025-11-21-x86_64-unknown-linux-gnu/lib/rustlib/src/rust/library/core/src/ptr/mod.rs:1908:9 in function std::ptr::write::<value::Taint>

Check 618: std::ptr::write::<value::Taint>.pointer_dereference.3
	 - Status: SUCCESS
	 - Description: "dereference failure: deallocated dynamic object"
	 - Location: ../../../../../runner/.rustup/toolchains/nightly-2025-11-21-x86_64-unknown-linux-gnu/lib/rustlib/src/rust/library/core/src/ptr/mod.rs:1908:9 in function std::ptr::write::<value::Taint>

Check 619: std::ptr::write::<value::Taint>.pointer_dereference.4
	 - Status: SUCCESS
	 - Description: "dereference failure: dead object"
	 - Location: ../../../../../runner/.rustup/toolchains/nightly-2025-11-21-x86_64-unknown-linux-gnu/lib/rustlib/src/rust/library/core/src/ptr/mod.rs:1908:9 in function std::ptr::write::<value::Taint>

Check 620: std::ptr::write::<value::Taint>.pointer_dereference.5
	 - Status: SUCCESS
	 - Description: "dereference failure: pointer outside object bounds"
	 - Location: ../../../../../runner/.rustup/toolchains/nightly-2025-11-21-x86_64-unknown-linux-gnu/lib/rustlib/src/rust/library/core/src/ptr/mod.rs:1908:9 in function std::ptr::write::<value::Taint>

Check 621: std::ptr::write::<value::Taint>.pointer_dereference.6
	 - Status: SUCCESS
	 - Description: "dereference failure: invalid integer address"
	 - Location: ../../../../../runner/.rustup/toolchains/nightly-2025-11-21-x86_64-unknown-linux-gnu/lib/rustlib/src/rust/library/core/src/ptr/mod.rs:1908:9 in function std::ptr::write::<value::Taint>

Check 622: std::vec::Vec::<std::option::Option<value::SlotValue>>::shrink_to_fit.pointer_dereference.1
	 - Status: SUCCESS
	 - Description: "dereference failure: pointer NULL"
	 - Location: ../../../../../runner/.rustup/toolchains/nightly-2025-11-21-x86_64-unknown-linux-gnu/lib/rustlib/src/rust/library/alloc/src/vec/mod.rs:1435:30 in function std::vec::Vec::<std::option::Option<value::SlotValue>>::shrink_to_fit

Check 623: std::vec::Vec::<std::option::Option<value::SlotValue>>::shrink_to_fit.pointer_dereference.2
	 - Status: SUCCESS
	 - Description: "dereference failure: pointer invalid"
	 - Location: ../../../../../runner/.rustup/toolchains/nightly-2025-11-21-x86_64-unknown-linux-gnu/lib/rustlib/src/rust/library/alloc/src/vec/mod.rs:1435:30 in function std::vec::Vec::<std::option::Option<value::SlotValue>>::shrink_to_fit

Check 624: std::vec::Vec::<std::option::Option<value::SlotValue>>::shrink_to_fit.pointer_dereference.3
	 - Status: SUCCESS
	 - Description: "dereference failure: deallocated dynamic object"
	 - Location: ../../../../../runner/.rustup/toolchains/nightly-2025-11-21-x86_64-unknown-linux-gnu/lib/rustlib/src/rust/library/alloc/src/vec/mod.rs:1435:30 in function std::vec::Vec::<std::option::Option<value::SlotValue>>::shrink_to_fit

Check 625: std::vec::Vec::<std::option::Option<value::SlotValue>>::shrink_to_fit.pointer_dereference.4
	 - Status: SUCCESS
	 - Description: "dereference failure: dead object"
	 - Location: ../../../../../runner/.rustup/toolchains/nightly-2025-11-21-x86_64-unknown-linux-gnu/lib/rustlib/src/rust/library/alloc/src/vec/mod.rs:1435:30 in function std::vec::Vec::<std::option::Option<value::SlotValue>>::shrink_to_fit

Check 626: std::vec::Vec::<std::option::Option<value::SlotValue>>::shrink_to_fit.pointer_dereference.5
	 - Status: SUCCESS
	 - Description: "dereference failure: pointer outside object bounds"
	 - Location: ../../../../../runner/.rustup/toolchains/nightly-2025-11-21-x86_64-unknown-linux-gnu/lib/rustlib/src/rust/library/alloc/src/vec/mod.rs:1435:30 in function std::vec::Vec::<std::option::Option<value::SlotValue>>::shrink_to_fit

Check 627: std::vec::Vec::<std::option::Option<value::SlotValue>>::shrink_to_fit.pointer_dereference.6
	 - Status: SUCCESS
	 - Description: "dereference failure: invalid integer address"
	 - Location: ../../../../../runner/.rustup/toolchains/nightly-2025-11-21-x86_64-unknown-linux-gnu/lib/rustlib/src/rust/library/alloc/src/vec/mod.rs:1435:30 in function std::vec::Vec::<std::option::Option<value::SlotValue>>::shrink_to_fit

Check 628: std::vec::Vec::<std::option::Option<value::SlotValue>>::shrink_to_fit.pointer_dereference.7
	 - Status: SUCCESS
	 - Description: "dereference failure: pointer NULL"
	 - Location: ../../../../../runner/.rustup/toolchains/nightly-2025-11-21-x86_64-unknown-linux-gnu/lib/rustlib/src/rust/library/alloc/src/vec/mod.rs:1436:36 in function std::vec::Vec::<std::option::Option<value::SlotValue>>::shrink_to_fit

Check 629: std::vec::Vec::<std::option::Option<value::SlotValue>>::shrink_to_fit.pointer_dereference.8
	 - Status: SUCCESS
	 - Description: "dereference failure: pointer invalid"
	 - Location: ../../../../../runner/.rustup/toolchains/nightly-2025-11-21-x86_64-unknown-linux-gnu/lib/rustlib/src/rust/library/alloc/src/vec/mod.rs:1436:36 in function std::vec::Vec::<std::option::Option<value::SlotValue>>::shrink_to_fit

Check 630: std::vec::Vec::<std::option::Option<value::SlotValue>>::shrink_to_fit.pointer_dereference.9
	 - Status: SUCCESS
	 - Description: "dereference failure: deallocated dynamic object"
	 - Location: ../../../../../runner/.rustup/toolchains/nightly-2025-11-21-x86_64-unknown-linux-gnu/lib/rustlib/src/rust/library/alloc/src/vec/mod.rs:1436:36 in function std::vec::Vec::<std::option::Option<value::SlotValue>>::shrink_to_fit

Check 631: std::vec::Vec::<std::option::Option<value::SlotValue>>::shrink_to_fit.pointer_dereference.10
	 - Status: SUCCESS
	 - Description: "dereference failure: dead object"
	 - Location: ../../../../../runner/.rustup/toolchains/nightly-2025-11-21-x86_64-unknown-linux-gnu/lib/rustlib/src/rust/library/alloc/src/vec/mod.rs:1436:36 in function std::vec::Vec::<std::option::Option<value::SlotValue>>::shrink_to_fit

Check 632: std::vec::Vec::<std::option::Option<value::SlotValue>>::shrink_to_fit.pointer_dereference.11
	 - Status: SUCCESS
	 - Description: "dereference failure: pointer outside object bounds"
	 - Location: ../../../../../runner/.rustup/toolchains/nightly-2025-11-21-x86_64-unknown-linux-gnu/lib/rustlib/src/rust/library/alloc/src/vec/mod.rs:1436:36 in function std::vec::Vec::<std::option::Option<value::SlotValue>>::shrink_to_fit

Check 633: std::vec::Vec::<std::option::Option<value::SlotValue>>::shrink_to_fit.pointer_dereference.12
	 - Status: SUCCESS
	 - Description: "dereference failure: invalid integer address"
	 - Location: ../../../../../runner/.rustup/toolchains/nightly-2025-11-21-x86_64-unknown-linux-gnu/lib/rustlib/src/rust/library/alloc/src/vec/mod.rs:1436:36 in function std::vec::Vec::<std::option::Option<value::SlotValue>>::shrink_to_fit

Check 634: alloc::raw_vec::RawVecInner::shrink_to_fit.pointer_dereference.1
	 - Status: SUCCESS
	 - Description: "dereference failure: dead object"
	 - Location: ../../../../../runner/.rustup/toolchains/nightly-2025-11-21-x86_64-unknown-linux-gnu/lib/rustlib/src/rust/library/alloc/src/raw_vec/mod.rs:648:27 in function alloc::raw_vec::RawVecInner::shrink_to_fit

Check 635: alloc::raw_vec::RawVecInner::grow_amortized.pointer_dereference.1
	 - Status: SUCCESS
	 - Description: "dereference failure: dead object"
	 - Location: ../../../../../runner/.rustup/toolchains/nightly-2025-11-21-x86_64-unknown-linux-gnu/lib/rustlib/src/rust/library/alloc/src/raw_vec/mod.rs:688:62 in function alloc::raw_vec::RawVecInner::grow_amortized

Check 636: alloc::raw_vec::RawVecInner::grow_amortized.pointer_dereference.2
	 - Status: SUCCESS
	 - Description: "dereference failure: dead object"
	 - Location: ../../../../../runner/.rustup/toolchains/nightly-2025-11-21-x86_64-unknown-linux-gnu/lib/rustlib/src/rust/library/alloc/src/raw_vec/mod.rs:688:28 in function alloc::raw_vec::RawVecInner::grow_amortized

Check 637: alloc::raw_vec::RawVecInner::grow_amortized.pointer_dereference.3
	 - Status: SUCCESS
	 - Description: "dereference failure: pointer NULL"
	 - Location: ../../../../../runner/.rustup/toolchains/nightly-2025-11-21-x86_64-unknown-linux-gnu/lib/rustlib/src/rust/library/alloc/src/raw_vec/mod.rs:692:28 in function alloc::raw_vec::RawVecInner::grow_amortized

Check 638: alloc::raw_vec::RawVecInner::grow_amortized.pointer_dereference.4
	 - Status: SUCCESS
	 - Description: "dereference failure: pointer invalid"
	 - Location: ../../../../../runner/.rustup/toolchains/nightly-2025-11-21-x86_64-unknown-linux-gnu/lib/rustlib/src/rust/library/alloc/src/raw_vec/mod.rs:692:28 in function alloc::raw_vec::RawVecInner::grow_amortized

Check 639: alloc::raw_vec::RawVecInner::grow_amortized.pointer_dereference.5
	 - Status: SUCCESS
	 - Description: "dereference failure: deallocated dynamic object"
	 - Location: ../../../../../runner/.rustup/toolchains/nightly-2025-11-21-x86_64-unknown-linux-gnu/lib/rustlib/src/rust/library/alloc/src/raw_vec/mod.rs:692:28 in function alloc::raw_vec::RawVecInner::grow_amortized

Check 640: alloc::raw_vec::RawVecInner::grow_amortized.pointer_dereference.6
	 - Status: SUCCESS
	 - Description: "dereference failure: dead object"
	 - Location: ../../../../../runner/.rustup/toolchains/nightly-2025-11-21-x86_64-unknown-linux-gnu/lib/rustlib/src/rust/library/alloc/src/raw_vec/mod.rs:692:28 in function alloc::raw_vec::RawVecInner::grow_amortized

Check 641: alloc::raw_vec::RawVecInner::grow_amortized.pointer_dereference.7
	 - Status: SUCCESS
	 - Description: "dereference failure: pointer outside object bounds"
	 - Location: ../../../../../runner/.rustup/toolchains/nightly-2025-11-21-x86_64-unknown-linux-gnu/lib/rustlib/src/rust/library/alloc/src/raw_vec/mod.rs:692:28 in function alloc::raw_vec::RawVecInner::grow_amortized

Check 642: alloc::raw_vec::RawVecInner::grow_amortized.pointer_dereference.8
	 - Status: SUCCESS
	 - Description: "dereference failure: invalid integer address"
	 - Location: ../../../../../runner/.rustup/toolchains/nightly-2025-11-21-x86_64-unknown-linux-gnu/lib/rustlib/src/rust/library/alloc/src/raw_vec/mod.rs:692:28 in function alloc::raw_vec::RawVecInner::grow_amortized

Check 643: alloc::raw_vec::RawVecInner::grow_amortized.pointer_dereference.9
	 - Status: SUCCESS
	 - Description: "dereference failure: dead object"
	 - Location: ../../../../../runner/.rustup/toolchains/nightly-2025-11-21-x86_64-unknown-linux-gnu/lib/rustlib/src/rust/library/alloc/src/raw_vec/mod.rs:702:9 in function alloc::raw_vec::RawVecInner::grow_amortized

Check 644: alloc::raw_vec::RawVecInner::grow_amortized.pointer_dereference.10
	 - Status: SUCCESS
	 - Description: "dereference failure: dead object"
	 - Location: ../../../../../runner/.rustup/toolchains/nightly-2025-11-21-x86_64-unknown-linux-gnu/lib/rustlib/src/rust/library/alloc/src/raw_vec/mod.rs:684:24 in function alloc::raw_vec::RawVecInner::grow_amortized

Check 645: <std::collections::TryReserveErrorKind as std::clone::Clone>::clone.pointer_dereference.1
	 - Status: SUCCESS
	 - Description: "dereference failure: pointer NULL"
	 - Location: ../../../../../runner/.rustup/toolchains/nightly-2025-11-21-x86_64-unknown-linux-gnu/lib/rustlib/src/rust/library/alloc/src/collections/mod.rs:93:10 in function <std::collections::TryReserveErrorKind as std::clone::Clone>::clone

Check 646: <std::collections::TryReserveErrorKind as std::clone::Clone>::clone.pointer_dereference.2
	 - Status: SUCCESS
	 - Description: "dereference failure: pointer invalid"
	 - Location: ../../../../../runner/.rustup/toolchains/nightly-2025-11-21-x86_64-unknown-linux-gnu/lib/rustlib/src/rust/library/alloc/src/collections/mod.rs:93:10 in function <std::collections::TryReserveErrorKind as std::clone::Clone>::clone

Check 647: <std::collections::TryReserveErrorKind as std::clone::Clone>::clone.pointer_dereference.3
	 - Status: SUCCESS
	 - Description: "dereference failure: deallocated dynamic object"
	 - Location: ../../../../../runner/.rustup/toolchains/nightly-2025-11-21-x86_64-unknown-linux-gnu/lib/rustlib/src/rust/library/alloc/src/collections/mod.rs:93:10 in function <std::collections::TryReserveErrorKind as std::clone::Clone>::clone

Check 648: <std::collections::TryReserveErrorKind as std::clone::Clone>::clone.pointer_dereference.4
	 - Status: SUCCESS
	 - Description: "dereference failure: dead object"
	 - Location: ../../../../../runner/.rustup/toolchains/nightly-2025-11-21-x86_64-unknown-linux-gnu/lib/rustlib/src/rust/library/alloc/src/collections/mod.rs:93:10 in function <std::collections::TryReserveErrorKind as std::clone::Clone>::clone

Check 649: <std::collections::TryReserveErrorKind as std::clone::Clone>::clone.pointer_dereference.5
	 - Status: SUCCESS
	 - Description: "dereference failure: pointer outside object bounds"
	 - Location: ../../../../../runner/.rustup/toolchains/nightly-2025-11-21-x86_64-unknown-linux-gnu/lib/rustlib/src/rust/library/alloc/src/collections/mod.rs:93:10 in function <std::collections::TryReserveErrorKind as std::clone::Clone>::clone

Check 650: <std::collections::TryReserveErrorKind as std::clone::Clone>::clone.pointer_dereference.6
	 - Status: SUCCESS
	 - Description: "dereference failure: invalid integer address"
	 - Location: ../../../../../runner/.rustup/toolchains/nightly-2025-11-21-x86_64-unknown-linux-gnu/lib/rustlib/src/rust/library/alloc/src/collections/mod.rs:93:10 in function <std::collections::TryReserveErrorKind as std::clone::Clone>::clone

Check 651: <std::collections::TryReserveErrorKind as std::clone::Clone>::clone.pointer_dereference.7
	 - Status: SUCCESS
	 - Description: "dereference failure: dead object"
	 - Location: ../../../../../runner/.rustup/toolchains/nightly-2025-11-21-x86_64-unknown-linux-gnu/lib/rustlib/src/rust/library/alloc/src/collections/mod.rs:93:10 in function <std::collections::TryReserveErrorKind as std::clone::Clone>::clone

Check 652: alloc::raw_vec::layout_array::{closure#1}.pointer_dereference.1
	 - Status: SUCCESS
	 - Description: "dereference failure: dead object"
	 - Location: ../../../../../runner/.rustup/toolchains/nightly-2025-11-21-x86_64-unknown-linux-gnu/lib/rustlib/src/rust/library/alloc/src/raw_vec/mod.rs:853:70 in function alloc::raw_vec::layout_array::{closure#1}

Check 653: std::vec::Vec::<frame::StepState>::shrink_to_fit.pointer_dereference.1
	 - Status: SUCCESS
	 - Description: "dereference failure: pointer NULL"
	 - Location: ../../../../../runner/.rustup/toolchains/nightly-2025-11-21-x86_64-unknown-linux-gnu/lib/rustlib/src/rust/library/alloc/src/vec/mod.rs:1435:30 in function std::vec::Vec::<frame::StepState>::shrink_to_fit

Check 654: std::vec::Vec::<frame::StepState>::shrink_to_fit.pointer_dereference.2
	 - Status: SUCCESS
	 - Description: "dereference failure: pointer invalid"
	 - Location: ../../../../../runner/.rustup/toolchains/nightly-2025-11-21-x86_64-unknown-linux-gnu/lib/rustlib/src/rust/library/alloc/src/vec/mod.rs:1435:30 in function std::vec::Vec::<frame::StepState>::shrink_to_fit

Check 655: std::vec::Vec::<frame::StepState>::shrink_to_fit.pointer_dereference.3
	 - Status: SUCCESS
	 - Description: "dereference failure: deallocated dynamic object"
	 - Location: ../../../../../runner/.rustup/toolchains/nightly-2025-11-21-x86_64-unknown-linux-gnu/lib/rustlib/src/rust/library/alloc/src/vec/mod.rs:1435:30 in function std::vec::Vec::<frame::StepState>::shrink_to_fit

Check 656: std::vec::Vec::<frame::StepState>::shrink_to_fit.pointer_dereference.4
	 - Status: SUCCESS
	 - Description: "dereference failure: dead object"
	 - Location: ../../../../../runner/.rustup/toolchains/nightly-2025-11-21-x86_64-unknown-linux-gnu/lib/rustlib/src/rust/library/alloc/src/vec/mod.rs:1435:30 in function std::vec::Vec::<frame::StepState>::shrink_to_fit

Check 657: std::vec::Vec::<frame::StepState>::shrink_to_fit.pointer_dereference.5
	 - Status: SUCCESS
	 - Description: "dereference failure: pointer outside object bounds"
	 - Location: ../../../../../runner/.rustup/toolchains/nightly-2025-11-21-x86_64-unknown-linux-gnu/lib/rustlib/src/rust/library/alloc/src/vec/mod.rs:1435:30 in function std::vec::Vec::<frame::StepState>::shrink_to_fit

Check 658: std::vec::Vec::<frame::StepState>::shrink_to_fit.pointer_dereference.6
	 - Status: SUCCESS
	 - Description: "dereference failure: invalid integer address"
	 - Location: ../../../../../runner/.rustup/toolchains/nightly-2025-11-21-x86_64-unknown-linux-gnu/lib/rustlib/src/rust/library/alloc/src/vec/mod.rs:1435:30 in function std::vec::Vec::<frame::StepState>::shrink_to_fit

Check 659: std::vec::Vec::<frame::StepState>::shrink_to_fit.pointer_dereference.7
	 - Status: SUCCESS
	 - Description: "dereference failure: pointer NULL"
	 - Location: ../../../../../runner/.rustup/toolchains/nightly-2025-11-21-x86_64-unknown-linux-gnu/lib/rustlib/src/rust/library/alloc/src/vec/mod.rs:1436:36 in function std::vec::Vec::<frame::StepState>::shrink_to_fit

Check 660: std::vec::Vec::<frame::StepState>::shrink_to_fit.pointer_dereference.8
	 - Status: SUCCESS
	 - Description: "dereference failure: pointer invalid"
	 - Location: ../../../../../runner/.rustup/toolchains/nightly-2025-11-21-x86_64-unknown-linux-gnu/lib/rustlib/src/rust/library/alloc/src/vec/mod.rs:1436:36 in function std::vec::Vec::<frame::StepState>::shrink_to_fit

Check 661: std::vec::Vec::<frame::StepState>::shrink_to_fit.pointer_dereference.9
	 - Status: SUCCESS
	 - Description: "dereference failure: deallocated dynamic object"
	 - Location: ../../../../../runner/.rustup/toolchains/nightly-2025-11-21-x86_64-unknown-linux-gnu/lib/rustlib/src/rust/library/alloc/src/vec/mod.rs:1436:36 in function std::vec::Vec::<frame::StepState>::shrink_to_fit

Check 662: std::vec::Vec::<frame::StepState>::shrink_to_fit.pointer_dereference.10
	 - Status: SUCCESS
	 - Description: "dereference failure: dead object"
	 - Location: ../../../../../runner/.rustup/toolchains/nightly-2025-11-21-x86_64-unknown-linux-gnu/lib/rustlib/src/rust/library/alloc/src/vec/mod.rs:1436:36 in function std::vec::Vec::<frame::StepState>::shrink_to_fit

Check 663: std::vec::Vec::<frame::StepState>::shrink_to_fit.pointer_dereference.11
	 - Status: SUCCESS
	 - Description: "dereference failure: pointer outside object bounds"
	 - Location: ../../../../../runner/.rustup/toolchains/nightly-2025-11-21-x86_64-unknown-linux-gnu/lib/rustlib/src/rust/library/alloc/src/vec/mod.rs:1436:36 in function std::vec::Vec::<frame::StepState>::shrink_to_fit

Check 664: std::vec::Vec::<frame::StepState>::shrink_to_fit.pointer_dereference.12
	 - Status: SUCCESS
	 - Description: "dereference failure: invalid integer address"
	 - Location: ../../../../../runner/.rustup/toolchains/nightly-2025-11-21-x86_64-unknown-linux-gnu/lib/rustlib/src/rust/library/alloc/src/vec/mod.rs:1436:36 in function std::vec::Vec::<frame::StepState>::shrink_to_fit

Check 665: std::ptr::Alignment::new.pointer_dereference.1
	 - Status: SUCCESS
	 - Description: "dereference failure: dead object"
	 - Location: ../../../../../runner/.rustup/toolchains/nightly-2025-11-21-x86_64-unknown-linux-gnu/lib/rustlib/src/rust/library/core/src/ptr/alignment.rs:64:13 in function std::ptr::Alignment::new

Check 666: std::ptr::drop_in_place::<errors::CoreError>.pointer_dereference.1
	 - Status: SUCCESS
	 - Description: "dereference failure: pointer NULL"
	 - Location: ../../../../../runner/.rustup/toolchains/nightly-2025-11-21-x86_64-unknown-linux-gnu/lib/rustlib/src/rust/library/core/src/ptr/mod.rs:805:1 in function std::ptr::drop_in_place::<errors::CoreError>

Check 667: std::ptr::drop_in_place::<errors::CoreError>.pointer_dereference.2
	 - Status: SUCCESS
	 - Description: "dereference failure: pointer invalid"
	 - Location: ../../../../../runner/.rustup/toolchains/nightly-2025-11-21-x86_64-unknown-linux-gnu/lib/rustlib/src/rust/library/core/src/ptr/mod.rs:805:1 in function std::ptr::drop_in_place::<errors::CoreError>

Check 668: std::ptr::drop_in_place::<errors::CoreError>.pointer_dereference.3
	 - Status: SUCCESS
	 - Description: "dereference failure: deallocated dynamic object"
	 - Location: ../../../../../runner/.rustup/toolchains/nightly-2025-11-21-x86_64-unknown-linux-gnu/lib/rustlib/src/rust/library/core/src/ptr/mod.rs:805:1 in function std::ptr::drop_in_place::<errors::CoreError>

Check 669: std::ptr::drop_in_place::<errors::CoreError>.pointer_dereference.4
	 - Status: SUCCESS
	 - Description: "dereference failure: dead object"
	 - Location: ../../../../../runner/.rustup/toolchains/nightly-2025-11-21-x86_64-unknown-linux-gnu/lib/rustlib/src/rust/library/core/src/ptr/mod.rs:805:1 in function std::ptr::drop_in_place::<errors::CoreError>

Check 670: std::ptr::drop_in_place::<errors::CoreError>.pointer_dereference.5
	 - Status: SUCCESS
	 - Description: "dereference failure: pointer outside object bounds"
	 - Location: ../../../../../runner/.rustup/toolchains/nightly-2025-11-21-x86_64-unknown-linux-gnu/lib/rustlib/src/rust/library/core/src/ptr/mod.rs:805:1 in function std::ptr::drop_in_place::<errors::CoreError>

Check 671: std::ptr::drop_in_place::<errors::CoreError>.pointer_dereference.6
	 - Status: SUCCESS
	 - Description: "dereference failure: invalid integer address"
	 - Location: ../../../../../runner/.rustup/toolchains/nightly-2025-11-21-x86_64-unknown-linux-gnu/lib/rustlib/src/rust/library/core/src/ptr/mod.rs:805:1 in function std::ptr::drop_in_place::<errors::CoreError>

Check 672: std::result::Result::<std::alloc::Layout, std::alloc::LayoutError>::map_err::<std::collections::TryReserveError, {closure@alloc::raw_vec::layout_array::{closure#1}}>.pointer_dereference.1
	 - Status: SUCCESS
	 - Description: "dereference failure: dead object"
	 - Location: ../../../../../runner/.rustup/toolchains/nightly-2025-11-21-x86_64-unknown-linux-gnu/lib/rustlib/src/rust/library/core/src/result.rs:966:15 in function std::result::Result::<std::alloc::Layout, std::alloc::LayoutError>::map_err::<std::collections::TryReserveError, {closure@alloc::raw_vec::layout_array::{closure#1}}>

Check 673: std::alloc::Layout::from_size_alignment.pointer_dereference.1
	 - Status: SUCCESS
	 - Description: "dereference failure: dead object"
	 - Location: ../../../../../runner/.rustup/toolchains/nightly-2025-11-21-x86_64-unknown-linux-gnu/lib/rustlib/src/rust/library/core/src/alloc/layout.rs:102:20 in function std::alloc::Layout::from_size_alignment

Check 674: alloc::raw_vec::handle_error.pointer_dereference.1
	 - Status: SUCCESS
	 - Description: "dereference failure: dead object"
	 - Location: ../../../../../runner/.rustup/toolchains/nightly-2025-11-21-x86_64-unknown-linux-gnu/lib/rustlib/src/rust/library/alloc/src/raw_vec/mod.rs:845:11 in function alloc::raw_vec::handle_error

Check 675: std::alloc::Layout::size_rounded_up_to_custom_align.pointer_dereference.1
	 - Status: SUCCESS
	 - Description: "dereference failure: pointer NULL"
	 - Location: ../../../../../runner/.rustup/toolchains/nightly-2025-11-21-x86_64-unknown-linux-gnu/lib/rustlib/src/rust/library/core/src/alloc/layout.rs:305:27 in function std::alloc::Layout::size_rounded_up_to_custom_align

Check 676: std::alloc::Layout::size_rounded_up_to_custom_align.pointer_dereference.2
	 - Status: SUCCESS
	 - Description: "dereference failure: pointer invalid"
	 - Location: ../../../../../runner/.rustup/toolchains/nightly-2025-11-21-x86_64-unknown-linux-gnu/lib/rustlib/src/rust/library/core/src/alloc/layout.rs:305:27 in function std::alloc::Layout::size_rounded_up_to_custom_align

Check 677: std::alloc::Layout::size_rounded_up_to_custom_align.pointer_dereference.3
	 - Status: SUCCESS
	 - Description: "dereference failure: deallocated dynamic object"
	 - Location: ../../../../../runner/.rustup/toolchains/nightly-2025-11-21-x86_64-unknown-linux-gnu/lib/rustlib/src/rust/library/core/src/alloc/layout.rs:305:27 in function std::alloc::Layout::size_rounded_up_to_custom_align

Check 678: std::alloc::Layout::size_rounded_up_to_custom_align.pointer_dereference.4
	 - Status: SUCCESS
	 - Description: "dereference failure: dead object"
	 - Location: ../../../../../runner/.rustup/toolchains/nightly-2025-11-21-x86_64-unknown-linux-gnu/lib/rustlib/src/rust/library/core/src/alloc/layout.rs:305:27 in function std::alloc::Layout::size_rounded_up_to_custom_align

Check 679: std::alloc::Layout::size_rounded_up_to_custom_align.pointer_dereference.5
	 - Status: SUCCESS
	 - Description: "dereference failure: pointer outside object bounds"
	 - Location: ../../../../../runner/.rustup/toolchains/nightly-2025-11-21-x86_64-unknown-linux-gnu/lib/rustlib/src/rust/library/core/src/alloc/layout.rs:305:27 in function std::alloc::Layout::size_rounded_up_to_custom_align

Check 680: std::alloc::Layout::size_rounded_up_to_custom_align.pointer_dereference.6
	 - Status: SUCCESS
	 - Description: "dereference failure: invalid integer address"
	 - Location: ../../../../../runner/.rustup/toolchains/nightly-2025-11-21-x86_64-unknown-linux-gnu/lib/rustlib/src/rust/library/core/src/alloc/layout.rs:305:27 in function std::alloc::Layout::size_rounded_up_to_custom_align

Check 681: pointer_dereference.1
	 - Status: SUCCESS
	 - Description: "dereference failure: pointer NULL"

Check 682: pointer_dereference.2
	 - Status: SUCCESS
	 - Description: "dereference failure: pointer invalid"

Check 683: pointer_dereference.3
	 - Status: SUCCESS
	 - Description: "dereference failure: deallocated dynamic object"

Check 684: pointer_dereference.4
	 - Status: SUCCESS
	 - Description: "dereference failure: dead object"

Check 685: pointer_dereference.5
	 - Status: SUCCESS
	 - Description: "dereference failure: pointer outside object bounds"

Check 686: pointer_dereference.6
	 - Status: SUCCESS
	 - Description: "dereference failure: invalid integer address"

Check 687: std::vec::set_len_on_drop::SetLenOnDrop::<'_>::increment_len.pointer_dereference.1
	 - Status: SUCCESS
	 - Description: "dereference failure: pointer NULL"
	 - Location: ../../../../../runner/.rustup/toolchains/nightly-2025-11-21-x86_64-unknown-linux-gnu/lib/rustlib/src/rust/library/alloc/src/vec/set_len_on_drop.rs:19:9 in function std::vec::set_len_on_drop::SetLenOnDrop::<'_>::increment_len

Check 688: std::vec::set_len_on_drop::SetLenOnDrop::<'_>::increment_len.pointer_dereference.2
	 - Status: SUCCESS
	 - Description: "dereference failure: pointer invalid"
	 - Location: ../../../../../runner/.rustup/toolchains/nightly-2025-11-21-x86_64-unknown-linux-gnu/lib/rustlib/src/rust/library/alloc/src/vec/set_len_on_drop.rs:19:9 in function std::vec::set_len_on_drop::SetLenOnDrop::<'_>::increment_len

Check 689: std::vec::set_len_on_drop::SetLenOnDrop::<'_>::increment_len.pointer_dereference.3
	 - Status: SUCCESS
	 - Description: "dereference failure: deallocated dynamic object"
	 - Location: ../../../../../runner/.rustup/toolchains/nightly-2025-11-21-x86_64-unknown-linux-gnu/lib/rustlib/src/rust/library/alloc/src/vec/set_len_on_drop.rs:19:9 in function std::vec::set_len_on_drop::SetLenOnDrop::<'_>::increment_len

Check 690: std::vec::set_len_on_drop::SetLenOnDrop::<'_>::increment_len.pointer_dereference.4
	 - Status: SUCCESS
	 - Description: "dereference failure: dead object"
	 - Location: ../../../../../runner/.rustup/toolchains/nightly-2025-11-21-x86_64-unknown-linux-gnu/lib/rustlib/src/rust/library/alloc/src/vec/set_len_on_drop.rs:19:9 in function std::vec::set_len_on_drop::SetLenOnDrop::<'_>::increment_len

Check 691: std::vec::set_len_on_drop::SetLenOnDrop::<'_>::increment_len.pointer_dereference.5
	 - Status: SUCCESS
	 - Description: "dereference failure: pointer outside object bounds"
	 - Location: ../../../../../runner/.rustup/toolchains/nightly-2025-11-21-x86_64-unknown-linux-gnu/lib/rustlib/src/rust/library/alloc/src/vec/set_len_on_drop.rs:19:9 in function std::vec::set_len_on_drop::SetLenOnDrop::<'_>::increment_len

Check 692: std::vec::set_len_on_drop::SetLenOnDrop::<'_>::increment_len.pointer_dereference.6
	 - Status: SUCCESS
	 - Description: "dereference failure: invalid integer address"
	 - Location: ../../../../../runner/.rustup/toolchains/nightly-2025-11-21-x86_64-unknown-linux-gnu/lib/rustlib/src/rust/library/alloc/src/vec/set_len_on_drop.rs:19:9 in function std::vec::set_len_on_drop::SetLenOnDrop::<'_>::increment_len

Check 693: std::ptr::read::<alloc::raw_vec::RawVec<frame::StepState>>.pointer_dereference.1
	 - Status: SUCCESS
	 - Description: "dereference failure: pointer NULL"
	 - Location: ../../../../../runner/.rustup/toolchains/nightly-2025-11-21-x86_64-unknown-linux-gnu/lib/rustlib/src/rust/library/core/src/ptr/mod.rs:1708:9 in function std::ptr::read::<alloc::raw_vec::RawVec<frame::StepState>>

Check 694: std::ptr::read::<alloc::raw_vec::RawVec<frame::StepState>>.pointer_dereference.2
	 - Status: SUCCESS
	 - Description: "dereference failure: pointer invalid"
	 - Location: ../../../../../runner/.rustup/toolchains/nightly-2025-11-21-x86_64-unknown-linux-gnu/lib/rustlib/src/rust/library/core/src/ptr/mod.rs:1708:9 in function std::ptr::read::<alloc::raw_vec::RawVec<frame::StepState>>

Check 695: std::ptr::read::<alloc::raw_vec::RawVec<frame::StepState>>.pointer_dereference.3
	 - Status: SUCCESS
	 - Description: "dereference failure: deallocated dynamic object"
	 - Location: ../../../../../runner/.rustup/toolchains/nightly-2025-11-21-x86_64-unknown-linux-gnu/lib/rustlib/src/rust/library/core/src/ptr/mod.rs:1708:9 in function std::ptr::read::<alloc::raw_vec::RawVec<frame::StepState>>

Check 696: std::ptr::read::<alloc::raw_vec::RawVec<frame::StepState>>.pointer_dereference.4
	 - Status: SUCCESS
	 - Description: "dereference failure: dead object"
	 - Location: ../../../../../runner/.rustup/toolchains/nightly-2025-11-21-x86_64-unknown-linux-gnu/lib/rustlib/src/rust/library/core/src/ptr/mod.rs:1708:9 in function std::ptr::read::<alloc::raw_vec::RawVec<frame::StepState>>

Check 697: std::ptr::read::<alloc::raw_vec::RawVec<frame::StepState>>.pointer_dereference.5
	 - Status: SUCCESS
	 - Description: "dereference failure: pointer outside object bounds"
	 - Location: ../../../../../runner/.rustup/toolchains/nightly-2025-11-21-x86_64-unknown-linux-gnu/lib/rustlib/src/rust/library/core/src/ptr/mod.rs:1708:9 in function std::ptr::read::<alloc::raw_vec::RawVec<frame::StepState>>

Check 698: std::ptr::read::<alloc::raw_vec::RawVec<frame::StepState>>.pointer_dereference.6
	 - Status: SUCCESS
	 - Description: "dereference failure: invalid integer address"
	 - Location: ../../../../../runner/.rustup/toolchains/nightly-2025-11-21-x86_64-unknown-linux-gnu/lib/rustlib/src/rust/library/core/src/ptr/mod.rs:1708:9 in function std::ptr::read::<alloc::raw_vec::RawVec<frame::StepState>>

Check 699: std::vec::Vec::<std::option::Option<value::SlotValue>>::len.pointer_dereference.1
	 - Status: SUCCESS
	 - Description: "dereference failure: pointer NULL"
	 - Location: ../../../../../runner/.rustup/toolchains/nightly-2025-11-21-x86_64-unknown-linux-gnu/lib/rustlib/src/rust/library/alloc/src/vec/mod.rs:2854:19 in function std::vec::Vec::<std::option::Option<value::SlotValue>>::len

Check 700: std::vec::Vec::<std::option::Option<value::SlotValue>>::len.pointer_dereference.2
	 - Status: SUCCESS
	 - Description: "dereference failure: pointer invalid"
	 - Location: ../../../../../runner/.rustup/toolchains/nightly-2025-11-21-x86_64-unknown-linux-gnu/lib/rustlib/src/rust/library/alloc/src/vec/mod.rs:2854:19 in function std::vec::Vec::<std::option::Option<value::SlotValue>>::len

Check 701: std::vec::Vec::<std::option::Option<value::SlotValue>>::len.pointer_dereference.3
	 - Status: SUCCESS
	 - Description: "dereference failure: deallocated dynamic object"
	 - Location: ../../../../../runner/.rustup/toolchains/nightly-2025-11-21-x86_64-unknown-linux-gnu/lib/rustlib/src/rust/library/alloc/src/vec/mod.rs:2854:19 in function std::vec::Vec::<std::option::Option<value::SlotValue>>::len

Check 702: std::vec::Vec::<std::option::Option<value::SlotValue>>::len.pointer_dereference.4
	 - Status: SUCCESS
	 - Description: "dereference failure: dead object"
	 - Location: ../../../../../runner/.rustup/toolchains/nightly-2025-11-21-x86_64-unknown-linux-gnu/lib/rustlib/src/rust/library/alloc/src/vec/mod.rs:2854:19 in function std::vec::Vec::<std::option::Option<value::SlotValue>>::len

Check 703: std::vec::Vec::<std::option::Option<value::SlotValue>>::len.pointer_dereference.5
	 - Status: SUCCESS
	 - Description: "dereference failure: pointer outside object bounds"
	 - Location: ../../../../../runner/.rustup/toolchains/nightly-2025-11-21-x86_64-unknown-linux-gnu/lib/rustlib/src/rust/library/alloc/src/vec/mod.rs:2854:19 in function std::vec::Vec::<std::option::Option<value::SlotValue>>::len

Check 704: std::vec::Vec::<std::option::Option<value::SlotValue>>::len.pointer_dereference.6
	 - Status: SUCCESS
	 - Description: "dereference failure: invalid integer address"
	 - Location: ../../../../../runner/.rustup/toolchains/nightly-2025-11-21-x86_64-unknown-linux-gnu/lib/rustlib/src/rust/library/alloc/src/vec/mod.rs:2854:19 in function std::vec::Vec::<std::option::Option<value::SlotValue>>::len

Check 705: std::result::Result::<std::ptr::NonNull<[u8]>, std::alloc::AllocError>::map_err::<std::collections::TryReserveError, {closure@alloc::raw_vec::RawVecInner::finish_grow::{closure#0}}>.pointer_dereference.1
	 - Status: SUCCESS
	 - Description: "dereference failure: dead object"
	 - Location: ../../../../../runner/.rustup/toolchains/nightly-2025-11-21-x86_64-unknown-linux-gnu/lib/rustlib/src/rust/library/core/src/result.rs:966:15 in function std::result::Result::<std::ptr::NonNull<[u8]>, std::alloc::AllocError>::map_err::<std::collections::TryReserveError, {closure@alloc::raw_vec::RawVecInner::finish_grow::{closure#0}}>

Check 706: action::validate_idempotency_key_ingredients.pointer_dereference.1
	 - Status: SUCCESS
	 - Description: "dereference failure: dead object"
	 - Location: crates/vb_core/src/action.rs:333:27 in function action::validate_idempotency_key_ingredients

Check 707: action::validate_idempotency_key_ingredients.pointer_dereference.2
	 - Status: SUCCESS
	 - Description: "dereference failure: pointer NULL"
	 - Location: crates/vb_core/src/action.rs:333:19 in function action::validate_idempotency_key_ingredients

Check 708: action::validate_idempotency_key_ingredients.pointer_dereference.3
	 - Status: SUCCESS
	 - Description: "dereference failure: pointer invalid"
	 - Location: crates/vb_core/src/action.rs:333:19 in function action::validate_idempotency_key_ingredients

Check 709: action::validate_idempotency_key_ingredients.pointer_dereference.4
	 - Status: SUCCESS
	 - Description: "dereference failure: deallocated dynamic object"
	 - Location: crates/vb_core/src/action.rs:333:19 in function action::validate_idempotency_key_ingredients

Check 710: action::validate_idempotency_key_ingredients.pointer_dereference.5
	 - Status: SUCCESS
	 - Description: "dereference failure: dead object"
	 - Location: crates/vb_core/src/action.rs:333:19 in function action::validate_idempotency_key_ingredients

Check 711: action::validate_idempotency_key_ingredients.pointer_dereference.6
	 - Status: SUCCESS
	 - Description: "dereference failure: pointer outside object bounds"
	 - Location: crates/vb_core/src/action.rs:333:19 in function action::validate_idempotency_key_ingredients

Check 712: action::validate_idempotency_key_ingredients.pointer_dereference.7
	 - Status: SUCCESS
	 - Description: "dereference failure: invalid integer address"
	 - Location: crates/vb_core/src/action.rs:333:19 in function action::validate_idempotency_key_ingredients

Check 713: action::validate_idempotency_key_ingredients.pointer_dereference.8
	 - Status: SUCCESS
	 - Description: "dereference failure: dead object"
	 - Location: crates/vb_core/src/action.rs:336:30 in function action::validate_idempotency_key_ingredients

Check 714: action::validate_idempotency_key_ingredients.pointer_dereference.9
	 - Status: SUCCESS
	 - Description: "dereference failure: dead object"
	 - Location: crates/vb_core/src/action.rs:360:5 in function action::validate_idempotency_key_ingredients

Check 715: std::ptr::drop_in_place::<std::boxed::Box<[capability::Capability]>>.pointer_dereference.1
	 - Status: SUCCESS
	 - Description: "dereference failure: pointer NULL"
	 - Location: ../../../../../runner/.rustup/toolchains/nightly-2025-11-21-x86_64-unknown-linux-gnu/lib/rustlib/src/rust/library/core/src/ptr/mod.rs:805:1 in function std::ptr::drop_in_place::<std::boxed::Box<[capability::Capability]>>

Check 716: std::ptr::drop_in_place::<std::boxed::Box<[capability::Capability]>>.pointer_dereference.2
	 - Status: SUCCESS
	 - Description: "dereference failure: pointer invalid"
	 - Location: ../../../../../runner/.rustup/toolchains/nightly-2025-11-21-x86_64-unknown-linux-gnu/lib/rustlib/src/rust/library/core/src/ptr/mod.rs:805:1 in function std::ptr::drop_in_place::<std::boxed::Box<[capability::Capability]>>

Check 717: std::ptr::drop_in_place::<std::boxed::Box<[capability::Capability]>>.pointer_dereference.3
	 - Status: SUCCESS
	 - Description: "dereference failure: deallocated dynamic object"
	 - Location: ../../../../../runner/.rustup/toolchains/nightly-2025-11-21-x86_64-unknown-linux-gnu/lib/rustlib/src/rust/library/core/src/ptr/mod.rs:805:1 in function std::ptr::drop_in_place::<std::boxed::Box<[capability::Capability]>>

Check 718: std::ptr::drop_in_place::<std::boxed::Box<[capability::Capability]>>.pointer_dereference.4
	 - Status: SUCCESS
	 - Description: "dereference failure: dead object"
	 - Location: ../../../../../runner/.rustup/toolchains/nightly-2025-11-21-x86_64-unknown-linux-gnu/lib/rustlib/src/rust/library/core/src/ptr/mod.rs:805:1 in function std::ptr::drop_in_place::<std::boxed::Box<[capability::Capability]>>

Check 719: std::ptr::drop_in_place::<std::boxed::Box<[capability::Capability]>>.pointer_dereference.5
	 - Status: SUCCESS
	 - Description: "dereference failure: pointer outside object bounds"
	 - Location: ../../../../../runner/.rustup/toolchains/nightly-2025-11-21-x86_64-unknown-linux-gnu/lib/rustlib/src/rust/library/core/src/ptr/mod.rs:805:1 in function std::ptr::drop_in_place::<std::boxed::Box<[capability::Capability]>>

Check 720: std::ptr::drop_in_place::<std::boxed::Box<[capability::Capability]>>.pointer_dereference.6
	 - Status: SUCCESS
	 - Description: "dereference failure: invalid integer address"
	 - Location: ../../../../../runner/.rustup/toolchains/nightly-2025-11-21-x86_64-unknown-linux-gnu/lib/rustlib/src/rust/library/core/src/ptr/mod.rs:805:1 in function std::ptr::drop_in_place::<std::boxed::Box<[capability::Capability]>>

Check 721: std::vec::Vec::<value::Taint>::shrink_to_fit.pointer_dereference.1
	 - Status: SUCCESS
	 - Description: "dereference failure: pointer NULL"
	 - Location: ../../../../../runner/.rustup/toolchains/nightly-2025-11-21-x86_64-unknown-linux-gnu/lib/rustlib/src/rust/library/alloc/src/vec/mod.rs:1435:30 in function std::vec::Vec::<value::Taint>::shrink_to_fit

Check 722: std::vec::Vec::<value::Taint>::shrink_to_fit.pointer_dereference.2
	 - Status: SUCCESS
	 - Description: "dereference failure: pointer invalid"
	 - Location: ../../../../../runner/.rustup/toolchains/nightly-2025-11-21-x86_64-unknown-linux-gnu/lib/rustlib/src/rust/library/alloc/src/vec/mod.rs:1435:30 in function std::vec::Vec::<value::Taint>::shrink_to_fit

Check 723: std::vec::Vec::<value::Taint>::shrink_to_fit.pointer_dereference.3
	 - Status: SUCCESS
	 - Description: "dereference failure: deallocated dynamic object"
	 - Location: ../../../../../runner/.rustup/toolchains/nightly-2025-11-21-x86_64-unknown-linux-gnu/lib/rustlib/src/rust/library/alloc/src/vec/mod.rs:1435:30 in function std::vec::Vec::<value::Taint>::shrink_to_fit

Check 724: std::vec::Vec::<value::Taint>::shrink_to_fit.pointer_dereference.4
	 - Status: SUCCESS
	 - Description: "dereference failure: dead object"
	 - Location: ../../../../../runner/.rustup/toolchains/nightly-2025-11-21-x86_64-unknown-linux-gnu/lib/rustlib/src/rust/library/alloc/src/vec/mod.rs:1435:30 in function std::vec::Vec::<value::Taint>::shrink_to_fit

Check 725: std::vec::Vec::<value::Taint>::shrink_to_fit.pointer_dereference.5
	 - Status: SUCCESS
	 - Description: "dereference failure: pointer outside object bounds"
	 - Location: ../../../../../runner/.rustup/toolchains/nightly-2025-11-21-x86_64-unknown-linux-gnu/lib/rustlib/src/rust/library/alloc/src/vec/mod.rs:1435:30 in function std::vec::Vec::<value::Taint>::shrink_to_fit

Check 726: std::vec::Vec::<value::Taint>::shrink_to_fit.pointer_dereference.6
	 - Status: SUCCESS
	 - Description: "dereference failure: invalid integer address"
	 - Location: ../../../../../runner/.rustup/toolchains/nightly-2025-11-21-x86_64-unknown-linux-gnu/lib/rustlib/src/rust/library/alloc/src/vec/mod.rs:1435:30 in function std::vec::Vec::<value::Taint>::shrink_to_fit

Check 727: std::vec::Vec::<value::Taint>::shrink_to_fit.pointer_dereference.7
	 - Status: SUCCESS
	 - Description: "dereference failure: pointer NULL"
	 - Location: ../../../../../runner/.rustup/toolchains/nightly-2025-11-21-x86_64-unknown-linux-gnu/lib/rustlib/src/rust/library/alloc/src/vec/mod.rs:1436:36 in function std::vec::Vec::<value::Taint>::shrink_to_fit

Check 728: std::vec::Vec::<value::Taint>::shrink_to_fit.pointer_dereference.8
	 - Status: SUCCESS
	 - Description: "dereference failure: pointer invalid"
	 - Location: ../../../../../runner/.rustup/toolchains/nightly-2025-11-21-x86_64-unknown-linux-gnu/lib/rustlib/src/rust/library/alloc/src/vec/mod.rs:1436:36 in function std::vec::Vec::<value::Taint>::shrink_to_fit

Check 729: std::vec::Vec::<value::Taint>::shrink_to_fit.pointer_dereference.9
	 - Status: SUCCESS
	 - Description: "dereference failure: deallocated dynamic object"
	 - Location: ../../../../../runner/.rustup/toolchains/nightly-2025-11-21-x86_64-unknown-linux-gnu/lib/rustlib/src/rust/library/alloc/src/vec/mod.rs:1436:36 in function std::vec::Vec::<value::Taint>::shrink_to_fit

Check 730: std::vec::Vec::<value::Taint>::shrink_to_fit.pointer_dereference.10
	 - Status: SUCCESS
	 - Description: "dereference failure: dead object"
	 - Location: ../../../../../runner/.rustup/toolchains/nightly-2025-11-21-x86_64-unknown-linux-gnu/lib/rustlib/src/rust/library/alloc/src/vec/mod.rs:1436:36 in function std::vec::Vec::<value::Taint>::shrink_to_fit

Check 731: std::vec::Vec::<value::Taint>::shrink_to_fit.pointer_dereference.11
	 - Status: SUCCESS
	 - Description: "dereference failure: pointer outside object bounds"
	 - Location: ../../../../../runner/.rustup/toolchains/nightly-2025-11-21-x86_64-unknown-linux-gnu/lib/rustlib/src/rust/library/alloc/src/vec/mod.rs:1436:36 in function std::vec::Vec::<value::Taint>::shrink_to_fit

Check 732: std::vec::Vec::<value::Taint>::shrink_to_fit.pointer_dereference.12
	 - Status: SUCCESS
	 - Description: "dereference failure: invalid integer address"
	 - Location: ../../../../../runner/.rustup/toolchains/nightly-2025-11-21-x86_64-unknown-linux-gnu/lib/rustlib/src/rust/library/alloc/src/vec/mod.rs:1436:36 in function std::vec::Vec::<value::Taint>::shrink_to_fit

Check 733: frame::RunFrame::read_taint.pointer_dereference.1
	 - Status: SUCCESS
	 - Description: "dereference failure: pointer NULL"
	 - Location: crates/vb_core/src/frame.rs:317:26 in function frame::RunFrame::read_taint

Check 734: frame::RunFrame::read_taint.pointer_dereference.2
	 - Status: SUCCESS
	 - Description: "dereference failure: pointer invalid"
	 - Location: crates/vb_core/src/frame.rs:317:26 in function frame::RunFrame::read_taint

Check 735: frame::RunFrame::read_taint.pointer_dereference.3
	 - Status: SUCCESS
	 - Description: "dereference failure: deallocated dynamic object"
	 - Location: crates/vb_core/src/frame.rs:317:26 in function frame::RunFrame::read_taint

Check 736: frame::RunFrame::read_taint.pointer_dereference.4
	 - Status: SUCCESS
	 - Description: "dereference failure: dead object"
	 - Location: crates/vb_core/src/frame.rs:317:26 in function frame::RunFrame::read_taint

Check 737: frame::RunFrame::read_taint.pointer_dereference.5
	 - Status: SUCCESS
	 - Description: "dereference failure: pointer outside object bounds"
	 - Location: crates/vb_core/src/frame.rs:317:26 in function frame::RunFrame::read_taint

Check 738: frame::RunFrame::read_taint.pointer_dereference.6
	 - Status: SUCCESS
	 - Description: "dereference failure: invalid integer address"
	 - Location: crates/vb_core/src/frame.rs:317:26 in function frame::RunFrame::read_taint

Check 739: frame::RunFrame::read_taint.pointer_dereference.7
	 - Status: SUCCESS
	 - Description: "dereference failure: dead object"
	 - Location: crates/vb_core/src/frame.rs:317:26 in function frame::RunFrame::read_taint

Check 740: frame::RunFrame::read_taint.pointer_dereference.8
	 - Status: SUCCESS
	 - Description: "dereference failure: pointer NULL"
	 - Location: crates/vb_core/src/frame.rs:324:9 in function frame::RunFrame::read_taint

Check 741: frame::RunFrame::read_taint.pointer_dereference.9
	 - Status: SUCCESS
	 - Description: "dereference failure: pointer invalid"
	 - Location: crates/vb_core/src/frame.rs:324:9 in function frame::RunFrame::read_taint

Check 742: frame::RunFrame::read_taint.pointer_dereference.10
	 - Status: SUCCESS
	 - Description: "dereference failure: deallocated dynamic object"
	 - Location: crates/vb_core/src/frame.rs:324:9 in function frame::RunFrame::read_taint

Check 743: frame::RunFrame::read_taint.pointer_dereference.11
	 - Status: SUCCESS
	 - Description: "dereference failure: dead object"
	 - Location: crates/vb_core/src/frame.rs:324:9 in function frame::RunFrame::read_taint

Check 744: frame::RunFrame::read_taint.pointer_dereference.12
	 - Status: SUCCESS
	 - Description: "dereference failure: pointer outside object bounds"
	 - Location: crates/vb_core/src/frame.rs:324:9 in function frame::RunFrame::read_taint

Check 745: frame::RunFrame::read_taint.pointer_dereference.13
	 - Status: SUCCESS
	 - Description: "dereference failure: invalid integer address"
	 - Location: crates/vb_core/src/frame.rs:324:9 in function frame::RunFrame::read_taint

Check 746: std::alloc::Layout::alignment.pointer_dereference.1
	 - Status: SUCCESS
	 - Description: "dereference failure: pointer NULL"
	 - Location: ../../../../../runner/.rustup/toolchains/nightly-2025-11-21-x86_64-unknown-linux-gnu/lib/rustlib/src/rust/library/core/src/alloc/layout.rs:515:9 in function std::alloc::Layout::alignment

Check 747: std::alloc::Layout::alignment.pointer_dereference.2
	 - Status: SUCCESS
	 - Description: "dereference failure: pointer invalid"
	 - Location: ../../../../../runner/.rustup/toolchains/nightly-2025-11-21-x86_64-unknown-linux-gnu/lib/rustlib/src/rust/library/core/src/alloc/layout.rs:515:9 in function std::alloc::Layout::alignment

Check 748: std::alloc::Layout::alignment.pointer_dereference.3
	 - Status: SUCCESS
	 - Description: "dereference failure: deallocated dynamic object"
	 - Location: ../../../../../runner/.rustup/toolchains/nightly-2025-11-21-x86_64-unknown-linux-gnu/lib/rustlib/src/rust/library/core/src/alloc/layout.rs:515:9 in function std::alloc::Layout::alignment

Check 749: std::alloc::Layout::alignment.pointer_dereference.4
	 - Status: SUCCESS
	 - Description: "dereference failure: dead object"
	 - Location: ../../../../../runner/.rustup/toolchains/nightly-2025-11-21-x86_64-unknown-linux-gnu/lib/rustlib/src/rust/library/core/src/alloc/layout.rs:515:9 in function std::alloc::Layout::alignment

Check 750: std::alloc::Layout::alignment.pointer_dereference.5
	 - Status: SUCCESS
	 - Description: "dereference failure: pointer outside object bounds"
	 - Location: ../../../../../runner/.rustup/toolchains/nightly-2025-11-21-x86_64-unknown-linux-gnu/lib/rustlib/src/rust/library/core/src/alloc/layout.rs:515:9 in function std::alloc::Layout::alignment

Check 751: std::alloc::Layout::alignment.pointer_dereference.6
	 - Status: SUCCESS
	 - Description: "dereference failure: invalid integer address"
	 - Location: ../../../../../runner/.rustup/toolchains/nightly-2025-11-21-x86_64-unknown-linux-gnu/lib/rustlib/src/rust/library/core/src/alloc/layout.rs:515:9 in function std::alloc::Layout::alignment

Check 752: alloc::raw_vec::RawVecInner::non_null::<std::option::Option<value::SlotValue>>.pointer_dereference.1
	 - Status: SUCCESS
	 - Description: "dereference failure: pointer NULL"
	 - Location: ../../../../../runner/.rustup/toolchains/nightly-2025-11-21-x86_64-unknown-linux-gnu/lib/rustlib/src/rust/library/alloc/src/raw_vec/mod.rs:504:9 in function alloc::raw_vec::RawVecInner::non_null::<std::option::Option<value::SlotValue>>

Check 753: alloc::raw_vec::RawVecInner::non_null::<std::option::Option<value::SlotValue>>.pointer_dereference.2
	 - Status: SUCCESS
	 - Description: "dereference failure: pointer invalid"
	 - Location: ../../../../../runner/.rustup/toolchains/nightly-2025-11-21-x86_64-unknown-linux-gnu/lib/rustlib/src/rust/library/alloc/src/raw_vec/mod.rs:504:9 in function alloc::raw_vec::RawVecInner::non_null::<std::option::Option<value::SlotValue>>

Check 754: alloc::raw_vec::RawVecInner::non_null::<std::option::Option<value::SlotValue>>.pointer_dereference.3
	 - Status: SUCCESS
	 - Description: "dereference failure: deallocated dynamic object"
	 - Location: ../../../../../runner/.rustup/toolchains/nightly-2025-11-21-x86_64-unknown-linux-gnu/lib/rustlib/src/rust/library/alloc/src/raw_vec/mod.rs:504:9 in function alloc::raw_vec::RawVecInner::non_null::<std::option::Option<value::SlotValue>>

Check 755: alloc::raw_vec::RawVecInner::non_null::<std::option::Option<value::SlotValue>>.pointer_dereference.4
	 - Status: SUCCESS
	 - Description: "dereference failure: dead object"
	 - Location: ../../../../../runner/.rustup/toolchains/nightly-2025-11-21-x86_64-unknown-linux-gnu/lib/rustlib/src/rust/library/alloc/src/raw_vec/mod.rs:504:9 in function alloc::raw_vec::RawVecInner::non_null::<std::option::Option<value::SlotValue>>

Check 756: alloc::raw_vec::RawVecInner::non_null::<std::option::Option<value::SlotValue>>.pointer_dereference.5
	 - Status: SUCCESS
	 - Description: "dereference failure: pointer outside object bounds"
	 - Location: ../../../../../runner/.rustup/toolchains/nightly-2025-11-21-x86_64-unknown-linux-gnu/lib/rustlib/src/rust/library/alloc/src/raw_vec/mod.rs:504:9 in function alloc::raw_vec::RawVecInner::non_null::<std::option::Option<value::SlotValue>>

Check 757: alloc::raw_vec::RawVecInner::non_null::<std::option::Option<value::SlotValue>>.pointer_dereference.6
	 - Status: SUCCESS
	 - Description: "dereference failure: invalid integer address"
	 - Location: ../../../../../runner/.rustup/toolchains/nightly-2025-11-21-x86_64-unknown-linux-gnu/lib/rustlib/src/rust/library/alloc/src/raw_vec/mod.rs:504:9 in function alloc::raw_vec::RawVecInner::non_null::<std::option::Option<value::SlotValue>>

Check 758: <usize as std::slice::SliceIndex<[std::option::Option<value::SlotValue>]>>::get.pointer_dereference.1
	 - Status: SUCCESS
	 - Description: "dereference failure: dead object"
	 - Location: ../../../../../runner/.rustup/toolchains/nightly-2025-11-21-x86_64-unknown-linux-gnu/lib/rustlib/src/rust/library/core/src/slice/index.rs:223:13 in function <usize as std::slice::SliceIndex<[std::option::Option<value::SlotValue>]>>::get

Check 759: std::option::Option::<&std::option::Option<value::SlotValue>>::ok_or::<errors::CoreError>.pointer_dereference.1
	 - Status: SUCCESS
	 - Description: "dereference failure: dead object"
	 - Location: ../../../../../runner/.rustup/toolchains/nightly-2025-11-21-x86_64-unknown-linux-gnu/lib/rustlib/src/rust/library/core/src/option.rs:1338:15 in function std::option::Option::<&std::option::Option<value::SlotValue>>::ok_or::<errors::CoreError>

Check 760: std::option::Option::<&std::option::Option<value::SlotValue>>::ok_or::<errors::CoreError>.pointer_dereference.2
	 - Status: SUCCESS
	 - Description: "dereference failure: dead object"
	 - Location: ../../../../../runner/.rustup/toolchains/nightly-2025-11-21-x86_64-unknown-linux-gnu/lib/rustlib/src/rust/library/core/src/option.rs:1339:24 in function std::option::Option::<&std::option::Option<value::SlotValue>>::ok_or::<errors::CoreError>

Check 761: <std::result::Result<&mut std::option::Option<value::SlotValue>, errors::CoreError> as std::ops::Try>::branch.pointer_dereference.1
	 - Status: SUCCESS
	 - Description: "dereference failure: dead object"
	 - Location: ../../../../../runner/.rustup/toolchains/nightly-2025-11-21-x86_64-unknown-linux-gnu/lib/rustlib/src/rust/library/core/src/result.rs:2173:15 in function <std::result::Result<&mut std::option::Option<value::SlotValue>, errors::CoreError> as std::ops::Try>::branch

Check 762: <std::result::Result<&mut std::option::Option<value::SlotValue>, errors::CoreError> as std::ops::Try>::branch.pointer_dereference.2
	 - Status: SUCCESS
	 - Description: "dereference failure: dead object"
	 - Location: ../../../../../runner/.rustup/toolchains/nightly-2025-11-21-x86_64-unknown-linux-gnu/lib/rustlib/src/rust/library/core/src/result.rs:2174:22 in function <std::result::Result<&mut std::option::Option<value::SlotValue>, errors::CoreError> as std::ops::Try>::branch

Check 763: std::vec::Vec::<frame::StepState>::reserve.pointer_dereference.1
	 - Status: SUCCESS
	 - Description: "dereference failure: pointer NULL"
	 - Location: ../../../../../runner/.rustup/toolchains/nightly-2025-11-21-x86_64-unknown-linux-gnu/lib/rustlib/src/rust/library/alloc/src/vec/mod.rs:1298:26 in function std::vec::Vec::<frame::StepState>::reserve

Check 764: std::vec::Vec::<frame::StepState>::reserve.pointer_dereference.2
	 - Status: SUCCESS
	 - Description: "dereference failure: pointer invalid"
	 - Location: ../../../../../runner/.rustup/toolchains/nightly-2025-11-21-x86_64-unknown-linux-gnu/lib/rustlib/src/rust/library/alloc/src/vec/mod.rs:1298:26 in function std::vec::Vec::<frame::StepState>::reserve

Check 765: std::vec::Vec::<frame::StepState>::reserve.pointer_dereference.3
	 - Status: SUCCESS
	 - Description: "dereference failure: deallocated dynamic object"
	 - Location: ../../../../../runner/.rustup/toolchains/nightly-2025-11-21-x86_64-unknown-linux-gnu/lib/rustlib/src/rust/library/alloc/src/vec/mod.rs:1298:26 in function std::vec::Vec::<frame::StepState>::reserve

Check 766: std::vec::Vec::<frame::StepState>::reserve.pointer_dereference.4
	 - Status: SUCCESS
	 - Description: "dereference failure: dead object"
	 - Location: ../../../../../runner/.rustup/toolchains/nightly-2025-11-21-x86_64-unknown-linux-gnu/lib/rustlib/src/rust/library/alloc/src/vec/mod.rs:1298:26 in function std::vec::Vec::<frame::StepState>::reserve

Check 767: std::vec::Vec::<frame::StepState>::reserve.pointer_dereference.5
	 - Status: SUCCESS
	 - Description: "dereference failure: pointer outside object bounds"
	 - Location: ../../../../../runner/.rustup/toolchains/nightly-2025-11-21-x86_64-unknown-linux-gnu/lib/rustlib/src/rust/library/alloc/src/vec/mod.rs:1298:26 in function std::vec::Vec::<frame::StepState>::reserve

Check 768: std::vec::Vec::<frame::StepState>::reserve.pointer_dereference.6
	 - Status: SUCCESS
	 - Description: "dereference failure: invalid integer address"
	 - Location: ../../../../../runner/.rustup/toolchains/nightly-2025-11-21-x86_64-unknown-linux-gnu/lib/rustlib/src/rust/library/alloc/src/vec/mod.rs:1298:26 in function std::vec::Vec::<frame::StepState>::reserve

Check 769: std::alloc::Layout::align.pointer_dereference.1
	 - Status: SUCCESS
	 - Description: "dereference failure: pointer NULL"
	 - Location: ../../../../../runner/.rustup/toolchains/nightly-2025-11-21-x86_64-unknown-linux-gnu/lib/rustlib/src/rust/library/core/src/alloc/layout.rs:152:9 in function std::alloc::Layout::align

Check 770: std::alloc::Layout::align.pointer_dereference.2
	 - Status: SUCCESS
	 - Description: "dereference failure: pointer invalid"
	 - Location: ../../../../../runner/.rustup/toolchains/nightly-2025-11-21-x86_64-unknown-linux-gnu/lib/rustlib/src/rust/library/core/src/alloc/layout.rs:152:9 in function std::alloc::Layout::align

Check 771: std::alloc::Layout::align.pointer_dereference.3
	 - Status: SUCCESS
	 - Description: "dereference failure: deallocated dynamic object"
	 - Location: ../../../../../runner/.rustup/toolchains/nightly-2025-11-21-x86_64-unknown-linux-gnu/lib/rustlib/src/rust/library/core/src/alloc/layout.rs:152:9 in function std::alloc::Layout::align

Check 772: std::alloc::Layout::align.pointer_dereference.4
	 - Status: SUCCESS
	 - Description: "dereference failure: dead object"
	 - Location: ../../../../../runner/.rustup/toolchains/nightly-2025-11-21-x86_64-unknown-linux-gnu/lib/rustlib/src/rust/library/core/src/alloc/layout.rs:152:9 in function std::alloc::Layout::align

Check 773: std::alloc::Layout::align.pointer_dereference.5
	 - Status: SUCCESS
	 - Description: "dereference failure: pointer outside object bounds"
	 - Location: ../../../../../runner/.rustup/toolchains/nightly-2025-11-21-x86_64-unknown-linux-gnu/lib/rustlib/src/rust/library/core/src/alloc/layout.rs:152:9 in function std::alloc::Layout::align

Check 774: std::alloc::Layout::align.pointer_dereference.6
	 - Status: SUCCESS
	 - Description: "dereference failure: invalid integer address"
	 - Location: ../../../../../runner/.rustup/toolchains/nightly-2025-11-21-x86_64-unknown-linux-gnu/lib/rustlib/src/rust/library/core/src/alloc/layout.rs:152:9 in function std::alloc::Layout::align

Check 775: std::result::Result::<(), errors::CoreError>::is_ok.pointer_dereference.1
	 - Status: SUCCESS
	 - Description: "dereference failure: pointer NULL"
	 - Location: ../../../../../runner/.rustup/toolchains/nightly-2025-11-21-x86_64-unknown-linux-gnu/lib/rustlib/src/rust/library/core/src/result.rs:594:18 in function std::result::Result::<(), errors::CoreError>::is_ok

Check 776: std::result::Result::<(), errors::CoreError>::is_ok.pointer_dereference.2
	 - Status: SUCCESS
	 - Description: "dereference failure: pointer invalid"
	 - Location: ../../../../../runner/.rustup/toolchains/nightly-2025-11-21-x86_64-unknown-linux-gnu/lib/rustlib/src/rust/library/core/src/result.rs:594:18 in function std::result::Result::<(), errors::CoreError>::is_ok

Check 777: std::result::Result::<(), errors::CoreError>::is_ok.pointer_dereference.3
	 - Status: SUCCESS
	 - Description: "dereference failure: deallocated dynamic object"
	 - Location: ../../../../../runner/.rustup/toolchains/nightly-2025-11-21-x86_64-unknown-linux-gnu/lib/rustlib/src/rust/library/core/src/result.rs:594:18 in function std::result::Result::<(), errors::CoreError>::is_ok

Check 778: std::result::Result::<(), errors::CoreError>::is_ok.pointer_dereference.4
	 - Status: SUCCESS
	 - Description: "dereference failure: dead object"
	 - Location: ../../../../../runner/.rustup/toolchains/nightly-2025-11-21-x86_64-unknown-linux-gnu/lib/rustlib/src/rust/library/core/src/result.rs:594:18 in function std::result::Result::<(), errors::CoreError>::is_ok

Check 779: std::result::Result::<(), errors::CoreError>::is_ok.pointer_dereference.5
	 - Status: SUCCESS
	 - Description: "dereference failure: pointer outside object bounds"
	 - Location: ../../../../../runner/.rustup/toolchains/nightly-2025-11-21-x86_64-unknown-linux-gnu/lib/rustlib/src/rust/library/core/src/result.rs:594:18 in function std::result::Result::<(), errors::CoreError>::is_ok

Check 780: std::result::Result::<(), errors::CoreError>::is_ok.pointer_dereference.6
	 - Status: SUCCESS
	 - Description: "dereference failure: invalid integer address"
	 - Location: ../../../../../runner/.rustup/toolchains/nightly-2025-11-21-x86_64-unknown-linux-gnu/lib/rustlib/src/rust/library/core/src/result.rs:594:18 in function std::result::Result::<(), errors::CoreError>::is_ok

Check 781: std::boxed::Box::<[std::mem::MaybeUninit<frame::StepState>]>::into_raw_with_allocator.pointer_dereference.1
	 - Status: SUCCESS
	 - Description: "dereference failure: pointer NULL"
	 - Location: ../../../../../runner/.rustup/toolchains/nightly-2025-11-21-x86_64-unknown-linux-gnu/lib/rustlib/src/rust/library/alloc/src/boxed.rs:1485:19 in function std::boxed::Box::<[std::mem::MaybeUninit<frame::StepState>]>::into_raw_with_allocator

Check 782: std::boxed::Box::<[std::mem::MaybeUninit<frame::StepState>]>::into_raw_with_allocator.pointer_dereference.2
	 - Status: SUCCESS
	 - Description: "dereference failure: pointer invalid"
	 - Location: ../../../../../runner/.rustup/toolchains/nightly-2025-11-21-x86_64-unknown-linux-gnu/lib/rustlib/src/rust/library/alloc/src/boxed.rs:1485:19 in function std::boxed::Box::<[std::mem::MaybeUninit<frame::StepState>]>::into_raw_with_allocator

Check 783: std::boxed::Box::<[std::mem::MaybeUninit<frame::StepState>]>::into_raw_with_allocator.pointer_dereference.3
	 - Status: SUCCESS
	 - Description: "dereference failure: deallocated dynamic object"
	 - Location: ../../../../../runner/.rustup/toolchains/nightly-2025-11-21-x86_64-unknown-linux-gnu/lib/rustlib/src/rust/library/alloc/src/boxed.rs:1485:19 in function std::boxed::Box::<[std::mem::MaybeUninit<frame::StepState>]>::into_raw_with_allocator

Check 784: std::boxed::Box::<[std::mem::MaybeUninit<frame::StepState>]>::into_raw_with_allocator.pointer_dereference.4
	 - Status: SUCCESS
	 - Description: "dereference failure: dead object"
	 - Location: ../../../../../runner/.rustup/toolchains/nightly-2025-11-21-x86_64-unknown-linux-gnu/lib/rustlib/src/rust/library/alloc/src/boxed.rs:1485:19 in function std::boxed::Box::<[std::mem::MaybeUninit<frame::StepState>]>::into_raw_with_allocator

Check 785: std::boxed::Box::<[std::mem::MaybeUninit<frame::StepState>]>::into_raw_with_allocator.pointer_dereference.5
	 - Status: SUCCESS
	 - Description: "dereference failure: pointer outside object bounds"
	 - Location: ../../../../../runner/.rustup/toolchains/nightly-2025-11-21-x86_64-unknown-linux-gnu/lib/rustlib/src/rust/library/alloc/src/boxed.rs:1485:19 in function std::boxed::Box::<[std::mem::MaybeUninit<frame::StepState>]>::into_raw_with_allocator

Check 786: std::boxed::Box::<[std::mem::MaybeUninit<frame::StepState>]>::into_raw_with_allocator.pointer_dereference.6
	 - Status: SUCCESS
	 - Description: "dereference failure: invalid integer address"
	 - Location: ../../../../../runner/.rustup/toolchains/nightly-2025-11-21-x86_64-unknown-linux-gnu/lib/rustlib/src/rust/library/alloc/src/boxed.rs:1485:19 in function std::boxed::Box::<[std::mem::MaybeUninit<frame::StepState>]>::into_raw_with_allocator

Check 787: std::result::Result::<(), action::IdempotencyViolation>::is_ok.pointer_dereference.1
	 - Status: SUCCESS
	 - Description: "dereference failure: pointer NULL"
	 - Location: ../../../../../runner/.rustup/toolchains/nightly-2025-11-21-x86_64-unknown-linux-gnu/lib/rustlib/src/rust/library/core/src/result.rs:594:18 in function std::result::Result::<(), action::IdempotencyViolation>::is_ok

Check 788: std::result::Result::<(), action::IdempotencyViolation>::is_ok.pointer_dereference.2
	 - Status: SUCCESS
	 - Description: "dereference failure: pointer invalid"
	 - Location: ../../../../../runner/.rustup/toolchains/nightly-2025-11-21-x86_64-unknown-linux-gnu/lib/rustlib/src/rust/library/core/src/result.rs:594:18 in function std::result::Result::<(), action::IdempotencyViolation>::is_ok

Check 789: std::result::Result::<(), action::IdempotencyViolation>::is_ok.pointer_dereference.3
	 - Status: SUCCESS
	 - Description: "dereference failure: deallocated dynamic object"
	 - Location: ../../../../../runner/.rustup/toolchains/nightly-2025-11-21-x86_64-unknown-linux-gnu/lib/rustlib/src/rust/library/core/src/result.rs:594:18 in function std::result::Result::<(), action::IdempotencyViolation>::is_ok

Check 790: std::result::Result::<(), action::IdempotencyViolation>::is_ok.pointer_dereference.4
	 - Status: SUCCESS
	 - Description: "dereference failure: dead object"
	 - Location: ../../../../../runner/.rustup/toolchains/nightly-2025-11-21-x86_64-unknown-linux-gnu/lib/rustlib/src/rust/library/core/src/result.rs:594:18 in function std::result::Result::<(), action::IdempotencyViolation>::is_ok

Check 791: std::result::Result::<(), action::IdempotencyViolation>::is_ok.pointer_dereference.5
	 - Status: SUCCESS
	 - Description: "dereference failure: pointer outside object bounds"
	 - Location: ../../../../../runner/.rustup/toolchains/nightly-2025-11-21-x86_64-unknown-linux-gnu/lib/rustlib/src/rust/library/core/src/result.rs:594:18 in function std::result::Result::<(), action::IdempotencyViolation>::is_ok

Check 792: std::result::Result::<(), action::IdempotencyViolation>::is_ok.pointer_dereference.6
	 - Status: SUCCESS
	 - Description: "dereference failure: invalid integer address"
	 - Location: ../../../../../runner/.rustup/toolchains/nightly-2025-11-21-x86_64-unknown-linux-gnu/lib/rustlib/src/rust/library/core/src/result.rs:594:18 in function std::result::Result::<(), action::IdempotencyViolation>::is_ok

Check 793: std::ptr::drop_in_place::<std::boxed::Box<[std::option::Option<value::SlotValue>]>>.pointer_dereference.1
	 - Status: SUCCESS
	 - Description: "dereference failure: pointer NULL"
	 - Location: ../../../../../runner/.rustup/toolchains/nightly-2025-11-21-x86_64-unknown-linux-gnu/lib/rustlib/src/rust/library/core/src/ptr/mod.rs:805:1 in function std::ptr::drop_in_place::<std::boxed::Box<[std::option::Option<value::SlotValue>]>>

Check 794: std::ptr::drop_in_place::<std::boxed::Box<[std::option::Option<value::SlotValue>]>>.pointer_dereference.2
	 - Status: SUCCESS
	 - Description: "dereference failure: pointer invalid"
	 - Location: ../../../../../runner/.rustup/toolchains/nightly-2025-11-21-x86_64-unknown-linux-gnu/lib/rustlib/src/rust/library/core/src/ptr/mod.rs:805:1 in function std::ptr::drop_in_place::<std::boxed::Box<[std::option::Option<value::SlotValue>]>>

Check 795: std::ptr::drop_in_place::<std::boxed::Box<[std::option::Option<value::SlotValue>]>>.pointer_dereference.3
	 - Status: SUCCESS
	 - Description: "dereference failure: deallocated dynamic object"
	 - Location: ../../../../../runner/.rustup/toolchains/nightly-2025-11-21-x86_64-unknown-linux-gnu/lib/rustlib/src/rust/library/core/src/ptr/mod.rs:805:1 in function std::ptr::drop_in_place::<std::boxed::Box<[std::option::Option<value::SlotValue>]>>

Check 796: std::ptr::drop_in_place::<std::boxed::Box<[std::option::Option<value::SlotValue>]>>.pointer_dereference.4
	 - Status: SUCCESS
	 - Description: "dereference failure: dead object"
	 - Location: ../../../../../runner/.rustup/toolchains/nightly-2025-11-21-x86_64-unknown-linux-gnu/lib/rustlib/src/rust/library/core/src/ptr/mod.rs:805:1 in function std::ptr::drop_in_place::<std::boxed::Box<[std::option::Option<value::SlotValue>]>>

Check 797: std::ptr::drop_in_place::<std::boxed::Box<[std::option::Option<value::SlotValue>]>>.pointer_dereference.5
	 - Status: SUCCESS
	 - Description: "dereference failure: pointer outside object bounds"
	 - Location: ../../../../../runner/.rustup/toolchains/nightly-2025-11-21-x86_64-unknown-linux-gnu/lib/rustlib/src/rust/library/core/src/ptr/mod.rs:805:1 in function std::ptr::drop_in_place::<std::boxed::Box<[std::option::Option<value::SlotValue>]>>

Check 798: std::ptr::drop_in_place::<std::boxed::Box<[std::option::Option<value::SlotValue>]>>.pointer_dereference.6
	 - Status: SUCCESS
	 - Description: "dereference failure: invalid integer address"
	 - Location: ../../../../../runner/.rustup/toolchains/nightly-2025-11-21-x86_64-unknown-linux-gnu/lib/rustlib/src/rust/library/core/src/ptr/mod.rs:805:1 in function std::ptr::drop_in_place::<std::boxed::Box<[std::option::Option<value::SlotValue>]>>

Check 799: <std::result::Result<std::ptr::NonNull<[u8]>, std::alloc::AllocError> as std::ops::FromResidual<std::result::Result<std::convert::Infallible, std::alloc::AllocError>>>::from_residual.pointer_dereference.1
	 - Status: SUCCESS
	 - Description: "dereference failure: dead object"
	 - Location: ../../../../../runner/.rustup/toolchains/nightly-2025-11-21-x86_64-unknown-linux-gnu/lib/rustlib/src/rust/library/core/src/result.rs:2189:23 in function <std::result::Result<std::ptr::NonNull<[u8]>, std::alloc::AllocError> as std::ops::FromResidual<std::result::Result<std::convert::Infallible, std::alloc::AllocError>>>::from_residual

Check 800: std::option::Option::<value::SlotValue>::is_some.pointer_dereference.1
	 - Status: SUCCESS
	 - Description: "dereference failure: pointer NULL"
	 - Location: ../../../../../runner/.rustup/toolchains/nightly-2025-11-21-x86_64-unknown-linux-gnu/lib/rustlib/src/rust/library/core/src/option.rs:636:18 in function std::option::Option::<value::SlotValue>::is_some

Check 801: std::option::Option::<value::SlotValue>::is_some.pointer_dereference.2
	 - Status: SUCCESS
	 - Description: "dereference failure: pointer invalid"
	 - Location: ../../../../../runner/.rustup/toolchains/nightly-2025-11-21-x86_64-unknown-linux-gnu/lib/rustlib/src/rust/library/core/src/option.rs:636:18 in function std::option::Option::<value::SlotValue>::is_some

Check 802: std::option::Option::<value::SlotValue>::is_some.pointer_dereference.3
	 - Status: SUCCESS
	 - Description: "dereference failure: deallocated dynamic object"
	 - Location: ../../../../../runner/.rustup/toolchains/nightly-2025-11-21-x86_64-unknown-linux-gnu/lib/rustlib/src/rust/library/core/src/option.rs:636:18 in function std::option::Option::<value::SlotValue>::is_some

Check 803: std::option::Option::<value::SlotValue>::is_some.pointer_dereference.4
	 - Status: SUCCESS
	 - Description: "dereference failure: dead object"
	 - Location: ../../../../../runner/.rustup/toolchains/nightly-2025-11-21-x86_64-unknown-linux-gnu/lib/rustlib/src/rust/library/core/src/option.rs:636:18 in function std::option::Option::<value::SlotValue>::is_some

Check 804: std::option::Option::<value::SlotValue>::is_some.pointer_dereference.5
	 - Status: SUCCESS
	 - Description: "dereference failure: pointer outside object bounds"
	 - Location: ../../../../../runner/.rustup/toolchains/nightly-2025-11-21-x86_64-unknown-linux-gnu/lib/rustlib/src/rust/library/core/src/option.rs:636:18 in function std::option::Option::<value::SlotValue>::is_some

Check 805: std::option::Option::<value::SlotValue>::is_some.pointer_dereference.6
	 - Status: SUCCESS
	 - Description: "dereference failure: invalid integer address"
	 - Location: ../../../../../runner/.rustup/toolchains/nightly-2025-11-21-x86_64-unknown-linux-gnu/lib/rustlib/src/rust/library/core/src/option.rs:636:18 in function std::option::Option::<value::SlotValue>::is_some

Check 806: alloc::raw_vec::RawVecInner::shrink_unchecked::{closure#0}.pointer_dereference.1
	 - Status: SUCCESS
	 - Description: "dereference failure: pointer NULL"
	 - Location: ../../../../../runner/.rustup/toolchains/nightly-2025-11-21-x86_64-unknown-linux-gnu/lib/rustlib/src/rust/library/alloc/src/raw_vec/mod.rs:813:55 in function alloc::raw_vec::RawVecInner::shrink_unchecked::{closure#0}

Check 807: alloc::raw_vec::RawVecInner::shrink_unchecked::{closure#0}.pointer_dereference.2
	 - Status: SUCCESS
	 - Description: "dereference failure: pointer invalid"
	 - Location: ../../../../../runner/.rustup/toolchains/nightly-2025-11-21-x86_64-unknown-linux-gnu/lib/rustlib/src/rust/library/alloc/src/raw_vec/mod.rs:813:55 in function alloc::raw_vec::RawVecInner::shrink_unchecked::{closure#0}

Check 808: alloc::raw_vec::RawVecInner::shrink_unchecked::{closure#0}.pointer_dereference.3
	 - Status: SUCCESS
	 - Description: "dereference failure: deallocated dynamic object"
	 - Location: ../../../../../runner/.rustup/toolchains/nightly-2025-11-21-x86_64-unknown-linux-gnu/lib/rustlib/src/rust/library/alloc/src/raw_vec/mod.rs:813:55 in function alloc::raw_vec::RawVecInner::shrink_unchecked::{closure#0}

Check 809: alloc::raw_vec::RawVecInner::shrink_unchecked::{closure#0}.pointer_dereference.4
	 - Status: SUCCESS
	 - Description: "dereference failure: dead object"
	 - Location: ../../../../../runner/.rustup/toolchains/nightly-2025-11-21-x86_64-unknown-linux-gnu/lib/rustlib/src/rust/library/alloc/src/raw_vec/mod.rs:813:55 in function alloc::raw_vec::RawVecInner::shrink_unchecked::{closure#0}

Check 810: alloc::raw_vec::RawVecInner::shrink_unchecked::{closure#0}.pointer_dereference.5
	 - Status: SUCCESS
	 - Description: "dereference failure: pointer outside object bounds"
	 - Location: ../../../../../runner/.rustup/toolchains/nightly-2025-11-21-x86_64-unknown-linux-gnu/lib/rustlib/src/rust/library/alloc/src/raw_vec/mod.rs:813:55 in function alloc::raw_vec::RawVecInner::shrink_unchecked::{closure#0}

Check 811: alloc::raw_vec::RawVecInner::shrink_unchecked::{closure#0}.pointer_dereference.6
	 - Status: SUCCESS
	 - Description: "dereference failure: invalid integer address"
	 - Location: ../../../../../runner/.rustup/toolchains/nightly-2025-11-21-x86_64-unknown-linux-gnu/lib/rustlib/src/rust/library/alloc/src/raw_vec/mod.rs:813:55 in function alloc::raw_vec::RawVecInner::shrink_unchecked::{closure#0}

Check 812: std::boxed::Box::<[std::mem::MaybeUninit<value::Taint>]>::into_raw_with_allocator.pointer_dereference.1
	 - Status: SUCCESS
	 - Description: "dereference failure: pointer NULL"
	 - Location: ../../../../../runner/.rustup/toolchains/nightly-2025-11-21-x86_64-unknown-linux-gnu/lib/rustlib/src/rust/library/alloc/src/boxed.rs:1485:19 in function std::boxed::Box::<[std::mem::MaybeUninit<value::Taint>]>::into_raw_with_allocator

Check 813: std::boxed::Box::<[std::mem::MaybeUninit<value::Taint>]>::into_raw_with_allocator.pointer_dereference.2
	 - Status: SUCCESS
	 - Description: "dereference failure: pointer invalid"
	 - Location: ../../../../../runner/.rustup/toolchains/nightly-2025-11-21-x86_64-unknown-linux-gnu/lib/rustlib/src/rust/library/alloc/src/boxed.rs:1485:19 in function std::boxed::Box::<[std::mem::MaybeUninit<value::Taint>]>::into_raw_with_allocator

Check 814: std::boxed::Box::<[std::mem::MaybeUninit<value::Taint>]>::into_raw_with_allocator.pointer_dereference.3
	 - Status: SUCCESS
	 - Description: "dereference failure: deallocated dynamic object"
	 - Location: ../../../../../runner/.rustup/toolchains/nightly-2025-11-21-x86_64-unknown-linux-gnu/lib/rustlib/src/rust/library/alloc/src/boxed.rs:1485:19 in function std::boxed::Box::<[std::mem::MaybeUninit<value::Taint>]>::into_raw_with_allocator

Check 815: std::boxed::Box::<[std::mem::MaybeUninit<value::Taint>]>::into_raw_with_allocator.pointer_dereference.4
	 - Status: SUCCESS
	 - Description: "dereference failure: dead object"
	 - Location: ../../../../../runner/.rustup/toolchains/nightly-2025-11-21-x86_64-unknown-linux-gnu/lib/rustlib/src/rust/library/alloc/src/boxed.rs:1485:19 in function std::boxed::Box::<[std::mem::MaybeUninit<value::Taint>]>::into_raw_with_allocator

Check 816: std::boxed::Box::<[std::mem::MaybeUninit<value::Taint>]>::into_raw_with_allocator.pointer_dereference.5
	 - Status: SUCCESS
	 - Description: "dereference failure: pointer outside object bounds"
	 - Location: ../../../../../runner/.rustup/toolchains/nightly-2025-11-21-x86_64-unknown-linux-gnu/lib/rustlib/src/rust/library/alloc/src/boxed.rs:1485:19 in function std::boxed::Box::<[std::mem::MaybeUninit<value::Taint>]>::into_raw_with_allocator

Check 817: std::boxed::Box::<[std::mem::MaybeUninit<value::Taint>]>::into_raw_with_allocator.pointer_dereference.6
	 - Status: SUCCESS
	 - Description: "dereference failure: invalid integer address"
	 - Location: ../../../../../runner/.rustup/toolchains/nightly-2025-11-21-x86_64-unknown-linux-gnu/lib/rustlib/src/rust/library/alloc/src/boxed.rs:1485:19 in function std::boxed::Box::<[std::mem::MaybeUninit<value::Taint>]>::into_raw_with_allocator

Check 818: <std::result::Result<&std::option::Option<value::SlotValue>, errors::CoreError> as std::ops::Try>::branch.pointer_dereference.1
	 - Status: SUCCESS
	 - Description: "dereference failure: dead object"
	 - Location: ../../../../../runner/.rustup/toolchains/nightly-2025-11-21-x86_64-unknown-linux-gnu/lib/rustlib/src/rust/library/core/src/result.rs:2173:15 in function <std::result::Result<&std::option::Option<value::SlotValue>, errors::CoreError> as std::ops::Try>::branch

Check 819: <std::result::Result<&std::option::Option<value::SlotValue>, errors::CoreError> as std::ops::Try>::branch.pointer_dereference.2
	 - Status: SUCCESS
	 - Description: "dereference failure: dead object"
	 - Location: ../../../../../runner/.rustup/toolchains/nightly-2025-11-21-x86_64-unknown-linux-gnu/lib/rustlib/src/rust/library/core/src/result.rs:2174:22 in function <std::result::Result<&std::option::Option<value::SlotValue>, errors::CoreError> as std::ops::Try>::branch

Check 820: kani_idempotency_gates::unreachable_for_kani_frame_bounds.pointer_dereference.1
	 - Status: SUCCESS
	 - Description: "dereference failure: dead object"
	 - Location: crates/vb_core/src/kani_idempotency_gates.rs:202:11 in function kani_idempotency_gates::unreachable_for_kani_frame_bounds

Check 821: kani_idempotency_gates::unreachable_for_kani_frame_bounds.pointer_dereference.2
	 - Status: SUCCESS
	 - Description: "dereference failure: dead object"
	 - Location: crates/vb_core/src/kani_idempotency_gates.rs:205:5 in function kani_idempotency_gates::unreachable_for_kani_frame_bounds

Check 822: alloc::raw_vec::RawVecInner::non_null::<u8>.pointer_dereference.1
	 - Status: SUCCESS
	 - Description: "dereference failure: pointer NULL"
	 - Location: ../../../../../runner/.rustup/toolchains/nightly-2025-11-21-x86_64-unknown-linux-gnu/lib/rustlib/src/rust/library/alloc/src/raw_vec/mod.rs:504:9 in function alloc::raw_vec::RawVecInner::non_null::<u8>

Check 823: alloc::raw_vec::RawVecInner::non_null::<u8>.pointer_dereference.2
	 - Status: SUCCESS
	 - Description: "dereference failure: pointer invalid"
	 - Location: ../../../../../runner/.rustup/toolchains/nightly-2025-11-21-x86_64-unknown-linux-gnu/lib/rustlib/src/rust/library/alloc/src/raw_vec/mod.rs:504:9 in function alloc::raw_vec::RawVecInner::non_null::<u8>

Check 824: alloc::raw_vec::RawVecInner::non_null::<u8>.pointer_dereference.3
	 - Status: SUCCESS
	 - Description: "dereference failure: deallocated dynamic object"
	 - Location: ../../../../../runner/.rustup/toolchains/nightly-2025-11-21-x86_64-unknown-linux-gnu/lib/rustlib/src/rust/library/alloc/src/raw_vec/mod.rs:504:9 in function alloc::raw_vec::RawVecInner::non_null::<u8>

Check 825: alloc::raw_vec::RawVecInner::non_null::<u8>.pointer_dereference.4
	 - Status: SUCCESS
	 - Description: "dereference failure: dead object"
	 - Location: ../../../../../runner/.rustup/toolchains/nightly-2025-11-21-x86_64-unknown-linux-gnu/lib/rustlib/src/rust/library/alloc/src/raw_vec/mod.rs:504:9 in function alloc::raw_vec::RawVecInner::non_null::<u8>

Check 826: alloc::raw_vec::RawVecInner::non_null::<u8>.pointer_dereference.5
	 - Status: SUCCESS
	 - Description: "dereference failure: pointer outside object bounds"
	 - Location: ../../../../../runner/.rustup/toolchains/nightly-2025-11-21-x86_64-unknown-linux-gnu/lib/rustlib/src/rust/library/alloc/src/raw_vec/mod.rs:504:9 in function alloc::raw_vec::RawVecInner::non_null::<u8>

Check 827: alloc::raw_vec::RawVecInner::non_null::<u8>.pointer_dereference.6
	 - Status: SUCCESS
	 - Description: "dereference failure: invalid integer address"
	 - Location: ../../../../../runner/.rustup/toolchains/nightly-2025-11-21-x86_64-unknown-linux-gnu/lib/rustlib/src/rust/library/alloc/src/raw_vec/mod.rs:504:9 in function alloc::raw_vec::RawVecInner::non_null::<u8>

Check 828: <frame::StepState as std::clone::Clone>::clone.pointer_dereference.1
	 - Status: SUCCESS
	 - Description: "dereference failure: pointer NULL"
	 - Location: crates/vb_core/src/frame.rs:10:17 in function <frame::StepState as std::clone::Clone>::clone

Check 829: <frame::StepState as std::clone::Clone>::clone.pointer_dereference.2
	 - Status: SUCCESS
	 - Description: "dereference failure: pointer invalid"
	 - Location: crates/vb_core/src/frame.rs:10:17 in function <frame::StepState as std::clone::Clone>::clone

Check 830: <frame::StepState as std::clone::Clone>::clone.pointer_dereference.3
	 - Status: SUCCESS
	 - Description: "dereference failure: deallocated dynamic object"
	 - Location: crates/vb_core/src/frame.rs:10:17 in function <frame::StepState as std::clone::Clone>::clone

Check 831: <frame::StepState as std::clone::Clone>::clone.pointer_dereference.4
	 - Status: SUCCESS
	 - Description: "dereference failure: dead object"
	 - Location: crates/vb_core/src/frame.rs:10:17 in function <frame::StepState as std::clone::Clone>::clone

Check 832: <frame::StepState as std::clone::Clone>::clone.pointer_dereference.5
	 - Status: SUCCESS
	 - Description: "dereference failure: pointer outside object bounds"
	 - Location: crates/vb_core/src/frame.rs:10:17 in function <frame::StepState as std::clone::Clone>::clone

Check 833: <frame::StepState as std::clone::Clone>::clone.pointer_dereference.6
	 - Status: SUCCESS
	 - Description: "dereference failure: invalid integer address"
	 - Location: crates/vb_core/src/frame.rs:10:17 in function <frame::StepState as std::clone::Clone>::clone

Check 834: kani_idempotency_gates::one_slot_frame_with_taint.pointer_dereference.1
	 - Status: SUCCESS
	 - Description: "dereference failure: dead object"
	 - Location: crates/vb_core/src/kani_idempotency_gates.rs:112:27 in function kani_idempotency_gates::one_slot_frame_with_taint

Check 835: kani_idempotency_gates::one_slot_frame_with_taint.pointer_dereference.2
	 - Status: SUCCESS
	 - Description: "dereference failure: dead object"
	 - Location: crates/vb_core/src/kani_idempotency_gates.rs:123:1 in function kani_idempotency_gates::one_slot_frame_with_taint

Check 836: std::option::Option::<&value::Taint>::copied.pointer_dereference.1
	 - Status: SUCCESS
	 - Description: "dereference failure: dead object"
	 - Location: ../../../../../runner/.rustup/toolchains/nightly-2025-11-21-x86_64-unknown-linux-gnu/lib/rustlib/src/rust/library/core/src/option.rs:2058:15 in function std::option::Option::<&value::Taint>::copied

Check 837: std::option::Option::<&value::Taint>::copied.pointer_dereference.2
	 - Status: SUCCESS
	 - Description: "dereference failure: pointer NULL"
	 - Location: ../../../../../runner/.rustup/toolchains/nightly-2025-11-21-x86_64-unknown-linux-gnu/lib/rustlib/src/rust/library/core/src/option.rs:2059:19 in function std::option::Option::<&value::Taint>::copied

Check 838: std::option::Option::<&value::Taint>::copied.pointer_dereference.3
	 - Status: SUCCESS
	 - Description: "dereference failure: pointer invalid"
	 - Location: ../../../../../runner/.rustup/toolchains/nightly-2025-11-21-x86_64-unknown-linux-gnu/lib/rustlib/src/rust/library/core/src/option.rs:2059:19 in function std::option::Option::<&value::Taint>::copied

Check 839: std::option::Option::<&value::Taint>::copied.pointer_dereference.4
	 - Status: SUCCESS
	 - Description: "dereference failure: deallocated dynamic object"
	 - Location: ../../../../../runner/.rustup/toolchains/nightly-2025-11-21-x86_64-unknown-linux-gnu/lib/rustlib/src/rust/library/core/src/option.rs:2059:19 in function std::option::Option::<&value::Taint>::copied

Check 840: std::option::Option::<&value::Taint>::copied.pointer_dereference.5
	 - Status: SUCCESS
	 - Description: "dereference failure: dead object"
	 - Location: ../../../../../runner/.rustup/toolchains/nightly-2025-11-21-x86_64-unknown-linux-gnu/lib/rustlib/src/rust/library/core/src/option.rs:2059:19 in function std::option::Option::<&value::Taint>::copied

Check 841: std::option::Option::<&value::Taint>::copied.pointer_dereference.6
	 - Status: SUCCESS
	 - Description: "dereference failure: pointer outside object bounds"
	 - Location: ../../../../../runner/.rustup/toolchains/nightly-2025-11-21-x86_64-unknown-linux-gnu/lib/rustlib/src/rust/library/core/src/option.rs:2059:19 in function std::option::Option::<&value::Taint>::copied

Check 842: std::option::Option::<&value::Taint>::copied.pointer_dereference.7
	 - Status: SUCCESS
	 - Description: "dereference failure: invalid integer address"
	 - Location: ../../../../../runner/.rustup/toolchains/nightly-2025-11-21-x86_64-unknown-linux-gnu/lib/rustlib/src/rust/library/core/src/option.rs:2059:19 in function std::option::Option::<&value::Taint>::copied

Check 843: std::option::Option::<&value::Taint>::copied.pointer_dereference.8
	 - Status: SUCCESS
	 - Description: "dereference failure: dead object"
	 - Location: ../../../../../runner/.rustup/toolchains/nightly-2025-11-21-x86_64-unknown-linux-gnu/lib/rustlib/src/rust/library/core/src/option.rs:2060:21 in function std::option::Option::<&value::Taint>::copied

Check 844: <std::boxed::Box<str> as std::ops::Drop>::drop.pointer_dereference.1
	 - Status: SUCCESS
	 - Description: "dereference failure: pointer NULL"
	 - Location: ../../../../../runner/.rustup/toolchains/nightly-2025-11-21-x86_64-unknown-linux-gnu/lib/rustlib/src/rust/library/alloc/src/boxed.rs:1761:19 in function <std::boxed::Box<str> as std::ops::Drop>::drop

Check 845: <std::boxed::Box<str> as std::ops::Drop>::drop.pointer_dereference.2
	 - Status: SUCCESS
	 - Description: "dereference failure: pointer invalid"
	 - Location: ../../../../../runner/.rustup/toolchains/nightly-2025-11-21-x86_64-unknown-linux-gnu/lib/rustlib/src/rust/library/alloc/src/boxed.rs:1761:19 in function <std::boxed::Box<str> as std::ops::Drop>::drop

Check 846: <std::boxed::Box<str> as std::ops::Drop>::drop.pointer_dereference.3
	 - Status: SUCCESS
	 - Description: "dereference failure: deallocated dynamic object"
	 - Location: ../../../../../runner/.rustup/toolchains/nightly-2025-11-21-x86_64-unknown-linux-gnu/lib/rustlib/src/rust/library/alloc/src/boxed.rs:1761:19 in function <std::boxed::Box<str> as std::ops::Drop>::drop

Check 847: <std::boxed::Box<str> as std::ops::Drop>::drop.pointer_dereference.4
	 - Status: SUCCESS
	 - Description: "dereference failure: dead object"
	 - Location: ../../../../../runner/.rustup/toolchains/nightly-2025-11-21-x86_64-unknown-linux-gnu/lib/rustlib/src/rust/library/alloc/src/boxed.rs:1761:19 in function <std::boxed::Box<str> as std::ops::Drop>::drop

Check 848: <std::boxed::Box<str> as std::ops::Drop>::drop.pointer_dereference.5
	 - Status: SUCCESS
	 - Description: "dereference failure: pointer outside object bounds"
	 - Location: ../../../../../runner/.rustup/toolchains/nightly-2025-11-21-x86_64-unknown-linux-gnu/lib/rustlib/src/rust/library/alloc/src/boxed.rs:1761:19 in function <std::boxed::Box<str> as std::ops::Drop>::drop

Check 849: <std::boxed::Box<str> as std::ops::Drop>::drop.pointer_dereference.6
	 - Status: SUCCESS
	 - Description: "dereference failure: invalid integer address"
	 - Location: ../../../../../runner/.rustup/toolchains/nightly-2025-11-21-x86_64-unknown-linux-gnu/lib/rustlib/src/rust/library/alloc/src/boxed.rs:1761:19 in function <std::boxed::Box<str> as std::ops::Drop>::drop

Check 850: std::ptr::drop_in_place::<[capability::Capability]>.unwind.0
	 - Status: SUCCESS
	 - Description: "unwinding assertion loop 0"
	 - Location: ../../../../../runner/.rustup/toolchains/nightly-2025-11-21-x86_64-unknown-linux-gnu/lib/rustlib/src/rust/library/core/src/ptr/mod.rs:805:1 in function std::ptr::drop_in_place::<[capability::Capability]>


SUMMARY:
 ** 0 of 846 failed (6 unreachable)

 ** 4 of 4 cover properties satisfied


VERIFICATION:- SUCCESSFUL
Verification Time: 7.0426164s

Manual Harness Summary:
Complete - 1 successfully verified harnesses, 0 failures, 1 total.

EXIT_CODE=0
