Kani Rust Verifier 0.67.0 (cargo plugin)
    Blocking waiting for file lock on package cache
    Blocking waiting for file lock on package cache
    Blocking waiting for file lock on artifact directory
   Compiling vb_core v0.1.0 (/home/lewis/src/velvet-ballistics/crates/vb_core)
warning: unused imports: `ReplayError` and `SuspensionKind`
  --> crates/vb_core/src/replay/kani_harnesses.rs:16:27
   |
16 | use super::{ReplayAction, ReplayError, SuspensionKind, step::replay_step};
   |                           ^^^^^^^^^^^  ^^^^^^^^^^^^^^
   |
   = note: `#[warn(unused_imports)]` (part of `#[warn(unused)]`) on by default

warning: unused import: `crate::errors::EngineError`
  --> crates/vb_core/src/kani_step_harnesses.rs:21:5
   |
21 | use crate::errors::EngineError;
   |     ^^^^^^^^^^^^^^^^^^^^^^^^^^

warning: variable does not need to be mutable
    --> crates/vb_core/src/frame.rs:1963:13
     |
1963 |         let mut frame = RunFrame::new(RunId::new(1), StepIdx::ZERO, step_count, 1);
     |             ----^^^^^
     |             |
     |             help: remove this `mut`
     |
     = note: `#[warn(unused_mut)]` (part of `#[warn(unused)]`) on by default

warning: variable does not need to be mutable
    --> crates/vb_core/src/frame.rs:1978:13
     |
1978 |         let mut frame = RunFrame::new(RunId::new(1), StepIdx::ZERO, step_count, 1);
     |             ----^^^^^
     |             |
     |             help: remove this `mut`

warning: variable does not need to be mutable
    --> crates/vb_core/src/frame.rs:1996:13
     |
1996 |         let mut frame = RunFrame::new(RunId::new(1), StepIdx::ZERO, step_count, 1);
     |             ----^^^^^
     |             |
     |             help: remove this `mut`

warning: variable does not need to be mutable
    --> crates/vb_core/src/frame.rs:2017:13
     |
2017 |         let mut frame = RunFrame::new(RunId::new(1), StepIdx::ZERO, 1, slot_count);
     |             ----^^^^^
     |             |
     |             help: remove this `mut`

warning: variable does not need to be mutable
    --> crates/vb_core/src/frame.rs:2041:13
     |
2041 |         let mut frame = RunFrame::new(RunId::new(1), StepIdx::ZERO, 1, slot_count);
     |             ----^^^^^
     |             |
     |             help: remove this `mut`

warning: variable does not need to be mutable
  --> crates/vb_core/src/kani_taint_propagation.rs:99:9
   |
99 |     let mut frame = RunFrame::new(RunId::new(1), StepIdx::ZERO, 1, slot_count);
   |         ----^^^^^
   |         |
   |         help: remove this `mut`

warning: variable does not need to be mutable
   --> crates/vb_core/src/kani_taint_propagation.rs:123:9
    |
123 |     let mut frame = RunFrame::new(RunId::new(1), StepIdx::ZERO, 1, slot_count);
    |         ----^^^^^
    |         |
    |         help: remove this `mut`

warning: variable does not need to be mutable
  --> crates/vb_core/src/kani_index_access.rs:23:9
   |
23 |     let mut frame = RunFrame::new(RunId::new(1), StepIdx::ZERO, 1, slot_count);
   |         ----^^^^^
   |         |
   |         help: remove this `mut`

warning: variable does not need to be mutable
  --> crates/vb_core/src/kani_index_access.rs:41:9
   |
41 |     let mut frame = RunFrame::new(RunId::new(1), StepIdx::ZERO, 1, slot_count);
   |         ----^^^^^
   |         |
   |         help: remove this `mut`

warning: variable does not need to be mutable
  --> crates/vb_core/src/kani_index_access.rs:69:9
   |
69 |     let mut frame = RunFrame::new(RunId::new(1), StepIdx::ZERO, 1, slot_count);
   |         ----^^^^^
   |         |
   |         help: remove this `mut`

warning: variable does not need to be mutable
  --> crates/vb_core/src/kani_index_access.rs:88:9
   |
88 |     let mut frame = RunFrame::new(RunId::new(1), StepIdx::ZERO, 1, slot_count);
   |         ----^^^^^
   |         |
   |         help: remove this `mut`

warning: variable does not need to be mutable
  --> crates/vb_core/src/kani_index_access.rs:90:9
   |
90 |     let mut frame = frame.unwrap();
   |         ----^^^^^
   |         |
   |         help: remove this `mut`

warning: variable does not need to be mutable
   --> crates/vb_core/src/kani_index_access.rs:104:9
    |
104 |     let mut frame = RunFrame::new(RunId::new(1), StepIdx::ZERO, 1, slot_count);
    |         ----^^^^^
    |         |
    |         help: remove this `mut`

warning: field `resource` is never read
    --> crates/vb_core/src/budget.rs:2151:20
     |
2151 |         Overflow { resource: &'static str },
     |         --------   ^^^^^^^^
     |         |
     |         field in this variant
     |
     = note: `LocalError` has a derived impl for the trait `Debug`, but this is intentionally ignored during dead code analysis
     = note: `#[warn(dead_code)]` (part of `#[warn(unused)]`) on by default

warning: field `resource` is never read
    --> crates/vb_core/src/budget.rs:2152:21
     |
2152 |         Underflow { resource: &'static str },
     |         ---------   ^^^^^^^^
     |         |
     |         field in this variant
     |
     = note: `LocalError` has a derived impl for the trait `Debug`, but this is intentionally ignored during dead code analysis

warning: Found the following unsupported constructs:
             - caller_location (1)
             - foreign function (2)
         
         Verification will fail if one or more of these constructs is reachable.
         See https://model-checking.github.io/kani/rust-feature-support.html for more details.

    Finished `dev` profile [unoptimized + debuginfo] target(s) in 3.80s
Checking harness kani_idempotency_gates::verify_idempotency_duplicate_failure_tainted_key...
CBMC 6.8.0 (cbmc-6.8.0)
CBMC version 6.8.0 (cbmc-6.8.0) 64-bit x86_64 linux
Reading GOTO program from file /home/lewis/src/velvet-ballistics/target/kani/x86_64-unknown-linux-gnu/debug/deps/vb_core-48be6b58fc7db91a__RNvNtCsjxOCHGd00j1_7vb_core22kani_idempotency_gates48verify_idempotency_duplicate_failure_tainted_key.out
Generating GOTO Program
Adding CPROVER library (x86_64)
Removal of function pointers and virtual functions
Generic Property Instrumentation
Running with 16 object bits, 48 offset bits (user-specified)
Starting Bounded Model Checking
aborting path on assume(false) at file /home/runner/.rustup/toolchains/nightly-2025-11-21-x86_64-unknown-linux-gnu/lib/rustlib/src/rust/library/core/src/option.rs line 1338 column 15 function std::option::Option::<value::Taint>::ok_or::<errors::CoreError> thread 0
aborting path on assume(false) at file /home/runner/.rustup/toolchains/nightly-2025-11-21-x86_64-unknown-linux-gnu/lib/rustlib/src/rust/library/alloc/src/raw_vec/mod.rs line 830 column 5 function alloc::raw_vec::RawVecInner::deallocate thread 0
aborting path on assume(false) at file /home/runner/.rustup/toolchains/nightly-2025-11-21-x86_64-unknown-linux-gnu/lib/rustlib/src/rust/library/alloc/src/raw_vec/mod.rs line 830 column 5 function alloc::raw_vec::RawVecInner::deallocate thread 0
aborting path on assume(false) at file /home/runner/.rustup/toolchains/nightly-2025-11-21-x86_64-unknown-linux-gnu/lib/rustlib/src/rust/library/alloc/src/raw_vec/mod.rs line 830 column 5 function alloc::raw_vec::RawVecInner::deallocate thread 0
aborting path on assume(false) at file /home/runner/.rustup/toolchains/nightly-2025-11-21-x86_64-unknown-linux-gnu/lib/rustlib/src/rust/library/alloc/src/raw_vec/mod.rs line 830 column 5 function alloc::raw_vec::RawVecInner::deallocate thread 0
aborting path on assume(false) at file /home/runner/.rustup/toolchains/nightly-2025-11-21-x86_64-unknown-linux-gnu/lib/rustlib/src/rust/library/alloc/src/raw_vec/mod.rs line 830 column 5 function alloc::raw_vec::RawVecInner::deallocate thread 0
aborting path on assume(false) at file /home/runner/.rustup/toolchains/nightly-2025-11-21-x86_64-unknown-linux-gnu/lib/rustlib/src/rust/library/alloc/src/raw_vec/mod.rs line 830 column 5 function alloc::raw_vec::RawVecInner::deallocate thread 0
aborting path on assume(false) at file /home/runner/work/kani/kani/library/kani_core/src/models.rs line 23 column 13 function kani::rustc_intrinsics::size_of_val_raw::<str> thread 0
aborting path on assume(false) at file /home/runner/work/kani/kani/library/kani/src/lib.rs line 57 column 1 function kani::rustc_intrinsics::size_of_val_raw::<str> thread 0
aborting path on assume(false) at file /home/runner/work/kani/kani/library/kani_core/src/models.rs line 23 column 13 function kani::rustc_intrinsics::size_of_val_raw::<str> thread 0
aborting path on assume(false) at file /home/runner/work/kani/kani/library/kani/src/lib.rs line 57 column 1 function kani::rustc_intrinsics::size_of_val_raw::<str> thread 0
Unwinding loop _RINvNtCsci0VKyKEi6N_4core3ptr13drop_in_placeSNtNtCsjxOCHGd00j1_7vb_core10capability10CapabilityEBL_.0 iteration 1 file /home/runner/.rustup/toolchains/nightly-2025-11-21-x86_64-unknown-linux-gnu/lib/rustlib/src/rust/library/core/src/ptr/mod.rs line 805 column 1 function std::ptr::drop_in_place::<[capability::Capability]> thread 0
aborting path on assume(false) at file /home/runner/work/kani/kani/library/kani_core/src/models.rs line 23 column 13 function kani::rustc_intrinsics::size_of_val_raw::<str> thread 0
aborting path on assume(false) at file /home/runner/work/kani/kani/library/kani/src/lib.rs line 57 column 1 function kani::rustc_intrinsics::size_of_val_raw::<str> thread 0
Unwinding loop _RINvNtCsci0VKyKEi6N_4core3ptr13drop_in_placeSNtNtCsjxOCHGd00j1_7vb_core10capability10CapabilityEBL_.0 iteration 2 file /home/runner/.rustup/toolchains/nightly-2025-11-21-x86_64-unknown-linux-gnu/lib/rustlib/src/rust/library/core/src/ptr/mod.rs line 805 column 1 function std::ptr::drop_in_place::<[capability::Capability]> thread 0
aborting path on assume(false) at file /home/runner/work/kani/kani/library/kani_core/src/models.rs line 23 column 13 function kani::rustc_intrinsics::size_of_val_raw::<str> thread 0
aborting path on assume(false) at file /home/runner/work/kani/kani/library/kani/src/lib.rs line 57 column 1 function kani::rustc_intrinsics::size_of_val_raw::<str> thread 0
Unwinding loop _RINvNtCsci0VKyKEi6N_4core3ptr13drop_in_placeSNtNtCsjxOCHGd00j1_7vb_core10capability10CapabilityEBL_.0 iteration 3 file /home/runner/.rustup/toolchains/nightly-2025-11-21-x86_64-unknown-linux-gnu/lib/rustlib/src/rust/library/core/src/ptr/mod.rs line 805 column 1 function std::ptr::drop_in_place::<[capability::Capability]> thread 0
aborting path on assume(false) at file /home/runner/work/kani/kani/library/kani_core/src/models.rs line 23 column 13 function kani::rustc_intrinsics::size_of_val_raw::<str> thread 0
aborting path on assume(false) at file /home/runner/work/kani/kani/library/kani/src/lib.rs line 57 column 1 function kani::rustc_intrinsics::size_of_val_raw::<str> thread 0
Unwinding loop _RINvNtCsci0VKyKEi6N_4core3ptr13drop_in_placeSNtNtCsjxOCHGd00j1_7vb_core10capability10CapabilityEBL_.0 iteration 4 file /home/runner/.rustup/toolchains/nightly-2025-11-21-x86_64-unknown-linux-gnu/lib/rustlib/src/rust/library/core/src/ptr/mod.rs line 805 column 1 function std::ptr::drop_in_place::<[capability::Capability]> thread 0
aborting path on assume(false) at file /home/runner/work/kani/kani/library/kani_core/src/models.rs line 23 column 13 function kani::rustc_intrinsics::size_of_val_raw::<str> thread 0
aborting path on assume(false) at file /home/runner/work/kani/kani/library/kani/src/lib.rs line 57 column 1 function kani::rustc_intrinsics::size_of_val_raw::<str> thread 0
Unwinding loop _RINvNtCsci0VKyKEi6N_4core3ptr13drop_in_placeSNtNtCsjxOCHGd00j1_7vb_core10capability10CapabilityEBL_.0 iteration 5 file /home/runner/.rustup/toolchains/nightly-2025-11-21-x86_64-unknown-linux-gnu/lib/rustlib/src/rust/library/core/src/ptr/mod.rs line 805 column 1 function std::ptr::drop_in_place::<[capability::Capability]> thread 0
aborting path on assume(false) at file /home/runner/work/kani/kani/library/kani_core/src/models.rs line 23 column 13 function kani::rustc_intrinsics::size_of_val_raw::<str> thread 0
aborting path on assume(false) at file /home/runner/work/kani/kani/library/kani/src/lib.rs line 57 column 1 function kani::rustc_intrinsics::size_of_val_raw::<str> thread 0
Not unwinding loop _RINvNtCsci0VKyKEi6N_4core3ptr13drop_in_placeSNtNtCsjxOCHGd00j1_7vb_core10capability10CapabilityEBL_.0 iteration 6 file /home/runner/.rustup/toolchains/nightly-2025-11-21-x86_64-unknown-linux-gnu/lib/rustlib/src/rust/library/core/src/ptr/mod.rs line 805 column 1 function std::ptr::drop_in_place::<[capability::Capability]> thread 0
aborting path on assume(false) at file /home/runner/.rustup/toolchains/nightly-2025-11-21-x86_64-unknown-linux-gnu/lib/rustlib/src/rust/library/alloc/src/raw_vec/mod.rs line 830 column 5 function alloc::raw_vec::RawVecInner::deallocate thread 0
aborting path on assume(false) at file /home/runner/.rustup/toolchains/nightly-2025-11-21-x86_64-unknown-linux-gnu/lib/rustlib/src/rust/library/alloc/src/raw_vec/mod.rs line 830 column 5 function alloc::raw_vec::RawVecInner::deallocate thread 0
aborting path on assume(false) at file /home/runner/.rustup/toolchains/nightly-2025-11-21-x86_64-unknown-linux-gnu/lib/rustlib/src/rust/library/alloc/src/raw_vec/mod.rs line 830 column 5 function alloc::raw_vec::RawVecInner::deallocate thread 0
aborting path on assume(false) at file /home/runner/.rustup/toolchains/nightly-2025-11-21-x86_64-unknown-linux-gnu/lib/rustlib/src/rust/library/alloc/src/raw_vec/mod.rs line 830 column 5 function alloc::raw_vec::RawVecInner::deallocate thread 0
aborting path on assume(false) at file /home/runner/.rustup/toolchains/nightly-2025-11-21-x86_64-unknown-linux-gnu/lib/rustlib/src/rust/library/alloc/src/raw_vec/mod.rs line 830 column 5 function alloc::raw_vec::RawVecInner::deallocate thread 0
aborting path on assume(false) at file /home/runner/.rustup/toolchains/nightly-2025-11-21-x86_64-unknown-linux-gnu/lib/rustlib/src/rust/library/alloc/src/raw_vec/mod.rs line 830 column 5 function alloc::raw_vec::RawVecInner::deallocate thread 0
aborting path on assume(false) at file /home/runner/.rustup/toolchains/nightly-2025-11-21-x86_64-unknown-linux-gnu/lib/rustlib/src/rust/library/alloc/src/raw_vec/mod.rs line 830 column 5 function alloc::raw_vec::RawVecInner::deallocate thread 0
aborting path on assume(false) at file /home/runner/work/kani/kani/library/kani_core/src/models.rs line 23 column 13 function kani::rustc_intrinsics::size_of_val_raw::<str> thread 0
aborting path on assume(false) at file /home/runner/work/kani/kani/library/kani/src/lib.rs line 57 column 1 function kani::rustc_intrinsics::size_of_val_raw::<str> thread 0
aborting path on assume(false) at file /home/runner/work/kani/kani/library/kani_core/src/models.rs line 23 column 13 function kani::rustc_intrinsics::size_of_val_raw::<str> thread 0
aborting path on assume(false) at file /home/runner/work/kani/kani/library/kani/src/lib.rs line 57 column 1 function kani::rustc_intrinsics::size_of_val_raw::<str> thread 0
Unwinding loop _RINvNtCsci0VKyKEi6N_4core3ptr13drop_in_placeSNtNtCsjxOCHGd00j1_7vb_core10capability10CapabilityEBL_.0 iteration 1 file /home/runner/.rustup/toolchains/nightly-2025-11-21-x86_64-unknown-linux-gnu/lib/rustlib/src/rust/library/core/src/ptr/mod.rs line 805 column 1 function std::ptr::drop_in_place::<[capability::Capability]> thread 0
aborting path on assume(false) at file /home/runner/work/kani/kani/library/kani_core/src/models.rs line 23 column 13 function kani::rustc_intrinsics::size_of_val_raw::<str> thread 0
aborting path on assume(false) at file /home/runner/work/kani/kani/library/kani/src/lib.rs line 57 column 1 function kani::rustc_intrinsics::size_of_val_raw::<str> thread 0
Unwinding loop _RINvNtCsci0VKyKEi6N_4core3ptr13drop_in_placeSNtNtCsjxOCHGd00j1_7vb_core10capability10CapabilityEBL_.0 iteration 2 file /home/runner/.rustup/toolchains/nightly-2025-11-21-x86_64-unknown-linux-gnu/lib/rustlib/src/rust/library/core/src/ptr/mod.rs line 805 column 1 function std::ptr::drop_in_place::<[capability::Capability]> thread 0
aborting path on assume(false) at file /home/runner/work/kani/kani/library/kani_core/src/models.rs line 23 column 13 function kani::rustc_intrinsics::size_of_val_raw::<str> thread 0
aborting path on assume(false) at file /home/runner/work/kani/kani/library/kani/src/lib.rs line 57 column 1 function kani::rustc_intrinsics::size_of_val_raw::<str> thread 0
Unwinding loop _RINvNtCsci0VKyKEi6N_4core3ptr13drop_in_placeSNtNtCsjxOCHGd00j1_7vb_core10capability10CapabilityEBL_.0 iteration 3 file /home/runner/.rustup/toolchains/nightly-2025-11-21-x86_64-unknown-linux-gnu/lib/rustlib/src/rust/library/core/src/ptr/mod.rs line 805 column 1 function std::ptr::drop_in_place::<[capability::Capability]> thread 0
aborting path on assume(false) at file /home/runner/work/kani/kani/library/kani_core/src/models.rs line 23 column 13 function kani::rustc_intrinsics::size_of_val_raw::<str> thread 0
aborting path on assume(false) at file /home/runner/work/kani/kani/library/kani/src/lib.rs line 57 column 1 function kani::rustc_intrinsics::size_of_val_raw::<str> thread 0
Unwinding loop _RINvNtCsci0VKyKEi6N_4core3ptr13drop_in_placeSNtNtCsjxOCHGd00j1_7vb_core10capability10CapabilityEBL_.0 iteration 4 file /home/runner/.rustup/toolchains/nightly-2025-11-21-x86_64-unknown-linux-gnu/lib/rustlib/src/rust/library/core/src/ptr/mod.rs line 805 column 1 function std::ptr::drop_in_place::<[capability::Capability]> thread 0
aborting path on assume(false) at file /home/runner/work/kani/kani/library/kani_core/src/models.rs line 23 column 13 function kani::rustc_intrinsics::size_of_val_raw::<str> thread 0
aborting path on assume(false) at file /home/runner/work/kani/kani/library/kani/src/lib.rs line 57 column 1 function kani::rustc_intrinsics::size_of_val_raw::<str> thread 0
Unwinding loop _RINvNtCsci0VKyKEi6N_4core3ptr13drop_in_placeSNtNtCsjxOCHGd00j1_7vb_core10capability10CapabilityEBL_.0 iteration 5 file /home/runner/.rustup/toolchains/nightly-2025-11-21-x86_64-unknown-linux-gnu/lib/rustlib/src/rust/library/core/src/ptr/mod.rs line 805 column 1 function std::ptr::drop_in_place::<[capability::Capability]> thread 0
aborting path on assume(false) at file /home/runner/work/kani/kani/library/kani_core/src/models.rs line 23 column 13 function kani::rustc_intrinsics::size_of_val_raw::<str> thread 0
aborting path on assume(false) at file /home/runner/work/kani/kani/library/kani/src/lib.rs line 57 column 1 function kani::rustc_intrinsics::size_of_val_raw::<str> thread 0
Not unwinding loop _RINvNtCsci0VKyKEi6N_4core3ptr13drop_in_placeSNtNtCsjxOCHGd00j1_7vb_core10capability10CapabilityEBL_.0 iteration 6 file /home/runner/.rustup/toolchains/nightly-2025-11-21-x86_64-unknown-linux-gnu/lib/rustlib/src/rust/library/core/src/ptr/mod.rs line 805 column 1 function std::ptr::drop_in_place::<[capability::Capability]> thread 0
aborting path on assume(false) at file /home/runner/.rustup/toolchains/nightly-2025-11-21-x86_64-unknown-linux-gnu/lib/rustlib/src/rust/library/alloc/src/raw_vec/mod.rs line 830 column 5 function alloc::raw_vec::RawVecInner::deallocate thread 0
aborting path on assume(false) at file crates/vb_core/src/lib.rs line 0 column 0 function action::validate_idempotency_key_ingredients thread 0
Unwinding loop _RNvNtCsjxOCHGd00j1_7vb_core6action36validate_idempotency_key_ingredients.0 iteration 1 file crates/vb_core/src/action.rs line 332 column 5 function action::validate_idempotency_key_ingredients thread 0
aborting path on assume(false) at file /home/runner/.rustup/toolchains/nightly-2025-11-21-x86_64-unknown-linux-gnu/lib/rustlib/src/rust/library/core/src/option.rs line 1338 column 15 function std::option::Option::<value::Taint>::ok_or::<errors::CoreError> thread 0
aborting path on assume(false) at file /home/runner/.rustup/toolchains/nightly-2025-11-21-x86_64-unknown-linux-gnu/lib/rustlib/src/rust/library/alloc/src/raw_vec/mod.rs line 830 column 5 function alloc::raw_vec::RawVecInner::deallocate thread 0
aborting path on assume(false) at file /home/runner/.rustup/toolchains/nightly-2025-11-21-x86_64-unknown-linux-gnu/lib/rustlib/src/rust/library/alloc/src/raw_vec/mod.rs line 830 column 5 function alloc::raw_vec::RawVecInner::deallocate thread 0
aborting path on assume(false) at file /home/runner/.rustup/toolchains/nightly-2025-11-21-x86_64-unknown-linux-gnu/lib/rustlib/src/rust/library/alloc/src/raw_vec/mod.rs line 830 column 5 function alloc::raw_vec::RawVecInner::deallocate thread 0
aborting path on assume(false) at file /home/runner/.rustup/toolchains/nightly-2025-11-21-x86_64-unknown-linux-gnu/lib/rustlib/src/rust/library/alloc/src/raw_vec/mod.rs line 830 column 5 function alloc::raw_vec::RawVecInner::deallocate thread 0
aborting path on assume(false) at file /home/runner/.rustup/toolchains/nightly-2025-11-21-x86_64-unknown-linux-gnu/lib/rustlib/src/rust/library/alloc/src/raw_vec/mod.rs line 830 column 5 function alloc::raw_vec::RawVecInner::deallocate thread 0
aborting path on assume(false) at file /home/runner/.rustup/toolchains/nightly-2025-11-21-x86_64-unknown-linux-gnu/lib/rustlib/src/rust/library/alloc/src/raw_vec/mod.rs line 830 column 5 function alloc::raw_vec::RawVecInner::deallocate thread 0
aborting path on assume(false) at file /home/runner/work/kani/kani/library/kani_core/src/models.rs line 23 column 13 function kani::rustc_intrinsics::size_of_val_raw::<str> thread 0
aborting path on assume(false) at file /home/runner/work/kani/kani/library/kani/src/lib.rs line 57 column 1 function kani::rustc_intrinsics::size_of_val_raw::<str> thread 0
aborting path on assume(false) at file /home/runner/work/kani/kani/library/kani_core/src/models.rs line 23 column 13 function kani::rustc_intrinsics::size_of_val_raw::<str> thread 0
aborting path on assume(false) at file /home/runner/work/kani/kani/library/kani/src/lib.rs line 57 column 1 function kani::rustc_intrinsics::size_of_val_raw::<str> thread 0
Unwinding loop _RINvNtCsci0VKyKEi6N_4core3ptr13drop_in_placeSNtNtCsjxOCHGd00j1_7vb_core10capability10CapabilityEBL_.0 iteration 1 file /home/runner/.rustup/toolchains/nightly-2025-11-21-x86_64-unknown-linux-gnu/lib/rustlib/src/rust/library/core/src/ptr/mod.rs line 805 column 1 function std::ptr::drop_in_place::<[capability::Capability]> thread 0
aborting path on assume(false) at file /home/runner/work/kani/kani/library/kani_core/src/models.rs line 23 column 13 function kani::rustc_intrinsics::size_of_val_raw::<str> thread 0
aborting path on assume(false) at file /home/runner/work/kani/kani/library/kani/src/lib.rs line 57 column 1 function kani::rustc_intrinsics::size_of_val_raw::<str> thread 0
Unwinding loop _RINvNtCsci0VKyKEi6N_4core3ptr13drop_in_placeSNtNtCsjxOCHGd00j1_7vb_core10capability10CapabilityEBL_.0 iteration 2 file /home/runner/.rustup/toolchains/nightly-2025-11-21-x86_64-unknown-linux-gnu/lib/rustlib/src/rust/library/core/src/ptr/mod.rs line 805 column 1 function std::ptr::drop_in_place::<[capability::Capability]> thread 0
aborting path on assume(false) at file /home/runner/work/kani/kani/library/kani_core/src/models.rs line 23 column 13 function kani::rustc_intrinsics::size_of_val_raw::<str> thread 0
aborting path on assume(false) at file /home/runner/work/kani/kani/library/kani/src/lib.rs line 57 column 1 function kani::rustc_intrinsics::size_of_val_raw::<str> thread 0
Unwinding loop _RINvNtCsci0VKyKEi6N_4core3ptr13drop_in_placeSNtNtCsjxOCHGd00j1_7vb_core10capability10CapabilityEBL_.0 iteration 3 file /home/runner/.rustup/toolchains/nightly-2025-11-21-x86_64-unknown-linux-gnu/lib/rustlib/src/rust/library/core/src/ptr/mod.rs line 805 column 1 function std::ptr::drop_in_place::<[capability::Capability]> thread 0
aborting path on assume(false) at file /home/runner/work/kani/kani/library/kani_core/src/models.rs line 23 column 13 function kani::rustc_intrinsics::size_of_val_raw::<str> thread 0
aborting path on assume(false) at file /home/runner/work/kani/kani/library/kani/src/lib.rs line 57 column 1 function kani::rustc_intrinsics::size_of_val_raw::<str> thread 0
Unwinding loop _RINvNtCsci0VKyKEi6N_4core3ptr13drop_in_placeSNtNtCsjxOCHGd00j1_7vb_core10capability10CapabilityEBL_.0 iteration 4 file /home/runner/.rustup/toolchains/nightly-2025-11-21-x86_64-unknown-linux-gnu/lib/rustlib/src/rust/library/core/src/ptr/mod.rs line 805 column 1 function std::ptr::drop_in_place::<[capability::Capability]> thread 0
aborting path on assume(false) at file /home/runner/work/kani/kani/library/kani_core/src/models.rs line 23 column 13 function kani::rustc_intrinsics::size_of_val_raw::<str> thread 0
aborting path on assume(false) at file /home/runner/work/kani/kani/library/kani/src/lib.rs line 57 column 1 function kani::rustc_intrinsics::size_of_val_raw::<str> thread 0
Unwinding loop _RINvNtCsci0VKyKEi6N_4core3ptr13drop_in_placeSNtNtCsjxOCHGd00j1_7vb_core10capability10CapabilityEBL_.0 iteration 5 file /home/runner/.rustup/toolchains/nightly-2025-11-21-x86_64-unknown-linux-gnu/lib/rustlib/src/rust/library/core/src/ptr/mod.rs line 805 column 1 function std::ptr::drop_in_place::<[capability::Capability]> thread 0
aborting path on assume(false) at file /home/runner/work/kani/kani/library/kani_core/src/models.rs line 23 column 13 function kani::rustc_intrinsics::size_of_val_raw::<str> thread 0
aborting path on assume(false) at file /home/runner/work/kani/kani/library/kani/src/lib.rs line 57 column 1 function kani::rustc_intrinsics::size_of_val_raw::<str> thread 0
Not unwinding loop _RINvNtCsci0VKyKEi6N_4core3ptr13drop_in_placeSNtNtCsjxOCHGd00j1_7vb_core10capability10CapabilityEBL_.0 iteration 6 file /home/runner/.rustup/toolchains/nightly-2025-11-21-x86_64-unknown-linux-gnu/lib/rustlib/src/rust/library/core/src/ptr/mod.rs line 805 column 1 function std::ptr::drop_in_place::<[capability::Capability]> thread 0
aborting path on assume(false) at file /home/runner/.rustup/toolchains/nightly-2025-11-21-x86_64-unknown-linux-gnu/lib/rustlib/src/rust/library/alloc/src/raw_vec/mod.rs line 830 column 5 function alloc::raw_vec::RawVecInner::deallocate thread 0
aborting path on assume(false) at file /home/runner/.rustup/toolchains/nightly-2025-11-21-x86_64-unknown-linux-gnu/lib/rustlib/src/rust/library/alloc/src/raw_vec/mod.rs line 830 column 5 function alloc::raw_vec::RawVecInner::deallocate thread 0
aborting path on assume(false) at file /home/runner/.rustup/toolchains/nightly-2025-11-21-x86_64-unknown-linux-gnu/lib/rustlib/src/rust/library/alloc/src/raw_vec/mod.rs line 830 column 5 function alloc::raw_vec::RawVecInner::deallocate thread 0
aborting path on assume(false) at file /home/runner/.rustup/toolchains/nightly-2025-11-21-x86_64-unknown-linux-gnu/lib/rustlib/src/rust/library/alloc/src/raw_vec/mod.rs line 830 column 5 function alloc::raw_vec::RawVecInner::deallocate thread 0
aborting path on assume(false) at file /home/runner/.rustup/toolchains/nightly-2025-11-21-x86_64-unknown-linux-gnu/lib/rustlib/src/rust/library/alloc/src/raw_vec/mod.rs line 830 column 5 function alloc::raw_vec::RawVecInner::deallocate thread 0
aborting path on assume(false) at file /home/runner/.rustup/toolchains/nightly-2025-11-21-x86_64-unknown-linux-gnu/lib/rustlib/src/rust/library/alloc/src/raw_vec/mod.rs line 830 column 5 function alloc::raw_vec::RawVecInner::deallocate thread 0
aborting path on assume(false) at file /home/runner/.rustup/toolchains/nightly-2025-11-21-x86_64-unknown-linux-gnu/lib/rustlib/src/rust/library/alloc/src/raw_vec/mod.rs line 830 column 5 function alloc::raw_vec::RawVecInner::deallocate thread 0
aborting path on assume(false) at file /home/runner/work/kani/kani/library/kani_core/src/models.rs line 23 column 13 function kani::rustc_intrinsics::size_of_val_raw::<str> thread 0
aborting path on assume(false) at file /home/runner/work/kani/kani/library/kani/src/lib.rs line 57 column 1 function kani::rustc_intrinsics::size_of_val_raw::<str> thread 0
aborting path on assume(false) at file /home/runner/work/kani/kani/library/kani_core/src/models.rs line 23 column 13 function kani::rustc_intrinsics::size_of_val_raw::<str> thread 0
aborting path on assume(false) at file /home/runner/work/kani/kani/library/kani/src/lib.rs line 57 column 1 function kani::rustc_intrinsics::size_of_val_raw::<str> thread 0
Unwinding loop _RINvNtCsci0VKyKEi6N_4core3ptr13drop_in_placeSNtNtCsjxOCHGd00j1_7vb_core10capability10CapabilityEBL_.0 iteration 1 file /home/runner/.rustup/toolchains/nightly-2025-11-21-x86_64-unknown-linux-gnu/lib/rustlib/src/rust/library/core/src/ptr/mod.rs line 805 column 1 function std::ptr::drop_in_place::<[capability::Capability]> thread 0
aborting path on assume(false) at file /home/runner/work/kani/kani/library/kani_core/src/models.rs line 23 column 13 function kani::rustc_intrinsics::size_of_val_raw::<str> thread 0
aborting path on assume(false) at file /home/runner/work/kani/kani/library/kani/src/lib.rs line 57 column 1 function kani::rustc_intrinsics::size_of_val_raw::<str> thread 0
Unwinding loop _RINvNtCsci0VKyKEi6N_4core3ptr13drop_in_placeSNtNtCsjxOCHGd00j1_7vb_core10capability10CapabilityEBL_.0 iteration 2 file /home/runner/.rustup/toolchains/nightly-2025-11-21-x86_64-unknown-linux-gnu/lib/rustlib/src/rust/library/core/src/ptr/mod.rs line 805 column 1 function std::ptr::drop_in_place::<[capability::Capability]> thread 0
aborting path on assume(false) at file /home/runner/work/kani/kani/library/kani_core/src/models.rs line 23 column 13 function kani::rustc_intrinsics::size_of_val_raw::<str> thread 0
aborting path on assume(false) at file /home/runner/work/kani/kani/library/kani/src/lib.rs line 57 column 1 function kani::rustc_intrinsics::size_of_val_raw::<str> thread 0
Unwinding loop _RINvNtCsci0VKyKEi6N_4core3ptr13drop_in_placeSNtNtCsjxOCHGd00j1_7vb_core10capability10CapabilityEBL_.0 iteration 3 file /home/runner/.rustup/toolchains/nightly-2025-11-21-x86_64-unknown-linux-gnu/lib/rustlib/src/rust/library/core/src/ptr/mod.rs line 805 column 1 function std::ptr::drop_in_place::<[capability::Capability]> thread 0
aborting path on assume(false) at file /home/runner/work/kani/kani/library/kani_core/src/models.rs line 23 column 13 function kani::rustc_intrinsics::size_of_val_raw::<str> thread 0
aborting path on assume(false) at file /home/runner/work/kani/kani/library/kani/src/lib.rs line 57 column 1 function kani::rustc_intrinsics::size_of_val_raw::<str> thread 0
Unwinding loop _RINvNtCsci0VKyKEi6N_4core3ptr13drop_in_placeSNtNtCsjxOCHGd00j1_7vb_core10capability10CapabilityEBL_.0 iteration 4 file /home/runner/.rustup/toolchains/nightly-2025-11-21-x86_64-unknown-linux-gnu/lib/rustlib/src/rust/library/core/src/ptr/mod.rs line 805 column 1 function std::ptr::drop_in_place::<[capability::Capability]> thread 0
aborting path on assume(false) at file /home/runner/work/kani/kani/library/kani_core/src/models.rs line 23 column 13 function kani::rustc_intrinsics::size_of_val_raw::<str> thread 0
aborting path on assume(false) at file /home/runner/work/kani/kani/library/kani/src/lib.rs line 57 column 1 function kani::rustc_intrinsics::size_of_val_raw::<str> thread 0
Unwinding loop _RINvNtCsci0VKyKEi6N_4core3ptr13drop_in_placeSNtNtCsjxOCHGd00j1_7vb_core10capability10CapabilityEBL_.0 iteration 5 file /home/runner/.rustup/toolchains/nightly-2025-11-21-x86_64-unknown-linux-gnu/lib/rustlib/src/rust/library/core/src/ptr/mod.rs line 805 column 1 function std::ptr::drop_in_place::<[capability::Capability]> thread 0
aborting path on assume(false) at file /home/runner/work/kani/kani/library/kani_core/src/models.rs line 23 column 13 function kani::rustc_intrinsics::size_of_val_raw::<str> thread 0
aborting path on assume(false) at file /home/runner/work/kani/kani/library/kani/src/lib.rs line 57 column 1 function kani::rustc_intrinsics::size_of_val_raw::<str> thread 0
Not unwinding loop _RINvNtCsci0VKyKEi6N_4core3ptr13drop_in_placeSNtNtCsjxOCHGd00j1_7vb_core10capability10CapabilityEBL_.0 iteration 6 file /home/runner/.rustup/toolchains/nightly-2025-11-21-x86_64-unknown-linux-gnu/lib/rustlib/src/rust/library/core/src/ptr/mod.rs line 805 column 1 function std::ptr::drop_in_place::<[capability::Capability]> thread 0
aborting path on assume(false) at file /home/runner/.rustup/toolchains/nightly-2025-11-21-x86_64-unknown-linux-gnu/lib/rustlib/src/rust/library/alloc/src/raw_vec/mod.rs line 830 column 5 function alloc::raw_vec::RawVecInner::deallocate thread 0
aborting path on assume(false) at file crates/vb_core/src/lib.rs line 0 column 0 function action::validate_idempotency_key_ingredients thread 0
Unwinding loop _RNvNtCsjxOCHGd00j1_7vb_core6action36validate_idempotency_key_ingredients.0 iteration 1 file crates/vb_core/src/action.rs line 332 column 5 function action::validate_idempotency_key_ingredients thread 0
Runtime Symex: 6.37431s
size of program expression: 257503 steps
slicing removed 227254 assignments
Generated 4761 VCC(s), 1176 remaining after simplification
Runtime Postprocess Equation: 0.186784s
Passing problem to propositional reduction
converting SSA
Runtime Convert SSA: 0.668208s
Running propositional reduction
Post-processing
Runtime Post-process: 0.0856137s
Solving with CaDiCaL 2.0.0
471191 variables, 1139937 clauses
SAT checker: instance is SATISFIABLE
Runtime Solver: 0.550834s
Runtime decision procedure: 1.2524s
Running propositional reduction
Solving with CaDiCaL 2.0.0
471192 variables, 1139938 clauses
SAT checker: instance is UNSATISFIABLE
Runtime Solver: 0.0548748s
Runtime decision procedure: 0.0568396s

RESULTS:
Check 1: malloc.assertion.1
	 - Status: SUCCESS
	 - Description: "max allocation size exceeded"
	 - Location: <builtin-library-malloc>:31 in function malloc

Check 2: malloc.assertion.2
	 - Status: SUCCESS
	 - Description: "max allocation may fail"
	 - Location: <builtin-library-malloc>:36 in function malloc

Check 3: std::alloc::Layout::is_size_align_valid.unreachable.1
	 - Status: SUCCESS
	 - Description: "unreachable code"
	 - Location: ../../../../../runner/.rustup/toolchains/nightly-2025-11-21-x86_64-unknown-linux-gnu/lib/rustlib/src/rust/library/core/src/alloc/layout.rs:68:5 in function std::alloc::Layout::is_size_align_valid

Check 4: std::alloc::Global::alloc_impl.unreachable.1
	 - Status: SUCCESS
	 - Description: "unreachable code"
	 - Location: ../../../../../runner/.rustup/toolchains/nightly-2025-11-21-x86_64-unknown-linux-gnu/lib/rustlib/src/rust/library/alloc/src/alloc.rs:191:27 in function std::alloc::Global::alloc_impl

Check 5: frame::RunFrame::read_taint.safety_check.1
	 - Status: SUCCESS
	 - Description: "misaligned pointer to reference cast: address must be a multiple of its type's alignment"
	 - Location: crates/vb_core/src/frame.rs:317:26 in function frame::RunFrame::read_taint

Check 6: frame::RunFrame::read_taint.safety_check.2
	 - Status: SUCCESS
	 - Description: "dereference failure: pointer invalid"
	 - Location: crates/vb_core/src/frame.rs:317:26 in function frame::RunFrame::read_taint

Check 7: frame::RunFrame::read_taint.unreachable.1
	 - Status: SUCCESS
	 - Description: "unreachable code"
	 - Location: crates/vb_core/src/frame.rs:317:26 in function frame::RunFrame::read_taint

Check 8: frame::RunFrame::read_taint.safety_check.3
	 - Status: SUCCESS
	 - Description: "misaligned pointer to reference cast: address must be a multiple of its type's alignment"
	 - Location: crates/vb_core/src/frame.rs:324:9 in function frame::RunFrame::read_taint

Check 9: frame::RunFrame::read_taint.safety_check.4
	 - Status: SUCCESS
	 - Description: "dereference failure: pointer invalid"
	 - Location: crates/vb_core/src/frame.rs:324:9 in function frame::RunFrame::read_taint

Check 10: <std::result::Result<usize, std::collections::TryReserveErrorKind> as std::ops::Try>::branch.unreachable.1
	 - Status: SUCCESS
	 - Description: "unreachable code"
	 - Location: ../../../../../runner/.rustup/toolchains/nightly-2025-11-21-x86_64-unknown-linux-gnu/lib/rustlib/src/rust/library/core/src/result.rs:2173:15 in function <std::result::Result<usize, std::collections::TryReserveErrorKind> as std::ops::Try>::branch

Check 11: core::ub_checks::maybe_is_nonoverlapping::runtime.unreachable.1
	 - Status: SUCCESS
	 - Description: "unreachable code"
	 - Location: ../../../../../runner/.rustup/toolchains/nightly-2025-11-21-x86_64-unknown-linux-gnu/lib/rustlib/src/rust/library/core/src/intrinsics/mod.rs:2437:9 in function core::ub_checks::maybe_is_nonoverlapping::runtime

Check 12: __rust_realloc.assertion.1
	 - Status: SUCCESS
	 - Description: "rust_realloc must be called with a non-null pointer"
	 - Location: ../../../../.kani/kani-0.67.0/library/kani/kani_lib.c:102 in function __rust_realloc

Check 13: __rust_realloc.assertion.2
	 - Status: SUCCESS
	 - Description: "rust_realloc must be called with a size greater than 0"
	 - Location: ../../../../.kani/kani-0.67.0/library/kani/kani_lib.c:105 in function __rust_realloc

Check 14: __rust_realloc.assertion.3
	 - Status: SUCCESS
	 - Description: "Alignment is power of two"
	 - Location: ../../../../.kani/kani-0.67.0/library/kani/kani_lib.c:109 in function __rust_realloc

Check 15: kani::rustc_intrinsics::size_of_val_raw::<[value::Taint]>.unreachable.1
	 - Status: SUCCESS
	 - Description: "unreachable code"
	 - Location: ../../../../../runner/work/kani/kani/library/kani_core/src/models.rs:23:13 in function kani::rustc_intrinsics::size_of_val_raw::<[value::Taint]>

Check 16: kani::rustc_intrinsics::size_of_val_raw::<[value::Taint]>.safety_check.1
	 - Status: SUCCESS
	 - Description: "failed to compute `size_of_val`"
	 - Location: ../../../../../runner/work/kani/kani/library/kani/src/lib.rs:57:1 in function kani::rustc_intrinsics::size_of_val_raw::<[value::Taint]>

Check 17: kani::rustc_intrinsics::size_of_val_raw::<[value::Taint]>.assertion.1
	 - Status: SUCCESS
	 - Description: "cannot compute `size_of_val` for extern types"
	 - Location: ../../../../../runner/work/kani/kani/library/kani/src/lib.rs:57:1 in function kani::rustc_intrinsics::size_of_val_raw::<[value::Taint]>

Check 18: calloc.assertion.1
	 - Status: SUCCESS
	 - Description: "max allocation size exceeded"
	 - Location: <builtin-library-calloc>:31 in function calloc

Check 19: calloc.assertion.2
	 - Status: SUCCESS
	 - Description: "max allocation may fail"
	 - Location: <builtin-library-calloc>:36 in function calloc

Check 20: alloc::raw_vec::RawVecInner::try_allocate_in.unreachable.1
	 - Status: SUCCESS
	 - Description: "unreachable code"
	 - Location: crates/vb_core/src/lib.rs:0:0 in function alloc::raw_vec::RawVecInner::try_allocate_in

Check 21: frame::RunFrame::write_slot_with_taint.safety_check.1
	 - Status: SUCCESS
	 - Description: "misaligned pointer to reference cast: address must be a multiple of its type's alignment"
	 - Location: crates/vb_core/src/frame.rs:272:10 in function frame::RunFrame::write_slot_with_taint

Check 22: frame::RunFrame::write_slot_with_taint.safety_check.2
	 - Status: SUCCESS
	 - Description: "dereference failure: pointer invalid"
	 - Location: crates/vb_core/src/frame.rs:272:10 in function frame::RunFrame::write_slot_with_taint

Check 23: frame::RunFrame::write_slot_with_taint.safety_check.3
	 - Status: SUCCESS
	 - Description: "misaligned pointer to reference cast: address must be a multiple of its type's alignment"
	 - Location: crates/vb_core/src/frame.rs:276:10 in function frame::RunFrame::write_slot_with_taint

Check 24: frame::RunFrame::write_slot_with_taint.safety_check.4
	 - Status: SUCCESS
	 - Description: "dereference failure: pointer invalid"
	 - Location: crates/vb_core/src/frame.rs:276:10 in function frame::RunFrame::write_slot_with_taint

Check 25: frame::RunFrame::write_slot_with_taint.unreachable.1
	 - Status: SUCCESS
	 - Description: "unreachable code"
	 - Location: crates/vb_core/src/lib.rs:0:0 in function frame::RunFrame::write_slot_with_taint

Check 26: kani::rustc_intrinsics::align_of_val_raw::<[value::Taint]>.unreachable.1
	 - Status: SUCCESS
	 - Description: "unreachable code"
	 - Location: ../../../../../runner/work/kani/kani/library/kani_core/src/models.rs:43:13 in function kani::rustc_intrinsics::align_of_val_raw::<[value::Taint]>

Check 27: kani::rustc_intrinsics::align_of_val_raw::<[value::Taint]>.safety_check.1
	 - Status: SUCCESS
	 - Description: "failed to compute `align_of_val`"
	 - Location: ../../../../../runner/work/kani/kani/library/kani/src/lib.rs:57:1 in function kani::rustc_intrinsics::align_of_val_raw::<[value::Taint]>

Check 28: kani::rustc_intrinsics::align_of_val_raw::<[value::Taint]>.assertion.1
	 - Status: SUCCESS
	 - Description: "cannot compute `align_of_val` for extern types"
	 - Location: ../../../../../runner/work/kani/kani/library/kani/src/lib.rs:57:1 in function kani::rustc_intrinsics::align_of_val_raw::<[value::Taint]>

Check 29: __rust_alloc.assertion.1
	 - Status: SUCCESS
	 - Description: "__rust_alloc must be called with a size greater than 0"
	 - Location: ../../../../.kani/kani-0.67.0/library/kani/kani_lib.c:43 in function __rust_alloc

Check 30: __rust_alloc.assertion.2
	 - Status: SUCCESS
	 - Description: "Alignment is power of two"
	 - Location: ../../../../.kani/kani-0.67.0/library/kani/kani_lib.c:46 in function __rust_alloc

Check 31: std::boxed::Box::<[std::mem::MaybeUninit<frame::StepState>]>::into_raw_with_allocator.safety_check.1
	 - Status: SUCCESS
	 - Description: "misaligned pointer to reference cast: address must be a multiple of its type's alignment"
	 - Location: ../../../../../runner/.rustup/toolchains/nightly-2025-11-21-x86_64-unknown-linux-gnu/lib/rustlib/src/rust/library/alloc/src/boxed.rs:1485:19 in function std::boxed::Box::<[std::mem::MaybeUninit<frame::StepState>]>::into_raw_with_allocator

Check 32: std::boxed::Box::<[std::mem::MaybeUninit<frame::StepState>]>::into_raw_with_allocator.safety_check.2
	 - Status: SUCCESS
	 - Description: "dereference failure: pointer invalid"
	 - Location: ../../../../../runner/.rustup/toolchains/nightly-2025-11-21-x86_64-unknown-linux-gnu/lib/rustlib/src/rust/library/alloc/src/boxed.rs:1485:19 in function std::boxed::Box::<[std::mem::MaybeUninit<frame::StepState>]>::into_raw_with_allocator

Check 33: std::option::Option::<&value::Taint>::copied.unreachable.1
	 - Status: SUCCESS
	 - Description: "unreachable code"
	 - Location: ../../../../../runner/.rustup/toolchains/nightly-2025-11-21-x86_64-unknown-linux-gnu/lib/rustlib/src/rust/library/core/src/option.rs:2058:15 in function std::option::Option::<&value::Taint>::copied

Check 34: kani::rustc_intrinsics::size_of_val_raw::<[frame::StepState]>.unreachable.1
	 - Status: SUCCESS
	 - Description: "unreachable code"
	 - Location: ../../../../../runner/work/kani/kani/library/kani_core/src/models.rs:23:13 in function kani::rustc_intrinsics::size_of_val_raw::<[frame::StepState]>

Check 35: kani::rustc_intrinsics::size_of_val_raw::<[frame::StepState]>.safety_check.1
	 - Status: SUCCESS
	 - Description: "failed to compute `size_of_val`"
	 - Location: ../../../../../runner/work/kani/kani/library/kani/src/lib.rs:57:1 in function kani::rustc_intrinsics::size_of_val_raw::<[frame::StepState]>

Check 36: kani::rustc_intrinsics::size_of_val_raw::<[frame::StepState]>.assertion.1
	 - Status: SUCCESS
	 - Description: "cannot compute `size_of_val` for extern types"
	 - Location: ../../../../../runner/work/kani/kani/library/kani/src/lib.rs:57:1 in function kani::rustc_intrinsics::size_of_val_raw::<[frame::StepState]>

Check 37: alloc::raw_vec::RawVecInner::with_capacity_in.unreachable.1
	 - Status: SUCCESS
	 - Description: "unreachable code"
	 - Location: ../../../../../runner/.rustup/toolchains/nightly-2025-11-21-x86_64-unknown-linux-gnu/lib/rustlib/src/rust/library/alloc/src/raw_vec/mod.rs:419:15 in function alloc::raw_vec::RawVecInner::with_capacity_in

Check 38: std::ptr::drop_in_place::<std::boxed::Box<[capability::Capability]>>.safety_check.1
	 - Status: SUCCESS
	 - Description: "misaligned pointer to reference cast: address must be a multiple of its type's alignment"
	 - Location: ../../../../../runner/.rustup/toolchains/nightly-2025-11-21-x86_64-unknown-linux-gnu/lib/rustlib/src/rust/library/core/src/ptr/mod.rs:805:1 in function std::ptr::drop_in_place::<std::boxed::Box<[capability::Capability]>>

Check 39: std::ptr::drop_in_place::<std::boxed::Box<[capability::Capability]>>.safety_check.2
	 - Status: SUCCESS
	 - Description: "dereference failure: pointer invalid"
	 - Location: ../../../../../runner/.rustup/toolchains/nightly-2025-11-21-x86_64-unknown-linux-gnu/lib/rustlib/src/rust/library/core/src/ptr/mod.rs:805:1 in function std::ptr::drop_in_place::<std::boxed::Box<[capability::Capability]>>

Check 40: alloc::raw_vec::capacity_overflow.assertion.1
	 - Status: SUCCESS
	 - Description: "This is a placeholder message; Kani doesn't support message formatted at runtime"
	 - Location: ../../../../../runner/.rustup/toolchains/nightly-2025-11-21-x86_64-unknown-linux-gnu/lib/rustlib/src/rust/library/alloc/src/raw_vec/mod.rs:28:5 in function alloc::raw_vec::capacity_overflow

Check 41: alloc::raw_vec::handle_error.unreachable.1
	 - Status: SUCCESS
	 - Description: "unreachable code"
	 - Location: ../../../../../runner/.rustup/toolchains/nightly-2025-11-21-x86_64-unknown-linux-gnu/lib/rustlib/src/rust/library/alloc/src/raw_vec/mod.rs:845:11 in function alloc::raw_vec::handle_error

Check 42: __rust_alloc_zeroed.assertion.1
	 - Status: SUCCESS
	 - Description: "__rust_alloc_zeroed must be called with a size greater than 0"
	 - Location: ../../../../.kani/kani-0.67.0/library/kani/kani_lib.c:62 in function __rust_alloc_zeroed

Check 43: __rust_alloc_zeroed.assertion.2
	 - Status: SUCCESS
	 - Description: "Alignment is power of two"
	 - Location: ../../../../.kani/kani-0.67.0/library/kani/kani_lib.c:65 in function __rust_alloc_zeroed

Check 44: std::option::Option::<&mut std::option::Option<value::SlotValue>>::ok_or::<errors::CoreError>.unreachable.1
	 - Status: SUCCESS
	 - Description: "unreachable code"
	 - Location: ../../../../../runner/.rustup/toolchains/nightly-2025-11-21-x86_64-unknown-linux-gnu/lib/rustlib/src/rust/library/core/src/option.rs:1338:15 in function std::option::Option::<&mut std::option::Option<value::SlotValue>>::ok_or::<errors::CoreError>

Check 45: std::vec::set_len_on_drop::SetLenOnDrop::<'_>::increment_len.assertion.1
	 - Status: SUCCESS
	 - Description: "attempt to add with overflow"
	 - Location: ../../../../../runner/.rustup/toolchains/nightly-2025-11-21-x86_64-unknown-linux-gnu/lib/rustlib/src/rust/library/alloc/src/vec/set_len_on_drop.rs:19:9 in function std::vec::set_len_on_drop::SetLenOnDrop::<'_>::increment_len

Check 46: std::alloc::Layout::repeat.unreachable.1
	 - Status: SUCCESS
	 - Description: "unreachable code"
	 - Location: ../../../../../runner/.rustup/toolchains/nightly-2025-11-21-x86_64-unknown-linux-gnu/lib/rustlib/src/rust/library/core/src/alloc/layout.rs:359:5 in function std::alloc::Layout::repeat

Check 47: alloc::raw_vec::RawVecInner::shrink.assertion.1
	 - Status: SUCCESS
	 - Description: "This is a placeholder message; Kani doesn't support message formatted at runtime"
	 - Location: ../../../../../runner/.rustup/toolchains/nightly-2025-11-21-x86_64-unknown-linux-gnu/lib/rustlib/src/rust/library/alloc/src/raw_vec/mod.rs:769:9 in function alloc::raw_vec::RawVecInner::shrink

Check 48: __rust_dealloc.assertion.1
	 - Status: SUCCESS
	 - Description: "Alignment is power of two"
	 - Location: ../../../../.kani/kani-0.67.0/library/kani/kani_lib.c:83 in function __rust_dealloc

Check 49: __rust_dealloc.assertion.2
	 - Status: SUCCESS
	 - Description: "rust_dealloc must be called on an object whose allocated size matches its layout"
	 - Location: ../../../../.kani/kani-0.67.0/library/kani/kani_lib.c:85 in function __rust_dealloc

Check 50: std::panic::Location::<'_>::caller.unsupported_construct.1
	 - Status: SUCCESS
	 - Description: "caller_location is not currently supported by Kani. Please post your example at https://github.com/model-checking/kani/issues/374"
	 - Location: ../../../../../runner/.rustup/toolchains/nightly-2025-11-21-x86_64-unknown-linux-gnu/lib/rustlib/src/rust/library/core/src/panic/location.rs:147:9 in function std::panic::Location::<'_>::caller

Check 51: std::vec::Vec::<std::option::Option<value::SlotValue>>::len.assume.1
	 - Status: SUCCESS
	 - Description: "Rust intrinsic assumption failed"
	 - Location: ../../../../../runner/.rustup/toolchains/nightly-2025-11-21-x86_64-unknown-linux-gnu/lib/rustlib/src/rust/library/alloc/src/vec/mod.rs:2859:18 in function std::vec::Vec::<std::option::Option<value::SlotValue>>::len

Check 52: std::vec::Vec::<frame::StepState>::extend_with.unreachable.1
	 - Status: SUCCESS
	 - Description: "unreachable code"
	 - Location: ../../../../../runner/.rustup/toolchains/nightly-2025-11-21-x86_64-unknown-linux-gnu/lib/rustlib/src/rust/library/alloc/src/vec/mod.rs:3454:22 in function std::vec::Vec::<frame::StepState>::extend_with

Check 53: std::vec::Vec::<value::Taint>::extend_with.unreachable.1
	 - Status: SUCCESS
	 - Description: "unreachable code"
	 - Location: ../../../../../runner/.rustup/toolchains/nightly-2025-11-21-x86_64-unknown-linux-gnu/lib/rustlib/src/rust/library/alloc/src/vec/mod.rs:3454:22 in function std::vec::Vec::<value::Taint>::extend_with

Check 54: alloc::raw_vec::RawVecInner::shrink_to_fit.unreachable.1
	 - Status: SUCCESS
	 - Description: "unreachable code"
	 - Location: ../../../../../runner/.rustup/toolchains/nightly-2025-11-21-x86_64-unknown-linux-gnu/lib/rustlib/src/rust/library/alloc/src/raw_vec/mod.rs:647:5 in function alloc::raw_vec::RawVecInner::shrink_to_fit

Check 55: kani::rustc_intrinsics::align_of_val_raw::<str>.unreachable.1
	 - Status: SUCCESS
	 - Description: "unreachable code"
	 - Location: ../../../../../runner/work/kani/kani/library/kani_core/src/models.rs:43:13 in function kani::rustc_intrinsics::align_of_val_raw::<str>

Check 56: kani::rustc_intrinsics::align_of_val_raw::<str>.safety_check.1
	 - Status: SUCCESS
	 - Description: "failed to compute `align_of_val`"
	 - Location: ../../../../../runner/work/kani/kani/library/kani/src/lib.rs:57:1 in function kani::rustc_intrinsics::align_of_val_raw::<str>

Check 57: kani::rustc_intrinsics::align_of_val_raw::<str>.assertion.1
	 - Status: SUCCESS
	 - Description: "cannot compute `align_of_val` for extern types"
	 - Location: ../../../../../runner/work/kani/kani/library/kani/src/lib.rs:57:1 in function kani::rustc_intrinsics::align_of_val_raw::<str>

Check 58: kani_idempotency_gates::verify_idempotency_duplicate_failure_tainted_key.cover.1
	 - Status: SATISFIED
	 - Description: "duplicate failure covered"
	 - Location: crates/vb_core/src/kani_idempotency_gates.rs:408:5 in function kani_idempotency_gates::verify_idempotency_duplicate_failure_tainted_key

Check 59: kani_idempotency_gates::verify_idempotency_duplicate_failure_tainted_key.assertion.1
	 - Status: SUCCESS
	 - Description: "tainted key duplicate fails twice"
	 - Location: crates/vb_core/src/kani_idempotency_gates.rs:409:5 in function kani_idempotency_gates::verify_idempotency_duplicate_failure_tainted_key

Check 60: std::alloc::Layout::size_rounded_up_to_custom_align.arithmetic_overflow.1
	 - Status: SUCCESS
	 - Description: "attempt to compute `unchecked_sub` which would overflow"
	 - Location: ../../../../../runner/.rustup/toolchains/nightly-2025-11-21-x86_64-unknown-linux-gnu/lib/rustlib/src/rust/library/core/src/alloc/layout.rs:304:28 in function std::alloc::Layout::size_rounded_up_to_custom_align

Check 61: std::alloc::Layout::size_rounded_up_to_custom_align.arithmetic_overflow.2
	 - Status: SUCCESS
	 - Description: "attempt to compute `unchecked_add` which would overflow"
	 - Location: ../../../../../runner/.rustup/toolchains/nightly-2025-11-21-x86_64-unknown-linux-gnu/lib/rustlib/src/rust/library/core/src/alloc/layout.rs:305:13 in function std::alloc::Layout::size_rounded_up_to_custom_align

Check 62: std::boxed::Box::<[std::mem::MaybeUninit<std::option::Option<value::SlotValue>>]>::into_raw_with_allocator.safety_check.1
	 - Status: SUCCESS
	 - Description: "misaligned pointer to reference cast: address must be a multiple of its type's alignment"
	 - Location: ../../../../../runner/.rustup/toolchains/nightly-2025-11-21-x86_64-unknown-linux-gnu/lib/rustlib/src/rust/library/alloc/src/boxed.rs:1485:19 in function std::boxed::Box::<[std::mem::MaybeUninit<std::option::Option<value::SlotValue>>]>::into_raw_with_allocator

Check 63: std::boxed::Box::<[std::mem::MaybeUninit<std::option::Option<value::SlotValue>>]>::into_raw_with_allocator.safety_check.2
	 - Status: SUCCESS
	 - Description: "dereference failure: pointer invalid"
	 - Location: ../../../../../runner/.rustup/toolchains/nightly-2025-11-21-x86_64-unknown-linux-gnu/lib/rustlib/src/rust/library/alloc/src/boxed.rs:1485:19 in function std::boxed::Box::<[std::mem::MaybeUninit<std::option::Option<value::SlotValue>>]>::into_raw_with_allocator

Check 64: <std::result::Result<std::ptr::NonNull<[u8]>, std::alloc::AllocError> as std::ops::Try>::branch.unreachable.1
	 - Status: SUCCESS
	 - Description: "unreachable code"
	 - Location: ../../../../../runner/.rustup/toolchains/nightly-2025-11-21-x86_64-unknown-linux-gnu/lib/rustlib/src/rust/library/core/src/result.rs:2173:15 in function <std::result::Result<std::ptr::NonNull<[u8]>, std::alloc::AllocError> as std::ops::Try>::branch

Check 65: std::ptr::drop_in_place::<std::boxed::Box<[frame::StepState]>>.safety_check.1
	 - Status: SUCCESS
	 - Description: "misaligned pointer to reference cast: address must be a multiple of its type's alignment"
	 - Location: ../../../../../runner/.rustup/toolchains/nightly-2025-11-21-x86_64-unknown-linux-gnu/lib/rustlib/src/rust/library/core/src/ptr/mod.rs:805:1 in function std::ptr::drop_in_place::<std::boxed::Box<[frame::StepState]>>

Check 66: std::ptr::drop_in_place::<std::boxed::Box<[frame::StepState]>>.safety_check.2
	 - Status: SUCCESS
	 - Description: "dereference failure: pointer invalid"
	 - Location: ../../../../../runner/.rustup/toolchains/nightly-2025-11-21-x86_64-unknown-linux-gnu/lib/rustlib/src/rust/library/core/src/ptr/mod.rs:805:1 in function std::ptr::drop_in_place::<std::boxed::Box<[frame::StepState]>>

Check 67: std::hint::assert_unchecked.assume.1
	 - Status: SUCCESS
	 - Description: "Rust intrinsic assumption failed"
	 - Location: ../../../../../runner/.rustup/toolchains/nightly-2025-11-21-x86_64-unknown-linux-gnu/lib/rustlib/src/rust/library/core/src/hint.rs:210:9 in function std::hint::assert_unchecked

Check 68: core::num::<impl usize>::unchecked_mul.arithmetic_overflow.1
	 - Status: SUCCESS
	 - Description: "attempt to compute `unchecked_mul` which would overflow"
	 - Location: ../../../../../runner/.rustup/toolchains/nightly-2025-11-21-x86_64-unknown-linux-gnu/lib/rustlib/src/rust/library/core/src/num/uint_macros.rs:1117:17 in function core::num::<impl usize>::unchecked_mul

Check 69: std::option::Option::<&mut value::Taint>::ok_or::<errors::CoreError>.unreachable.1
	 - Status: SUCCESS
	 - Description: "unreachable code"
	 - Location: ../../../../../runner/.rustup/toolchains/nightly-2025-11-21-x86_64-unknown-linux-gnu/lib/rustlib/src/rust/library/core/src/option.rs:1338:15 in function std::option::Option::<&mut value::Taint>::ok_or::<errors::CoreError>

Check 70: kani::rustc_intrinsics::align_of_val_raw::<[std::option::Option<value::SlotValue>]>.unreachable.1
	 - Status: SUCCESS
	 - Description: "unreachable code"
	 - Location: ../../../../../runner/work/kani/kani/library/kani_core/src/models.rs:43:13 in function kani::rustc_intrinsics::align_of_val_raw::<[std::option::Option<value::SlotValue>]>

Check 71: kani::rustc_intrinsics::align_of_val_raw::<[std::option::Option<value::SlotValue>]>.safety_check.1
	 - Status: SUCCESS
	 - Description: "failed to compute `align_of_val`"
	 - Location: ../../../../../runner/work/kani/kani/library/kani/src/lib.rs:57:1 in function kani::rustc_intrinsics::align_of_val_raw::<[std::option::Option<value::SlotValue>]>

Check 72: kani::rustc_intrinsics::align_of_val_raw::<[std::option::Option<value::SlotValue>]>.assertion.1
	 - Status: SUCCESS
	 - Description: "cannot compute `align_of_val` for extern types"
	 - Location: ../../../../../runner/work/kani/kani/library/kani/src/lib.rs:57:1 in function kani::rustc_intrinsics::align_of_val_raw::<[std::option::Option<value::SlotValue>]>

Check 73: std::vec::Vec::<value::Taint>::len.assume.1
	 - Status: SUCCESS
	 - Description: "Rust intrinsic assumption failed"
	 - Location: ../../../../../runner/.rustup/toolchains/nightly-2025-11-21-x86_64-unknown-linux-gnu/lib/rustlib/src/rust/library/alloc/src/vec/mod.rs:2859:18 in function std::vec::Vec::<value::Taint>::len

Check 74: kani::rustc_intrinsics::offset::<std::option::Option<value::SlotValue>, *mut std::option::Option<value::SlotValue>, usize>.safety_check.1
	 - Status: SUCCESS
	 - Description: "Offset in bytes overflows isize"
	 - Location: ../../../../../runner/work/kani/kani/library/kani/src/lib.rs:57:1 in function kani::rustc_intrinsics::offset::<std::option::Option<value::SlotValue>, *mut std::option::Option<value::SlotValue>, usize>

Check 75: kani::rustc_intrinsics::offset::<std::option::Option<value::SlotValue>, *mut std::option::Option<value::SlotValue>, usize>.safety_check.2
	 - Status: SUCCESS
	 - Description: "Offset result and original pointer must point to the same allocation"
	 - Location: ../../../../../runner/work/kani/kani/library/kani/src/lib.rs:57:1 in function kani::rustc_intrinsics::offset::<std::option::Option<value::SlotValue>, *mut std::option::Option<value::SlotValue>, usize>

Check 76: std::option::Option::<usize>::ok_or::<std::collections::TryReserveErrorKind>.unreachable.1
	 - Status: SUCCESS
	 - Description: "unreachable code"
	 - Location: ../../../../../runner/.rustup/toolchains/nightly-2025-11-21-x86_64-unknown-linux-gnu/lib/rustlib/src/rust/library/core/src/option.rs:1338:15 in function std::option::Option::<usize>::ok_or::<std::collections::TryReserveErrorKind>

Check 77: <std::result::Result<std::ptr::NonNull<[u8]>, std::collections::TryReserveError> as std::ops::Try>::branch.unreachable.1
	 - Status: SUCCESS
	 - Description: "unreachable code"
	 - Location: ../../../../../runner/.rustup/toolchains/nightly-2025-11-21-x86_64-unknown-linux-gnu/lib/rustlib/src/rust/library/core/src/result.rs:2173:15 in function <std::result::Result<std::ptr::NonNull<[u8]>, std::collections::TryReserveError> as std::ops::Try>::branch

Check 78: std::ptr::drop_in_place::<std::vec::set_len_on_drop::SetLenOnDrop<'_>>.safety_check.1
	 - Status: SUCCESS
	 - Description: "misaligned pointer to reference cast: address must be a multiple of its type's alignment"
	 - Location: ../../../../../runner/.rustup/toolchains/nightly-2025-11-21-x86_64-unknown-linux-gnu/lib/rustlib/src/rust/library/core/src/ptr/mod.rs:805:1 in function std::ptr::drop_in_place::<std::vec::set_len_on_drop::SetLenOnDrop<'_>>

Check 79: std::ptr::drop_in_place::<std::vec::set_len_on_drop::SetLenOnDrop<'_>>.safety_check.2
	 - Status: SUCCESS
	 - Description: "dereference failure: pointer invalid"
	 - Location: ../../../../../runner/.rustup/toolchains/nightly-2025-11-21-x86_64-unknown-linux-gnu/lib/rustlib/src/rust/library/core/src/ptr/mod.rs:805:1 in function std::ptr::drop_in_place::<std::vec::set_len_on_drop::SetLenOnDrop<'_>>

Check 80: <std::option::Option<value::SlotValue> as std::clone::Clone>::clone.unreachable.1
	 - Status: SUCCESS
	 - Description: "unreachable code"
	 - Location: ../../../../../runner/.rustup/toolchains/nightly-2025-11-21-x86_64-unknown-linux-gnu/lib/rustlib/src/rust/library/core/src/option.rs:2201:15 in function <std::option::Option<value::SlotValue> as std::clone::Clone>::clone

Check 81: action::verify_idempotency.unreachable.1
	 - Status: SUCCESS
	 - Description: "unreachable code"
	 - Location: crates/vb_core/src/action.rs:379:11 in function action::verify_idempotency

Check 82: kani::rustc_intrinsics::offset::<value::Taint, *mut value::Taint, usize>.safety_check.1
	 - Status: SUCCESS
	 - Description: "Offset in bytes overflows isize"
	 - Location: ../../../../../runner/work/kani/kani/library/kani/src/lib.rs:57:1 in function kani::rustc_intrinsics::offset::<value::Taint, *mut value::Taint, usize>

Check 83: kani::rustc_intrinsics::offset::<value::Taint, *mut value::Taint, usize>.safety_check.2
	 - Status: SUCCESS
	 - Description: "Offset result and original pointer must point to the same allocation"
	 - Location: ../../../../../runner/work/kani/kani/library/kani/src/lib.rs:57:1 in function kani::rustc_intrinsics::offset::<value::Taint, *mut value::Taint, usize>

Check 84: std::ptr::write_bytes::<u8>.safety_check.1
	 - Status: SUCCESS
	 - Description: "`dst` must be properly aligned"
	 - Location: ../../../../../runner/.rustup/toolchains/nightly-2025-11-21-x86_64-unknown-linux-gnu/lib/rustlib/src/rust/library/core/src/ptr/mod.rs:709:9 in function std::ptr::write_bytes::<u8>

Check 85: std::ptr::write_bytes::<u8>.arithmetic_overflow.1
	 - Status: SUCCESS
	 - Description: "write_bytes: attempt to compute number in bytes which would overflow"
	 - Location: ../../../../../runner/.rustup/toolchains/nightly-2025-11-21-x86_64-unknown-linux-gnu/lib/rustlib/src/rust/library/core/src/ptr/mod.rs:709:9 in function std::ptr::write_bytes::<u8>

Check 86: std::ptr::copy_nonoverlapping::<u8>.safety_check.1
	 - Status: SUCCESS
	 - Description: "`src` must be properly aligned"
	 - Location: ../../../../../runner/.rustup/toolchains/nightly-2025-11-21-x86_64-unknown-linux-gnu/lib/rustlib/src/rust/library/core/src/ptr/mod.rs:547:14 in function std::ptr::copy_nonoverlapping::<u8>

Check 87: std::ptr::copy_nonoverlapping::<u8>.safety_check.2
	 - Status: SUCCESS
	 - Description: "`dst` must be properly aligned"
	 - Location: ../../../../../runner/.rustup/toolchains/nightly-2025-11-21-x86_64-unknown-linux-gnu/lib/rustlib/src/rust/library/core/src/ptr/mod.rs:547:14 in function std::ptr::copy_nonoverlapping::<u8>

Check 88: std::ptr::copy_nonoverlapping::<u8>.arithmetic_overflow.1
	 - Status: SUCCESS
	 - Description: "copy_nonoverlapping: attempt to compute number in bytes which would overflow"
	 - Location: ../../../../../runner/.rustup/toolchains/nightly-2025-11-21-x86_64-unknown-linux-gnu/lib/rustlib/src/rust/library/core/src/ptr/mod.rs:547:14 in function std::ptr::copy_nonoverlapping::<u8>

Check 89: kani_idempotency_gates::unreachable_for_kani_frame_bounds.unreachable.1
	 - Status: SUCCESS
	 - Description: "unreachable code"
	 - Location: crates/vb_core/src/kani_idempotency_gates.rs:202:11 in function kani_idempotency_gates::unreachable_for_kani_frame_bounds

Check 90: <std::result::Result<std::alloc::Layout, std::collections::TryReserveError> as std::ops::Try>::branch.unreachable.1
	 - Status: SUCCESS
	 - Description: "unreachable code"
	 - Location: ../../../../../runner/.rustup/toolchains/nightly-2025-11-21-x86_64-unknown-linux-gnu/lib/rustlib/src/rust/library/core/src/result.rs:2173:15 in function <std::result::Result<std::alloc::Layout, std::collections::TryReserveError> as std::ops::Try>::branch

Check 91: alloc::raw_vec::RawVecInner::grow_amortized.assertion.1
	 - Status: UNREACHABLE
	 - Description: "attempt to multiply with overflow"
	 - Location: ../../../../../runner/.rustup/toolchains/nightly-2025-11-21-x86_64-unknown-linux-gnu/lib/rustlib/src/rust/library/alloc/src/raw_vec/mod.rs:692:28 in function alloc::raw_vec::RawVecInner::grow_amortized

Check 92: alloc::raw_vec::RawVecInner::grow_amortized.unreachable.1
	 - Status: SUCCESS
	 - Description: "unreachable code"
	 - Location: crates/vb_core/src/lib.rs:0:0 in function alloc::raw_vec::RawVecInner::grow_amortized

Check 93: kani::rustc_intrinsics::offset::<u8, *mut u8, usize>.safety_check.1
	 - Status: SUCCESS
	 - Description: "Offset in bytes overflows isize"
	 - Location: ../../../../../runner/work/kani/kani/library/kani/src/lib.rs:57:1 in function kani::rustc_intrinsics::offset::<u8, *mut u8, usize>

Check 94: kani::rustc_intrinsics::offset::<u8, *mut u8, usize>.safety_check.2
	 - Status: SUCCESS
	 - Description: "Offset result and original pointer must point to the same allocation"
	 - Location: ../../../../../runner/work/kani/kani/library/kani/src/lib.rs:57:1 in function kani::rustc_intrinsics::offset::<u8, *mut u8, usize>

Check 95: kani::rustc_intrinsics::size_of_val_raw::<str>.unreachable.1
	 - Status: SUCCESS
	 - Description: "unreachable code"
	 - Location: ../../../../../runner/work/kani/kani/library/kani_core/src/models.rs:23:13 in function kani::rustc_intrinsics::size_of_val_raw::<str>

Check 96: kani::rustc_intrinsics::size_of_val_raw::<str>.safety_check.1
	 - Status: SUCCESS
	 - Description: "failed to compute `size_of_val`"
	 - Location: ../../../../../runner/work/kani/kani/library/kani/src/lib.rs:57:1 in function kani::rustc_intrinsics::size_of_val_raw::<str>

Check 97: kani::rustc_intrinsics::size_of_val_raw::<str>.assertion.1
	 - Status: SUCCESS
	 - Description: "cannot compute `size_of_val` for extern types"
	 - Location: ../../../../../runner/work/kani/kani/library/kani/src/lib.rs:57:1 in function kani::rustc_intrinsics::size_of_val_raw::<str>

Check 98: kani::mem::cbmc::same_allocation.unsupported_construct.1
	 - Status: SUCCESS
	 - Description: "Kani does not support reasoning about pointer to unallocated memory"
	 - Location: ../../../../../runner/work/kani/kani/library/kani/src/lib.rs:57:1 in function kani::mem::cbmc::same_allocation

Check 99: <std::result::Result<&mut value::Taint, errors::CoreError> as std::ops::Try>::branch.unreachable.1
	 - Status: SUCCESS
	 - Description: "unreachable code"
	 - Location: ../../../../../runner/.rustup/toolchains/nightly-2025-11-21-x86_64-unknown-linux-gnu/lib/rustlib/src/rust/library/core/src/result.rs:2173:15 in function <std::result::Result<&mut value::Taint, errors::CoreError> as std::ops::Try>::branch

Check 100: std::alloc::Layout::max_size_for_align.assertion.1
	 - Status: SUCCESS
	 - Description: "attempt to add with overflow"
	 - Location: ../../../../../runner/.rustup/toolchains/nightly-2025-11-21-x86_64-unknown-linux-gnu/lib/rustlib/src/rust/library/core/src/alloc/layout.rs:95:32 in function std::alloc::Layout::max_size_for_align

Check 101: std::alloc::Layout::max_size_for_align.arithmetic_overflow.1
	 - Status: SUCCESS
	 - Description: "attempt to compute `unchecked_sub` which would overflow"
	 - Location: ../../../../../runner/.rustup/toolchains/nightly-2025-11-21-x86_64-unknown-linux-gnu/lib/rustlib/src/rust/library/core/src/alloc/layout.rs:95:18 in function std::alloc::Layout::max_size_for_align

Check 102: kani::rustc_intrinsics::offset::<frame::StepState, *mut frame::StepState, usize>.safety_check.1
	 - Status: SUCCESS
	 - Description: "Offset in bytes overflows isize"
	 - Location: ../../../../../runner/work/kani/kani/library/kani/src/lib.rs:57:1 in function kani::rustc_intrinsics::offset::<frame::StepState, *mut frame::StepState, usize>

Check 103: kani::rustc_intrinsics::offset::<frame::StepState, *mut frame::StepState, usize>.safety_check.2
	 - Status: SUCCESS
	 - Description: "Offset result and original pointer must point to the same allocation"
	 - Location: ../../../../../runner/work/kani/kani/library/kani/src/lib.rs:57:1 in function kani::rustc_intrinsics::offset::<frame::StepState, *mut frame::StepState, usize>

Check 104: <std::result::Result<std::ptr::NonNull<[u8]>, std::collections::TryReserveErrorKind> as std::ops::Try>::branch.unreachable.1
	 - Status: SUCCESS
	 - Description: "unreachable code"
	 - Location: ../../../../../runner/.rustup/toolchains/nightly-2025-11-21-x86_64-unknown-linux-gnu/lib/rustlib/src/rust/library/core/src/result.rs:2173:15 in function <std::result::Result<std::ptr::NonNull<[u8]>, std::collections::TryReserveErrorKind> as std::ops::Try>::branch

Check 105: kani::rustc_intrinsics::size_of_val_raw::<[capability::Capability]>.unreachable.1
	 - Status: SUCCESS
	 - Description: "unreachable code"
	 - Location: ../../../../../runner/work/kani/kani/library/kani_core/src/models.rs:23:13 in function kani::rustc_intrinsics::size_of_val_raw::<[capability::Capability]>

Check 106: kani::rustc_intrinsics::size_of_val_raw::<[capability::Capability]>.safety_check.1
	 - Status: SUCCESS
	 - Description: "failed to compute `size_of_val`"
	 - Location: ../../../../../runner/work/kani/kani/library/kani/src/lib.rs:57:1 in function kani::rustc_intrinsics::size_of_val_raw::<[capability::Capability]>

Check 107: kani::rustc_intrinsics::size_of_val_raw::<[capability::Capability]>.assertion.1
	 - Status: SUCCESS
	 - Description: "cannot compute `size_of_val` for extern types"
	 - Location: ../../../../../runner/work/kani/kani/library/kani/src/lib.rs:57:1 in function kani::rustc_intrinsics::size_of_val_raw::<[capability::Capability]>

Check 108: <std::collections::TryReserveErrorKind as std::clone::Clone>::clone.unreachable.1
	 - Status: SUCCESS
	 - Description: "unreachable code"
	 - Location: ../../../../../runner/.rustup/toolchains/nightly-2025-11-21-x86_64-unknown-linux-gnu/lib/rustlib/src/rust/library/alloc/src/collections/mod.rs:93:10 in function <std::collections::TryReserveErrorKind as std::clone::Clone>::clone

Check 109: kani_idempotency_gates::one_slot_frame_with_taint.unreachable.1
	 - Status: SUCCESS
	 - Description: "unreachable code"
	 - Location: crates/vb_core/src/kani_idempotency_gates.rs:112:27 in function kani_idempotency_gates::one_slot_frame_with_taint

Check 110: alloc::raw_vec::RawVecInner::finish_grow.unreachable.1
	 - Status: SUCCESS
	 - Description: "unreachable code"
	 - Location: ../../../../../runner/.rustup/toolchains/nightly-2025-11-21-x86_64-unknown-linux-gnu/lib/rustlib/src/rust/library/alloc/src/raw_vec/mod.rs:745:26 in function alloc::raw_vec::RawVecInner::finish_grow

Check 111: std::ptr::drop_in_place::<std::boxed::Box<str>>.safety_check.1
	 - Status: SUCCESS
	 - Description: "misaligned pointer to reference cast: address must be a multiple of its type's alignment"
	 - Location: ../../../../../runner/.rustup/toolchains/nightly-2025-11-21-x86_64-unknown-linux-gnu/lib/rustlib/src/rust/library/core/src/ptr/mod.rs:805:1 in function std::ptr::drop_in_place::<std::boxed::Box<str>>

Check 112: std::ptr::drop_in_place::<std::boxed::Box<str>>.safety_check.2
	 - Status: SUCCESS
	 - Description: "dereference failure: pointer invalid"
	 - Location: ../../../../../runner/.rustup/toolchains/nightly-2025-11-21-x86_64-unknown-linux-gnu/lib/rustlib/src/rust/library/core/src/ptr/mod.rs:805:1 in function std::ptr::drop_in_place::<std::boxed::Box<str>>

Check 113: std::boxed::Box::<[std::mem::MaybeUninit<value::Taint>]>::into_raw_with_allocator.safety_check.1
	 - Status: SUCCESS
	 - Description: "misaligned pointer to reference cast: address must be a multiple of its type's alignment"
	 - Location: ../../../../../runner/.rustup/toolchains/nightly-2025-11-21-x86_64-unknown-linux-gnu/lib/rustlib/src/rust/library/alloc/src/boxed.rs:1485:19 in function std::boxed::Box::<[std::mem::MaybeUninit<value::Taint>]>::into_raw_with_allocator

Check 114: std::boxed::Box::<[std::mem::MaybeUninit<value::Taint>]>::into_raw_with_allocator.safety_check.2
	 - Status: SUCCESS
	 - Description: "dereference failure: pointer invalid"
	 - Location: ../../../../../runner/.rustup/toolchains/nightly-2025-11-21-x86_64-unknown-linux-gnu/lib/rustlib/src/rust/library/alloc/src/boxed.rs:1485:19 in function std::boxed::Box::<[std::mem::MaybeUninit<value::Taint>]>::into_raw_with_allocator

Check 115: core::panicking::panic_nounwind_fmt::runtime.unsupported_construct.1
	 - Status: SUCCESS
	 - Description: "call to foreign "Rust" function `_RNvCs1hStedNDpZ2_7___rustc17rust_begin_unwind` is not currently supported by Kani. Please post your example at https://github.com/model-checking/kani/issues/new/choose"
	 - Location: ../../../../../runner/.rustup/toolchains/nightly-2025-11-21-x86_64-unknown-linux-gnu/lib/rustlib/src/rust/library/core/src/panicking.rs:110:17 in function core::panicking::panic_nounwind_fmt::runtime

Check 116: core::num::<impl usize>::checked_add.arithmetic_overflow.1
	 - Status: SUCCESS
	 - Description: "attempt to compute `unchecked_add` which would overflow"
	 - Location: ../../../../../runner/.rustup/toolchains/nightly-2025-11-21-x86_64-unknown-linux-gnu/lib/rustlib/src/rust/library/core/src/num/uint_macros.rs:658:31 in function core::num::<impl usize>::checked_add

Check 117: <std::result::Result<&mut std::option::Option<value::SlotValue>, errors::CoreError> as std::ops::Try>::branch.unreachable.1
	 - Status: SUCCESS
	 - Description: "unreachable code"
	 - Location: ../../../../../runner/.rustup/toolchains/nightly-2025-11-21-x86_64-unknown-linux-gnu/lib/rustlib/src/rust/library/core/src/result.rs:2173:15 in function <std::result::Result<&mut std::option::Option<value::SlotValue>, errors::CoreError> as std::ops::Try>::branch

Check 118: std::alloc::Global::grow_impl.assertion.1
	 - Status: UNREACHABLE
	 - Description: "attempt to subtract with overflow"
	 - Location: ../../../../../runner/.rustup/toolchains/nightly-2025-11-21-x86_64-unknown-linux-gnu/lib/rustlib/src/rust/library/alloc/src/alloc.rs:226:58 in function std::alloc::Global::grow_impl

Check 119: std::alloc::Global::grow_impl.unreachable.1
	 - Status: SUCCESS
	 - Description: "unreachable code"
	 - Location: crates/vb_core/src/lib.rs:0:0 in function std::alloc::Global::grow_impl

Check 120: std::result::Result::<std::ptr::NonNull<[u8]>, std::alloc::AllocError>::map_err::<std::collections::TryReserveError, {closure@alloc::raw_vec::RawVecInner::finish_grow::{closure#0}}>.unreachable.1
	 - Status: SUCCESS
	 - Description: "unreachable code"
	 - Location: ../../../../../runner/.rustup/toolchains/nightly-2025-11-21-x86_64-unknown-linux-gnu/lib/rustlib/src/rust/library/core/src/result.rs:966:15 in function std::result::Result::<std::ptr::NonNull<[u8]>, std::alloc::AllocError>::map_err::<std::collections::TryReserveError, {closure@alloc::raw_vec::RawVecInner::finish_grow::{closure#0}}>

Check 121: alloc::raw_vec::RawVecInner::deallocate.unreachable.1
	 - Status: SUCCESS
	 - Description: "unreachable code"
	 - Location: ../../../../../runner/.rustup/toolchains/nightly-2025-11-21-x86_64-unknown-linux-gnu/lib/rustlib/src/rust/library/alloc/src/raw_vec/mod.rs:830:5 in function alloc::raw_vec::RawVecInner::deallocate

Check 122: std::ptr::drop_in_place::<alloc::raw_vec::RawVec<u8>>.safety_check.1
	 - Status: SUCCESS
	 - Description: "misaligned pointer to reference cast: address must be a multiple of its type's alignment"
	 - Location: ../../../../../runner/.rustup/toolchains/nightly-2025-11-21-x86_64-unknown-linux-gnu/lib/rustlib/src/rust/library/core/src/ptr/mod.rs:805:1 in function std::ptr::drop_in_place::<alloc::raw_vec::RawVec<u8>>

Check 123: std::ptr::drop_in_place::<alloc::raw_vec::RawVec<u8>>.safety_check.2
	 - Status: SUCCESS
	 - Description: "dereference failure: pointer invalid"
	 - Location: ../../../../../runner/.rustup/toolchains/nightly-2025-11-21-x86_64-unknown-linux-gnu/lib/rustlib/src/rust/library/core/src/ptr/mod.rs:805:1 in function std::ptr::drop_in_place::<alloc::raw_vec::RawVec<u8>>

Check 124: std::result::Result::<(std::alloc::Layout, usize), std::alloc::LayoutError>::map::<std::alloc::Layout, {closure@alloc::raw_vec::layout_array::{closure#0}}>.unreachable.1
	 - Status: SUCCESS
	 - Description: "unreachable code"
	 - Location: ../../../../../runner/.rustup/toolchains/nightly-2025-11-21-x86_64-unknown-linux-gnu/lib/rustlib/src/rust/library/core/src/result.rs:835:15 in function std::result::Result::<(std::alloc::Layout, usize), std::alloc::LayoutError>::map::<std::alloc::Layout, {closure@alloc::raw_vec::layout_array::{closure#0}}>

Check 125: std::alloc::Layout::repeat_packed.unreachable.1
	 - Status: SUCCESS
	 - Description: "unreachable code"
	 - Location: ../../../../../runner/.rustup/toolchains/nightly-2025-11-21-x86_64-unknown-linux-gnu/lib/rustlib/src/rust/library/core/src/alloc/layout.rs:447:5 in function std::alloc::Layout::repeat_packed

Check 126: alloc::raw_vec::RawVecInner::shrink_unchecked.unreachable.1
	 - Status: SUCCESS
	 - Description: "unreachable code"
	 - Location: ../../../../../runner/.rustup/toolchains/nightly-2025-11-21-x86_64-unknown-linux-gnu/lib/rustlib/src/rust/library/alloc/src/raw_vec/mod.rs:811:17 in function alloc::raw_vec::RawVecInner::shrink_unchecked

Check 127: std::ptr::drop_in_place::<alloc::raw_vec::RawVec<capability::Capability>>.safety_check.1
	 - Status: SUCCESS
	 - Description: "misaligned pointer to reference cast: address must be a multiple of its type's alignment"
	 - Location: ../../../../../runner/.rustup/toolchains/nightly-2025-11-21-x86_64-unknown-linux-gnu/lib/rustlib/src/rust/library/core/src/ptr/mod.rs:805:1 in function std::ptr::drop_in_place::<alloc::raw_vec::RawVec<capability::Capability>>

Check 128: std::ptr::drop_in_place::<alloc::raw_vec::RawVec<capability::Capability>>.safety_check.2
	 - Status: SUCCESS
	 - Description: "dereference failure: pointer invalid"
	 - Location: ../../../../../runner/.rustup/toolchains/nightly-2025-11-21-x86_64-unknown-linux-gnu/lib/rustlib/src/rust/library/core/src/ptr/mod.rs:805:1 in function std::ptr::drop_in_place::<alloc::raw_vec::RawVec<capability::Capability>>

Check 129: std::ptr::const_ptr::<impl *const ()>::is_aligned_to.assertion.1
	 - Status: UNREACHABLE
	 - Description: "attempt to subtract with overflow"
	 - Location: ../../../../../runner/.rustup/toolchains/nightly-2025-11-21-x86_64-unknown-linux-gnu/lib/rustlib/src/rust/library/core/src/ptr/const_ptr.rs:1377:23 in function std::ptr::const_ptr::<impl *const ()>::is_aligned_to

Check 130: std::ptr::const_ptr::<impl *const ()>::is_aligned_to.assertion.2
	 - Status: SUCCESS
	 - Description: "This is a placeholder message; Kani doesn't support message formatted at runtime"
	 - Location: ../../../../../runner/.rustup/toolchains/nightly-2025-11-21-x86_64-unknown-linux-gnu/lib/rustlib/src/rust/library/core/src/ptr/const_ptr.rs:1374:13 in function std::ptr::const_ptr::<impl *const ()>::is_aligned_to

Check 131: <std::result::Result<std::ptr::NonNull<u8>, std::alloc::AllocError> as std::ops::Try>::branch.unreachable.1
	 - Status: SUCCESS
	 - Description: "unreachable code"
	 - Location: ../../../../../runner/.rustup/toolchains/nightly-2025-11-21-x86_64-unknown-linux-gnu/lib/rustlib/src/rust/library/core/src/result.rs:2173:15 in function <std::result::Result<std::ptr::NonNull<u8>, std::alloc::AllocError> as std::ops::Try>::branch

Check 132: std::ptr::drop_in_place::<std::boxed::Box<[value::Taint]>>.safety_check.1
	 - Status: SUCCESS
	 - Description: "misaligned pointer to reference cast: address must be a multiple of its type's alignment"
	 - Location: ../../../../../runner/.rustup/toolchains/nightly-2025-11-21-x86_64-unknown-linux-gnu/lib/rustlib/src/rust/library/core/src/ptr/mod.rs:805:1 in function std::ptr::drop_in_place::<std::boxed::Box<[value::Taint]>>

Check 133: std::ptr::drop_in_place::<std::boxed::Box<[value::Taint]>>.safety_check.2
	 - Status: SUCCESS
	 - Description: "dereference failure: pointer invalid"
	 - Location: ../../../../../runner/.rustup/toolchains/nightly-2025-11-21-x86_64-unknown-linux-gnu/lib/rustlib/src/rust/library/core/src/ptr/mod.rs:805:1 in function std::ptr::drop_in_place::<std::boxed::Box<[value::Taint]>>

Check 134: std::vec::Vec::<std::option::Option<value::SlotValue>>::extend_with.unreachable.1
	 - Status: SUCCESS
	 - Description: "unreachable code"
	 - Location: ../../../../../runner/.rustup/toolchains/nightly-2025-11-21-x86_64-unknown-linux-gnu/lib/rustlib/src/rust/library/alloc/src/vec/mod.rs:3454:22 in function std::vec::Vec::<std::option::Option<value::SlotValue>>::extend_with

Check 135: <std::result::Result<&std::option::Option<value::SlotValue>, errors::CoreError> as std::ops::Try>::branch.unreachable.1
	 - Status: SUCCESS
	 - Description: "unreachable code"
	 - Location: ../../../../../runner/.rustup/toolchains/nightly-2025-11-21-x86_64-unknown-linux-gnu/lib/rustlib/src/rust/library/core/src/result.rs:2173:15 in function <std::result::Result<&std::option::Option<value::SlotValue>, errors::CoreError> as std::ops::Try>::branch

Check 136: std::ptr::drop_in_place::<std::boxed::Box<[std::option::Option<value::SlotValue>]>>.safety_check.1
	 - Status: SUCCESS
	 - Description: "misaligned pointer to reference cast: address must be a multiple of its type's alignment"
	 - Location: ../../../../../runner/.rustup/toolchains/nightly-2025-11-21-x86_64-unknown-linux-gnu/lib/rustlib/src/rust/library/core/src/ptr/mod.rs:805:1 in function std::ptr::drop_in_place::<std::boxed::Box<[std::option::Option<value::SlotValue>]>>

Check 137: std::ptr::drop_in_place::<std::boxed::Box<[std::option::Option<value::SlotValue>]>>.safety_check.2
	 - Status: SUCCESS
	 - Description: "dereference failure: pointer invalid"
	 - Location: ../../../../../runner/.rustup/toolchains/nightly-2025-11-21-x86_64-unknown-linux-gnu/lib/rustlib/src/rust/library/core/src/ptr/mod.rs:805:1 in function std::ptr::drop_in_place::<std::boxed::Box<[std::option::Option<value::SlotValue>]>>

Check 138: kani::rustc_intrinsics::align_of_val_raw::<[frame::StepState]>.unreachable.1
	 - Status: SUCCESS
	 - Description: "unreachable code"
	 - Location: ../../../../../runner/work/kani/kani/library/kani_core/src/models.rs:43:13 in function kani::rustc_intrinsics::align_of_val_raw::<[frame::StepState]>

Check 139: kani::rustc_intrinsics::align_of_val_raw::<[frame::StepState]>.safety_check.1
	 - Status: SUCCESS
	 - Description: "failed to compute `align_of_val`"
	 - Location: ../../../../../runner/work/kani/kani/library/kani/src/lib.rs:57:1 in function kani::rustc_intrinsics::align_of_val_raw::<[frame::StepState]>

Check 140: kani::rustc_intrinsics::align_of_val_raw::<[frame::StepState]>.assertion.1
	 - Status: SUCCESS
	 - Description: "cannot compute `align_of_val` for extern types"
	 - Location: ../../../../../runner/work/kani/kani/library/kani/src/lib.rs:57:1 in function kani::rustc_intrinsics::align_of_val_raw::<[frame::StepState]>

Check 141: std::result::Result::<std::ptr::NonNull<[u8]>, std::alloc::AllocError>::map_err::<std::collections::TryReserveErrorKind, {closure@alloc::raw_vec::RawVecInner::shrink_unchecked::{closure#0}}>.unreachable.1
	 - Status: SUCCESS
	 - Description: "unreachable code"
	 - Location: ../../../../../runner/.rustup/toolchains/nightly-2025-11-21-x86_64-unknown-linux-gnu/lib/rustlib/src/rust/library/core/src/result.rs:966:15 in function std::result::Result::<std::ptr::NonNull<[u8]>, std::alloc::AllocError>::map_err::<std::collections::TryReserveErrorKind, {closure@alloc::raw_vec::RawVecInner::shrink_unchecked::{closure#0}}>

Check 142: core::num::<impl usize>::abs_diff.assertion.1
	 - Status: UNREACHABLE
	 - Description: "attempt to subtract with overflow"
	 - Location: ../../../../../runner/.rustup/toolchains/nightly-2025-11-21-x86_64-unknown-linux-gnu/lib/rustlib/src/rust/library/core/src/num/uint_macros.rs:2852:21 in function core::num::<impl usize>::abs_diff

Check 143: core::num::<impl usize>::abs_diff.assertion.2
	 - Status: UNREACHABLE
	 - Description: "attempt to subtract with overflow"
	 - Location: ../../../../../runner/.rustup/toolchains/nightly-2025-11-21-x86_64-unknown-linux-gnu/lib/rustlib/src/rust/library/core/src/num/uint_macros.rs:2854:21 in function core::num::<impl usize>::abs_diff

Check 144: std::fmt::Arguments::<'_>::from_str.assertion.1
	 - Status: UNREACHABLE
	 - Description: "attempt to shift left with overflow"
	 - Location: ../../../../../runner/.rustup/toolchains/nightly-2025-11-21-x86_64-unknown-linux-gnu/lib/rustlib/src/rust/library/core/src/fmt/mod.rs:820:38 in function std::fmt::Arguments::<'_>::from_str

Check 145: <usize as kani::rustc_intrinsics::ToISize>::to_isize.unreachable.1
	 - Status: SUCCESS
	 - Description: "unreachable code"
	 - Location: ../../../../../runner/work/kani/kani/library/kani_core/src/models.rs:176:17 in function <usize as kani::rustc_intrinsics::ToISize>::to_isize

Check 146: <usize as kani::rustc_intrinsics::ToISize>::to_isize.safety_check.1
	 - Status: SUCCESS
	 - Description: "Offset value overflows isize"
	 - Location: ../../../../../runner/work/kani/kani/library/kani/src/lib.rs:57:1 in function <usize as kani::rustc_intrinsics::ToISize>::to_isize

Check 147: <usize as kani::rustc_intrinsics::ToISize>::to_isize.assertion.1
	 - Status: SUCCESS
	 - Description: "internal error: entered unreachable code"
	 - Location: ../../../../../runner/work/kani/kani/library/kani/src/lib.rs:57:1 in function <usize as kani::rustc_intrinsics::ToISize>::to_isize

Check 148: std::result::Result::<std::alloc::Layout, std::alloc::LayoutError>::map_err::<std::collections::TryReserveError, {closure@alloc::raw_vec::layout_array::{closure#1}}>.unreachable.1
	 - Status: SUCCESS
	 - Description: "unreachable code"
	 - Location: ../../../../../runner/.rustup/toolchains/nightly-2025-11-21-x86_64-unknown-linux-gnu/lib/rustlib/src/rust/library/core/src/result.rs:966:15 in function std::result::Result::<std::alloc::Layout, std::alloc::LayoutError>::map_err::<std::collections::TryReserveError, {closure@alloc::raw_vec::layout_array::{closure#1}}>

Check 149: std::ptr::drop_in_place::<std::vec::Vec<u8>>.safety_check.1
	 - Status: SUCCESS
	 - Description: "misaligned pointer to reference cast: address must be a multiple of its type's alignment"
	 - Location: ../../../../../runner/.rustup/toolchains/nightly-2025-11-21-x86_64-unknown-linux-gnu/lib/rustlib/src/rust/library/core/src/ptr/mod.rs:805:1 in function std::ptr::drop_in_place::<std::vec::Vec<u8>>

Check 150: std::ptr::drop_in_place::<std::vec::Vec<u8>>.safety_check.2
	 - Status: SUCCESS
	 - Description: "dereference failure: pointer invalid"
	 - Location: ../../../../../runner/.rustup/toolchains/nightly-2025-11-21-x86_64-unknown-linux-gnu/lib/rustlib/src/rust/library/core/src/ptr/mod.rs:805:1 in function std::ptr::drop_in_place::<std::vec::Vec<u8>>

Check 151: alloc::raw_vec::RawVecInner::<A>::reserve::do_reserve_and_handle::<std::alloc::Global>.unreachable.1
	 - Status: SUCCESS
	 - Description: "unreachable code"
	 - Location: ../../../../../runner/.rustup/toolchains/nightly-2025-11-21-x86_64-unknown-linux-gnu/lib/rustlib/src/rust/library/alloc/src/raw_vec/mod.rs:550:9 in function alloc::raw_vec::RawVecInner::<A>::reserve::do_reserve_and_handle::<std::alloc::Global>

Check 152: std::vec::Vec::<frame::StepState>::len.assume.1
	 - Status: SUCCESS
	 - Description: "Rust intrinsic assumption failed"
	 - Location: ../../../../../runner/.rustup/toolchains/nightly-2025-11-21-x86_64-unknown-linux-gnu/lib/rustlib/src/rust/library/alloc/src/vec/mod.rs:2859:18 in function std::vec::Vec::<frame::StepState>::len

Check 153: kani::rustc_intrinsics::size_of_val_raw::<[std::option::Option<value::SlotValue>]>.unreachable.1
	 - Status: SUCCESS
	 - Description: "unreachable code"
	 - Location: ../../../../../runner/work/kani/kani/library/kani_core/src/models.rs:23:13 in function kani::rustc_intrinsics::size_of_val_raw::<[std::option::Option<value::SlotValue>]>

Check 154: kani::rustc_intrinsics::size_of_val_raw::<[std::option::Option<value::SlotValue>]>.safety_check.1
	 - Status: SUCCESS
	 - Description: "failed to compute `size_of_val`"
	 - Location: ../../../../../runner/work/kani/kani/library/kani/src/lib.rs:57:1 in function kani::rustc_intrinsics::size_of_val_raw::<[std::option::Option<value::SlotValue>]>

Check 155: kani::rustc_intrinsics::size_of_val_raw::<[std::option::Option<value::SlotValue>]>.assertion.1
	 - Status: SUCCESS
	 - Description: "cannot compute `size_of_val` for extern types"
	 - Location: ../../../../../runner/work/kani/kani/library/kani/src/lib.rs:57:1 in function kani::rustc_intrinsics::size_of_val_raw::<[std::option::Option<value::SlotValue>]>

Check 156: core::num::<impl usize>::unchecked_add.arithmetic_overflow.1
	 - Status: SUCCESS
	 - Description: "attempt to compute `unchecked_add` which would overflow"
	 - Location: ../../../../../runner/.rustup/toolchains/nightly-2025-11-21-x86_64-unknown-linux-gnu/lib/rustlib/src/rust/library/core/src/num/uint_macros.rs:729:17 in function core::num::<impl usize>::unchecked_add

Check 157: std::option::Option::<&std::option::Option<value::SlotValue>>::ok_or::<errors::CoreError>.unreachable.1
	 - Status: SUCCESS
	 - Description: "unreachable code"
	 - Location: ../../../../../runner/.rustup/toolchains/nightly-2025-11-21-x86_64-unknown-linux-gnu/lib/rustlib/src/rust/library/core/src/option.rs:1338:15 in function std::option::Option::<&std::option::Option<value::SlotValue>>::ok_or::<errors::CoreError>

Check 158: std::alloc::handle_alloc_error::rt_error.unsupported_construct.1
	 - Status: SUCCESS
	 - Description: "call to foreign "Rust" function `_RNvCs1hStedNDpZ2_7___rustc26___rust_alloc_error_handler` is not currently supported by Kani. Please post your example at https://github.com/model-checking/kani/issues/new/choose"
	 - Location: ../../../../../runner/.rustup/toolchains/nightly-2025-11-21-x86_64-unknown-linux-gnu/lib/rustlib/src/rust/library/alloc/src/alloc.rs:366:5 in function std::alloc::handle_alloc_error::rt_error

Check 159: <std::alloc::Global as std::alloc::Allocator>::shrink.unreachable.1
	 - Status: SUCCESS
	 - Description: "unreachable code"
	 - Location: crates/vb_core/src/lib.rs:0:0 in function <std::alloc::Global as std::alloc::Allocator>::shrink

Check 160: std::option::Option::<std::ptr::NonNull<u8>>::ok_or::<std::alloc::AllocError>.unreachable.1
	 - Status: SUCCESS
	 - Description: "unreachable code"
	 - Location: ../../../../../runner/.rustup/toolchains/nightly-2025-11-21-x86_64-unknown-linux-gnu/lib/rustlib/src/rust/library/core/src/option.rs:1338:15 in function std::option::Option::<std::ptr::NonNull<u8>>::ok_or::<std::alloc::AllocError>

Check 161: std::option::Option::<value::Taint>::ok_or::<errors::CoreError>.unreachable.1
	 - Status: SUCCESS
	 - Description: "unreachable code"
	 - Location: ../../../../../runner/.rustup/toolchains/nightly-2025-11-21-x86_64-unknown-linux-gnu/lib/rustlib/src/rust/library/core/src/option.rs:1338:15 in function std::option::Option::<value::Taint>::ok_or::<errors::CoreError>

Check 162: kani::rustc_intrinsics::align_of_val_raw::<[capability::Capability]>.unreachable.1
	 - Status: SUCCESS
	 - Description: "unreachable code"
	 - Location: ../../../../../runner/work/kani/kani/library/kani_core/src/models.rs:43:13 in function kani::rustc_intrinsics::align_of_val_raw::<[capability::Capability]>

Check 163: kani::rustc_intrinsics::align_of_val_raw::<[capability::Capability]>.safety_check.1
	 - Status: SUCCESS
	 - Description: "failed to compute `align_of_val`"
	 - Location: ../../../../../runner/work/kani/kani/library/kani/src/lib.rs:57:1 in function kani::rustc_intrinsics::align_of_val_raw::<[capability::Capability]>

Check 164: kani::rustc_intrinsics::align_of_val_raw::<[capability::Capability]>.assertion.1
	 - Status: SUCCESS
	 - Description: "cannot compute `align_of_val` for extern types"
	 - Location: ../../../../../runner/work/kani/kani/library/kani/src/lib.rs:57:1 in function kani::rustc_intrinsics::align_of_val_raw::<[capability::Capability]>

Check 165: action::validate_idempotency_key_ingredients.unreachable.1
	 - Status: SUCCESS
	 - Description: "unreachable code"
	 - Location: crates/vb_core/src/lib.rs:0:0 in function action::validate_idempotency_key_ingredients

Check 166: std::ptr::drop_in_place::<std::vec::Vec<capability::Capability>>.safety_check.1
	 - Status: SUCCESS
	 - Description: "misaligned pointer to reference cast: address must be a multiple of its type's alignment"
	 - Location: ../../../../../runner/.rustup/toolchains/nightly-2025-11-21-x86_64-unknown-linux-gnu/lib/rustlib/src/rust/library/core/src/ptr/mod.rs:805:1 in function std::ptr::drop_in_place::<std::vec::Vec<capability::Capability>>

Check 167: std::ptr::drop_in_place::<std::vec::Vec<capability::Capability>>.safety_check.2
	 - Status: SUCCESS
	 - Description: "dereference failure: pointer invalid"
	 - Location: ../../../../../runner/.rustup/toolchains/nightly-2025-11-21-x86_64-unknown-linux-gnu/lib/rustlib/src/rust/library/core/src/ptr/mod.rs:805:1 in function std::ptr::drop_in_place::<std::vec::Vec<capability::Capability>>

Check 168: calloc.pointer_dereference.1
	 - Status: SUCCESS
	 - Description: "dereference failure: dead object"
	 - Location: <builtin-library-calloc>:14 in function calloc

Check 169: <usize as std::slice::SliceIndex<[value::Taint]>>::get_mut.pointer_dereference.1
	 - Status: SUCCESS
	 - Description: "dereference failure: dead object"
	 - Location: ../../../../../runner/.rustup/toolchains/nightly-2025-11-21-x86_64-unknown-linux-gnu/lib/rustlib/src/rust/library/core/src/slice/index.rs:233:13 in function <usize as std::slice::SliceIndex<[value::Taint]>>::get_mut

Check 170: std::option::Option::<usize>::ok_or::<std::collections::TryReserveErrorKind>.pointer_dereference.1
	 - Status: SUCCESS
	 - Description: "dereference failure: dead object"
	 - Location: ../../../../../runner/.rustup/toolchains/nightly-2025-11-21-x86_64-unknown-linux-gnu/lib/rustlib/src/rust/library/core/src/option.rs:1339:24 in function std::option::Option::<usize>::ok_or::<std::collections::TryReserveErrorKind>

Check 171: <std::vec::Vec<capability::Capability> as std::ops::Drop>::drop.pointer_dereference.1
	 - Status: SUCCESS
	 - Description: "dereference failure: pointer NULL"
	 - Location: ../../../../../runner/.rustup/toolchains/nightly-2025-11-21-x86_64-unknown-linux-gnu/lib/rustlib/src/rust/library/alloc/src/vec/mod.rs:4076:81 in function <std::vec::Vec<capability::Capability> as std::ops::Drop>::drop

Check 172: <std::vec::Vec<capability::Capability> as std::ops::Drop>::drop.pointer_dereference.2
	 - Status: SUCCESS
	 - Description: "dereference failure: pointer invalid"
	 - Location: ../../../../../runner/.rustup/toolchains/nightly-2025-11-21-x86_64-unknown-linux-gnu/lib/rustlib/src/rust/library/alloc/src/vec/mod.rs:4076:81 in function <std::vec::Vec<capability::Capability> as std::ops::Drop>::drop

Check 173: <std::vec::Vec<capability::Capability> as std::ops::Drop>::drop.pointer_dereference.3
	 - Status: SUCCESS
	 - Description: "dereference failure: deallocated dynamic object"
	 - Location: ../../../../../runner/.rustup/toolchains/nightly-2025-11-21-x86_64-unknown-linux-gnu/lib/rustlib/src/rust/library/alloc/src/vec/mod.rs:4076:81 in function <std::vec::Vec<capability::Capability> as std::ops::Drop>::drop

Check 174: <std::vec::Vec<capability::Capability> as std::ops::Drop>::drop.pointer_dereference.4
	 - Status: SUCCESS
	 - Description: "dereference failure: dead object"
	 - Location: ../../../../../runner/.rustup/toolchains/nightly-2025-11-21-x86_64-unknown-linux-gnu/lib/rustlib/src/rust/library/alloc/src/vec/mod.rs:4076:81 in function <std::vec::Vec<capability::Capability> as std::ops::Drop>::drop

Check 175: <std::vec::Vec<capability::Capability> as std::ops::Drop>::drop.pointer_dereference.5
	 - Status: SUCCESS
	 - Description: "dereference failure: pointer outside object bounds"
	 - Location: ../../../../../runner/.rustup/toolchains/nightly-2025-11-21-x86_64-unknown-linux-gnu/lib/rustlib/src/rust/library/alloc/src/vec/mod.rs:4076:81 in function <std::vec::Vec<capability::Capability> as std::ops::Drop>::drop

Check 176: <std::vec::Vec<capability::Capability> as std::ops::Drop>::drop.pointer_dereference.6
	 - Status: SUCCESS
	 - Description: "dereference failure: invalid integer address"
	 - Location: ../../../../../runner/.rustup/toolchains/nightly-2025-11-21-x86_64-unknown-linux-gnu/lib/rustlib/src/rust/library/alloc/src/vec/mod.rs:4076:81 in function <std::vec::Vec<capability::Capability> as std::ops::Drop>::drop

Check 177: <std::alloc::Global as std::alloc::Allocator>::shrink.pointer_dereference.1
	 - Status: SUCCESS
	 - Description: "dereference failure: dead object"
	 - Location: ../../../../../runner/.rustup/toolchains/nightly-2025-11-21-x86_64-unknown-linux-gnu/lib/rustlib/src/rust/library/alloc/src/alloc.rs:326:27 in function <std::alloc::Global as std::alloc::Allocator>::shrink

Check 178: <std::alloc::Global as std::alloc::Allocator>::shrink.pointer_dereference.2
	 - Status: SUCCESS
	 - Description: "dereference failure: dead object"
	 - Location: ../../../../../runner/.rustup/toolchains/nightly-2025-11-21-x86_64-unknown-linux-gnu/lib/rustlib/src/rust/library/alloc/src/alloc.rs:336:31 in function <std::alloc::Global as std::alloc::Allocator>::shrink

Check 179: std::alloc::Layout::pad_to_align.pointer_dereference.1
	 - Status: SUCCESS
	 - Description: "dereference failure: pointer NULL"
	 - Location: ../../../../../runner/.rustup/toolchains/nightly-2025-11-21-x86_64-unknown-linux-gnu/lib/rustlib/src/rust/library/core/src/alloc/layout.rs:324:61 in function std::alloc::Layout::pad_to_align

Check 180: std::alloc::Layout::pad_to_align.pointer_dereference.2
	 - Status: SUCCESS
	 - Description: "dereference failure: pointer invalid"
	 - Location: ../../../../../runner/.rustup/toolchains/nightly-2025-11-21-x86_64-unknown-linux-gnu/lib/rustlib/src/rust/library/core/src/alloc/layout.rs:324:61 in function std::alloc::Layout::pad_to_align

Check 181: std::alloc::Layout::pad_to_align.pointer_dereference.3
	 - Status: SUCCESS
	 - Description: "dereference failure: deallocated dynamic object"
	 - Location: ../../../../../runner/.rustup/toolchains/nightly-2025-11-21-x86_64-unknown-linux-gnu/lib/rustlib/src/rust/library/core/src/alloc/layout.rs:324:61 in function std::alloc::Layout::pad_to_align

Check 182: std::alloc::Layout::pad_to_align.pointer_dereference.4
	 - Status: SUCCESS
	 - Description: "dereference failure: dead object"
	 - Location: ../../../../../runner/.rustup/toolchains/nightly-2025-11-21-x86_64-unknown-linux-gnu/lib/rustlib/src/rust/library/core/src/alloc/layout.rs:324:61 in function std::alloc::Layout::pad_to_align

Check 183: std::alloc::Layout::pad_to_align.pointer_dereference.5
	 - Status: SUCCESS
	 - Description: "dereference failure: pointer outside object bounds"
	 - Location: ../../../../../runner/.rustup/toolchains/nightly-2025-11-21-x86_64-unknown-linux-gnu/lib/rustlib/src/rust/library/core/src/alloc/layout.rs:324:61 in function std::alloc::Layout::pad_to_align

Check 184: std::alloc::Layout::pad_to_align.pointer_dereference.6
	 - Status: SUCCESS
	 - Description: "dereference failure: invalid integer address"
	 - Location: ../../../../../runner/.rustup/toolchains/nightly-2025-11-21-x86_64-unknown-linux-gnu/lib/rustlib/src/rust/library/core/src/alloc/layout.rs:324:61 in function std::alloc::Layout::pad_to_align

Check 185: <std::ops::Range<usize> as std::iter::range::RangeIteratorImpl>::spec_next.pointer_dereference.1
	 - Status: SUCCESS
	 - Description: "dereference failure: pointer NULL"
	 - Location: ../../../../../runner/.rustup/toolchains/nightly-2025-11-21-x86_64-unknown-linux-gnu/lib/rustlib/src/rust/library/core/src/iter/range.rs:766:23 in function <std::ops::Range<usize> as std::iter::range::RangeIteratorImpl>::spec_next

Check 186: <std::ops::Range<usize> as std::iter::range::RangeIteratorImpl>::spec_next.pointer_dereference.2
	 - Status: SUCCESS
	 - Description: "dereference failure: pointer invalid"
	 - Location: ../../../../../runner/.rustup/toolchains/nightly-2025-11-21-x86_64-unknown-linux-gnu/lib/rustlib/src/rust/library/core/src/iter/range.rs:766:23 in function <std::ops::Range<usize> as std::iter::range::RangeIteratorImpl>::spec_next

Check 187: <std::ops::Range<usize> as std::iter::range::RangeIteratorImpl>::spec_next.pointer_dereference.3
	 - Status: SUCCESS
	 - Description: "dereference failure: deallocated dynamic object"
	 - Location: ../../../../../runner/.rustup/toolchains/nightly-2025-11-21-x86_64-unknown-linux-gnu/lib/rustlib/src/rust/library/core/src/iter/range.rs:766:23 in function <std::ops::Range<usize> as std::iter::range::RangeIteratorImpl>::spec_next

Check 188: <std::ops::Range<usize> as std::iter::range::RangeIteratorImpl>::spec_next.pointer_dereference.4
	 - Status: SUCCESS
	 - Description: "dereference failure: dead object"
	 - Location: ../../../../../runner/.rustup/toolchains/nightly-2025-11-21-x86_64-unknown-linux-gnu/lib/rustlib/src/rust/library/core/src/iter/range.rs:766:23 in function <std::ops::Range<usize> as std::iter::range::RangeIteratorImpl>::spec_next

Check 189: <std::ops::Range<usize> as std::iter::range::RangeIteratorImpl>::spec_next.pointer_dereference.5
	 - Status: SUCCESS
	 - Description: "dereference failure: pointer outside object bounds"
	 - Location: ../../../../../runner/.rustup/toolchains/nightly-2025-11-21-x86_64-unknown-linux-gnu/lib/rustlib/src/rust/library/core/src/iter/range.rs:766:23 in function <std::ops::Range<usize> as std::iter::range::RangeIteratorImpl>::spec_next

Check 190: <std::ops::Range<usize> as std::iter::range::RangeIteratorImpl>::spec_next.pointer_dereference.6
	 - Status: SUCCESS
	 - Description: "dereference failure: invalid integer address"
	 - Location: ../../../../../runner/.rustup/toolchains/nightly-2025-11-21-x86_64-unknown-linux-gnu/lib/rustlib/src/rust/library/core/src/iter/range.rs:766:23 in function <std::ops::Range<usize> as std::iter::range::RangeIteratorImpl>::spec_next

Check 191: <std::ops::Range<usize> as std::iter::range::RangeIteratorImpl>::spec_next.pointer_dereference.7
	 - Status: SUCCESS
	 - Description: "dereference failure: pointer NULL"
	 - Location: ../../../../../runner/.rustup/toolchains/nightly-2025-11-21-x86_64-unknown-linux-gnu/lib/rustlib/src/rust/library/core/src/iter/range.rs:768:13 in function <std::ops::Range<usize> as std::iter::range::RangeIteratorImpl>::spec_next

Check 192: <std::ops::Range<usize> as std::iter::range::RangeIteratorImpl>::spec_next.pointer_dereference.8
	 - Status: SUCCESS
	 - Description: "dereference failure: pointer invalid"
	 - Location: ../../../../../runner/.rustup/toolchains/nightly-2025-11-21-x86_64-unknown-linux-gnu/lib/rustlib/src/rust/library/core/src/iter/range.rs:768:13 in function <std::ops::Range<usize> as std::iter::range::RangeIteratorImpl>::spec_next

Check 193: <std::ops::Range<usize> as std::iter::range::RangeIteratorImpl>::spec_next.pointer_dereference.9
	 - Status: SUCCESS
	 - Description: "dereference failure: deallocated dynamic object"
	 - Location: ../../../../../runner/.rustup/toolchains/nightly-2025-11-21-x86_64-unknown-linux-gnu/lib/rustlib/src/rust/library/core/src/iter/range.rs:768:13 in function <std::ops::Range<usize> as std::iter::range::RangeIteratorImpl>::spec_next

Check 194: <std::ops::Range<usize> as std::iter::range::RangeIteratorImpl>::spec_next.pointer_dereference.10
	 - Status: SUCCESS
	 - Description: "dereference failure: dead object"
	 - Location: ../../../../../runner/.rustup/toolchains/nightly-2025-11-21-x86_64-unknown-linux-gnu/lib/rustlib/src/rust/library/core/src/iter/range.rs:768:13 in function <std::ops::Range<usize> as std::iter::range::RangeIteratorImpl>::spec_next

Check 195: <std::ops::Range<usize> as std::iter::range::RangeIteratorImpl>::spec_next.pointer_dereference.11
	 - Status: SUCCESS
	 - Description: "dereference failure: pointer outside object bounds"
	 - Location: ../../../../../runner/.rustup/toolchains/nightly-2025-11-21-x86_64-unknown-linux-gnu/lib/rustlib/src/rust/library/core/src/iter/range.rs:768:13 in function <std::ops::Range<usize> as std::iter::range::RangeIteratorImpl>::spec_next

Check 196: <std::ops::Range<usize> as std::iter::range::RangeIteratorImpl>::spec_next.pointer_dereference.12
	 - Status: SUCCESS
	 - Description: "dereference failure: invalid integer address"
	 - Location: ../../../../../runner/.rustup/toolchains/nightly-2025-11-21-x86_64-unknown-linux-gnu/lib/rustlib/src/rust/library/core/src/iter/range.rs:768:13 in function <std::ops::Range<usize> as std::iter::range::RangeIteratorImpl>::spec_next

Check 197: std::option::Option::<std::ptr::NonNull<u8>>::ok_or::<std::alloc::AllocError>.pointer_dereference.1
	 - Status: SUCCESS
	 - Description: "dereference failure: dead object"
	 - Location: ../../../../../runner/.rustup/toolchains/nightly-2025-11-21-x86_64-unknown-linux-gnu/lib/rustlib/src/rust/library/core/src/option.rs:1338:15 in function std::option::Option::<std::ptr::NonNull<u8>>::ok_or::<std::alloc::AllocError>

Check 198: std::option::Option::<std::ptr::NonNull<u8>>::ok_or::<std::alloc::AllocError>.pointer_dereference.2
	 - Status: SUCCESS
	 - Description: "dereference failure: dead object"
	 - Location: ../../../../../runner/.rustup/toolchains/nightly-2025-11-21-x86_64-unknown-linux-gnu/lib/rustlib/src/rust/library/core/src/option.rs:1340:21 in function std::option::Option::<std::ptr::NonNull<u8>>::ok_or::<std::alloc::AllocError>

Check 199: std::cmp::impls::<impl std::cmp::PartialOrd for usize>::lt.pointer_dereference.1
	 - Status: SUCCESS
	 - Description: "dereference failure: pointer NULL"
	 - Location: ../../../../../runner/.rustup/toolchains/nightly-2025-11-21-x86_64-unknown-linux-gnu/lib/rustlib/src/rust/library/core/src/cmp.rs:1903:50 in function std::cmp::impls::<impl std::cmp::PartialOrd for usize>::lt

Check 200: std::cmp::impls::<impl std::cmp::PartialOrd for usize>::lt.pointer_dereference.2
	 - Status: SUCCESS
	 - Description: "dereference failure: pointer invalid"
	 - Location: ../../../../../runner/.rustup/toolchains/nightly-2025-11-21-x86_64-unknown-linux-gnu/lib/rustlib/src/rust/library/core/src/cmp.rs:1903:50 in function std::cmp::impls::<impl std::cmp::PartialOrd for usize>::lt

Check 201: std::cmp::impls::<impl std::cmp::PartialOrd for usize>::lt.pointer_dereference.3
	 - Status: SUCCESS
	 - Description: "dereference failure: deallocated dynamic object"
	 - Location: ../../../../../runner/.rustup/toolchains/nightly-2025-11-21-x86_64-unknown-linux-gnu/lib/rustlib/src/rust/library/core/src/cmp.rs:1903:50 in function std::cmp::impls::<impl std::cmp::PartialOrd for usize>::lt

Check 202: std::cmp::impls::<impl std::cmp::PartialOrd for usize>::lt.pointer_dereference.4
	 - Status: SUCCESS
	 - Description: "dereference failure: dead object"
	 - Location: ../../../../../runner/.rustup/toolchains/nightly-2025-11-21-x86_64-unknown-linux-gnu/lib/rustlib/src/rust/library/core/src/cmp.rs:1903:50 in function std::cmp::impls::<impl std::cmp::PartialOrd for usize>::lt

Check 203: std::cmp::impls::<impl std::cmp::PartialOrd for usize>::lt.pointer_dereference.5
	 - Status: SUCCESS
	 - Description: "dereference failure: pointer outside object bounds"
	 - Location: ../../../../../runner/.rustup/toolchains/nightly-2025-11-21-x86_64-unknown-linux-gnu/lib/rustlib/src/rust/library/core/src/cmp.rs:1903:50 in function std::cmp::impls::<impl std::cmp::PartialOrd for usize>::lt

Check 204: std::cmp::impls::<impl std::cmp::PartialOrd for usize>::lt.pointer_dereference.6
	 - Status: SUCCESS
	 - Description: "dereference failure: invalid integer address"
	 - Location: ../../../../../runner/.rustup/toolchains/nightly-2025-11-21-x86_64-unknown-linux-gnu/lib/rustlib/src/rust/library/core/src/cmp.rs:1903:50 in function std::cmp::impls::<impl std::cmp::PartialOrd for usize>::lt

Check 205: std::cmp::impls::<impl std::cmp::PartialOrd for usize>::lt.pointer_dereference.7
	 - Status: SUCCESS
	 - Description: "dereference failure: pointer NULL"
	 - Location: ../../../../../runner/.rustup/toolchains/nightly-2025-11-21-x86_64-unknown-linux-gnu/lib/rustlib/src/rust/library/core/src/cmp.rs:1903:59 in function std::cmp::impls::<impl std::cmp::PartialOrd for usize>::lt

Check 206: std::cmp::impls::<impl std::cmp::PartialOrd for usize>::lt.pointer_dereference.8
	 - Status: SUCCESS
	 - Description: "dereference failure: pointer invalid"
	 - Location: ../../../../../runner/.rustup/toolchains/nightly-2025-11-21-x86_64-unknown-linux-gnu/lib/rustlib/src/rust/library/core/src/cmp.rs:1903:59 in function std::cmp::impls::<impl std::cmp::PartialOrd for usize>::lt

Check 207: std::cmp::impls::<impl std::cmp::PartialOrd for usize>::lt.pointer_dereference.9
	 - Status: SUCCESS
	 - Description: "dereference failure: deallocated dynamic object"
	 - Location: ../../../../../runner/.rustup/toolchains/nightly-2025-11-21-x86_64-unknown-linux-gnu/lib/rustlib/src/rust/library/core/src/cmp.rs:1903:59 in function std::cmp::impls::<impl std::cmp::PartialOrd for usize>::lt

Check 208: std::cmp::impls::<impl std::cmp::PartialOrd for usize>::lt.pointer_dereference.10
	 - Status: SUCCESS
	 - Description: "dereference failure: dead object"
	 - Location: ../../../../../runner/.rustup/toolchains/nightly-2025-11-21-x86_64-unknown-linux-gnu/lib/rustlib/src/rust/library/core/src/cmp.rs:1903:59 in function std::cmp::impls::<impl std::cmp::PartialOrd for usize>::lt

Check 209: std::cmp::impls::<impl std::cmp::PartialOrd for usize>::lt.pointer_dereference.11
	 - Status: SUCCESS
	 - Description: "dereference failure: pointer outside object bounds"
	 - Location: ../../../../../runner/.rustup/toolchains/nightly-2025-11-21-x86_64-unknown-linux-gnu/lib/rustlib/src/rust/library/core/src/cmp.rs:1903:59 in function std::cmp::impls::<impl std::cmp::PartialOrd for usize>::lt

Check 210: std::cmp::impls::<impl std::cmp::PartialOrd for usize>::lt.pointer_dereference.12
	 - Status: SUCCESS
	 - Description: "dereference failure: invalid integer address"
	 - Location: ../../../../../runner/.rustup/toolchains/nightly-2025-11-21-x86_64-unknown-linux-gnu/lib/rustlib/src/rust/library/core/src/cmp.rs:1903:59 in function std::cmp::impls::<impl std::cmp::PartialOrd for usize>::lt

Check 211: std::vec::Vec::<value::Taint>::reserve.pointer_dereference.1
	 - Status: SUCCESS
	 - Description: "dereference failure: pointer NULL"
	 - Location: ../../../../../runner/.rustup/toolchains/nightly-2025-11-21-x86_64-unknown-linux-gnu/lib/rustlib/src/rust/library/alloc/src/vec/mod.rs:1298:26 in function std::vec::Vec::<value::Taint>::reserve

Check 212: std::vec::Vec::<value::Taint>::reserve.pointer_dereference.2
	 - Status: SUCCESS
	 - Description: "dereference failure: pointer invalid"
	 - Location: ../../../../../runner/.rustup/toolchains/nightly-2025-11-21-x86_64-unknown-linux-gnu/lib/rustlib/src/rust/library/alloc/src/vec/mod.rs:1298:26 in function std::vec::Vec::<value::Taint>::reserve

Check 213: std::vec::Vec::<value::Taint>::reserve.pointer_dereference.3
	 - Status: SUCCESS
	 - Description: "dereference failure: deallocated dynamic object"
	 - Location: ../../../../../runner/.rustup/toolchains/nightly-2025-11-21-x86_64-unknown-linux-gnu/lib/rustlib/src/rust/library/alloc/src/vec/mod.rs:1298:26 in function std::vec::Vec::<value::Taint>::reserve

Check 214: std::vec::Vec::<value::Taint>::reserve.pointer_dereference.4
	 - Status: SUCCESS
	 - Description: "dereference failure: dead object"
	 - Location: ../../../../../runner/.rustup/toolchains/nightly-2025-11-21-x86_64-unknown-linux-gnu/lib/rustlib/src/rust/library/alloc/src/vec/mod.rs:1298:26 in function std::vec::Vec::<value::Taint>::reserve

Check 215: std::vec::Vec::<value::Taint>::reserve.pointer_dereference.5
	 - Status: SUCCESS
	 - Description: "dereference failure: pointer outside object bounds"
	 - Location: ../../../../../runner/.rustup/toolchains/nightly-2025-11-21-x86_64-unknown-linux-gnu/lib/rustlib/src/rust/library/alloc/src/vec/mod.rs:1298:26 in function std::vec::Vec::<value::Taint>::reserve

Check 216: std::vec::Vec::<value::Taint>::reserve.pointer_dereference.6
	 - Status: SUCCESS
	 - Description: "dereference failure: invalid integer address"
	 - Location: ../../../../../runner/.rustup/toolchains/nightly-2025-11-21-x86_64-unknown-linux-gnu/lib/rustlib/src/rust/library/alloc/src/vec/mod.rs:1298:26 in function std::vec::Vec::<value::Taint>::reserve

Check 217: std::alloc::Layout::size_rounded_up_to_custom_align.pointer_dereference.1
	 - Status: SUCCESS
	 - Description: "dereference failure: pointer NULL"
	 - Location: ../../../../../runner/.rustup/toolchains/nightly-2025-11-21-x86_64-unknown-linux-gnu/lib/rustlib/src/rust/library/core/src/alloc/layout.rs:305:27 in function std::alloc::Layout::size_rounded_up_to_custom_align

Check 218: std::alloc::Layout::size_rounded_up_to_custom_align.pointer_dereference.2
	 - Status: SUCCESS
	 - Description: "dereference failure: pointer invalid"
	 - Location: ../../../../../runner/.rustup/toolchains/nightly-2025-11-21-x86_64-unknown-linux-gnu/lib/rustlib/src/rust/library/core/src/alloc/layout.rs:305:27 in function std::alloc::Layout::size_rounded_up_to_custom_align

Check 219: std::alloc::Layout::size_rounded_up_to_custom_align.pointer_dereference.3
	 - Status: SUCCESS
	 - Description: "dereference failure: deallocated dynamic object"
	 - Location: ../../../../../runner/.rustup/toolchains/nightly-2025-11-21-x86_64-unknown-linux-gnu/lib/rustlib/src/rust/library/core/src/alloc/layout.rs:305:27 in function std::alloc::Layout::size_rounded_up_to_custom_align

Check 220: std::alloc::Layout::size_rounded_up_to_custom_align.pointer_dereference.4
	 - Status: SUCCESS
	 - Description: "dereference failure: dead object"
	 - Location: ../../../../../runner/.rustup/toolchains/nightly-2025-11-21-x86_64-unknown-linux-gnu/lib/rustlib/src/rust/library/core/src/alloc/layout.rs:305:27 in function std::alloc::Layout::size_rounded_up_to_custom_align

Check 221: std::alloc::Layout::size_rounded_up_to_custom_align.pointer_dereference.5
	 - Status: SUCCESS
	 - Description: "dereference failure: pointer outside object bounds"
	 - Location: ../../../../../runner/.rustup/toolchains/nightly-2025-11-21-x86_64-unknown-linux-gnu/lib/rustlib/src/rust/library/core/src/alloc/layout.rs:305:27 in function std::alloc::Layout::size_rounded_up_to_custom_align

Check 222: std::alloc::Layout::size_rounded_up_to_custom_align.pointer_dereference.6
	 - Status: SUCCESS
	 - Description: "dereference failure: invalid integer address"
	 - Location: ../../../../../runner/.rustup/toolchains/nightly-2025-11-21-x86_64-unknown-linux-gnu/lib/rustlib/src/rust/library/core/src/alloc/layout.rs:305:27 in function std::alloc::Layout::size_rounded_up_to_custom_align

Check 223: alloc::raw_vec::RawVecInner::capacity.pointer_dereference.1
	 - Status: SUCCESS
	 - Description: "dereference failure: pointer NULL"
	 - Location: ../../../../../runner/.rustup/toolchains/nightly-2025-11-21-x86_64-unknown-linux-gnu/lib/rustlib/src/rust/library/alloc/src/raw_vec/mod.rs:509:49 in function alloc::raw_vec::RawVecInner::capacity

Check 224: alloc::raw_vec::RawVecInner::capacity.pointer_dereference.2
	 - Status: SUCCESS
	 - Description: "dereference failure: pointer invalid"
	 - Location: ../../../../../runner/.rustup/toolchains/nightly-2025-11-21-x86_64-unknown-linux-gnu/lib/rustlib/src/rust/library/alloc/src/raw_vec/mod.rs:509:49 in function alloc::raw_vec::RawVecInner::capacity

Check 225: alloc::raw_vec::RawVecInner::capacity.pointer_dereference.3
	 - Status: SUCCESS
	 - Description: "dereference failure: deallocated dynamic object"
	 - Location: ../../../../../runner/.rustup/toolchains/nightly-2025-11-21-x86_64-unknown-linux-gnu/lib/rustlib/src/rust/library/alloc/src/raw_vec/mod.rs:509:49 in function alloc::raw_vec::RawVecInner::capacity

Check 226: alloc::raw_vec::RawVecInner::capacity.pointer_dereference.4
	 - Status: SUCCESS
	 - Description: "dereference failure: dead object"
	 - Location: ../../../../../runner/.rustup/toolchains/nightly-2025-11-21-x86_64-unknown-linux-gnu/lib/rustlib/src/rust/library/alloc/src/raw_vec/mod.rs:509:49 in function alloc::raw_vec::RawVecInner::capacity

Check 227: alloc::raw_vec::RawVecInner::capacity.pointer_dereference.5
	 - Status: SUCCESS
	 - Description: "dereference failure: pointer outside object bounds"
	 - Location: ../../../../../runner/.rustup/toolchains/nightly-2025-11-21-x86_64-unknown-linux-gnu/lib/rustlib/src/rust/library/alloc/src/raw_vec/mod.rs:509:49 in function alloc::raw_vec::RawVecInner::capacity

Check 228: alloc::raw_vec::RawVecInner::capacity.pointer_dereference.6
	 - Status: SUCCESS
	 - Description: "dereference failure: invalid integer address"
	 - Location: ../../../../../runner/.rustup/toolchains/nightly-2025-11-21-x86_64-unknown-linux-gnu/lib/rustlib/src/rust/library/alloc/src/raw_vec/mod.rs:509:49 in function alloc::raw_vec::RawVecInner::capacity

Check 229: std::ptr::drop_in_place::<std::result::Result<(), errors::CoreError>>.pointer_dereference.1
	 - Status: SUCCESS
	 - Description: "dereference failure: pointer NULL"
	 - Location: ../../../../../runner/.rustup/toolchains/nightly-2025-11-21-x86_64-unknown-linux-gnu/lib/rustlib/src/rust/library/core/src/ptr/mod.rs:805:1 in function std::ptr::drop_in_place::<std::result::Result<(), errors::CoreError>>

Check 230: std::ptr::drop_in_place::<std::result::Result<(), errors::CoreError>>.pointer_dereference.2
	 - Status: SUCCESS
	 - Description: "dereference failure: pointer invalid"
	 - Location: ../../../../../runner/.rustup/toolchains/nightly-2025-11-21-x86_64-unknown-linux-gnu/lib/rustlib/src/rust/library/core/src/ptr/mod.rs:805:1 in function std::ptr::drop_in_place::<std::result::Result<(), errors::CoreError>>

Check 231: std::ptr::drop_in_place::<std::result::Result<(), errors::CoreError>>.pointer_dereference.3
	 - Status: SUCCESS
	 - Description: "dereference failure: deallocated dynamic object"
	 - Location: ../../../../../runner/.rustup/toolchains/nightly-2025-11-21-x86_64-unknown-linux-gnu/lib/rustlib/src/rust/library/core/src/ptr/mod.rs:805:1 in function std::ptr::drop_in_place::<std::result::Result<(), errors::CoreError>>

Check 232: std::ptr::drop_in_place::<std::result::Result<(), errors::CoreError>>.pointer_dereference.4
	 - Status: SUCCESS
	 - Description: "dereference failure: dead object"
	 - Location: ../../../../../runner/.rustup/toolchains/nightly-2025-11-21-x86_64-unknown-linux-gnu/lib/rustlib/src/rust/library/core/src/ptr/mod.rs:805:1 in function std::ptr::drop_in_place::<std::result::Result<(), errors::CoreError>>

Check 233: std::ptr::drop_in_place::<std::result::Result<(), errors::CoreError>>.pointer_dereference.5
	 - Status: SUCCESS
	 - Description: "dereference failure: pointer outside object bounds"
	 - Location: ../../../../../runner/.rustup/toolchains/nightly-2025-11-21-x86_64-unknown-linux-gnu/lib/rustlib/src/rust/library/core/src/ptr/mod.rs:805:1 in function std::ptr::drop_in_place::<std::result::Result<(), errors::CoreError>>

Check 234: std::ptr::drop_in_place::<std::result::Result<(), errors::CoreError>>.pointer_dereference.6
	 - Status: SUCCESS
	 - Description: "dereference failure: invalid integer address"
	 - Location: ../../../../../runner/.rustup/toolchains/nightly-2025-11-21-x86_64-unknown-linux-gnu/lib/rustlib/src/rust/library/core/src/ptr/mod.rs:805:1 in function std::ptr::drop_in_place::<std::result::Result<(), errors::CoreError>>

Check 235: memcpy.pointer.1
	 - Status: SUCCESS
	 - Description: "same object violation in (const char *)(const void *)ptr >= (const char *)(void *)result + (signed long int)bytes_to_copy"
	 - Location: <builtin-library-memcpy>:33 in function memcpy

Check 236: memcpy.pointer.2
	 - Status: SUCCESS
	 - Description: "same object violation in (const char *)(void *)result >= (const char *)(const void *)ptr + (signed long int)bytes_to_copy"
	 - Location: <builtin-library-memcpy>:34 in function memcpy

Check 237: __rust_realloc.precondition_instance.1
	 - Status: SUCCESS
	 - Description: "memcpy src/dst overlap"
	 - Location: ../../../../.kani/kani-0.67.0/library/kani/kani_lib.c:114 in function __rust_realloc

Check 238: __rust_realloc.precondition_instance.2
	 - Status: SUCCESS
	 - Description: "memcpy source region readable"
	 - Location: ../../../../.kani/kani-0.67.0/library/kani/kani_lib.c:114 in function __rust_realloc

Check 239: __rust_realloc.precondition_instance.3
	 - Status: SUCCESS
	 - Description: "memcpy destination region writeable"
	 - Location: ../../../../.kani/kani-0.67.0/library/kani/kani_lib.c:114 in function __rust_realloc

Check 240: __rust_realloc.precondition_instance.4
	 - Status: SUCCESS
	 - Description: "free argument must be NULL or valid pointer"
	 - Location: ../../../../.kani/kani-0.67.0/library/kani/kani_lib.c:115 in function __rust_realloc

Check 241: __rust_realloc.precondition_instance.5
	 - Status: SUCCESS
	 - Description: "free argument must be dynamic object"
	 - Location: ../../../../.kani/kani-0.67.0/library/kani/kani_lib.c:115 in function __rust_realloc

Check 242: __rust_realloc.precondition_instance.6
	 - Status: SUCCESS
	 - Description: "free argument has offset zero"
	 - Location: ../../../../.kani/kani-0.67.0/library/kani/kani_lib.c:115 in function __rust_realloc

Check 243: __rust_realloc.precondition_instance.7
	 - Status: SUCCESS
	 - Description: "double free"
	 - Location: ../../../../.kani/kani-0.67.0/library/kani/kani_lib.c:115 in function __rust_realloc

Check 244: __rust_realloc.precondition_instance.8
	 - Status: SUCCESS
	 - Description: "free called for new[] object"
	 - Location: ../../../../.kani/kani-0.67.0/library/kani/kani_lib.c:115 in function __rust_realloc

Check 245: __rust_realloc.precondition_instance.9
	 - Status: SUCCESS
	 - Description: "free called for stack-allocated object"
	 - Location: ../../../../.kani/kani-0.67.0/library/kani/kani_lib.c:115 in function __rust_realloc

Check 246: alloc::raw_vec::RawVecInner::shrink_to_fit.pointer_dereference.1
	 - Status: SUCCESS
	 - Description: "dereference failure: dead object"
	 - Location: ../../../../../runner/.rustup/toolchains/nightly-2025-11-21-x86_64-unknown-linux-gnu/lib/rustlib/src/rust/library/alloc/src/raw_vec/mod.rs:648:27 in function alloc::raw_vec::RawVecInner::shrink_to_fit

Check 247: std::alloc::Layout::align.pointer_dereference.1
	 - Status: SUCCESS
	 - Description: "dereference failure: pointer NULL"
	 - Location: ../../../../../runner/.rustup/toolchains/nightly-2025-11-21-x86_64-unknown-linux-gnu/lib/rustlib/src/rust/library/core/src/alloc/layout.rs:152:9 in function std::alloc::Layout::align

Check 248: std::alloc::Layout::align.pointer_dereference.2
	 - Status: SUCCESS
	 - Description: "dereference failure: pointer invalid"
	 - Location: ../../../../../runner/.rustup/toolchains/nightly-2025-11-21-x86_64-unknown-linux-gnu/lib/rustlib/src/rust/library/core/src/alloc/layout.rs:152:9 in function std::alloc::Layout::align

Check 249: std::alloc::Layout::align.pointer_dereference.3
	 - Status: SUCCESS
	 - Description: "dereference failure: deallocated dynamic object"
	 - Location: ../../../../../runner/.rustup/toolchains/nightly-2025-11-21-x86_64-unknown-linux-gnu/lib/rustlib/src/rust/library/core/src/alloc/layout.rs:152:9 in function std::alloc::Layout::align

Check 250: std::alloc::Layout::align.pointer_dereference.4
	 - Status: SUCCESS
	 - Description: "dereference failure: dead object"
	 - Location: ../../../../../runner/.rustup/toolchains/nightly-2025-11-21-x86_64-unknown-linux-gnu/lib/rustlib/src/rust/library/core/src/alloc/layout.rs:152:9 in function std::alloc::Layout::align

Check 251: std::alloc::Layout::align.pointer_dereference.5
	 - Status: SUCCESS
	 - Description: "dereference failure: pointer outside object bounds"
	 - Location: ../../../../../runner/.rustup/toolchains/nightly-2025-11-21-x86_64-unknown-linux-gnu/lib/rustlib/src/rust/library/core/src/alloc/layout.rs:152:9 in function std::alloc::Layout::align

Check 252: std::alloc::Layout::align.pointer_dereference.6
	 - Status: SUCCESS
	 - Description: "dereference failure: invalid integer address"
	 - Location: ../../../../../runner/.rustup/toolchains/nightly-2025-11-21-x86_64-unknown-linux-gnu/lib/rustlib/src/rust/library/core/src/alloc/layout.rs:152:9 in function std::alloc::Layout::align

Check 253: std::vec::Vec::<frame::StepState>::shrink_to_fit.pointer_dereference.1
	 - Status: SUCCESS
	 - Description: "dereference failure: pointer NULL"
	 - Location: ../../../../../runner/.rustup/toolchains/nightly-2025-11-21-x86_64-unknown-linux-gnu/lib/rustlib/src/rust/library/alloc/src/vec/mod.rs:1435:30 in function std::vec::Vec::<frame::StepState>::shrink_to_fit

Check 254: std::vec::Vec::<frame::StepState>::shrink_to_fit.pointer_dereference.2
	 - Status: SUCCESS
	 - Description: "dereference failure: pointer invalid"
	 - Location: ../../../../../runner/.rustup/toolchains/nightly-2025-11-21-x86_64-unknown-linux-gnu/lib/rustlib/src/rust/library/alloc/src/vec/mod.rs:1435:30 in function std::vec::Vec::<frame::StepState>::shrink_to_fit

Check 255: std::vec::Vec::<frame::StepState>::shrink_to_fit.pointer_dereference.3
	 - Status: SUCCESS
	 - Description: "dereference failure: deallocated dynamic object"
	 - Location: ../../../../../runner/.rustup/toolchains/nightly-2025-11-21-x86_64-unknown-linux-gnu/lib/rustlib/src/rust/library/alloc/src/vec/mod.rs:1435:30 in function std::vec::Vec::<frame::StepState>::shrink_to_fit

Check 256: std::vec::Vec::<frame::StepState>::shrink_to_fit.pointer_dereference.4
	 - Status: SUCCESS
	 - Description: "dereference failure: dead object"
	 - Location: ../../../../../runner/.rustup/toolchains/nightly-2025-11-21-x86_64-unknown-linux-gnu/lib/rustlib/src/rust/library/alloc/src/vec/mod.rs:1435:30 in function std::vec::Vec::<frame::StepState>::shrink_to_fit

Check 257: std::vec::Vec::<frame::StepState>::shrink_to_fit.pointer_dereference.5
	 - Status: SUCCESS
	 - Description: "dereference failure: pointer outside object bounds"
	 - Location: ../../../../../runner/.rustup/toolchains/nightly-2025-11-21-x86_64-unknown-linux-gnu/lib/rustlib/src/rust/library/alloc/src/vec/mod.rs:1435:30 in function std::vec::Vec::<frame::StepState>::shrink_to_fit

Check 258: std::vec::Vec::<frame::StepState>::shrink_to_fit.pointer_dereference.6
	 - Status: SUCCESS
	 - Description: "dereference failure: invalid integer address"
	 - Location: ../../../../../runner/.rustup/toolchains/nightly-2025-11-21-x86_64-unknown-linux-gnu/lib/rustlib/src/rust/library/alloc/src/vec/mod.rs:1435:30 in function std::vec::Vec::<frame::StepState>::shrink_to_fit

Check 259: std::vec::Vec::<frame::StepState>::shrink_to_fit.pointer_dereference.7
	 - Status: SUCCESS
	 - Description: "dereference failure: pointer NULL"
	 - Location: ../../../../../runner/.rustup/toolchains/nightly-2025-11-21-x86_64-unknown-linux-gnu/lib/rustlib/src/rust/library/alloc/src/vec/mod.rs:1436:36 in function std::vec::Vec::<frame::StepState>::shrink_to_fit

Check 260: std::vec::Vec::<frame::StepState>::shrink_to_fit.pointer_dereference.8
	 - Status: SUCCESS
	 - Description: "dereference failure: pointer invalid"
	 - Location: ../../../../../runner/.rustup/toolchains/nightly-2025-11-21-x86_64-unknown-linux-gnu/lib/rustlib/src/rust/library/alloc/src/vec/mod.rs:1436:36 in function std::vec::Vec::<frame::StepState>::shrink_to_fit

Check 261: std::vec::Vec::<frame::StepState>::shrink_to_fit.pointer_dereference.9
	 - Status: SUCCESS
	 - Description: "dereference failure: deallocated dynamic object"
	 - Location: ../../../../../runner/.rustup/toolchains/nightly-2025-11-21-x86_64-unknown-linux-gnu/lib/rustlib/src/rust/library/alloc/src/vec/mod.rs:1436:36 in function std::vec::Vec::<frame::StepState>::shrink_to_fit

Check 262: std::vec::Vec::<frame::StepState>::shrink_to_fit.pointer_dereference.10
	 - Status: SUCCESS
	 - Description: "dereference failure: dead object"
	 - Location: ../../../../../runner/.rustup/toolchains/nightly-2025-11-21-x86_64-unknown-linux-gnu/lib/rustlib/src/rust/library/alloc/src/vec/mod.rs:1436:36 in function std::vec::Vec::<frame::StepState>::shrink_to_fit

Check 263: std::vec::Vec::<frame::StepState>::shrink_to_fit.pointer_dereference.11
	 - Status: SUCCESS
	 - Description: "dereference failure: pointer outside object bounds"
	 - Location: ../../../../../runner/.rustup/toolchains/nightly-2025-11-21-x86_64-unknown-linux-gnu/lib/rustlib/src/rust/library/alloc/src/vec/mod.rs:1436:36 in function std::vec::Vec::<frame::StepState>::shrink_to_fit

Check 264: std::vec::Vec::<frame::StepState>::shrink_to_fit.pointer_dereference.12
	 - Status: SUCCESS
	 - Description: "dereference failure: invalid integer address"
	 - Location: ../../../../../runner/.rustup/toolchains/nightly-2025-11-21-x86_64-unknown-linux-gnu/lib/rustlib/src/rust/library/alloc/src/vec/mod.rs:1436:36 in function std::vec::Vec::<frame::StepState>::shrink_to_fit

Check 265: alloc::raw_vec::RawVecInner::non_null::<std::option::Option<value::SlotValue>>.pointer_dereference.1
	 - Status: SUCCESS
	 - Description: "dereference failure: pointer NULL"
	 - Location: ../../../../../runner/.rustup/toolchains/nightly-2025-11-21-x86_64-unknown-linux-gnu/lib/rustlib/src/rust/library/alloc/src/raw_vec/mod.rs:504:9 in function alloc::raw_vec::RawVecInner::non_null::<std::option::Option<value::SlotValue>>

Check 266: alloc::raw_vec::RawVecInner::non_null::<std::option::Option<value::SlotValue>>.pointer_dereference.2
	 - Status: SUCCESS
	 - Description: "dereference failure: pointer invalid"
	 - Location: ../../../../../runner/.rustup/toolchains/nightly-2025-11-21-x86_64-unknown-linux-gnu/lib/rustlib/src/rust/library/alloc/src/raw_vec/mod.rs:504:9 in function alloc::raw_vec::RawVecInner::non_null::<std::option::Option<value::SlotValue>>

Check 267: alloc::raw_vec::RawVecInner::non_null::<std::option::Option<value::SlotValue>>.pointer_dereference.3
	 - Status: SUCCESS
	 - Description: "dereference failure: deallocated dynamic object"
	 - Location: ../../../../../runner/.rustup/toolchains/nightly-2025-11-21-x86_64-unknown-linux-gnu/lib/rustlib/src/rust/library/alloc/src/raw_vec/mod.rs:504:9 in function alloc::raw_vec::RawVecInner::non_null::<std::option::Option<value::SlotValue>>

Check 268: alloc::raw_vec::RawVecInner::non_null::<std::option::Option<value::SlotValue>>.pointer_dereference.4
	 - Status: SUCCESS
	 - Description: "dereference failure: dead object"
	 - Location: ../../../../../runner/.rustup/toolchains/nightly-2025-11-21-x86_64-unknown-linux-gnu/lib/rustlib/src/rust/library/alloc/src/raw_vec/mod.rs:504:9 in function alloc::raw_vec::RawVecInner::non_null::<std::option::Option<value::SlotValue>>

Check 269: alloc::raw_vec::RawVecInner::non_null::<std::option::Option<value::SlotValue>>.pointer_dereference.5
	 - Status: SUCCESS
	 - Description: "dereference failure: pointer outside object bounds"
	 - Location: ../../../../../runner/.rustup/toolchains/nightly-2025-11-21-x86_64-unknown-linux-gnu/lib/rustlib/src/rust/library/alloc/src/raw_vec/mod.rs:504:9 in function alloc::raw_vec::RawVecInner::non_null::<std::option::Option<value::SlotValue>>

Check 270: alloc::raw_vec::RawVecInner::non_null::<std::option::Option<value::SlotValue>>.pointer_dereference.6
	 - Status: SUCCESS
	 - Description: "dereference failure: invalid integer address"
	 - Location: ../../../../../runner/.rustup/toolchains/nightly-2025-11-21-x86_64-unknown-linux-gnu/lib/rustlib/src/rust/library/alloc/src/raw_vec/mod.rs:504:9 in function alloc::raw_vec::RawVecInner::non_null::<std::option::Option<value::SlotValue>>

Check 271: std::ptr::drop_in_place::<std::result::Result<value::Taint, errors::CoreError>>.pointer_dereference.1
	 - Status: SUCCESS
	 - Description: "dereference failure: pointer NULL"
	 - Location: ../../../../../runner/.rustup/toolchains/nightly-2025-11-21-x86_64-unknown-linux-gnu/lib/rustlib/src/rust/library/core/src/ptr/mod.rs:805:1 in function std::ptr::drop_in_place::<std::result::Result<value::Taint, errors::CoreError>>

Check 272: std::ptr::drop_in_place::<std::result::Result<value::Taint, errors::CoreError>>.pointer_dereference.2
	 - Status: SUCCESS
	 - Description: "dereference failure: pointer invalid"
	 - Location: ../../../../../runner/.rustup/toolchains/nightly-2025-11-21-x86_64-unknown-linux-gnu/lib/rustlib/src/rust/library/core/src/ptr/mod.rs:805:1 in function std::ptr::drop_in_place::<std::result::Result<value::Taint, errors::CoreError>>

Check 273: std::ptr::drop_in_place::<std::result::Result<value::Taint, errors::CoreError>>.pointer_dereference.3
	 - Status: SUCCESS
	 - Description: "dereference failure: deallocated dynamic object"
	 - Location: ../../../../../runner/.rustup/toolchains/nightly-2025-11-21-x86_64-unknown-linux-gnu/lib/rustlib/src/rust/library/core/src/ptr/mod.rs:805:1 in function std::ptr::drop_in_place::<std::result::Result<value::Taint, errors::CoreError>>

Check 274: std::ptr::drop_in_place::<std::result::Result<value::Taint, errors::CoreError>>.pointer_dereference.4
	 - Status: SUCCESS
	 - Description: "dereference failure: dead object"
	 - Location: ../../../../../runner/.rustup/toolchains/nightly-2025-11-21-x86_64-unknown-linux-gnu/lib/rustlib/src/rust/library/core/src/ptr/mod.rs:805:1 in function std::ptr::drop_in_place::<std::result::Result<value::Taint, errors::CoreError>>

Check 275: std::ptr::drop_in_place::<std::result::Result<value::Taint, errors::CoreError>>.pointer_dereference.5
	 - Status: SUCCESS
	 - Description: "dereference failure: pointer outside object bounds"
	 - Location: ../../../../../runner/.rustup/toolchains/nightly-2025-11-21-x86_64-unknown-linux-gnu/lib/rustlib/src/rust/library/core/src/ptr/mod.rs:805:1 in function std::ptr::drop_in_place::<std::result::Result<value::Taint, errors::CoreError>>

Check 276: std::ptr::drop_in_place::<std::result::Result<value::Taint, errors::CoreError>>.pointer_dereference.6
	 - Status: SUCCESS
	 - Description: "dereference failure: invalid integer address"
	 - Location: ../../../../../runner/.rustup/toolchains/nightly-2025-11-21-x86_64-unknown-linux-gnu/lib/rustlib/src/rust/library/core/src/ptr/mod.rs:805:1 in function std::ptr::drop_in_place::<std::result::Result<value::Taint, errors::CoreError>>

Check 277: std::vec::Vec::<std::option::Option<value::SlotValue>>::len.pointer_dereference.1
	 - Status: SUCCESS
	 - Description: "dereference failure: pointer NULL"
	 - Location: ../../../../../runner/.rustup/toolchains/nightly-2025-11-21-x86_64-unknown-linux-gnu/lib/rustlib/src/rust/library/alloc/src/vec/mod.rs:2854:19 in function std::vec::Vec::<std::option::Option<value::SlotValue>>::len

Check 278: std::vec::Vec::<std::option::Option<value::SlotValue>>::len.pointer_dereference.2
	 - Status: SUCCESS
	 - Description: "dereference failure: pointer invalid"
	 - Location: ../../../../../runner/.rustup/toolchains/nightly-2025-11-21-x86_64-unknown-linux-gnu/lib/rustlib/src/rust/library/alloc/src/vec/mod.rs:2854:19 in function std::vec::Vec::<std::option::Option<value::SlotValue>>::len

Check 279: std::vec::Vec::<std::option::Option<value::SlotValue>>::len.pointer_dereference.3
	 - Status: SUCCESS
	 - Description: "dereference failure: deallocated dynamic object"
	 - Location: ../../../../../runner/.rustup/toolchains/nightly-2025-11-21-x86_64-unknown-linux-gnu/lib/rustlib/src/rust/library/alloc/src/vec/mod.rs:2854:19 in function std::vec::Vec::<std::option::Option<value::SlotValue>>::len

Check 280: std::vec::Vec::<std::option::Option<value::SlotValue>>::len.pointer_dereference.4
	 - Status: SUCCESS
	 - Description: "dereference failure: dead object"
	 - Location: ../../../../../runner/.rustup/toolchains/nightly-2025-11-21-x86_64-unknown-linux-gnu/lib/rustlib/src/rust/library/alloc/src/vec/mod.rs:2854:19 in function std::vec::Vec::<std::option::Option<value::SlotValue>>::len

Check 281: std::vec::Vec::<std::option::Option<value::SlotValue>>::len.pointer_dereference.5
	 - Status: SUCCESS
	 - Description: "dereference failure: pointer outside object bounds"
	 - Location: ../../../../../runner/.rustup/toolchains/nightly-2025-11-21-x86_64-unknown-linux-gnu/lib/rustlib/src/rust/library/alloc/src/vec/mod.rs:2854:19 in function std::vec::Vec::<std::option::Option<value::SlotValue>>::len

Check 282: std::vec::Vec::<std::option::Option<value::SlotValue>>::len.pointer_dereference.6
	 - Status: SUCCESS
	 - Description: "dereference failure: invalid integer address"
	 - Location: ../../../../../runner/.rustup/toolchains/nightly-2025-11-21-x86_64-unknown-linux-gnu/lib/rustlib/src/rust/library/alloc/src/vec/mod.rs:2854:19 in function std::vec::Vec::<std::option::Option<value::SlotValue>>::len

Check 283: std::alloc::Layout::alignment.pointer_dereference.1
	 - Status: SUCCESS
	 - Description: "dereference failure: pointer NULL"
	 - Location: ../../../../../runner/.rustup/toolchains/nightly-2025-11-21-x86_64-unknown-linux-gnu/lib/rustlib/src/rust/library/core/src/alloc/layout.rs:515:9 in function std::alloc::Layout::alignment

Check 284: std::alloc::Layout::alignment.pointer_dereference.2
	 - Status: SUCCESS
	 - Description: "dereference failure: pointer invalid"
	 - Location: ../../../../../runner/.rustup/toolchains/nightly-2025-11-21-x86_64-unknown-linux-gnu/lib/rustlib/src/rust/library/core/src/alloc/layout.rs:515:9 in function std::alloc::Layout::alignment

Check 285: std::alloc::Layout::alignment.pointer_dereference.3
	 - Status: SUCCESS
	 - Description: "dereference failure: deallocated dynamic object"
	 - Location: ../../../../../runner/.rustup/toolchains/nightly-2025-11-21-x86_64-unknown-linux-gnu/lib/rustlib/src/rust/library/core/src/alloc/layout.rs:515:9 in function std::alloc::Layout::alignment

Check 286: std::alloc::Layout::alignment.pointer_dereference.4
	 - Status: SUCCESS
	 - Description: "dereference failure: dead object"
	 - Location: ../../../../../runner/.rustup/toolchains/nightly-2025-11-21-x86_64-unknown-linux-gnu/lib/rustlib/src/rust/library/core/src/alloc/layout.rs:515:9 in function std::alloc::Layout::alignment

Check 287: std::alloc::Layout::alignment.pointer_dereference.5
	 - Status: SUCCESS
	 - Description: "dereference failure: pointer outside object bounds"
	 - Location: ../../../../../runner/.rustup/toolchains/nightly-2025-11-21-x86_64-unknown-linux-gnu/lib/rustlib/src/rust/library/core/src/alloc/layout.rs:515:9 in function std::alloc::Layout::alignment

Check 288: std::alloc::Layout::alignment.pointer_dereference.6
	 - Status: SUCCESS
	 - Description: "dereference failure: invalid integer address"
	 - Location: ../../../../../runner/.rustup/toolchains/nightly-2025-11-21-x86_64-unknown-linux-gnu/lib/rustlib/src/rust/library/core/src/alloc/layout.rs:515:9 in function std::alloc::Layout::alignment

Check 289: std::alloc::Layout::size.pointer_dereference.1
	 - Status: SUCCESS
	 - Description: "dereference failure: pointer NULL"
	 - Location: ../../../../../runner/.rustup/toolchains/nightly-2025-11-21-x86_64-unknown-linux-gnu/lib/rustlib/src/rust/library/core/src/alloc/layout.rs:140:9 in function std::alloc::Layout::size

Check 290: std::alloc::Layout::size.pointer_dereference.2
	 - Status: SUCCESS
	 - Description: "dereference failure: pointer invalid"
	 - Location: ../../../../../runner/.rustup/toolchains/nightly-2025-11-21-x86_64-unknown-linux-gnu/lib/rustlib/src/rust/library/core/src/alloc/layout.rs:140:9 in function std::alloc::Layout::size

Check 291: std::alloc::Layout::size.pointer_dereference.3
	 - Status: SUCCESS
	 - Description: "dereference failure: deallocated dynamic object"
	 - Location: ../../../../../runner/.rustup/toolchains/nightly-2025-11-21-x86_64-unknown-linux-gnu/lib/rustlib/src/rust/library/core/src/alloc/layout.rs:140:9 in function std::alloc::Layout::size

Check 292: std::alloc::Layout::size.pointer_dereference.4
	 - Status: SUCCESS
	 - Description: "dereference failure: dead object"
	 - Location: ../../../../../runner/.rustup/toolchains/nightly-2025-11-21-x86_64-unknown-linux-gnu/lib/rustlib/src/rust/library/core/src/alloc/layout.rs:140:9 in function std::alloc::Layout::size

Check 293: std::alloc::Layout::size.pointer_dereference.5
	 - Status: SUCCESS
	 - Description: "dereference failure: pointer outside object bounds"
	 - Location: ../../../../../runner/.rustup/toolchains/nightly-2025-11-21-x86_64-unknown-linux-gnu/lib/rustlib/src/rust/library/core/src/alloc/layout.rs:140:9 in function std::alloc::Layout::size

Check 294: std::alloc::Layout::size.pointer_dereference.6
	 - Status: SUCCESS
	 - Description: "dereference failure: invalid integer address"
	 - Location: ../../../../../runner/.rustup/toolchains/nightly-2025-11-21-x86_64-unknown-linux-gnu/lib/rustlib/src/rust/library/core/src/alloc/layout.rs:140:9 in function std::alloc::Layout::size

Check 295: <usize as std::slice::SliceIndex<[std::option::Option<value::SlotValue>]>>::get_mut.pointer_dereference.1
	 - Status: SUCCESS
	 - Description: "dereference failure: dead object"
	 - Location: ../../../../../runner/.rustup/toolchains/nightly-2025-11-21-x86_64-unknown-linux-gnu/lib/rustlib/src/rust/library/core/src/slice/index.rs:233:13 in function <usize as std::slice::SliceIndex<[std::option::Option<value::SlotValue>]>>::get_mut

Check 296: std::option::Option::<&value::Taint>::copied.pointer_dereference.1
	 - Status: SUCCESS
	 - Description: "dereference failure: dead object"
	 - Location: ../../../../../runner/.rustup/toolchains/nightly-2025-11-21-x86_64-unknown-linux-gnu/lib/rustlib/src/rust/library/core/src/option.rs:2058:15 in function std::option::Option::<&value::Taint>::copied

Check 297: std::option::Option::<&value::Taint>::copied.pointer_dereference.2
	 - Status: SUCCESS
	 - Description: "dereference failure: pointer NULL"
	 - Location: ../../../../../runner/.rustup/toolchains/nightly-2025-11-21-x86_64-unknown-linux-gnu/lib/rustlib/src/rust/library/core/src/option.rs:2059:19 in function std::option::Option::<&value::Taint>::copied

Check 298: std::option::Option::<&value::Taint>::copied.pointer_dereference.3
	 - Status: SUCCESS
	 - Description: "dereference failure: pointer invalid"
	 - Location: ../../../../../runner/.rustup/toolchains/nightly-2025-11-21-x86_64-unknown-linux-gnu/lib/rustlib/src/rust/library/core/src/option.rs:2059:19 in function std::option::Option::<&value::Taint>::copied

Check 299: std::option::Option::<&value::Taint>::copied.pointer_dereference.4
	 - Status: SUCCESS
	 - Description: "dereference failure: deallocated dynamic object"
	 - Location: ../../../../../runner/.rustup/toolchains/nightly-2025-11-21-x86_64-unknown-linux-gnu/lib/rustlib/src/rust/library/core/src/option.rs:2059:19 in function std::option::Option::<&value::Taint>::copied

Check 300: std::option::Option::<&value::Taint>::copied.pointer_dereference.5
	 - Status: SUCCESS
	 - Description: "dereference failure: dead object"
	 - Location: ../../../../../runner/.rustup/toolchains/nightly-2025-11-21-x86_64-unknown-linux-gnu/lib/rustlib/src/rust/library/core/src/option.rs:2059:19 in function std::option::Option::<&value::Taint>::copied

Check 301: std::option::Option::<&value::Taint>::copied.pointer_dereference.6
	 - Status: SUCCESS
	 - Description: "dereference failure: pointer outside object bounds"
	 - Location: ../../../../../runner/.rustup/toolchains/nightly-2025-11-21-x86_64-unknown-linux-gnu/lib/rustlib/src/rust/library/core/src/option.rs:2059:19 in function std::option::Option::<&value::Taint>::copied

Check 302: std::option::Option::<&value::Taint>::copied.pointer_dereference.7
	 - Status: SUCCESS
	 - Description: "dereference failure: invalid integer address"
	 - Location: ../../../../../runner/.rustup/toolchains/nightly-2025-11-21-x86_64-unknown-linux-gnu/lib/rustlib/src/rust/library/core/src/option.rs:2059:19 in function std::option::Option::<&value::Taint>::copied

Check 303: std::option::Option::<&value::Taint>::copied.pointer_dereference.8
	 - Status: SUCCESS
	 - Description: "dereference failure: dead object"
	 - Location: ../../../../../runner/.rustup/toolchains/nightly-2025-11-21-x86_64-unknown-linux-gnu/lib/rustlib/src/rust/library/core/src/option.rs:2060:21 in function std::option::Option::<&value::Taint>::copied

Check 304: std::boxed::Box::<[std::mem::MaybeUninit<frame::StepState>]>::into_raw_with_allocator.pointer_dereference.1
	 - Status: SUCCESS
	 - Description: "dereference failure: pointer NULL"
	 - Location: ../../../../../runner/.rustup/toolchains/nightly-2025-11-21-x86_64-unknown-linux-gnu/lib/rustlib/src/rust/library/alloc/src/boxed.rs:1485:19 in function std::boxed::Box::<[std::mem::MaybeUninit<frame::StepState>]>::into_raw_with_allocator

Check 305: std::boxed::Box::<[std::mem::MaybeUninit<frame::StepState>]>::into_raw_with_allocator.pointer_dereference.2
	 - Status: SUCCESS
	 - Description: "dereference failure: pointer invalid"
	 - Location: ../../../../../runner/.rustup/toolchains/nightly-2025-11-21-x86_64-unknown-linux-gnu/lib/rustlib/src/rust/library/alloc/src/boxed.rs:1485:19 in function std::boxed::Box::<[std::mem::MaybeUninit<frame::StepState>]>::into_raw_with_allocator

Check 306: std::boxed::Box::<[std::mem::MaybeUninit<frame::StepState>]>::into_raw_with_allocator.pointer_dereference.3
	 - Status: SUCCESS
	 - Description: "dereference failure: deallocated dynamic object"
	 - Location: ../../../../../runner/.rustup/toolchains/nightly-2025-11-21-x86_64-unknown-linux-gnu/lib/rustlib/src/rust/library/alloc/src/boxed.rs:1485:19 in function std::boxed::Box::<[std::mem::MaybeUninit<frame::StepState>]>::into_raw_with_allocator

Check 307: std::boxed::Box::<[std::mem::MaybeUninit<frame::StepState>]>::into_raw_with_allocator.pointer_dereference.4
	 - Status: SUCCESS
	 - Description: "dereference failure: dead object"
	 - Location: ../../../../../runner/.rustup/toolchains/nightly-2025-11-21-x86_64-unknown-linux-gnu/lib/rustlib/src/rust/library/alloc/src/boxed.rs:1485:19 in function std::boxed::Box::<[std::mem::MaybeUninit<frame::StepState>]>::into_raw_with_allocator

Check 308: std::boxed::Box::<[std::mem::MaybeUninit<frame::StepState>]>::into_raw_with_allocator.pointer_dereference.5
	 - Status: SUCCESS
	 - Description: "dereference failure: pointer outside object bounds"
	 - Location: ../../../../../runner/.rustup/toolchains/nightly-2025-11-21-x86_64-unknown-linux-gnu/lib/rustlib/src/rust/library/alloc/src/boxed.rs:1485:19 in function std::boxed::Box::<[std::mem::MaybeUninit<frame::StepState>]>::into_raw_with_allocator

Check 309: std::boxed::Box::<[std::mem::MaybeUninit<frame::StepState>]>::into_raw_with_allocator.pointer_dereference.6
	 - Status: SUCCESS
	 - Description: "dereference failure: invalid integer address"
	 - Location: ../../../../../runner/.rustup/toolchains/nightly-2025-11-21-x86_64-unknown-linux-gnu/lib/rustlib/src/rust/library/alloc/src/boxed.rs:1485:19 in function std::boxed::Box::<[std::mem::MaybeUninit<frame::StepState>]>::into_raw_with_allocator

Check 310: <std::result::Result<std::ptr::NonNull<u8>, std::alloc::AllocError> as std::ops::Try>::branch.pointer_dereference.1
	 - Status: SUCCESS
	 - Description: "dereference failure: dead object"
	 - Location: ../../../../../runner/.rustup/toolchains/nightly-2025-11-21-x86_64-unknown-linux-gnu/lib/rustlib/src/rust/library/core/src/result.rs:2173:15 in function <std::result::Result<std::ptr::NonNull<u8>, std::alloc::AllocError> as std::ops::Try>::branch

Check 311: <std::result::Result<std::ptr::NonNull<u8>, std::alloc::AllocError> as std::ops::Try>::branch.pointer_dereference.2
	 - Status: SUCCESS
	 - Description: "dereference failure: dead object"
	 - Location: ../../../../../runner/.rustup/toolchains/nightly-2025-11-21-x86_64-unknown-linux-gnu/lib/rustlib/src/rust/library/core/src/result.rs:2175:23 in function <std::result::Result<std::ptr::NonNull<u8>, std::alloc::AllocError> as std::ops::Try>::branch

Check 312: frame::RunFrame::write_slot_with_taint.pointer_dereference.1
	 - Status: SUCCESS
	 - Description: "dereference failure: pointer NULL"
	 - Location: crates/vb_core/src/frame.rs:272:10 in function frame::RunFrame::write_slot_with_taint

Check 313: frame::RunFrame::write_slot_with_taint.pointer_dereference.2
	 - Status: SUCCESS
	 - Description: "dereference failure: pointer invalid"
	 - Location: crates/vb_core/src/frame.rs:272:10 in function frame::RunFrame::write_slot_with_taint

Check 314: frame::RunFrame::write_slot_with_taint.pointer_dereference.3
	 - Status: SUCCESS
	 - Description: "dereference failure: deallocated dynamic object"
	 - Location: crates/vb_core/src/frame.rs:272:10 in function frame::RunFrame::write_slot_with_taint

Check 315: frame::RunFrame::write_slot_with_taint.pointer_dereference.4
	 - Status: SUCCESS
	 - Description: "dereference failure: dead object"
	 - Location: crates/vb_core/src/frame.rs:272:10 in function frame::RunFrame::write_slot_with_taint

Check 316: frame::RunFrame::write_slot_with_taint.pointer_dereference.5
	 - Status: SUCCESS
	 - Description: "dereference failure: pointer outside object bounds"
	 - Location: crates/vb_core/src/frame.rs:272:10 in function frame::RunFrame::write_slot_with_taint

Check 317: frame::RunFrame::write_slot_with_taint.pointer_dereference.6
	 - Status: SUCCESS
	 - Description: "dereference failure: invalid integer address"
	 - Location: crates/vb_core/src/frame.rs:272:10 in function frame::RunFrame::write_slot_with_taint

Check 318: frame::RunFrame::write_slot_with_taint.pointer_dereference.7
	 - Status: SUCCESS
	 - Description: "dereference failure: dead object"
	 - Location: crates/vb_core/src/frame.rs:272:10 in function frame::RunFrame::write_slot_with_taint

Check 319: frame::RunFrame::write_slot_with_taint.pointer_dereference.8
	 - Status: SUCCESS
	 - Description: "dereference failure: pointer NULL"
	 - Location: crates/vb_core/src/frame.rs:272:9 in function frame::RunFrame::write_slot_with_taint

Check 320: frame::RunFrame::write_slot_with_taint.pointer_dereference.9
	 - Status: SUCCESS
	 - Description: "dereference failure: pointer invalid"
	 - Location: crates/vb_core/src/frame.rs:272:9 in function frame::RunFrame::write_slot_with_taint

Check 321: frame::RunFrame::write_slot_with_taint.pointer_dereference.10
	 - Status: SUCCESS
	 - Description: "dereference failure: deallocated dynamic object"
	 - Location: crates/vb_core/src/frame.rs:272:9 in function frame::RunFrame::write_slot_with_taint

Check 322: frame::RunFrame::write_slot_with_taint.pointer_dereference.11
	 - Status: SUCCESS
	 - Description: "dereference failure: dead object"
	 - Location: crates/vb_core/src/frame.rs:272:9 in function frame::RunFrame::write_slot_with_taint

Check 323: frame::RunFrame::write_slot_with_taint.pointer_dereference.12
	 - Status: SUCCESS
	 - Description: "dereference failure: pointer outside object bounds"
	 - Location: crates/vb_core/src/frame.rs:272:9 in function frame::RunFrame::write_slot_with_taint

Check 324: frame::RunFrame::write_slot_with_taint.pointer_dereference.13
	 - Status: SUCCESS
	 - Description: "dereference failure: invalid integer address"
	 - Location: crates/vb_core/src/frame.rs:272:9 in function frame::RunFrame::write_slot_with_taint

Check 325: frame::RunFrame::write_slot_with_taint.pointer_dereference.14
	 - Status: SUCCESS
	 - Description: "dereference failure: pointer NULL"
	 - Location: crates/vb_core/src/frame.rs:276:10 in function frame::RunFrame::write_slot_with_taint

Check 326: frame::RunFrame::write_slot_with_taint.pointer_dereference.15
	 - Status: SUCCESS
	 - Description: "dereference failure: pointer invalid"
	 - Location: crates/vb_core/src/frame.rs:276:10 in function frame::RunFrame::write_slot_with_taint

Check 327: frame::RunFrame::write_slot_with_taint.pointer_dereference.16
	 - Status: SUCCESS
	 - Description: "dereference failure: deallocated dynamic object"
	 - Location: crates/vb_core/src/frame.rs:276:10 in function frame::RunFrame::write_slot_with_taint

Check 328: frame::RunFrame::write_slot_with_taint.pointer_dereference.17
	 - Status: SUCCESS
	 - Description: "dereference failure: dead object"
	 - Location: crates/vb_core/src/frame.rs:276:10 in function frame::RunFrame::write_slot_with_taint

Check 329: frame::RunFrame::write_slot_with_taint.pointer_dereference.18
	 - Status: SUCCESS
	 - Description: "dereference failure: pointer outside object bounds"
	 - Location: crates/vb_core/src/frame.rs:276:10 in function frame::RunFrame::write_slot_with_taint

Check 330: frame::RunFrame::write_slot_with_taint.pointer_dereference.19
	 - Status: SUCCESS
	 - Description: "dereference failure: invalid integer address"
	 - Location: crates/vb_core/src/frame.rs:276:10 in function frame::RunFrame::write_slot_with_taint

Check 331: frame::RunFrame::write_slot_with_taint.pointer_dereference.20
	 - Status: SUCCESS
	 - Description: "dereference failure: dead object"
	 - Location: crates/vb_core/src/frame.rs:276:10 in function frame::RunFrame::write_slot_with_taint

Check 332: frame::RunFrame::write_slot_with_taint.pointer_dereference.21
	 - Status: SUCCESS
	 - Description: "dereference failure: pointer NULL"
	 - Location: crates/vb_core/src/frame.rs:276:9 in function frame::RunFrame::write_slot_with_taint

Check 333: frame::RunFrame::write_slot_with_taint.pointer_dereference.22
	 - Status: SUCCESS
	 - Description: "dereference failure: pointer invalid"
	 - Location: crates/vb_core/src/frame.rs:276:9 in function frame::RunFrame::write_slot_with_taint

Check 334: frame::RunFrame::write_slot_with_taint.pointer_dereference.23
	 - Status: SUCCESS
	 - Description: "dereference failure: deallocated dynamic object"
	 - Location: crates/vb_core/src/frame.rs:276:9 in function frame::RunFrame::write_slot_with_taint

Check 335: frame::RunFrame::write_slot_with_taint.pointer_dereference.24
	 - Status: SUCCESS
	 - Description: "dereference failure: dead object"
	 - Location: crates/vb_core/src/frame.rs:276:9 in function frame::RunFrame::write_slot_with_taint

Check 336: frame::RunFrame::write_slot_with_taint.pointer_dereference.25
	 - Status: SUCCESS
	 - Description: "dereference failure: pointer outside object bounds"
	 - Location: crates/vb_core/src/frame.rs:276:9 in function frame::RunFrame::write_slot_with_taint

Check 337: frame::RunFrame::write_slot_with_taint.pointer_dereference.26
	 - Status: SUCCESS
	 - Description: "dereference failure: invalid integer address"
	 - Location: crates/vb_core/src/frame.rs:276:9 in function frame::RunFrame::write_slot_with_taint

Check 338: frame::RunFrame::write_slot_with_taint.pointer_dereference.27
	 - Status: SUCCESS
	 - Description: "dereference failure: dead object"
	 - Location: crates/vb_core/src/frame.rs:280:9 in function frame::RunFrame::write_slot_with_taint

Check 339: alloc::raw_vec::RawVecInner::current_memory.pointer_dereference.1
	 - Status: SUCCESS
	 - Description: "dereference failure: pointer NULL"
	 - Location: ../../../../../runner/.rustup/toolchains/nightly-2025-11-21-x86_64-unknown-linux-gnu/lib/rustlib/src/rust/library/alloc/src/raw_vec/mod.rs:523:39 in function alloc::raw_vec::RawVecInner::current_memory

Check 340: alloc::raw_vec::RawVecInner::current_memory.pointer_dereference.2
	 - Status: SUCCESS
	 - Description: "dereference failure: pointer invalid"
	 - Location: ../../../../../runner/.rustup/toolchains/nightly-2025-11-21-x86_64-unknown-linux-gnu/lib/rustlib/src/rust/library/alloc/src/raw_vec/mod.rs:523:39 in function alloc::raw_vec::RawVecInner::current_memory

Check 341: alloc::raw_vec::RawVecInner::current_memory.pointer_dereference.3
	 - Status: SUCCESS
	 - Description: "dereference failure: deallocated dynamic object"
	 - Location: ../../../../../runner/.rustup/toolchains/nightly-2025-11-21-x86_64-unknown-linux-gnu/lib/rustlib/src/rust/library/alloc/src/raw_vec/mod.rs:523:39 in function alloc::raw_vec::RawVecInner::current_memory

Check 342: alloc::raw_vec::RawVecInner::current_memory.pointer_dereference.4
	 - Status: SUCCESS
	 - Description: "dereference failure: dead object"
	 - Location: ../../../../../runner/.rustup/toolchains/nightly-2025-11-21-x86_64-unknown-linux-gnu/lib/rustlib/src/rust/library/alloc/src/raw_vec/mod.rs:523:39 in function alloc::raw_vec::RawVecInner::current_memory

Check 343: alloc::raw_vec::RawVecInner::current_memory.pointer_dereference.5
	 - Status: SUCCESS
	 - Description: "dereference failure: pointer outside object bounds"
	 - Location: ../../../../../runner/.rustup/toolchains/nightly-2025-11-21-x86_64-unknown-linux-gnu/lib/rustlib/src/rust/library/alloc/src/raw_vec/mod.rs:523:39 in function alloc::raw_vec::RawVecInner::current_memory

Check 344: alloc::raw_vec::RawVecInner::current_memory.pointer_dereference.6
	 - Status: SUCCESS
	 - Description: "dereference failure: invalid integer address"
	 - Location: ../../../../../runner/.rustup/toolchains/nightly-2025-11-21-x86_64-unknown-linux-gnu/lib/rustlib/src/rust/library/alloc/src/raw_vec/mod.rs:523:39 in function alloc::raw_vec::RawVecInner::current_memory

Check 345: alloc::raw_vec::RawVecInner::current_memory.pointer_dereference.7
	 - Status: SUCCESS
	 - Description: "dereference failure: pointer NULL"
	 - Location: ../../../../../runner/.rustup/toolchains/nightly-2025-11-21-x86_64-unknown-linux-gnu/lib/rustlib/src/rust/library/alloc/src/raw_vec/mod.rs:531:67 in function alloc::raw_vec::RawVecInner::current_memory

Check 346: alloc::raw_vec::RawVecInner::current_memory.pointer_dereference.8
	 - Status: SUCCESS
	 - Description: "dereference failure: pointer invalid"
	 - Location: ../../../../../runner/.rustup/toolchains/nightly-2025-11-21-x86_64-unknown-linux-gnu/lib/rustlib/src/rust/library/alloc/src/raw_vec/mod.rs:531:67 in function alloc::raw_vec::RawVecInner::current_memory

Check 347: alloc::raw_vec::RawVecInner::current_memory.pointer_dereference.9
	 - Status: SUCCESS
	 - Description: "dereference failure: deallocated dynamic object"
	 - Location: ../../../../../runner/.rustup/toolchains/nightly-2025-11-21-x86_64-unknown-linux-gnu/lib/rustlib/src/rust/library/alloc/src/raw_vec/mod.rs:531:67 in function alloc::raw_vec::RawVecInner::current_memory

Check 348: alloc::raw_vec::RawVecInner::current_memory.pointer_dereference.10
	 - Status: SUCCESS
	 - Description: "dereference failure: dead object"
	 - Location: ../../../../../runner/.rustup/toolchains/nightly-2025-11-21-x86_64-unknown-linux-gnu/lib/rustlib/src/rust/library/alloc/src/raw_vec/mod.rs:531:67 in function alloc::raw_vec::RawVecInner::current_memory

Check 349: alloc::raw_vec::RawVecInner::current_memory.pointer_dereference.11
	 - Status: SUCCESS
	 - Description: "dereference failure: pointer outside object bounds"
	 - Location: ../../../../../runner/.rustup/toolchains/nightly-2025-11-21-x86_64-unknown-linux-gnu/lib/rustlib/src/rust/library/alloc/src/raw_vec/mod.rs:531:67 in function alloc::raw_vec::RawVecInner::current_memory

Check 350: alloc::raw_vec::RawVecInner::current_memory.pointer_dereference.12
	 - Status: SUCCESS
	 - Description: "dereference failure: invalid integer address"
	 - Location: ../../../../../runner/.rustup/toolchains/nightly-2025-11-21-x86_64-unknown-linux-gnu/lib/rustlib/src/rust/library/alloc/src/raw_vec/mod.rs:531:67 in function alloc::raw_vec::RawVecInner::current_memory

Check 351: alloc::raw_vec::RawVecInner::current_memory.pointer_dereference.13
	 - Status: SUCCESS
	 - Description: "dereference failure: pointer NULL"
	 - Location: ../../../../../runner/.rustup/toolchains/nightly-2025-11-21-x86_64-unknown-linux-gnu/lib/rustlib/src/rust/library/alloc/src/raw_vec/mod.rs:533:23 in function alloc::raw_vec::RawVecInner::current_memory

Check 352: alloc::raw_vec::RawVecInner::current_memory.pointer_dereference.14
	 - Status: SUCCESS
	 - Description: "dereference failure: pointer invalid"
	 - Location: ../../../../../runner/.rustup/toolchains/nightly-2025-11-21-x86_64-unknown-linux-gnu/lib/rustlib/src/rust/library/alloc/src/raw_vec/mod.rs:533:23 in function alloc::raw_vec::RawVecInner::current_memory

Check 353: alloc::raw_vec::RawVecInner::current_memory.pointer_dereference.15
	 - Status: SUCCESS
	 - Description: "dereference failure: deallocated dynamic object"
	 - Location: ../../../../../runner/.rustup/toolchains/nightly-2025-11-21-x86_64-unknown-linux-gnu/lib/rustlib/src/rust/library/alloc/src/raw_vec/mod.rs:533:23 in function alloc::raw_vec::RawVecInner::current_memory

Check 354: alloc::raw_vec::RawVecInner::current_memory.pointer_dereference.16
	 - Status: SUCCESS
	 - Description: "dereference failure: dead object"
	 - Location: ../../../../../runner/.rustup/toolchains/nightly-2025-11-21-x86_64-unknown-linux-gnu/lib/rustlib/src/rust/library/alloc/src/raw_vec/mod.rs:533:23 in function alloc::raw_vec::RawVecInner::current_memory

Check 355: alloc::raw_vec::RawVecInner::current_memory.pointer_dereference.17
	 - Status: SUCCESS
	 - Description: "dereference failure: pointer outside object bounds"
	 - Location: ../../../../../runner/.rustup/toolchains/nightly-2025-11-21-x86_64-unknown-linux-gnu/lib/rustlib/src/rust/library/alloc/src/raw_vec/mod.rs:533:23 in function alloc::raw_vec::RawVecInner::current_memory

Check 356: alloc::raw_vec::RawVecInner::current_memory.pointer_dereference.18
	 - Status: SUCCESS
	 - Description: "dereference failure: invalid integer address"
	 - Location: ../../../../../runner/.rustup/toolchains/nightly-2025-11-21-x86_64-unknown-linux-gnu/lib/rustlib/src/rust/library/alloc/src/raw_vec/mod.rs:533:23 in function alloc::raw_vec::RawVecInner::current_memory

Check 357: alloc::raw_vec::RawVecInner::current_memory.pointer_dereference.19
	 - Status: SUCCESS
	 - Description: "dereference failure: dead object"
	 - Location: ../../../../../runner/.rustup/toolchains/nightly-2025-11-21-x86_64-unknown-linux-gnu/lib/rustlib/src/rust/library/alloc/src/raw_vec/mod.rs:524:13 in function alloc::raw_vec::RawVecInner::current_memory

Check 358: std::alloc::Layout::repeat_packed.pointer_dereference.1
	 - Status: SUCCESS
	 - Description: "dereference failure: pointer NULL"
	 - Location: ../../../../../runner/.rustup/toolchains/nightly-2025-11-21-x86_64-unknown-linux-gnu/lib/rustlib/src/rust/library/core/src/alloc/layout.rs:448:29 in function std::alloc::Layout::repeat_packed

Check 359: std::alloc::Layout::repeat_packed.pointer_dereference.2
	 - Status: SUCCESS
	 - Description: "dereference failure: pointer invalid"
	 - Location: ../../../../../runner/.rustup/toolchains/nightly-2025-11-21-x86_64-unknown-linux-gnu/lib/rustlib/src/rust/library/core/src/alloc/layout.rs:448:29 in function std::alloc::Layout::repeat_packed

Check 360: std::alloc::Layout::repeat_packed.pointer_dereference.3
	 - Status: SUCCESS
	 - Description: "dereference failure: deallocated dynamic object"
	 - Location: ../../../../../runner/.rustup/toolchains/nightly-2025-11-21-x86_64-unknown-linux-gnu/lib/rustlib/src/rust/library/core/src/alloc/layout.rs:448:29 in function std::alloc::Layout::repeat_packed

Check 361: std::alloc::Layout::repeat_packed.pointer_dereference.4
	 - Status: SUCCESS
	 - Description: "dereference failure: dead object"
	 - Location: ../../../../../runner/.rustup/toolchains/nightly-2025-11-21-x86_64-unknown-linux-gnu/lib/rustlib/src/rust/library/core/src/alloc/layout.rs:448:29 in function std::alloc::Layout::repeat_packed

Check 362: std::alloc::Layout::repeat_packed.pointer_dereference.5
	 - Status: SUCCESS
	 - Description: "dereference failure: pointer outside object bounds"
	 - Location: ../../../../../runner/.rustup/toolchains/nightly-2025-11-21-x86_64-unknown-linux-gnu/lib/rustlib/src/rust/library/core/src/alloc/layout.rs:448:29 in function std::alloc::Layout::repeat_packed

Check 363: std::alloc::Layout::repeat_packed.pointer_dereference.6
	 - Status: SUCCESS
	 - Description: "dereference failure: invalid integer address"
	 - Location: ../../../../../runner/.rustup/toolchains/nightly-2025-11-21-x86_64-unknown-linux-gnu/lib/rustlib/src/rust/library/core/src/alloc/layout.rs:448:29 in function std::alloc::Layout::repeat_packed

Check 364: std::alloc::Layout::repeat_packed.pointer_dereference.7
	 - Status: SUCCESS
	 - Description: "dereference failure: dead object"
	 - Location: ../../../../../runner/.rustup/toolchains/nightly-2025-11-21-x86_64-unknown-linux-gnu/lib/rustlib/src/rust/library/core/src/alloc/layout.rs:452:13 in function std::alloc::Layout::repeat_packed

Check 365: std::alloc::Layout::repeat_packed.pointer_dereference.8
	 - Status: SUCCESS
	 - Description: "dereference failure: pointer NULL"
	 - Location: ../../../../../runner/.rustup/toolchains/nightly-2025-11-21-x86_64-unknown-linux-gnu/lib/rustlib/src/rust/library/core/src/alloc/layout.rs:450:47 in function std::alloc::Layout::repeat_packed

Check 366: std::alloc::Layout::repeat_packed.pointer_dereference.9
	 - Status: SUCCESS
	 - Description: "dereference failure: pointer invalid"
	 - Location: ../../../../../runner/.rustup/toolchains/nightly-2025-11-21-x86_64-unknown-linux-gnu/lib/rustlib/src/rust/library/core/src/alloc/layout.rs:450:47 in function std::alloc::Layout::repeat_packed

Check 367: std::alloc::Layout::repeat_packed.pointer_dereference.10
	 - Status: SUCCESS
	 - Description: "dereference failure: deallocated dynamic object"
	 - Location: ../../../../../runner/.rustup/toolchains/nightly-2025-11-21-x86_64-unknown-linux-gnu/lib/rustlib/src/rust/library/core/src/alloc/layout.rs:450:47 in function std::alloc::Layout::repeat_packed

Check 368: std::alloc::Layout::repeat_packed.pointer_dereference.11
	 - Status: SUCCESS
	 - Description: "dereference failure: dead object"
	 - Location: ../../../../../runner/.rustup/toolchains/nightly-2025-11-21-x86_64-unknown-linux-gnu/lib/rustlib/src/rust/library/core/src/alloc/layout.rs:450:47 in function std::alloc::Layout::repeat_packed

Check 369: std::alloc::Layout::repeat_packed.pointer_dereference.12
	 - Status: SUCCESS
	 - Description: "dereference failure: pointer outside object bounds"
	 - Location: ../../../../../runner/.rustup/toolchains/nightly-2025-11-21-x86_64-unknown-linux-gnu/lib/rustlib/src/rust/library/core/src/alloc/layout.rs:450:47 in function std::alloc::Layout::repeat_packed

Check 370: std::alloc::Layout::repeat_packed.pointer_dereference.13
	 - Status: SUCCESS
	 - Description: "dereference failure: invalid integer address"
	 - Location: ../../../../../runner/.rustup/toolchains/nightly-2025-11-21-x86_64-unknown-linux-gnu/lib/rustlib/src/rust/library/core/src/alloc/layout.rs:450:47 in function std::alloc::Layout::repeat_packed

Check 371: std::option::Option::<&mut std::option::Option<value::SlotValue>>::ok_or::<errors::CoreError>.pointer_dereference.1
	 - Status: SUCCESS
	 - Description: "dereference failure: dead object"
	 - Location: ../../../../../runner/.rustup/toolchains/nightly-2025-11-21-x86_64-unknown-linux-gnu/lib/rustlib/src/rust/library/core/src/option.rs:1338:15 in function std::option::Option::<&mut std::option::Option<value::SlotValue>>::ok_or::<errors::CoreError>

Check 372: std::option::Option::<&mut std::option::Option<value::SlotValue>>::ok_or::<errors::CoreError>.pointer_dereference.2
	 - Status: SUCCESS
	 - Description: "dereference failure: dead object"
	 - Location: ../../../../../runner/.rustup/toolchains/nightly-2025-11-21-x86_64-unknown-linux-gnu/lib/rustlib/src/rust/library/core/src/option.rs:1339:24 in function std::option::Option::<&mut std::option::Option<value::SlotValue>>::ok_or::<errors::CoreError>

Check 373: <std::boxed::Box<[frame::StepState]> as std::ops::Drop>::drop.pointer_dereference.1
	 - Status: SUCCESS
	 - Description: "dereference failure: pointer NULL"
	 - Location: ../../../../../runner/.rustup/toolchains/nightly-2025-11-21-x86_64-unknown-linux-gnu/lib/rustlib/src/rust/library/alloc/src/boxed.rs:1761:19 in function <std::boxed::Box<[frame::StepState]> as std::ops::Drop>::drop

Check 374: <std::boxed::Box<[frame::StepState]> as std::ops::Drop>::drop.pointer_dereference.2
	 - Status: SUCCESS
	 - Description: "dereference failure: pointer invalid"
	 - Location: ../../../../../runner/.rustup/toolchains/nightly-2025-11-21-x86_64-unknown-linux-gnu/lib/rustlib/src/rust/library/alloc/src/boxed.rs:1761:19 in function <std::boxed::Box<[frame::StepState]> as std::ops::Drop>::drop

Check 375: <std::boxed::Box<[frame::StepState]> as std::ops::Drop>::drop.pointer_dereference.3
	 - Status: SUCCESS
	 - Description: "dereference failure: deallocated dynamic object"
	 - Location: ../../../../../runner/.rustup/toolchains/nightly-2025-11-21-x86_64-unknown-linux-gnu/lib/rustlib/src/rust/library/alloc/src/boxed.rs:1761:19 in function <std::boxed::Box<[frame::StepState]> as std::ops::Drop>::drop

Check 376: <std::boxed::Box<[frame::StepState]> as std::ops::Drop>::drop.pointer_dereference.4
	 - Status: SUCCESS
	 - Description: "dereference failure: dead object"
	 - Location: ../../../../../runner/.rustup/toolchains/nightly-2025-11-21-x86_64-unknown-linux-gnu/lib/rustlib/src/rust/library/alloc/src/boxed.rs:1761:19 in function <std::boxed::Box<[frame::StepState]> as std::ops::Drop>::drop

Check 377: <std::boxed::Box<[frame::StepState]> as std::ops::Drop>::drop.pointer_dereference.5
	 - Status: SUCCESS
	 - Description: "dereference failure: pointer outside object bounds"
	 - Location: ../../../../../runner/.rustup/toolchains/nightly-2025-11-21-x86_64-unknown-linux-gnu/lib/rustlib/src/rust/library/alloc/src/boxed.rs:1761:19 in function <std::boxed::Box<[frame::StepState]> as std::ops::Drop>::drop

Check 378: <std::boxed::Box<[frame::StepState]> as std::ops::Drop>::drop.pointer_dereference.6
	 - Status: SUCCESS
	 - Description: "dereference failure: invalid integer address"
	 - Location: ../../../../../runner/.rustup/toolchains/nightly-2025-11-21-x86_64-unknown-linux-gnu/lib/rustlib/src/rust/library/alloc/src/boxed.rs:1761:19 in function <std::boxed::Box<[frame::StepState]> as std::ops::Drop>::drop

Check 379: std::result::Result::<(std::alloc::Layout, usize), std::alloc::LayoutError>::map::<std::alloc::Layout, {closure@alloc::raw_vec::layout_array::{closure#0}}>.pointer_dereference.1
	 - Status: SUCCESS
	 - Description: "dereference failure: dead object"
	 - Location: ../../../../../runner/.rustup/toolchains/nightly-2025-11-21-x86_64-unknown-linux-gnu/lib/rustlib/src/rust/library/core/src/result.rs:835:15 in function std::result::Result::<(std::alloc::Layout, usize), std::alloc::LayoutError>::map::<std::alloc::Layout, {closure@alloc::raw_vec::layout_array::{closure#0}}>

Check 380: std::result::Result::<(std::alloc::Layout, usize), std::alloc::LayoutError>::map::<std::alloc::Layout, {closure@alloc::raw_vec::layout_array::{closure#0}}>.pointer_dereference.2
	 - Status: SUCCESS
	 - Description: "dereference failure: dead object"
	 - Location: ../../../../../runner/.rustup/toolchains/nightly-2025-11-21-x86_64-unknown-linux-gnu/lib/rustlib/src/rust/library/core/src/result.rs:837:23 in function std::result::Result::<(std::alloc::Layout, usize), std::alloc::LayoutError>::map::<std::alloc::Layout, {closure@alloc::raw_vec::layout_array::{closure#0}}>

Check 381: std::vec::Vec::<value::Taint>::len.pointer_dereference.1
	 - Status: SUCCESS
	 - Description: "dereference failure: pointer NULL"
	 - Location: ../../../../../runner/.rustup/toolchains/nightly-2025-11-21-x86_64-unknown-linux-gnu/lib/rustlib/src/rust/library/alloc/src/vec/mod.rs:2854:19 in function std::vec::Vec::<value::Taint>::len

Check 382: std::vec::Vec::<value::Taint>::len.pointer_dereference.2
	 - Status: SUCCESS
	 - Description: "dereference failure: pointer invalid"
	 - Location: ../../../../../runner/.rustup/toolchains/nightly-2025-11-21-x86_64-unknown-linux-gnu/lib/rustlib/src/rust/library/alloc/src/vec/mod.rs:2854:19 in function std::vec::Vec::<value::Taint>::len

Check 383: std::vec::Vec::<value::Taint>::len.pointer_dereference.3
	 - Status: SUCCESS
	 - Description: "dereference failure: deallocated dynamic object"
	 - Location: ../../../../../runner/.rustup/toolchains/nightly-2025-11-21-x86_64-unknown-linux-gnu/lib/rustlib/src/rust/library/alloc/src/vec/mod.rs:2854:19 in function std::vec::Vec::<value::Taint>::len

Check 384: std::vec::Vec::<value::Taint>::len.pointer_dereference.4
	 - Status: SUCCESS
	 - Description: "dereference failure: dead object"
	 - Location: ../../../../../runner/.rustup/toolchains/nightly-2025-11-21-x86_64-unknown-linux-gnu/lib/rustlib/src/rust/library/alloc/src/vec/mod.rs:2854:19 in function std::vec::Vec::<value::Taint>::len

Check 385: std::vec::Vec::<value::Taint>::len.pointer_dereference.5
	 - Status: SUCCESS
	 - Description: "dereference failure: pointer outside object bounds"
	 - Location: ../../../../../runner/.rustup/toolchains/nightly-2025-11-21-x86_64-unknown-linux-gnu/lib/rustlib/src/rust/library/alloc/src/vec/mod.rs:2854:19 in function std::vec::Vec::<value::Taint>::len

Check 386: std::vec::Vec::<value::Taint>::len.pointer_dereference.6
	 - Status: SUCCESS
	 - Description: "dereference failure: invalid integer address"
	 - Location: ../../../../../runner/.rustup/toolchains/nightly-2025-11-21-x86_64-unknown-linux-gnu/lib/rustlib/src/rust/library/alloc/src/vec/mod.rs:2854:19 in function std::vec::Vec::<value::Taint>::len

Check 387: std::ptr::drop_in_place::<std::boxed::Box<[std::option::Option<value::SlotValue>]>>.pointer_dereference.1
	 - Status: SUCCESS
	 - Description: "dereference failure: pointer NULL"
	 - Location: ../../../../../runner/.rustup/toolchains/nightly-2025-11-21-x86_64-unknown-linux-gnu/lib/rustlib/src/rust/library/core/src/ptr/mod.rs:805:1 in function std::ptr::drop_in_place::<std::boxed::Box<[std::option::Option<value::SlotValue>]>>

Check 388: std::ptr::drop_in_place::<std::boxed::Box<[std::option::Option<value::SlotValue>]>>.pointer_dereference.2
	 - Status: SUCCESS
	 - Description: "dereference failure: pointer invalid"
	 - Location: ../../../../../runner/.rustup/toolchains/nightly-2025-11-21-x86_64-unknown-linux-gnu/lib/rustlib/src/rust/library/core/src/ptr/mod.rs:805:1 in function std::ptr::drop_in_place::<std::boxed::Box<[std::option::Option<value::SlotValue>]>>

Check 389: std::ptr::drop_in_place::<std::boxed::Box<[std::option::Option<value::SlotValue>]>>.pointer_dereference.3
	 - Status: SUCCESS
	 - Description: "dereference failure: deallocated dynamic object"
	 - Location: ../../../../../runner/.rustup/toolchains/nightly-2025-11-21-x86_64-unknown-linux-gnu/lib/rustlib/src/rust/library/core/src/ptr/mod.rs:805:1 in function std::ptr::drop_in_place::<std::boxed::Box<[std::option::Option<value::SlotValue>]>>

Check 390: std::ptr::drop_in_place::<std::boxed::Box<[std::option::Option<value::SlotValue>]>>.pointer_dereference.4
	 - Status: SUCCESS
	 - Description: "dereference failure: dead object"
	 - Location: ../../../../../runner/.rustup/toolchains/nightly-2025-11-21-x86_64-unknown-linux-gnu/lib/rustlib/src/rust/library/core/src/ptr/mod.rs:805:1 in function std::ptr::drop_in_place::<std::boxed::Box<[std::option::Option<value::SlotValue>]>>

Check 391: std::ptr::drop_in_place::<std::boxed::Box<[std::option::Option<value::SlotValue>]>>.pointer_dereference.5
	 - Status: SUCCESS
	 - Description: "dereference failure: pointer outside object bounds"
	 - Location: ../../../../../runner/.rustup/toolchains/nightly-2025-11-21-x86_64-unknown-linux-gnu/lib/rustlib/src/rust/library/core/src/ptr/mod.rs:805:1 in function std::ptr::drop_in_place::<std::boxed::Box<[std::option::Option<value::SlotValue>]>>

Check 392: std::ptr::drop_in_place::<std::boxed::Box<[std::option::Option<value::SlotValue>]>>.pointer_dereference.6
	 - Status: SUCCESS
	 - Description: "dereference failure: invalid integer address"
	 - Location: ../../../../../runner/.rustup/toolchains/nightly-2025-11-21-x86_64-unknown-linux-gnu/lib/rustlib/src/rust/library/core/src/ptr/mod.rs:805:1 in function std::ptr::drop_in_place::<std::boxed::Box<[std::option::Option<value::SlotValue>]>>

Check 393: std::alloc::Layout::from_size_alignment.pointer_dereference.1
	 - Status: SUCCESS
	 - Description: "dereference failure: dead object"
	 - Location: ../../../../../runner/.rustup/toolchains/nightly-2025-11-21-x86_64-unknown-linux-gnu/lib/rustlib/src/rust/library/core/src/alloc/layout.rs:102:20 in function std::alloc::Layout::from_size_alignment

Check 394: std::alloc::Global::grow_impl.pointer_dereference.1
	 - Status: SUCCESS
	 - Description: "dereference failure: dead object"
	 - Location: ../../../../../runner/.rustup/toolchains/nightly-2025-11-21-x86_64-unknown-linux-gnu/lib/rustlib/src/rust/library/alloc/src/alloc.rs:224:27 in function std::alloc::Global::grow_impl

Check 395: std::alloc::Global::grow_impl.pointer_dereference.2
	 - Status: SUCCESS
	 - Description: "dereference failure: dead object"
	 - Location: ../../../../../runner/.rustup/toolchains/nightly-2025-11-21-x86_64-unknown-linux-gnu/lib/rustlib/src/rust/library/alloc/src/alloc.rs:237:31 in function std::alloc::Global::grow_impl

Check 396: std::vec::Vec::<std::option::Option<value::SlotValue>>::shrink_to_fit.pointer_dereference.1
	 - Status: SUCCESS
	 - Description: "dereference failure: pointer NULL"
	 - Location: ../../../../../runner/.rustup/toolchains/nightly-2025-11-21-x86_64-unknown-linux-gnu/lib/rustlib/src/rust/library/alloc/src/vec/mod.rs:1435:30 in function std::vec::Vec::<std::option::Option<value::SlotValue>>::shrink_to_fit

Check 397: std::vec::Vec::<std::option::Option<value::SlotValue>>::shrink_to_fit.pointer_dereference.2
	 - Status: SUCCESS
	 - Description: "dereference failure: pointer invalid"
	 - Location: ../../../../../runner/.rustup/toolchains/nightly-2025-11-21-x86_64-unknown-linux-gnu/lib/rustlib/src/rust/library/alloc/src/vec/mod.rs:1435:30 in function std::vec::Vec::<std::option::Option<value::SlotValue>>::shrink_to_fit

Check 398: std::vec::Vec::<std::option::Option<value::SlotValue>>::shrink_to_fit.pointer_dereference.3
	 - Status: SUCCESS
	 - Description: "dereference failure: deallocated dynamic object"
	 - Location: ../../../../../runner/.rustup/toolchains/nightly-2025-11-21-x86_64-unknown-linux-gnu/lib/rustlib/src/rust/library/alloc/src/vec/mod.rs:1435:30 in function std::vec::Vec::<std::option::Option<value::SlotValue>>::shrink_to_fit

Check 399: std::vec::Vec::<std::option::Option<value::SlotValue>>::shrink_to_fit.pointer_dereference.4
	 - Status: SUCCESS
	 - Description: "dereference failure: dead object"
	 - Location: ../../../../../runner/.rustup/toolchains/nightly-2025-11-21-x86_64-unknown-linux-gnu/lib/rustlib/src/rust/library/alloc/src/vec/mod.rs:1435:30 in function std::vec::Vec::<std::option::Option<value::SlotValue>>::shrink_to_fit

Check 400: std::vec::Vec::<std::option::Option<value::SlotValue>>::shrink_to_fit.pointer_dereference.5
	 - Status: SUCCESS
	 - Description: "dereference failure: pointer outside object bounds"
	 - Location: ../../../../../runner/.rustup/toolchains/nightly-2025-11-21-x86_64-unknown-linux-gnu/lib/rustlib/src/rust/library/alloc/src/vec/mod.rs:1435:30 in function std::vec::Vec::<std::option::Option<value::SlotValue>>::shrink_to_fit

Check 401: std::vec::Vec::<std::option::Option<value::SlotValue>>::shrink_to_fit.pointer_dereference.6
	 - Status: SUCCESS
	 - Description: "dereference failure: invalid integer address"
	 - Location: ../../../../../runner/.rustup/toolchains/nightly-2025-11-21-x86_64-unknown-linux-gnu/lib/rustlib/src/rust/library/alloc/src/vec/mod.rs:1435:30 in function std::vec::Vec::<std::option::Option<value::SlotValue>>::shrink_to_fit

Check 402: std::vec::Vec::<std::option::Option<value::SlotValue>>::shrink_to_fit.pointer_dereference.7
	 - Status: SUCCESS
	 - Description: "dereference failure: pointer NULL"
	 - Location: ../../../../../runner/.rustup/toolchains/nightly-2025-11-21-x86_64-unknown-linux-gnu/lib/rustlib/src/rust/library/alloc/src/vec/mod.rs:1436:36 in function std::vec::Vec::<std::option::Option<value::SlotValue>>::shrink_to_fit

Check 403: std::vec::Vec::<std::option::Option<value::SlotValue>>::shrink_to_fit.pointer_dereference.8
	 - Status: SUCCESS
	 - Description: "dereference failure: pointer invalid"
	 - Location: ../../../../../runner/.rustup/toolchains/nightly-2025-11-21-x86_64-unknown-linux-gnu/lib/rustlib/src/rust/library/alloc/src/vec/mod.rs:1436:36 in function std::vec::Vec::<std::option::Option<value::SlotValue>>::shrink_to_fit

Check 404: std::vec::Vec::<std::option::Option<value::SlotValue>>::shrink_to_fit.pointer_dereference.9
	 - Status: SUCCESS
	 - Description: "dereference failure: deallocated dynamic object"
	 - Location: ../../../../../runner/.rustup/toolchains/nightly-2025-11-21-x86_64-unknown-linux-gnu/lib/rustlib/src/rust/library/alloc/src/vec/mod.rs:1436:36 in function std::vec::Vec::<std::option::Option<value::SlotValue>>::shrink_to_fit

Check 405: std::vec::Vec::<std::option::Option<value::SlotValue>>::shrink_to_fit.pointer_dereference.10
	 - Status: SUCCESS
	 - Description: "dereference failure: dead object"
	 - Location: ../../../../../runner/.rustup/toolchains/nightly-2025-11-21-x86_64-unknown-linux-gnu/lib/rustlib/src/rust/library/alloc/src/vec/mod.rs:1436:36 in function std::vec::Vec::<std::option::Option<value::SlotValue>>::shrink_to_fit

Check 406: std::vec::Vec::<std::option::Option<value::SlotValue>>::shrink_to_fit.pointer_dereference.11
	 - Status: SUCCESS
	 - Description: "dereference failure: pointer outside object bounds"
	 - Location: ../../../../../runner/.rustup/toolchains/nightly-2025-11-21-x86_64-unknown-linux-gnu/lib/rustlib/src/rust/library/alloc/src/vec/mod.rs:1436:36 in function std::vec::Vec::<std::option::Option<value::SlotValue>>::shrink_to_fit

Check 407: std::vec::Vec::<std::option::Option<value::SlotValue>>::shrink_to_fit.pointer_dereference.12
	 - Status: SUCCESS
	 - Description: "dereference failure: invalid integer address"
	 - Location: ../../../../../runner/.rustup/toolchains/nightly-2025-11-21-x86_64-unknown-linux-gnu/lib/rustlib/src/rust/library/alloc/src/vec/mod.rs:1436:36 in function std::vec::Vec::<std::option::Option<value::SlotValue>>::shrink_to_fit

Check 408: std::ptr::drop_in_place::<std::boxed::Box<[frame::StepState]>>.pointer_dereference.1
	 - Status: SUCCESS
	 - Description: "dereference failure: pointer NULL"
	 - Location: ../../../../../runner/.rustup/toolchains/nightly-2025-11-21-x86_64-unknown-linux-gnu/lib/rustlib/src/rust/library/core/src/ptr/mod.rs:805:1 in function std::ptr::drop_in_place::<std::boxed::Box<[frame::StepState]>>

Check 409: std::ptr::drop_in_place::<std::boxed::Box<[frame::StepState]>>.pointer_dereference.2
	 - Status: SUCCESS
	 - Description: "dereference failure: pointer invalid"
	 - Location: ../../../../../runner/.rustup/toolchains/nightly-2025-11-21-x86_64-unknown-linux-gnu/lib/rustlib/src/rust/library/core/src/ptr/mod.rs:805:1 in function std::ptr::drop_in_place::<std::boxed::Box<[frame::StepState]>>

Check 410: std::ptr::drop_in_place::<std::boxed::Box<[frame::StepState]>>.pointer_dereference.3
	 - Status: SUCCESS
	 - Description: "dereference failure: deallocated dynamic object"
	 - Location: ../../../../../runner/.rustup/toolchains/nightly-2025-11-21-x86_64-unknown-linux-gnu/lib/rustlib/src/rust/library/core/src/ptr/mod.rs:805:1 in function std::ptr::drop_in_place::<std::boxed::Box<[frame::StepState]>>

Check 411: std::ptr::drop_in_place::<std::boxed::Box<[frame::StepState]>>.pointer_dereference.4
	 - Status: SUCCESS
	 - Description: "dereference failure: dead object"
	 - Location: ../../../../../runner/.rustup/toolchains/nightly-2025-11-21-x86_64-unknown-linux-gnu/lib/rustlib/src/rust/library/core/src/ptr/mod.rs:805:1 in function std::ptr::drop_in_place::<std::boxed::Box<[frame::StepState]>>

Check 412: std::ptr::drop_in_place::<std::boxed::Box<[frame::StepState]>>.pointer_dereference.5
	 - Status: SUCCESS
	 - Description: "dereference failure: pointer outside object bounds"
	 - Location: ../../../../../runner/.rustup/toolchains/nightly-2025-11-21-x86_64-unknown-linux-gnu/lib/rustlib/src/rust/library/core/src/ptr/mod.rs:805:1 in function std::ptr::drop_in_place::<std::boxed::Box<[frame::StepState]>>

Check 413: std::ptr::drop_in_place::<std::boxed::Box<[frame::StepState]>>.pointer_dereference.6
	 - Status: SUCCESS
	 - Description: "dereference failure: invalid integer address"
	 - Location: ../../../../../runner/.rustup/toolchains/nightly-2025-11-21-x86_64-unknown-linux-gnu/lib/rustlib/src/rust/library/core/src/ptr/mod.rs:805:1 in function std::ptr::drop_in_place::<std::boxed::Box<[frame::StepState]>>

Check 414: std::vec::Vec::<frame::StepState>::reserve.pointer_dereference.1
	 - Status: SUCCESS
	 - Description: "dereference failure: pointer NULL"
	 - Location: ../../../../../runner/.rustup/toolchains/nightly-2025-11-21-x86_64-unknown-linux-gnu/lib/rustlib/src/rust/library/alloc/src/vec/mod.rs:1298:26 in function std::vec::Vec::<frame::StepState>::reserve

Check 415: std::vec::Vec::<frame::StepState>::reserve.pointer_dereference.2
	 - Status: SUCCESS
	 - Description: "dereference failure: pointer invalid"
	 - Location: ../../../../../runner/.rustup/toolchains/nightly-2025-11-21-x86_64-unknown-linux-gnu/lib/rustlib/src/rust/library/alloc/src/vec/mod.rs:1298:26 in function std::vec::Vec::<frame::StepState>::reserve

Check 416: std::vec::Vec::<frame::StepState>::reserve.pointer_dereference.3
	 - Status: SUCCESS
	 - Description: "dereference failure: deallocated dynamic object"
	 - Location: ../../../../../runner/.rustup/toolchains/nightly-2025-11-21-x86_64-unknown-linux-gnu/lib/rustlib/src/rust/library/alloc/src/vec/mod.rs:1298:26 in function std::vec::Vec::<frame::StepState>::reserve

Check 417: std::vec::Vec::<frame::StepState>::reserve.pointer_dereference.4
	 - Status: SUCCESS
	 - Description: "dereference failure: dead object"
	 - Location: ../../../../../runner/.rustup/toolchains/nightly-2025-11-21-x86_64-unknown-linux-gnu/lib/rustlib/src/rust/library/alloc/src/vec/mod.rs:1298:26 in function std::vec::Vec::<frame::StepState>::reserve

Check 418: std::vec::Vec::<frame::StepState>::reserve.pointer_dereference.5
	 - Status: SUCCESS
	 - Description: "dereference failure: pointer outside object bounds"
	 - Location: ../../../../../runner/.rustup/toolchains/nightly-2025-11-21-x86_64-unknown-linux-gnu/lib/rustlib/src/rust/library/alloc/src/vec/mod.rs:1298:26 in function std::vec::Vec::<frame::StepState>::reserve

Check 419: std::vec::Vec::<frame::StepState>::reserve.pointer_dereference.6
	 - Status: SUCCESS
	 - Description: "dereference failure: invalid integer address"
	 - Location: ../../../../../runner/.rustup/toolchains/nightly-2025-11-21-x86_64-unknown-linux-gnu/lib/rustlib/src/rust/library/alloc/src/vec/mod.rs:1298:26 in function std::vec::Vec::<frame::StepState>::reserve

Check 420: alloc::raw_vec::RawVecInner::shrink_unchecked.pointer_dereference.1
	 - Status: SUCCESS
	 - Description: "dereference failure: dead object"
	 - Location: ../../../../../runner/.rustup/toolchains/nightly-2025-11-21-x86_64-unknown-linux-gnu/lib/rustlib/src/rust/library/alloc/src/raw_vec/mod.rs:791:48 in function alloc::raw_vec::RawVecInner::shrink_unchecked

Check 421: alloc::raw_vec::RawVecInner::shrink_unchecked.pointer_dereference.2
	 - Status: SUCCESS
	 - Description: "dereference failure: dead object"
	 - Location: ../../../../../runner/.rustup/toolchains/nightly-2025-11-21-x86_64-unknown-linux-gnu/lib/rustlib/src/rust/library/alloc/src/raw_vec/mod.rs:794:20 in function alloc::raw_vec::RawVecInner::shrink_unchecked

Check 422: alloc::raw_vec::RawVecInner::shrink_unchecked.pointer_dereference.3
	 - Status: SUCCESS
	 - Description: "dereference failure: pointer NULL"
	 - Location: ../../../../../runner/.rustup/toolchains/nightly-2025-11-21-x86_64-unknown-linux-gnu/lib/rustlib/src/rust/library/alloc/src/raw_vec/mod.rs:802:13 in function alloc::raw_vec::RawVecInner::shrink_unchecked

Check 423: alloc::raw_vec::RawVecInner::shrink_unchecked.pointer_dereference.4
	 - Status: SUCCESS
	 - Description: "dereference failure: pointer invalid"
	 - Location: ../../../../../runner/.rustup/toolchains/nightly-2025-11-21-x86_64-unknown-linux-gnu/lib/rustlib/src/rust/library/alloc/src/raw_vec/mod.rs:802:13 in function alloc::raw_vec::RawVecInner::shrink_unchecked

Check 424: alloc::raw_vec::RawVecInner::shrink_unchecked.pointer_dereference.5
	 - Status: SUCCESS
	 - Description: "dereference failure: deallocated dynamic object"
	 - Location: ../../../../../runner/.rustup/toolchains/nightly-2025-11-21-x86_64-unknown-linux-gnu/lib/rustlib/src/rust/library/alloc/src/raw_vec/mod.rs:802:13 in function alloc::raw_vec::RawVecInner::shrink_unchecked

Check 425: alloc::raw_vec::RawVecInner::shrink_unchecked.pointer_dereference.6
	 - Status: SUCCESS
	 - Description: "dereference failure: dead object"
	 - Location: ../../../../../runner/.rustup/toolchains/nightly-2025-11-21-x86_64-unknown-linux-gnu/lib/rustlib/src/rust/library/alloc/src/raw_vec/mod.rs:802:13 in function alloc::raw_vec::RawVecInner::shrink_unchecked

Check 426: alloc::raw_vec::RawVecInner::shrink_unchecked.pointer_dereference.7
	 - Status: SUCCESS
	 - Description: "dereference failure: pointer outside object bounds"
	 - Location: ../../../../../runner/.rustup/toolchains/nightly-2025-11-21-x86_64-unknown-linux-gnu/lib/rustlib/src/rust/library/alloc/src/raw_vec/mod.rs:802:13 in function alloc::raw_vec::RawVecInner::shrink_unchecked

Check 427: alloc::raw_vec::RawVecInner::shrink_unchecked.pointer_dereference.8
	 - Status: SUCCESS
	 - Description: "dereference failure: invalid integer address"
	 - Location: ../../../../../runner/.rustup/toolchains/nightly-2025-11-21-x86_64-unknown-linux-gnu/lib/rustlib/src/rust/library/alloc/src/raw_vec/mod.rs:802:13 in function alloc::raw_vec::RawVecInner::shrink_unchecked

Check 428: alloc::raw_vec::RawVecInner::shrink_unchecked.pointer_dereference.9
	 - Status: SUCCESS
	 - Description: "dereference failure: pointer NULL"
	 - Location: ../../../../../runner/.rustup/toolchains/nightly-2025-11-21-x86_64-unknown-linux-gnu/lib/rustlib/src/rust/library/alloc/src/raw_vec/mod.rs:804:13 in function alloc::raw_vec::RawVecInner::shrink_unchecked

Check 429: alloc::raw_vec::RawVecInner::shrink_unchecked.pointer_dereference.10
	 - Status: SUCCESS
	 - Description: "dereference failure: pointer invalid"
	 - Location: ../../../../../runner/.rustup/toolchains/nightly-2025-11-21-x86_64-unknown-linux-gnu/lib/rustlib/src/rust/library/alloc/src/raw_vec/mod.rs:804:13 in function alloc::raw_vec::RawVecInner::shrink_unchecked

Check 430: alloc::raw_vec::RawVecInner::shrink_unchecked.pointer_dereference.11
	 - Status: SUCCESS
	 - Description: "dereference failure: deallocated dynamic object"
	 - Location: ../../../../../runner/.rustup/toolchains/nightly-2025-11-21-x86_64-unknown-linux-gnu/lib/rustlib/src/rust/library/alloc/src/raw_vec/mod.rs:804:13 in function alloc::raw_vec::RawVecInner::shrink_unchecked

Check 431: alloc::raw_vec::RawVecInner::shrink_unchecked.pointer_dereference.12
	 - Status: SUCCESS
	 - Description: "dereference failure: dead object"
	 - Location: ../../../../../runner/.rustup/toolchains/nightly-2025-11-21-x86_64-unknown-linux-gnu/lib/rustlib/src/rust/library/alloc/src/raw_vec/mod.rs:804:13 in function alloc::raw_vec::RawVecInner::shrink_unchecked

Check 432: alloc::raw_vec::RawVecInner::shrink_unchecked.pointer_dereference.13
	 - Status: SUCCESS
	 - Description: "dereference failure: pointer outside object bounds"
	 - Location: ../../../../../runner/.rustup/toolchains/nightly-2025-11-21-x86_64-unknown-linux-gnu/lib/rustlib/src/rust/library/alloc/src/raw_vec/mod.rs:804:13 in function alloc::raw_vec::RawVecInner::shrink_unchecked

Check 433: alloc::raw_vec::RawVecInner::shrink_unchecked.pointer_dereference.14
	 - Status: SUCCESS
	 - Description: "dereference failure: invalid integer address"
	 - Location: ../../../../../runner/.rustup/toolchains/nightly-2025-11-21-x86_64-unknown-linux-gnu/lib/rustlib/src/rust/library/alloc/src/raw_vec/mod.rs:804:13 in function alloc::raw_vec::RawVecInner::shrink_unchecked

Check 434: alloc::raw_vec::RawVecInner::shrink_unchecked.pointer_dereference.15
	 - Status: SUCCESS
	 - Description: "dereference failure: dead object"
	 - Location: ../../../../../runner/.rustup/toolchains/nightly-2025-11-21-x86_64-unknown-linux-gnu/lib/rustlib/src/rust/library/alloc/src/raw_vec/mod.rs:820:9 in function alloc::raw_vec::RawVecInner::shrink_unchecked

Check 435: alloc::raw_vec::RawVecInner::try_allocate_in.pointer_dereference.1
	 - Status: SUCCESS
	 - Description: "dereference failure: dead object"
	 - Location: ../../../../../runner/.rustup/toolchains/nightly-2025-11-21-x86_64-unknown-linux-gnu/lib/rustlib/src/rust/library/alloc/src/raw_vec/mod.rs:459:34 in function alloc::raw_vec::RawVecInner::try_allocate_in

Check 436: alloc::raw_vec::RawVecInner::try_allocate_in.pointer_dereference.2
	 - Status: SUCCESS
	 - Description: "dereference failure: dead object"
	 - Location: ../../../../../runner/.rustup/toolchains/nightly-2025-11-21-x86_64-unknown-linux-gnu/lib/rustlib/src/rust/library/alloc/src/raw_vec/mod.rs:472:25 in function alloc::raw_vec::RawVecInner::try_allocate_in

Check 437: std::ptr::NonNull::<u8>::new.pointer_dereference.1
	 - Status: SUCCESS
	 - Description: "dereference failure: dead object"
	 - Location: ../../../../../runner/.rustup/toolchains/nightly-2025-11-21-x86_64-unknown-linux-gnu/lib/rustlib/src/rust/library/core/src/ptr/non_null.rs:275:13 in function std::ptr::NonNull::<u8>::new

Check 438: alloc::raw_vec::RawVecInner::non_null::<value::Taint>.pointer_dereference.1
	 - Status: SUCCESS
	 - Description: "dereference failure: pointer NULL"
	 - Location: ../../../../../runner/.rustup/toolchains/nightly-2025-11-21-x86_64-unknown-linux-gnu/lib/rustlib/src/rust/library/alloc/src/raw_vec/mod.rs:504:9 in function alloc::raw_vec::RawVecInner::non_null::<value::Taint>

Check 439: alloc::raw_vec::RawVecInner::non_null::<value::Taint>.pointer_dereference.2
	 - Status: SUCCESS
	 - Description: "dereference failure: pointer invalid"
	 - Location: ../../../../../runner/.rustup/toolchains/nightly-2025-11-21-x86_64-unknown-linux-gnu/lib/rustlib/src/rust/library/alloc/src/raw_vec/mod.rs:504:9 in function alloc::raw_vec::RawVecInner::non_null::<value::Taint>

Check 440: alloc::raw_vec::RawVecInner::non_null::<value::Taint>.pointer_dereference.3
	 - Status: SUCCESS
	 - Description: "dereference failure: deallocated dynamic object"
	 - Location: ../../../../../runner/.rustup/toolchains/nightly-2025-11-21-x86_64-unknown-linux-gnu/lib/rustlib/src/rust/library/alloc/src/raw_vec/mod.rs:504:9 in function alloc::raw_vec::RawVecInner::non_null::<value::Taint>

Check 441: alloc::raw_vec::RawVecInner::non_null::<value::Taint>.pointer_dereference.4
	 - Status: SUCCESS
	 - Description: "dereference failure: dead object"
	 - Location: ../../../../../runner/.rustup/toolchains/nightly-2025-11-21-x86_64-unknown-linux-gnu/lib/rustlib/src/rust/library/alloc/src/raw_vec/mod.rs:504:9 in function alloc::raw_vec::RawVecInner::non_null::<value::Taint>

Check 442: alloc::raw_vec::RawVecInner::non_null::<value::Taint>.pointer_dereference.5
	 - Status: SUCCESS
	 - Description: "dereference failure: pointer outside object bounds"
	 - Location: ../../../../../runner/.rustup/toolchains/nightly-2025-11-21-x86_64-unknown-linux-gnu/lib/rustlib/src/rust/library/alloc/src/raw_vec/mod.rs:504:9 in function alloc::raw_vec::RawVecInner::non_null::<value::Taint>

Check 443: alloc::raw_vec::RawVecInner::non_null::<value::Taint>.pointer_dereference.6
	 - Status: SUCCESS
	 - Description: "dereference failure: invalid integer address"
	 - Location: ../../../../../runner/.rustup/toolchains/nightly-2025-11-21-x86_64-unknown-linux-gnu/lib/rustlib/src/rust/library/alloc/src/raw_vec/mod.rs:504:9 in function alloc::raw_vec::RawVecInner::non_null::<value::Taint>

Check 444: alloc::raw_vec::handle_error.pointer_dereference.1
	 - Status: SUCCESS
	 - Description: "dereference failure: dead object"
	 - Location: ../../../../../runner/.rustup/toolchains/nightly-2025-11-21-x86_64-unknown-linux-gnu/lib/rustlib/src/rust/library/alloc/src/raw_vec/mod.rs:845:11 in function alloc::raw_vec::handle_error

Check 445: std::vec::Vec::<frame::StepState>::len.pointer_dereference.1
	 - Status: SUCCESS
	 - Description: "dereference failure: pointer NULL"
	 - Location: ../../../../../runner/.rustup/toolchains/nightly-2025-11-21-x86_64-unknown-linux-gnu/lib/rustlib/src/rust/library/alloc/src/vec/mod.rs:2854:19 in function std::vec::Vec::<frame::StepState>::len

Check 446: std::vec::Vec::<frame::StepState>::len.pointer_dereference.2
	 - Status: SUCCESS
	 - Description: "dereference failure: pointer invalid"
	 - Location: ../../../../../runner/.rustup/toolchains/nightly-2025-11-21-x86_64-unknown-linux-gnu/lib/rustlib/src/rust/library/alloc/src/vec/mod.rs:2854:19 in function std::vec::Vec::<frame::StepState>::len

Check 447: std::vec::Vec::<frame::StepState>::len.pointer_dereference.3
	 - Status: SUCCESS
	 - Description: "dereference failure: deallocated dynamic object"
	 - Location: ../../../../../runner/.rustup/toolchains/nightly-2025-11-21-x86_64-unknown-linux-gnu/lib/rustlib/src/rust/library/alloc/src/vec/mod.rs:2854:19 in function std::vec::Vec::<frame::StepState>::len

Check 448: std::vec::Vec::<frame::StepState>::len.pointer_dereference.4
	 - Status: SUCCESS
	 - Description: "dereference failure: dead object"
	 - Location: ../../../../../runner/.rustup/toolchains/nightly-2025-11-21-x86_64-unknown-linux-gnu/lib/rustlib/src/rust/library/alloc/src/vec/mod.rs:2854:19 in function std::vec::Vec::<frame::StepState>::len

Check 449: std::vec::Vec::<frame::StepState>::len.pointer_dereference.5
	 - Status: SUCCESS
	 - Description: "dereference failure: pointer outside object bounds"
	 - Location: ../../../../../runner/.rustup/toolchains/nightly-2025-11-21-x86_64-unknown-linux-gnu/lib/rustlib/src/rust/library/alloc/src/vec/mod.rs:2854:19 in function std::vec::Vec::<frame::StepState>::len

Check 450: std::vec::Vec::<frame::StepState>::len.pointer_dereference.6
	 - Status: SUCCESS
	 - Description: "dereference failure: invalid integer address"
	 - Location: ../../../../../runner/.rustup/toolchains/nightly-2025-11-21-x86_64-unknown-linux-gnu/lib/rustlib/src/rust/library/alloc/src/vec/mod.rs:2854:19 in function std::vec::Vec::<frame::StepState>::len

Check 451: std::ptr::write::<frame::StepState>.pointer_dereference.1
	 - Status: SUCCESS
	 - Description: "dereference failure: pointer NULL"
	 - Location: ../../../../../runner/.rustup/toolchains/nightly-2025-11-21-x86_64-unknown-linux-gnu/lib/rustlib/src/rust/library/core/src/ptr/mod.rs:1908:9 in function std::ptr::write::<frame::StepState>

Check 452: std::ptr::write::<frame::StepState>.pointer_dereference.2
	 - Status: SUCCESS
	 - Description: "dereference failure: pointer invalid"
	 - Location: ../../../../../runner/.rustup/toolchains/nightly-2025-11-21-x86_64-unknown-linux-gnu/lib/rustlib/src/rust/library/core/src/ptr/mod.rs:1908:9 in function std::ptr::write::<frame::StepState>

Check 453: std::ptr::write::<frame::StepState>.pointer_dereference.3
	 - Status: SUCCESS
	 - Description: "dereference failure: deallocated dynamic object"
	 - Location: ../../../../../runner/.rustup/toolchains/nightly-2025-11-21-x86_64-unknown-linux-gnu/lib/rustlib/src/rust/library/core/src/ptr/mod.rs:1908:9 in function std::ptr::write::<frame::StepState>

Check 454: std::ptr::write::<frame::StepState>.pointer_dereference.4
	 - Status: SUCCESS
	 - Description: "dereference failure: dead object"
	 - Location: ../../../../../runner/.rustup/toolchains/nightly-2025-11-21-x86_64-unknown-linux-gnu/lib/rustlib/src/rust/library/core/src/ptr/mod.rs:1908:9 in function std::ptr::write::<frame::StepState>

Check 455: std::ptr::write::<frame::StepState>.pointer_dereference.5
	 - Status: SUCCESS
	 - Description: "dereference failure: pointer outside object bounds"
	 - Location: ../../../../../runner/.rustup/toolchains/nightly-2025-11-21-x86_64-unknown-linux-gnu/lib/rustlib/src/rust/library/core/src/ptr/mod.rs:1908:9 in function std::ptr::write::<frame::StepState>

Check 456: std::ptr::write::<frame::StepState>.pointer_dereference.6
	 - Status: SUCCESS
	 - Description: "dereference failure: invalid integer address"
	 - Location: ../../../../../runner/.rustup/toolchains/nightly-2025-11-21-x86_64-unknown-linux-gnu/lib/rustlib/src/rust/library/core/src/ptr/mod.rs:1908:9 in function std::ptr::write::<frame::StepState>

Check 457: std::alloc::Layout::repeat.pointer_dereference.1
	 - Status: SUCCESS
	 - Description: "dereference failure: dead object"
	 - Location: ../../../../../runner/.rustup/toolchains/nightly-2025-11-21-x86_64-unknown-linux-gnu/lib/rustlib/src/rust/library/core/src/alloc/layout.rs:361:31 in function std::alloc::Layout::repeat

Check 458: std::alloc::Layout::repeat.pointer_dereference.2
	 - Status: SUCCESS
	 - Description: "dereference failure: dead object"
	 - Location: ../../../../../runner/.rustup/toolchains/nightly-2025-11-21-x86_64-unknown-linux-gnu/lib/rustlib/src/rust/library/core/src/alloc/layout.rs:364:13 in function std::alloc::Layout::repeat

Check 459: std::ptr::read::<alloc::raw_vec::RawVec<std::option::Option<value::SlotValue>>>.pointer_dereference.1
	 - Status: SUCCESS
	 - Description: "dereference failure: pointer NULL"
	 - Location: ../../../../../runner/.rustup/toolchains/nightly-2025-11-21-x86_64-unknown-linux-gnu/lib/rustlib/src/rust/library/core/src/ptr/mod.rs:1708:9 in function std::ptr::read::<alloc::raw_vec::RawVec<std::option::Option<value::SlotValue>>>

Check 460: std::ptr::read::<alloc::raw_vec::RawVec<std::option::Option<value::SlotValue>>>.pointer_dereference.2
	 - Status: SUCCESS
	 - Description: "dereference failure: pointer invalid"
	 - Location: ../../../../../runner/.rustup/toolchains/nightly-2025-11-21-x86_64-unknown-linux-gnu/lib/rustlib/src/rust/library/core/src/ptr/mod.rs:1708:9 in function std::ptr::read::<alloc::raw_vec::RawVec<std::option::Option<value::SlotValue>>>

Check 461: std::ptr::read::<alloc::raw_vec::RawVec<std::option::Option<value::SlotValue>>>.pointer_dereference.3
	 - Status: SUCCESS
	 - Description: "dereference failure: deallocated dynamic object"
	 - Location: ../../../../../runner/.rustup/toolchains/nightly-2025-11-21-x86_64-unknown-linux-gnu/lib/rustlib/src/rust/library/core/src/ptr/mod.rs:1708:9 in function std::ptr::read::<alloc::raw_vec::RawVec<std::option::Option<value::SlotValue>>>

Check 462: std::ptr::read::<alloc::raw_vec::RawVec<std::option::Option<value::SlotValue>>>.pointer_dereference.4
	 - Status: SUCCESS
	 - Description: "dereference failure: dead object"
	 - Location: ../../../../../runner/.rustup/toolchains/nightly-2025-11-21-x86_64-unknown-linux-gnu/lib/rustlib/src/rust/library/core/src/ptr/mod.rs:1708:9 in function std::ptr::read::<alloc::raw_vec::RawVec<std::option::Option<value::SlotValue>>>

Check 463: std::ptr::read::<alloc::raw_vec::RawVec<std::option::Option<value::SlotValue>>>.pointer_dereference.5
	 - Status: SUCCESS
	 - Description: "dereference failure: pointer outside object bounds"
	 - Location: ../../../../../runner/.rustup/toolchains/nightly-2025-11-21-x86_64-unknown-linux-gnu/lib/rustlib/src/rust/library/core/src/ptr/mod.rs:1708:9 in function std::ptr::read::<alloc::raw_vec::RawVec<std::option::Option<value::SlotValue>>>

Check 464: std::ptr::read::<alloc::raw_vec::RawVec<std::option::Option<value::SlotValue>>>.pointer_dereference.6
	 - Status: SUCCESS
	 - Description: "dereference failure: invalid integer address"
	 - Location: ../../../../../runner/.rustup/toolchains/nightly-2025-11-21-x86_64-unknown-linux-gnu/lib/rustlib/src/rust/library/core/src/ptr/mod.rs:1708:9 in function std::ptr::read::<alloc::raw_vec::RawVec<std::option::Option<value::SlotValue>>>

Check 465: <std::result::Result<usize, std::collections::TryReserveErrorKind> as std::ops::Try>::branch.pointer_dereference.1
	 - Status: SUCCESS
	 - Description: "dereference failure: dead object"
	 - Location: ../../../../../runner/.rustup/toolchains/nightly-2025-11-21-x86_64-unknown-linux-gnu/lib/rustlib/src/rust/library/core/src/result.rs:2173:15 in function <std::result::Result<usize, std::collections::TryReserveErrorKind> as std::ops::Try>::branch

Check 466: <std::result::Result<usize, std::collections::TryReserveErrorKind> as std::ops::Try>::branch.pointer_dereference.2
	 - Status: SUCCESS
	 - Description: "dereference failure: dead object"
	 - Location: ../../../../../runner/.rustup/toolchains/nightly-2025-11-21-x86_64-unknown-linux-gnu/lib/rustlib/src/rust/library/core/src/result.rs:2174:22 in function <std::result::Result<usize, std::collections::TryReserveErrorKind> as std::ops::Try>::branch

Check 467: alloc::raw_vec::RawVecInner::set_ptr_and_cap.pointer_dereference.1
	 - Status: SUCCESS
	 - Description: "dereference failure: pointer NULL"
	 - Location: ../../../../../runner/.rustup/toolchains/nightly-2025-11-21-x86_64-unknown-linux-gnu/lib/rustlib/src/rust/library/alloc/src/raw_vec/mod.rs:663:9 in function alloc::raw_vec::RawVecInner::set_ptr_and_cap

Check 468: alloc::raw_vec::RawVecInner::set_ptr_and_cap.pointer_dereference.2
	 - Status: SUCCESS
	 - Description: "dereference failure: pointer invalid"
	 - Location: ../../../../../runner/.rustup/toolchains/nightly-2025-11-21-x86_64-unknown-linux-gnu/lib/rustlib/src/rust/library/alloc/src/raw_vec/mod.rs:663:9 in function alloc::raw_vec::RawVecInner::set_ptr_and_cap

Check 469: alloc::raw_vec::RawVecInner::set_ptr_and_cap.pointer_dereference.3
	 - Status: SUCCESS
	 - Description: "dereference failure: deallocated dynamic object"
	 - Location: ../../../../../runner/.rustup/toolchains/nightly-2025-11-21-x86_64-unknown-linux-gnu/lib/rustlib/src/rust/library/alloc/src/raw_vec/mod.rs:663:9 in function alloc::raw_vec::RawVecInner::set_ptr_and_cap

Check 470: alloc::raw_vec::RawVecInner::set_ptr_and_cap.pointer_dereference.4
	 - Status: SUCCESS
	 - Description: "dereference failure: dead object"
	 - Location: ../../../../../runner/.rustup/toolchains/nightly-2025-11-21-x86_64-unknown-linux-gnu/lib/rustlib/src/rust/library/alloc/src/raw_vec/mod.rs:663:9 in function alloc::raw_vec::RawVecInner::set_ptr_and_cap

Check 471: alloc::raw_vec::RawVecInner::set_ptr_and_cap.pointer_dereference.5
	 - Status: SUCCESS
	 - Description: "dereference failure: pointer outside object bounds"
	 - Location: ../../../../../runner/.rustup/toolchains/nightly-2025-11-21-x86_64-unknown-linux-gnu/lib/rustlib/src/rust/library/alloc/src/raw_vec/mod.rs:663:9 in function alloc::raw_vec::RawVecInner::set_ptr_and_cap

Check 472: alloc::raw_vec::RawVecInner::set_ptr_and_cap.pointer_dereference.6
	 - Status: SUCCESS
	 - Description: "dereference failure: invalid integer address"
	 - Location: ../../../../../runner/.rustup/toolchains/nightly-2025-11-21-x86_64-unknown-linux-gnu/lib/rustlib/src/rust/library/alloc/src/raw_vec/mod.rs:663:9 in function alloc::raw_vec::RawVecInner::set_ptr_and_cap

Check 473: alloc::raw_vec::RawVecInner::set_ptr_and_cap.pointer_dereference.7
	 - Status: SUCCESS
	 - Description: "dereference failure: pointer NULL"
	 - Location: ../../../../../runner/.rustup/toolchains/nightly-2025-11-21-x86_64-unknown-linux-gnu/lib/rustlib/src/rust/library/alloc/src/raw_vec/mod.rs:664:9 in function alloc::raw_vec::RawVecInner::set_ptr_and_cap

Check 474: alloc::raw_vec::RawVecInner::set_ptr_and_cap.pointer_dereference.8
	 - Status: SUCCESS
	 - Description: "dereference failure: pointer invalid"
	 - Location: ../../../../../runner/.rustup/toolchains/nightly-2025-11-21-x86_64-unknown-linux-gnu/lib/rustlib/src/rust/library/alloc/src/raw_vec/mod.rs:664:9 in function alloc::raw_vec::RawVecInner::set_ptr_and_cap

Check 475: alloc::raw_vec::RawVecInner::set_ptr_and_cap.pointer_dereference.9
	 - Status: SUCCESS
	 - Description: "dereference failure: deallocated dynamic object"
	 - Location: ../../../../../runner/.rustup/toolchains/nightly-2025-11-21-x86_64-unknown-linux-gnu/lib/rustlib/src/rust/library/alloc/src/raw_vec/mod.rs:664:9 in function alloc::raw_vec::RawVecInner::set_ptr_and_cap

Check 476: alloc::raw_vec::RawVecInner::set_ptr_and_cap.pointer_dereference.10
	 - Status: SUCCESS
	 - Description: "dereference failure: dead object"
	 - Location: ../../../../../runner/.rustup/toolchains/nightly-2025-11-21-x86_64-unknown-linux-gnu/lib/rustlib/src/rust/library/alloc/src/raw_vec/mod.rs:664:9 in function alloc::raw_vec::RawVecInner::set_ptr_and_cap

Check 477: alloc::raw_vec::RawVecInner::set_ptr_and_cap.pointer_dereference.11
	 - Status: SUCCESS
	 - Description: "dereference failure: pointer outside object bounds"
	 - Location: ../../../../../runner/.rustup/toolchains/nightly-2025-11-21-x86_64-unknown-linux-gnu/lib/rustlib/src/rust/library/alloc/src/raw_vec/mod.rs:664:9 in function alloc::raw_vec::RawVecInner::set_ptr_and_cap

Check 478: alloc::raw_vec::RawVecInner::set_ptr_and_cap.pointer_dereference.12
	 - Status: SUCCESS
	 - Description: "dereference failure: invalid integer address"
	 - Location: ../../../../../runner/.rustup/toolchains/nightly-2025-11-21-x86_64-unknown-linux-gnu/lib/rustlib/src/rust/library/alloc/src/raw_vec/mod.rs:664:9 in function alloc::raw_vec::RawVecInner::set_ptr_and_cap

Check 479: <usize as std::slice::SliceIndex<[value::Taint]>>::get.pointer_dereference.1
	 - Status: SUCCESS
	 - Description: "dereference failure: dead object"
	 - Location: ../../../../../runner/.rustup/toolchains/nightly-2025-11-21-x86_64-unknown-linux-gnu/lib/rustlib/src/rust/library/core/src/slice/index.rs:223:13 in function <usize as std::slice::SliceIndex<[value::Taint]>>::get

Check 480: std::alloc::Global::alloc_impl.pointer_dereference.1
	 - Status: SUCCESS
	 - Description: "dereference failure: dead object"
	 - Location: ../../../../../runner/.rustup/toolchains/nightly-2025-11-21-x86_64-unknown-linux-gnu/lib/rustlib/src/rust/library/alloc/src/alloc.rs:191:27 in function std::alloc::Global::alloc_impl

Check 481: std::vec::Vec::<value::Taint>::shrink_to_fit.pointer_dereference.1
	 - Status: SUCCESS
	 - Description: "dereference failure: pointer NULL"
	 - Location: ../../../../../runner/.rustup/toolchains/nightly-2025-11-21-x86_64-unknown-linux-gnu/lib/rustlib/src/rust/library/alloc/src/vec/mod.rs:1435:30 in function std::vec::Vec::<value::Taint>::shrink_to_fit

Check 482: std::vec::Vec::<value::Taint>::shrink_to_fit.pointer_dereference.2
	 - Status: SUCCESS
	 - Description: "dereference failure: pointer invalid"
	 - Location: ../../../../../runner/.rustup/toolchains/nightly-2025-11-21-x86_64-unknown-linux-gnu/lib/rustlib/src/rust/library/alloc/src/vec/mod.rs:1435:30 in function std::vec::Vec::<value::Taint>::shrink_to_fit

Check 483: std::vec::Vec::<value::Taint>::shrink_to_fit.pointer_dereference.3
	 - Status: SUCCESS
	 - Description: "dereference failure: deallocated dynamic object"
	 - Location: ../../../../../runner/.rustup/toolchains/nightly-2025-11-21-x86_64-unknown-linux-gnu/lib/rustlib/src/rust/library/alloc/src/vec/mod.rs:1435:30 in function std::vec::Vec::<value::Taint>::shrink_to_fit

Check 484: std::vec::Vec::<value::Taint>::shrink_to_fit.pointer_dereference.4
	 - Status: SUCCESS
	 - Description: "dereference failure: dead object"
	 - Location: ../../../../../runner/.rustup/toolchains/nightly-2025-11-21-x86_64-unknown-linux-gnu/lib/rustlib/src/rust/library/alloc/src/vec/mod.rs:1435:30 in function std::vec::Vec::<value::Taint>::shrink_to_fit

Check 485: std::vec::Vec::<value::Taint>::shrink_to_fit.pointer_dereference.5
	 - Status: SUCCESS
	 - Description: "dereference failure: pointer outside object bounds"
	 - Location: ../../../../../runner/.rustup/toolchains/nightly-2025-11-21-x86_64-unknown-linux-gnu/lib/rustlib/src/rust/library/alloc/src/vec/mod.rs:1435:30 in function std::vec::Vec::<value::Taint>::shrink_to_fit

Check 486: std::vec::Vec::<value::Taint>::shrink_to_fit.pointer_dereference.6
	 - Status: SUCCESS
	 - Description: "dereference failure: invalid integer address"
	 - Location: ../../../../../runner/.rustup/toolchains/nightly-2025-11-21-x86_64-unknown-linux-gnu/lib/rustlib/src/rust/library/alloc/src/vec/mod.rs:1435:30 in function std::vec::Vec::<value::Taint>::shrink_to_fit

Check 487: std::vec::Vec::<value::Taint>::shrink_to_fit.pointer_dereference.7
	 - Status: SUCCESS
	 - Description: "dereference failure: pointer NULL"
	 - Location: ../../../../../runner/.rustup/toolchains/nightly-2025-11-21-x86_64-unknown-linux-gnu/lib/rustlib/src/rust/library/alloc/src/vec/mod.rs:1436:36 in function std::vec::Vec::<value::Taint>::shrink_to_fit

Check 488: std::vec::Vec::<value::Taint>::shrink_to_fit.pointer_dereference.8
	 - Status: SUCCESS
	 - Description: "dereference failure: pointer invalid"
	 - Location: ../../../../../runner/.rustup/toolchains/nightly-2025-11-21-x86_64-unknown-linux-gnu/lib/rustlib/src/rust/library/alloc/src/vec/mod.rs:1436:36 in function std::vec::Vec::<value::Taint>::shrink_to_fit

Check 489: std::vec::Vec::<value::Taint>::shrink_to_fit.pointer_dereference.9
	 - Status: SUCCESS
	 - Description: "dereference failure: deallocated dynamic object"
	 - Location: ../../../../../runner/.rustup/toolchains/nightly-2025-11-21-x86_64-unknown-linux-gnu/lib/rustlib/src/rust/library/alloc/src/vec/mod.rs:1436:36 in function std::vec::Vec::<value::Taint>::shrink_to_fit

Check 490: std::vec::Vec::<value::Taint>::shrink_to_fit.pointer_dereference.10
	 - Status: SUCCESS
	 - Description: "dereference failure: dead object"
	 - Location: ../../../../../runner/.rustup/toolchains/nightly-2025-11-21-x86_64-unknown-linux-gnu/lib/rustlib/src/rust/library/alloc/src/vec/mod.rs:1436:36 in function std::vec::Vec::<value::Taint>::shrink_to_fit

Check 491: std::vec::Vec::<value::Taint>::shrink_to_fit.pointer_dereference.11
	 - Status: SUCCESS
	 - Description: "dereference failure: pointer outside object bounds"
	 - Location: ../../../../../runner/.rustup/toolchains/nightly-2025-11-21-x86_64-unknown-linux-gnu/lib/rustlib/src/rust/library/alloc/src/vec/mod.rs:1436:36 in function std::vec::Vec::<value::Taint>::shrink_to_fit

Check 492: std::vec::Vec::<value::Taint>::shrink_to_fit.pointer_dereference.12
	 - Status: SUCCESS
	 - Description: "dereference failure: invalid integer address"
	 - Location: ../../../../../runner/.rustup/toolchains/nightly-2025-11-21-x86_64-unknown-linux-gnu/lib/rustlib/src/rust/library/alloc/src/vec/mod.rs:1436:36 in function std::vec::Vec::<value::Taint>::shrink_to_fit

Check 493: std::ptr::read::<alloc::raw_vec::RawVec<value::Taint>>.pointer_dereference.1
	 - Status: SUCCESS
	 - Description: "dereference failure: pointer NULL"
	 - Location: ../../../../../runner/.rustup/toolchains/nightly-2025-11-21-x86_64-unknown-linux-gnu/lib/rustlib/src/rust/library/core/src/ptr/mod.rs:1708:9 in function std::ptr::read::<alloc::raw_vec::RawVec<value::Taint>>

Check 494: std::ptr::read::<alloc::raw_vec::RawVec<value::Taint>>.pointer_dereference.2
	 - Status: SUCCESS
	 - Description: "dereference failure: pointer invalid"
	 - Location: ../../../../../runner/.rustup/toolchains/nightly-2025-11-21-x86_64-unknown-linux-gnu/lib/rustlib/src/rust/library/core/src/ptr/mod.rs:1708:9 in function std::ptr::read::<alloc::raw_vec::RawVec<value::Taint>>

Check 495: std::ptr::read::<alloc::raw_vec::RawVec<value::Taint>>.pointer_dereference.3
	 - Status: SUCCESS
	 - Description: "dereference failure: deallocated dynamic object"
	 - Location: ../../../../../runner/.rustup/toolchains/nightly-2025-11-21-x86_64-unknown-linux-gnu/lib/rustlib/src/rust/library/core/src/ptr/mod.rs:1708:9 in function std::ptr::read::<alloc::raw_vec::RawVec<value::Taint>>

Check 496: std::ptr::read::<alloc::raw_vec::RawVec<value::Taint>>.pointer_dereference.4
	 - Status: SUCCESS
	 - Description: "dereference failure: dead object"
	 - Location: ../../../../../runner/.rustup/toolchains/nightly-2025-11-21-x86_64-unknown-linux-gnu/lib/rustlib/src/rust/library/core/src/ptr/mod.rs:1708:9 in function std::ptr::read::<alloc::raw_vec::RawVec<value::Taint>>

Check 497: std::ptr::read::<alloc::raw_vec::RawVec<value::Taint>>.pointer_dereference.5
	 - Status: SUCCESS
	 - Description: "dereference failure: pointer outside object bounds"
	 - Location: ../../../../../runner/.rustup/toolchains/nightly-2025-11-21-x86_64-unknown-linux-gnu/lib/rustlib/src/rust/library/core/src/ptr/mod.rs:1708:9 in function std::ptr::read::<alloc::raw_vec::RawVec<value::Taint>>

Check 498: std::ptr::read::<alloc::raw_vec::RawVec<value::Taint>>.pointer_dereference.6
	 - Status: SUCCESS
	 - Description: "dereference failure: invalid integer address"
	 - Location: ../../../../../runner/.rustup/toolchains/nightly-2025-11-21-x86_64-unknown-linux-gnu/lib/rustlib/src/rust/library/core/src/ptr/mod.rs:1708:9 in function std::ptr::read::<alloc::raw_vec::RawVec<value::Taint>>

Check 499: std::result::Result::<(), errors::CoreError>::is_ok.pointer_dereference.1
	 - Status: SUCCESS
	 - Description: "dereference failure: pointer NULL"
	 - Location: ../../../../../runner/.rustup/toolchains/nightly-2025-11-21-x86_64-unknown-linux-gnu/lib/rustlib/src/rust/library/core/src/result.rs:594:18 in function std::result::Result::<(), errors::CoreError>::is_ok

Check 500: std::result::Result::<(), errors::CoreError>::is_ok.pointer_dereference.2
	 - Status: SUCCESS
	 - Description: "dereference failure: pointer invalid"
	 - Location: ../../../../../runner/.rustup/toolchains/nightly-2025-11-21-x86_64-unknown-linux-gnu/lib/rustlib/src/rust/library/core/src/result.rs:594:18 in function std::result::Result::<(), errors::CoreError>::is_ok

Check 501: std::result::Result::<(), errors::CoreError>::is_ok.pointer_dereference.3
	 - Status: SUCCESS
	 - Description: "dereference failure: deallocated dynamic object"
	 - Location: ../../../../../runner/.rustup/toolchains/nightly-2025-11-21-x86_64-unknown-linux-gnu/lib/rustlib/src/rust/library/core/src/result.rs:594:18 in function std::result::Result::<(), errors::CoreError>::is_ok

Check 502: std::result::Result::<(), errors::CoreError>::is_ok.pointer_dereference.4
	 - Status: SUCCESS
	 - Description: "dereference failure: dead object"
	 - Location: ../../../../../runner/.rustup/toolchains/nightly-2025-11-21-x86_64-unknown-linux-gnu/lib/rustlib/src/rust/library/core/src/result.rs:594:18 in function std::result::Result::<(), errors::CoreError>::is_ok

Check 503: std::result::Result::<(), errors::CoreError>::is_ok.pointer_dereference.5
	 - Status: SUCCESS
	 - Description: "dereference failure: pointer outside object bounds"
	 - Location: ../../../../../runner/.rustup/toolchains/nightly-2025-11-21-x86_64-unknown-linux-gnu/lib/rustlib/src/rust/library/core/src/result.rs:594:18 in function std::result::Result::<(), errors::CoreError>::is_ok

Check 504: std::result::Result::<(), errors::CoreError>::is_ok.pointer_dereference.6
	 - Status: SUCCESS
	 - Description: "dereference failure: invalid integer address"
	 - Location: ../../../../../runner/.rustup/toolchains/nightly-2025-11-21-x86_64-unknown-linux-gnu/lib/rustlib/src/rust/library/core/src/result.rs:594:18 in function std::result::Result::<(), errors::CoreError>::is_ok

Check 505: kani_idempotency_gates::one_slot_frame_with_taint.pointer_dereference.1
	 - Status: SUCCESS
	 - Description: "dereference failure: dead object"
	 - Location: crates/vb_core/src/kani_idempotency_gates.rs:112:27 in function kani_idempotency_gates::one_slot_frame_with_taint

Check 506: kani_idempotency_gates::one_slot_frame_with_taint.pointer_dereference.2
	 - Status: SUCCESS
	 - Description: "dereference failure: dead object"
	 - Location: crates/vb_core/src/kani_idempotency_gates.rs:123:1 in function kani_idempotency_gates::one_slot_frame_with_taint

Check 507: frame::RunFrame::read_taint.pointer_dereference.1
	 - Status: SUCCESS
	 - Description: "dereference failure: pointer NULL"
	 - Location: crates/vb_core/src/frame.rs:317:26 in function frame::RunFrame::read_taint

Check 508: frame::RunFrame::read_taint.pointer_dereference.2
	 - Status: SUCCESS
	 - Description: "dereference failure: pointer invalid"
	 - Location: crates/vb_core/src/frame.rs:317:26 in function frame::RunFrame::read_taint

Check 509: frame::RunFrame::read_taint.pointer_dereference.3
	 - Status: SUCCESS
	 - Description: "dereference failure: deallocated dynamic object"
	 - Location: crates/vb_core/src/frame.rs:317:26 in function frame::RunFrame::read_taint

Check 510: frame::RunFrame::read_taint.pointer_dereference.4
	 - Status: SUCCESS
	 - Description: "dereference failure: dead object"
	 - Location: crates/vb_core/src/frame.rs:317:26 in function frame::RunFrame::read_taint

Check 511: frame::RunFrame::read_taint.pointer_dereference.5
	 - Status: SUCCESS
	 - Description: "dereference failure: pointer outside object bounds"
	 - Location: crates/vb_core/src/frame.rs:317:26 in function frame::RunFrame::read_taint

Check 512: frame::RunFrame::read_taint.pointer_dereference.6
	 - Status: SUCCESS
	 - Description: "dereference failure: invalid integer address"
	 - Location: crates/vb_core/src/frame.rs:317:26 in function frame::RunFrame::read_taint

Check 513: frame::RunFrame::read_taint.pointer_dereference.7
	 - Status: SUCCESS
	 - Description: "dereference failure: dead object"
	 - Location: crates/vb_core/src/frame.rs:317:26 in function frame::RunFrame::read_taint

Check 514: frame::RunFrame::read_taint.pointer_dereference.8
	 - Status: SUCCESS
	 - Description: "dereference failure: pointer NULL"
	 - Location: crates/vb_core/src/frame.rs:324:9 in function frame::RunFrame::read_taint

Check 515: frame::RunFrame::read_taint.pointer_dereference.9
	 - Status: SUCCESS
	 - Description: "dereference failure: pointer invalid"
	 - Location: crates/vb_core/src/frame.rs:324:9 in function frame::RunFrame::read_taint

Check 516: frame::RunFrame::read_taint.pointer_dereference.10
	 - Status: SUCCESS
	 - Description: "dereference failure: deallocated dynamic object"
	 - Location: crates/vb_core/src/frame.rs:324:9 in function frame::RunFrame::read_taint

Check 517: frame::RunFrame::read_taint.pointer_dereference.11
	 - Status: SUCCESS
	 - Description: "dereference failure: dead object"
	 - Location: crates/vb_core/src/frame.rs:324:9 in function frame::RunFrame::read_taint

Check 518: frame::RunFrame::read_taint.pointer_dereference.12
	 - Status: SUCCESS
	 - Description: "dereference failure: pointer outside object bounds"
	 - Location: crates/vb_core/src/frame.rs:324:9 in function frame::RunFrame::read_taint

Check 519: frame::RunFrame::read_taint.pointer_dereference.13
	 - Status: SUCCESS
	 - Description: "dereference failure: invalid integer address"
	 - Location: crates/vb_core/src/frame.rs:324:9 in function frame::RunFrame::read_taint

Check 520: std::ptr::write::<value::Taint>.pointer_dereference.1
	 - Status: SUCCESS
	 - Description: "dereference failure: pointer NULL"
	 - Location: ../../../../../runner/.rustup/toolchains/nightly-2025-11-21-x86_64-unknown-linux-gnu/lib/rustlib/src/rust/library/core/src/ptr/mod.rs:1908:9 in function std::ptr::write::<value::Taint>

Check 521: std::ptr::write::<value::Taint>.pointer_dereference.2
	 - Status: SUCCESS
	 - Description: "dereference failure: pointer invalid"
	 - Location: ../../../../../runner/.rustup/toolchains/nightly-2025-11-21-x86_64-unknown-linux-gnu/lib/rustlib/src/rust/library/core/src/ptr/mod.rs:1908:9 in function std::ptr::write::<value::Taint>

Check 522: std::ptr::write::<value::Taint>.pointer_dereference.3
	 - Status: SUCCESS
	 - Description: "dereference failure: deallocated dynamic object"
	 - Location: ../../../../../runner/.rustup/toolchains/nightly-2025-11-21-x86_64-unknown-linux-gnu/lib/rustlib/src/rust/library/core/src/ptr/mod.rs:1908:9 in function std::ptr::write::<value::Taint>

Check 523: std::ptr::write::<value::Taint>.pointer_dereference.4
	 - Status: SUCCESS
	 - Description: "dereference failure: dead object"
	 - Location: ../../../../../runner/.rustup/toolchains/nightly-2025-11-21-x86_64-unknown-linux-gnu/lib/rustlib/src/rust/library/core/src/ptr/mod.rs:1908:9 in function std::ptr::write::<value::Taint>

Check 524: std::ptr::write::<value::Taint>.pointer_dereference.5
	 - Status: SUCCESS
	 - Description: "dereference failure: pointer outside object bounds"
	 - Location: ../../../../../runner/.rustup/toolchains/nightly-2025-11-21-x86_64-unknown-linux-gnu/lib/rustlib/src/rust/library/core/src/ptr/mod.rs:1908:9 in function std::ptr::write::<value::Taint>

Check 525: std::ptr::write::<value::Taint>.pointer_dereference.6
	 - Status: SUCCESS
	 - Description: "dereference failure: invalid integer address"
	 - Location: ../../../../../runner/.rustup/toolchains/nightly-2025-11-21-x86_64-unknown-linux-gnu/lib/rustlib/src/rust/library/core/src/ptr/mod.rs:1908:9 in function std::ptr::write::<value::Taint>

Check 526: std::alloc::Layout::dangling.pointer_dereference.1
	 - Status: SUCCESS
	 - Description: "dereference failure: pointer NULL"
	 - Location: ../../../../../runner/.rustup/toolchains/nightly-2025-11-21-x86_64-unknown-linux-gnu/lib/rustlib/src/rust/library/core/src/alloc/layout.rs:223:37 in function std::alloc::Layout::dangling

Check 527: std::alloc::Layout::dangling.pointer_dereference.2
	 - Status: SUCCESS
	 - Description: "dereference failure: pointer invalid"
	 - Location: ../../../../../runner/.rustup/toolchains/nightly-2025-11-21-x86_64-unknown-linux-gnu/lib/rustlib/src/rust/library/core/src/alloc/layout.rs:223:37 in function std::alloc::Layout::dangling

Check 528: std::alloc::Layout::dangling.pointer_dereference.3
	 - Status: SUCCESS
	 - Description: "dereference failure: deallocated dynamic object"
	 - Location: ../../../../../runner/.rustup/toolchains/nightly-2025-11-21-x86_64-unknown-linux-gnu/lib/rustlib/src/rust/library/core/src/alloc/layout.rs:223:37 in function std::alloc::Layout::dangling

Check 529: std::alloc::Layout::dangling.pointer_dereference.4
	 - Status: SUCCESS
	 - Description: "dereference failure: dead object"
	 - Location: ../../../../../runner/.rustup/toolchains/nightly-2025-11-21-x86_64-unknown-linux-gnu/lib/rustlib/src/rust/library/core/src/alloc/layout.rs:223:37 in function std::alloc::Layout::dangling

Check 530: std::alloc::Layout::dangling.pointer_dereference.5
	 - Status: SUCCESS
	 - Description: "dereference failure: pointer outside object bounds"
	 - Location: ../../../../../runner/.rustup/toolchains/nightly-2025-11-21-x86_64-unknown-linux-gnu/lib/rustlib/src/rust/library/core/src/alloc/layout.rs:223:37 in function std::alloc::Layout::dangling

Check 531: std::alloc::Layout::dangling.pointer_dereference.6
	 - Status: SUCCESS
	 - Description: "dereference failure: invalid integer address"
	 - Location: ../../../../../runner/.rustup/toolchains/nightly-2025-11-21-x86_64-unknown-linux-gnu/lib/rustlib/src/rust/library/core/src/alloc/layout.rs:223:37 in function std::alloc::Layout::dangling

Check 532: std::ptr::read::<alloc::raw_vec::RawVec<frame::StepState>>.pointer_dereference.1
	 - Status: SUCCESS
	 - Description: "dereference failure: pointer NULL"
	 - Location: ../../../../../runner/.rustup/toolchains/nightly-2025-11-21-x86_64-unknown-linux-gnu/lib/rustlib/src/rust/library/core/src/ptr/mod.rs:1708:9 in function std::ptr::read::<alloc::raw_vec::RawVec<frame::StepState>>

Check 533: std::ptr::read::<alloc::raw_vec::RawVec<frame::StepState>>.pointer_dereference.2
	 - Status: SUCCESS
	 - Description: "dereference failure: pointer invalid"
	 - Location: ../../../../../runner/.rustup/toolchains/nightly-2025-11-21-x86_64-unknown-linux-gnu/lib/rustlib/src/rust/library/core/src/ptr/mod.rs:1708:9 in function std::ptr::read::<alloc::raw_vec::RawVec<frame::StepState>>

Check 534: std::ptr::read::<alloc::raw_vec::RawVec<frame::StepState>>.pointer_dereference.3
	 - Status: SUCCESS
	 - Description: "dereference failure: deallocated dynamic object"
	 - Location: ../../../../../runner/.rustup/toolchains/nightly-2025-11-21-x86_64-unknown-linux-gnu/lib/rustlib/src/rust/library/core/src/ptr/mod.rs:1708:9 in function std::ptr::read::<alloc::raw_vec::RawVec<frame::StepState>>

Check 535: std::ptr::read::<alloc::raw_vec::RawVec<frame::StepState>>.pointer_dereference.4
	 - Status: SUCCESS
	 - Description: "dereference failure: dead object"
	 - Location: ../../../../../runner/.rustup/toolchains/nightly-2025-11-21-x86_64-unknown-linux-gnu/lib/rustlib/src/rust/library/core/src/ptr/mod.rs:1708:9 in function std::ptr::read::<alloc::raw_vec::RawVec<frame::StepState>>

Check 536: std::ptr::read::<alloc::raw_vec::RawVec<frame::StepState>>.pointer_dereference.5
	 - Status: SUCCESS
	 - Description: "dereference failure: pointer outside object bounds"
	 - Location: ../../../../../runner/.rustup/toolchains/nightly-2025-11-21-x86_64-unknown-linux-gnu/lib/rustlib/src/rust/library/core/src/ptr/mod.rs:1708:9 in function std::ptr::read::<alloc::raw_vec::RawVec<frame::StepState>>

Check 537: std::ptr::read::<alloc::raw_vec::RawVec<frame::StepState>>.pointer_dereference.6
	 - Status: SUCCESS
	 - Description: "dereference failure: invalid integer address"
	 - Location: ../../../../../runner/.rustup/toolchains/nightly-2025-11-21-x86_64-unknown-linux-gnu/lib/rustlib/src/rust/library/core/src/ptr/mod.rs:1708:9 in function std::ptr::read::<alloc::raw_vec::RawVec<frame::StepState>>

Check 538: alloc::raw_vec::RawVecInner::non_null::<capability::Capability>.pointer_dereference.1
	 - Status: SUCCESS
	 - Description: "dereference failure: pointer NULL"
	 - Location: ../../../../../runner/.rustup/toolchains/nightly-2025-11-21-x86_64-unknown-linux-gnu/lib/rustlib/src/rust/library/alloc/src/raw_vec/mod.rs:504:9 in function alloc::raw_vec::RawVecInner::non_null::<capability::Capability>

Check 539: alloc::raw_vec::RawVecInner::non_null::<capability::Capability>.pointer_dereference.2
	 - Status: SUCCESS
	 - Description: "dereference failure: pointer invalid"
	 - Location: ../../../../../runner/.rustup/toolchains/nightly-2025-11-21-x86_64-unknown-linux-gnu/lib/rustlib/src/rust/library/alloc/src/raw_vec/mod.rs:504:9 in function alloc::raw_vec::RawVecInner::non_null::<capability::Capability>

Check 540: alloc::raw_vec::RawVecInner::non_null::<capability::Capability>.pointer_dereference.3
	 - Status: SUCCESS
	 - Description: "dereference failure: deallocated dynamic object"
	 - Location: ../../../../../runner/.rustup/toolchains/nightly-2025-11-21-x86_64-unknown-linux-gnu/lib/rustlib/src/rust/library/alloc/src/raw_vec/mod.rs:504:9 in function alloc::raw_vec::RawVecInner::non_null::<capability::Capability>

Check 541: alloc::raw_vec::RawVecInner::non_null::<capability::Capability>.pointer_dereference.4
	 - Status: SUCCESS
	 - Description: "dereference failure: dead object"
	 - Location: ../../../../../runner/.rustup/toolchains/nightly-2025-11-21-x86_64-unknown-linux-gnu/lib/rustlib/src/rust/library/alloc/src/raw_vec/mod.rs:504:9 in function alloc::raw_vec::RawVecInner::non_null::<capability::Capability>

Check 542: alloc::raw_vec::RawVecInner::non_null::<capability::Capability>.pointer_dereference.5
	 - Status: SUCCESS
	 - Description: "dereference failure: pointer outside object bounds"
	 - Location: ../../../../../runner/.rustup/toolchains/nightly-2025-11-21-x86_64-unknown-linux-gnu/lib/rustlib/src/rust/library/alloc/src/raw_vec/mod.rs:504:9 in function alloc::raw_vec::RawVecInner::non_null::<capability::Capability>

Check 543: alloc::raw_vec::RawVecInner::non_null::<capability::Capability>.pointer_dereference.6
	 - Status: SUCCESS
	 - Description: "dereference failure: invalid integer address"
	 - Location: ../../../../../runner/.rustup/toolchains/nightly-2025-11-21-x86_64-unknown-linux-gnu/lib/rustlib/src/rust/library/alloc/src/raw_vec/mod.rs:504:9 in function alloc::raw_vec::RawVecInner::non_null::<capability::Capability>

Check 544: std::boxed::Box::<[std::mem::MaybeUninit<std::option::Option<value::SlotValue>>]>::into_raw_with_allocator.pointer_dereference.1
	 - Status: SUCCESS
	 - Description: "dereference failure: pointer NULL"
	 - Location: ../../../../../runner/.rustup/toolchains/nightly-2025-11-21-x86_64-unknown-linux-gnu/lib/rustlib/src/rust/library/alloc/src/boxed.rs:1485:19 in function std::boxed::Box::<[std::mem::MaybeUninit<std::option::Option<value::SlotValue>>]>::into_raw_with_allocator

Check 545: std::boxed::Box::<[std::mem::MaybeUninit<std::option::Option<value::SlotValue>>]>::into_raw_with_allocator.pointer_dereference.2
	 - Status: SUCCESS
	 - Description: "dereference failure: pointer invalid"
	 - Location: ../../../../../runner/.rustup/toolchains/nightly-2025-11-21-x86_64-unknown-linux-gnu/lib/rustlib/src/rust/library/alloc/src/boxed.rs:1485:19 in function std::boxed::Box::<[std::mem::MaybeUninit<std::option::Option<value::SlotValue>>]>::into_raw_with_allocator

Check 546: std::boxed::Box::<[std::mem::MaybeUninit<std::option::Option<value::SlotValue>>]>::into_raw_with_allocator.pointer_dereference.3
	 - Status: SUCCESS
	 - Description: "dereference failure: deallocated dynamic object"
	 - Location: ../../../../../runner/.rustup/toolchains/nightly-2025-11-21-x86_64-unknown-linux-gnu/lib/rustlib/src/rust/library/alloc/src/boxed.rs:1485:19 in function std::boxed::Box::<[std::mem::MaybeUninit<std::option::Option<value::SlotValue>>]>::into_raw_with_allocator

Check 547: std::boxed::Box::<[std::mem::MaybeUninit<std::option::Option<value::SlotValue>>]>::into_raw_with_allocator.pointer_dereference.4
	 - Status: SUCCESS
	 - Description: "dereference failure: dead object"
	 - Location: ../../../../../runner/.rustup/toolchains/nightly-2025-11-21-x86_64-unknown-linux-gnu/lib/rustlib/src/rust/library/alloc/src/boxed.rs:1485:19 in function std::boxed::Box::<[std::mem::MaybeUninit<std::option::Option<value::SlotValue>>]>::into_raw_with_allocator

Check 548: std::boxed::Box::<[std::mem::MaybeUninit<std::option::Option<value::SlotValue>>]>::into_raw_with_allocator.pointer_dereference.5
	 - Status: SUCCESS
	 - Description: "dereference failure: pointer outside object bounds"
	 - Location: ../../../../../runner/.rustup/toolchains/nightly-2025-11-21-x86_64-unknown-linux-gnu/lib/rustlib/src/rust/library/alloc/src/boxed.rs:1485:19 in function std::boxed::Box::<[std::mem::MaybeUninit<std::option::Option<value::SlotValue>>]>::into_raw_with_allocator

Check 549: std::boxed::Box::<[std::mem::MaybeUninit<std::option::Option<value::SlotValue>>]>::into_raw_with_allocator.pointer_dereference.6
	 - Status: SUCCESS
	 - Description: "dereference failure: invalid integer address"
	 - Location: ../../../../../runner/.rustup/toolchains/nightly-2025-11-21-x86_64-unknown-linux-gnu/lib/rustlib/src/rust/library/alloc/src/boxed.rs:1485:19 in function std::boxed::Box::<[std::mem::MaybeUninit<std::option::Option<value::SlotValue>>]>::into_raw_with_allocator

Check 550: <std::result::Result<std::ptr::NonNull<[u8]>, std::alloc::AllocError> as std::ops::Try>::branch.pointer_dereference.1
	 - Status: SUCCESS
	 - Description: "dereference failure: dead object"
	 - Location: ../../../../../runner/.rustup/toolchains/nightly-2025-11-21-x86_64-unknown-linux-gnu/lib/rustlib/src/rust/library/core/src/result.rs:2173:15 in function <std::result::Result<std::ptr::NonNull<[u8]>, std::alloc::AllocError> as std::ops::Try>::branch

Check 551: <std::result::Result<std::ptr::NonNull<[u8]>, std::alloc::AllocError> as std::ops::Try>::branch.pointer_dereference.2
	 - Status: SUCCESS
	 - Description: "dereference failure: dead object"
	 - Location: ../../../../../runner/.rustup/toolchains/nightly-2025-11-21-x86_64-unknown-linux-gnu/lib/rustlib/src/rust/library/core/src/result.rs:2175:23 in function <std::result::Result<std::ptr::NonNull<[u8]>, std::alloc::AllocError> as std::ops::Try>::branch

Check 552: <std::vec::set_len_on_drop::SetLenOnDrop<'_> as std::ops::Drop>::drop.pointer_dereference.1
	 - Status: SUCCESS
	 - Description: "dereference failure: pointer NULL"
	 - Location: ../../../../../runner/.rustup/toolchains/nightly-2025-11-21-x86_64-unknown-linux-gnu/lib/rustlib/src/rust/library/alloc/src/vec/set_len_on_drop.rs:31:21 in function <std::vec::set_len_on_drop::SetLenOnDrop<'_> as std::ops::Drop>::drop

Check 553: <std::vec::set_len_on_drop::SetLenOnDrop<'_> as std::ops::Drop>::drop.pointer_dereference.2
	 - Status: SUCCESS
	 - Description: "dereference failure: pointer invalid"
	 - Location: ../../../../../runner/.rustup/toolchains/nightly-2025-11-21-x86_64-unknown-linux-gnu/lib/rustlib/src/rust/library/alloc/src/vec/set_len_on_drop.rs:31:21 in function <std::vec::set_len_on_drop::SetLenOnDrop<'_> as std::ops::Drop>::drop

Check 554: <std::vec::set_len_on_drop::SetLenOnDrop<'_> as std::ops::Drop>::drop.pointer_dereference.3
	 - Status: SUCCESS
	 - Description: "dereference failure: deallocated dynamic object"
	 - Location: ../../../../../runner/.rustup/toolchains/nightly-2025-11-21-x86_64-unknown-linux-gnu/lib/rustlib/src/rust/library/alloc/src/vec/set_len_on_drop.rs:31:21 in function <std::vec::set_len_on_drop::SetLenOnDrop<'_> as std::ops::Drop>::drop

Check 555: <std::vec::set_len_on_drop::SetLenOnDrop<'_> as std::ops::Drop>::drop.pointer_dereference.4
	 - Status: SUCCESS
	 - Description: "dereference failure: dead object"
	 - Location: ../../../../../runner/.rustup/toolchains/nightly-2025-11-21-x86_64-unknown-linux-gnu/lib/rustlib/src/rust/library/alloc/src/vec/set_len_on_drop.rs:31:21 in function <std::vec::set_len_on_drop::SetLenOnDrop<'_> as std::ops::Drop>::drop

Check 556: <std::vec::set_len_on_drop::SetLenOnDrop<'_> as std::ops::Drop>::drop.pointer_dereference.5
	 - Status: SUCCESS
	 - Description: "dereference failure: pointer outside object bounds"
	 - Location: ../../../../../runner/.rustup/toolchains/nightly-2025-11-21-x86_64-unknown-linux-gnu/lib/rustlib/src/rust/library/alloc/src/vec/set_len_on_drop.rs:31:21 in function <std::vec::set_len_on_drop::SetLenOnDrop<'_> as std::ops::Drop>::drop

Check 557: <std::vec::set_len_on_drop::SetLenOnDrop<'_> as std::ops::Drop>::drop.pointer_dereference.6
	 - Status: SUCCESS
	 - Description: "dereference failure: invalid integer address"
	 - Location: ../../../../../runner/.rustup/toolchains/nightly-2025-11-21-x86_64-unknown-linux-gnu/lib/rustlib/src/rust/library/alloc/src/vec/set_len_on_drop.rs:31:21 in function <std::vec::set_len_on_drop::SetLenOnDrop<'_> as std::ops::Drop>::drop

Check 558: <std::vec::set_len_on_drop::SetLenOnDrop<'_> as std::ops::Drop>::drop.pointer_dereference.7
	 - Status: SUCCESS
	 - Description: "dereference failure: pointer NULL"
	 - Location: ../../../../../runner/.rustup/toolchains/nightly-2025-11-21-x86_64-unknown-linux-gnu/lib/rustlib/src/rust/library/alloc/src/vec/set_len_on_drop.rs:31:9 in function <std::vec::set_len_on_drop::SetLenOnDrop<'_> as std::ops::Drop>::drop

Check 559: <std::vec::set_len_on_drop::SetLenOnDrop<'_> as std::ops::Drop>::drop.pointer_dereference.8
	 - Status: SUCCESS
	 - Description: "dereference failure: pointer invalid"
	 - Location: ../../../../../runner/.rustup/toolchains/nightly-2025-11-21-x86_64-unknown-linux-gnu/lib/rustlib/src/rust/library/alloc/src/vec/set_len_on_drop.rs:31:9 in function <std::vec::set_len_on_drop::SetLenOnDrop<'_> as std::ops::Drop>::drop

Check 560: <std::vec::set_len_on_drop::SetLenOnDrop<'_> as std::ops::Drop>::drop.pointer_dereference.9
	 - Status: SUCCESS
	 - Description: "dereference failure: deallocated dynamic object"
	 - Location: ../../../../../runner/.rustup/toolchains/nightly-2025-11-21-x86_64-unknown-linux-gnu/lib/rustlib/src/rust/library/alloc/src/vec/set_len_on_drop.rs:31:9 in function <std::vec::set_len_on_drop::SetLenOnDrop<'_> as std::ops::Drop>::drop

Check 561: <std::vec::set_len_on_drop::SetLenOnDrop<'_> as std::ops::Drop>::drop.pointer_dereference.10
	 - Status: SUCCESS
	 - Description: "dereference failure: dead object"
	 - Location: ../../../../../runner/.rustup/toolchains/nightly-2025-11-21-x86_64-unknown-linux-gnu/lib/rustlib/src/rust/library/alloc/src/vec/set_len_on_drop.rs:31:9 in function <std::vec::set_len_on_drop::SetLenOnDrop<'_> as std::ops::Drop>::drop

Check 562: <std::vec::set_len_on_drop::SetLenOnDrop<'_> as std::ops::Drop>::drop.pointer_dereference.11
	 - Status: SUCCESS
	 - Description: "dereference failure: pointer outside object bounds"
	 - Location: ../../../../../runner/.rustup/toolchains/nightly-2025-11-21-x86_64-unknown-linux-gnu/lib/rustlib/src/rust/library/alloc/src/vec/set_len_on_drop.rs:31:9 in function <std::vec::set_len_on_drop::SetLenOnDrop<'_> as std::ops::Drop>::drop

Check 563: <std::vec::set_len_on_drop::SetLenOnDrop<'_> as std::ops::Drop>::drop.pointer_dereference.12
	 - Status: SUCCESS
	 - Description: "dereference failure: invalid integer address"
	 - Location: ../../../../../runner/.rustup/toolchains/nightly-2025-11-21-x86_64-unknown-linux-gnu/lib/rustlib/src/rust/library/alloc/src/vec/set_len_on_drop.rs:31:9 in function <std::vec::set_len_on_drop::SetLenOnDrop<'_> as std::ops::Drop>::drop

Check 564: <std::vec::set_len_on_drop::SetLenOnDrop<'_> as std::ops::Drop>::drop.pointer_dereference.13
	 - Status: SUCCESS
	 - Description: "dereference failure: pointer NULL"
	 - Location: ../../../../../runner/.rustup/toolchains/nightly-2025-11-21-x86_64-unknown-linux-gnu/lib/rustlib/src/rust/library/alloc/src/vec/set_len_on_drop.rs:31:9 in function <std::vec::set_len_on_drop::SetLenOnDrop<'_> as std::ops::Drop>::drop

Check 565: <std::vec::set_len_on_drop::SetLenOnDrop<'_> as std::ops::Drop>::drop.pointer_dereference.14
	 - Status: SUCCESS
	 - Description: "dereference failure: pointer invalid"
	 - Location: ../../../../../runner/.rustup/toolchains/nightly-2025-11-21-x86_64-unknown-linux-gnu/lib/rustlib/src/rust/library/alloc/src/vec/set_len_on_drop.rs:31:9 in function <std::vec::set_len_on_drop::SetLenOnDrop<'_> as std::ops::Drop>::drop

Check 566: <std::vec::set_len_on_drop::SetLenOnDrop<'_> as std::ops::Drop>::drop.pointer_dereference.15
	 - Status: SUCCESS
	 - Description: "dereference failure: deallocated dynamic object"
	 - Location: ../../../../../runner/.rustup/toolchains/nightly-2025-11-21-x86_64-unknown-linux-gnu/lib/rustlib/src/rust/library/alloc/src/vec/set_len_on_drop.rs:31:9 in function <std::vec::set_len_on_drop::SetLenOnDrop<'_> as std::ops::Drop>::drop

Check 567: <std::vec::set_len_on_drop::SetLenOnDrop<'_> as std::ops::Drop>::drop.pointer_dereference.16
	 - Status: SUCCESS
	 - Description: "dereference failure: dead object"
	 - Location: ../../../../../runner/.rustup/toolchains/nightly-2025-11-21-x86_64-unknown-linux-gnu/lib/rustlib/src/rust/library/alloc/src/vec/set_len_on_drop.rs:31:9 in function <std::vec::set_len_on_drop::SetLenOnDrop<'_> as std::ops::Drop>::drop

Check 568: <std::vec::set_len_on_drop::SetLenOnDrop<'_> as std::ops::Drop>::drop.pointer_dereference.17
	 - Status: SUCCESS
	 - Description: "dereference failure: pointer outside object bounds"
	 - Location: ../../../../../runner/.rustup/toolchains/nightly-2025-11-21-x86_64-unknown-linux-gnu/lib/rustlib/src/rust/library/alloc/src/vec/set_len_on_drop.rs:31:9 in function <std::vec::set_len_on_drop::SetLenOnDrop<'_> as std::ops::Drop>::drop

Check 569: <std::vec::set_len_on_drop::SetLenOnDrop<'_> as std::ops::Drop>::drop.pointer_dereference.18
	 - Status: SUCCESS
	 - Description: "dereference failure: invalid integer address"
	 - Location: ../../../../../runner/.rustup/toolchains/nightly-2025-11-21-x86_64-unknown-linux-gnu/lib/rustlib/src/rust/library/alloc/src/vec/set_len_on_drop.rs:31:9 in function <std::vec::set_len_on_drop::SetLenOnDrop<'_> as std::ops::Drop>::drop

Check 570: std::result::Result::<std::alloc::Layout, std::alloc::LayoutError>::map_err::<std::collections::TryReserveError, {closure@alloc::raw_vec::layout_array::{closure#1}}>.pointer_dereference.1
	 - Status: SUCCESS
	 - Description: "dereference failure: dead object"
	 - Location: ../../../../../runner/.rustup/toolchains/nightly-2025-11-21-x86_64-unknown-linux-gnu/lib/rustlib/src/rust/library/core/src/result.rs:966:15 in function std::result::Result::<std::alloc::Layout, std::alloc::LayoutError>::map_err::<std::collections::TryReserveError, {closure@alloc::raw_vec::layout_array::{closure#1}}>

Check 571: frame::RunFrame::new.pointer_dereference.1
	 - Status: SUCCESS
	 - Description: "dereference failure: dead object"
	 - Location: crates/vb_core/src/frame.rs:96:20 in function frame::RunFrame::new

Check 572: frame::RunFrame::new.pointer_dereference.2
	 - Status: SUCCESS
	 - Description: "dereference failure: dead object"
	 - Location: crates/vb_core/src/frame.rs:108:25 in function frame::RunFrame::new

Check 573: frame::RunFrame::new.pointer_dereference.3
	 - Status: SUCCESS
	 - Description: "dereference failure: dead object"
	 - Location: crates/vb_core/src/frame.rs:91:20 in function frame::RunFrame::new

Check 574: <std::boxed::Box<str> as std::ops::Drop>::drop.pointer_dereference.1
	 - Status: SUCCESS
	 - Description: "dereference failure: pointer NULL"
	 - Location: ../../../../../runner/.rustup/toolchains/nightly-2025-11-21-x86_64-unknown-linux-gnu/lib/rustlib/src/rust/library/alloc/src/boxed.rs:1761:19 in function <std::boxed::Box<str> as std::ops::Drop>::drop

Check 575: <std::boxed::Box<str> as std::ops::Drop>::drop.pointer_dereference.2
	 - Status: SUCCESS
	 - Description: "dereference failure: pointer invalid"
	 - Location: ../../../../../runner/.rustup/toolchains/nightly-2025-11-21-x86_64-unknown-linux-gnu/lib/rustlib/src/rust/library/alloc/src/boxed.rs:1761:19 in function <std::boxed::Box<str> as std::ops::Drop>::drop

Check 576: <std::boxed::Box<str> as std::ops::Drop>::drop.pointer_dereference.3
	 - Status: SUCCESS
	 - Description: "dereference failure: deallocated dynamic object"
	 - Location: ../../../../../runner/.rustup/toolchains/nightly-2025-11-21-x86_64-unknown-linux-gnu/lib/rustlib/src/rust/library/alloc/src/boxed.rs:1761:19 in function <std::boxed::Box<str> as std::ops::Drop>::drop

Check 577: <std::boxed::Box<str> as std::ops::Drop>::drop.pointer_dereference.4
	 - Status: SUCCESS
	 - Description: "dereference failure: dead object"
	 - Location: ../../../../../runner/.rustup/toolchains/nightly-2025-11-21-x86_64-unknown-linux-gnu/lib/rustlib/src/rust/library/alloc/src/boxed.rs:1761:19 in function <std::boxed::Box<str> as std::ops::Drop>::drop

Check 578: <std::boxed::Box<str> as std::ops::Drop>::drop.pointer_dereference.5
	 - Status: SUCCESS
	 - Description: "dereference failure: pointer outside object bounds"
	 - Location: ../../../../../runner/.rustup/toolchains/nightly-2025-11-21-x86_64-unknown-linux-gnu/lib/rustlib/src/rust/library/alloc/src/boxed.rs:1761:19 in function <std::boxed::Box<str> as std::ops::Drop>::drop

Check 579: <std::boxed::Box<str> as std::ops::Drop>::drop.pointer_dereference.6
	 - Status: SUCCESS
	 - Description: "dereference failure: invalid integer address"
	 - Location: ../../../../../runner/.rustup/toolchains/nightly-2025-11-21-x86_64-unknown-linux-gnu/lib/rustlib/src/rust/library/alloc/src/boxed.rs:1761:19 in function <std::boxed::Box<str> as std::ops::Drop>::drop

Check 580: std::option::Option::<&mut value::Taint>::ok_or::<errors::CoreError>.pointer_dereference.1
	 - Status: SUCCESS
	 - Description: "dereference failure: dead object"
	 - Location: ../../../../../runner/.rustup/toolchains/nightly-2025-11-21-x86_64-unknown-linux-gnu/lib/rustlib/src/rust/library/core/src/option.rs:1338:15 in function std::option::Option::<&mut value::Taint>::ok_or::<errors::CoreError>

Check 581: std::option::Option::<&mut value::Taint>::ok_or::<errors::CoreError>.pointer_dereference.2
	 - Status: SUCCESS
	 - Description: "dereference failure: dead object"
	 - Location: ../../../../../runner/.rustup/toolchains/nightly-2025-11-21-x86_64-unknown-linux-gnu/lib/rustlib/src/rust/library/core/src/option.rs:1339:24 in function std::option::Option::<&mut value::Taint>::ok_or::<errors::CoreError>

Check 582: std::ptr::drop_in_place::<std::boxed::Box<[capability::Capability]>>.pointer_dereference.1
	 - Status: SUCCESS
	 - Description: "dereference failure: pointer NULL"
	 - Location: ../../../../../runner/.rustup/toolchains/nightly-2025-11-21-x86_64-unknown-linux-gnu/lib/rustlib/src/rust/library/core/src/ptr/mod.rs:805:1 in function std::ptr::drop_in_place::<std::boxed::Box<[capability::Capability]>>

Check 583: std::ptr::drop_in_place::<std::boxed::Box<[capability::Capability]>>.pointer_dereference.2
	 - Status: SUCCESS
	 - Description: "dereference failure: pointer invalid"
	 - Location: ../../../../../runner/.rustup/toolchains/nightly-2025-11-21-x86_64-unknown-linux-gnu/lib/rustlib/src/rust/library/core/src/ptr/mod.rs:805:1 in function std::ptr::drop_in_place::<std::boxed::Box<[capability::Capability]>>

Check 584: std::ptr::drop_in_place::<std::boxed::Box<[capability::Capability]>>.pointer_dereference.3
	 - Status: SUCCESS
	 - Description: "dereference failure: deallocated dynamic object"
	 - Location: ../../../../../runner/.rustup/toolchains/nightly-2025-11-21-x86_64-unknown-linux-gnu/lib/rustlib/src/rust/library/core/src/ptr/mod.rs:805:1 in function std::ptr::drop_in_place::<std::boxed::Box<[capability::Capability]>>

Check 585: std::ptr::drop_in_place::<std::boxed::Box<[capability::Capability]>>.pointer_dereference.4
	 - Status: SUCCESS
	 - Description: "dereference failure: dead object"
	 - Location: ../../../../../runner/.rustup/toolchains/nightly-2025-11-21-x86_64-unknown-linux-gnu/lib/rustlib/src/rust/library/core/src/ptr/mod.rs:805:1 in function std::ptr::drop_in_place::<std::boxed::Box<[capability::Capability]>>

Check 586: std::ptr::drop_in_place::<std::boxed::Box<[capability::Capability]>>.pointer_dereference.5
	 - Status: SUCCESS
	 - Description: "dereference failure: pointer outside object bounds"
	 - Location: ../../../../../runner/.rustup/toolchains/nightly-2025-11-21-x86_64-unknown-linux-gnu/lib/rustlib/src/rust/library/core/src/ptr/mod.rs:805:1 in function std::ptr::drop_in_place::<std::boxed::Box<[capability::Capability]>>

Check 587: std::ptr::drop_in_place::<std::boxed::Box<[capability::Capability]>>.pointer_dereference.6
	 - Status: SUCCESS
	 - Description: "dereference failure: invalid integer address"
	 - Location: ../../../../../runner/.rustup/toolchains/nightly-2025-11-21-x86_64-unknown-linux-gnu/lib/rustlib/src/rust/library/core/src/ptr/mod.rs:805:1 in function std::ptr::drop_in_place::<std::boxed::Box<[capability::Capability]>>

Check 588: std::ptr::write::<std::option::Option<value::SlotValue>>.pointer_dereference.1
	 - Status: SUCCESS
	 - Description: "dereference failure: pointer NULL"
	 - Location: ../../../../../runner/.rustup/toolchains/nightly-2025-11-21-x86_64-unknown-linux-gnu/lib/rustlib/src/rust/library/core/src/ptr/mod.rs:1908:9 in function std::ptr::write::<std::option::Option<value::SlotValue>>

Check 589: std::ptr::write::<std::option::Option<value::SlotValue>>.pointer_dereference.2
	 - Status: SUCCESS
	 - Description: "dereference failure: pointer invalid"
	 - Location: ../../../../../runner/.rustup/toolchains/nightly-2025-11-21-x86_64-unknown-linux-gnu/lib/rustlib/src/rust/library/core/src/ptr/mod.rs:1908:9 in function std::ptr::write::<std::option::Option<value::SlotValue>>

Check 590: std::ptr::write::<std::option::Option<value::SlotValue>>.pointer_dereference.3
	 - Status: SUCCESS
	 - Description: "dereference failure: deallocated dynamic object"
	 - Location: ../../../../../runner/.rustup/toolchains/nightly-2025-11-21-x86_64-unknown-linux-gnu/lib/rustlib/src/rust/library/core/src/ptr/mod.rs:1908:9 in function std::ptr::write::<std::option::Option<value::SlotValue>>

Check 591: std::ptr::write::<std::option::Option<value::SlotValue>>.pointer_dereference.4
	 - Status: SUCCESS
	 - Description: "dereference failure: dead object"
	 - Location: ../../../../../runner/.rustup/toolchains/nightly-2025-11-21-x86_64-unknown-linux-gnu/lib/rustlib/src/rust/library/core/src/ptr/mod.rs:1908:9 in function std::ptr::write::<std::option::Option<value::SlotValue>>

Check 592: std::ptr::write::<std::option::Option<value::SlotValue>>.pointer_dereference.5
	 - Status: SUCCESS
	 - Description: "dereference failure: pointer outside object bounds"
	 - Location: ../../../../../runner/.rustup/toolchains/nightly-2025-11-21-x86_64-unknown-linux-gnu/lib/rustlib/src/rust/library/core/src/ptr/mod.rs:1908:9 in function std::ptr::write::<std::option::Option<value::SlotValue>>

Check 593: std::ptr::write::<std::option::Option<value::SlotValue>>.pointer_dereference.6
	 - Status: SUCCESS
	 - Description: "dereference failure: invalid integer address"
	 - Location: ../../../../../runner/.rustup/toolchains/nightly-2025-11-21-x86_64-unknown-linux-gnu/lib/rustlib/src/rust/library/core/src/ptr/mod.rs:1908:9 in function std::ptr::write::<std::option::Option<value::SlotValue>>

Check 594: std::vec::set_len_on_drop::SetLenOnDrop::<'_>::new.pointer_dereference.1
	 - Status: SUCCESS
	 - Description: "dereference failure: pointer NULL"
	 - Location: ../../../../../runner/.rustup/toolchains/nightly-2025-11-21-x86_64-unknown-linux-gnu/lib/rustlib/src/rust/library/alloc/src/vec/set_len_on_drop.rs:14:35 in function std::vec::set_len_on_drop::SetLenOnDrop::<'_>::new

Check 595: std::vec::set_len_on_drop::SetLenOnDrop::<'_>::new.pointer_dereference.2
	 - Status: SUCCESS
	 - Description: "dereference failure: pointer invalid"
	 - Location: ../../../../../runner/.rustup/toolchains/nightly-2025-11-21-x86_64-unknown-linux-gnu/lib/rustlib/src/rust/library/alloc/src/vec/set_len_on_drop.rs:14:35 in function std::vec::set_len_on_drop::SetLenOnDrop::<'_>::new

Check 596: std::vec::set_len_on_drop::SetLenOnDrop::<'_>::new.pointer_dereference.3
	 - Status: SUCCESS
	 - Description: "dereference failure: deallocated dynamic object"
	 - Location: ../../../../../runner/.rustup/toolchains/nightly-2025-11-21-x86_64-unknown-linux-gnu/lib/rustlib/src/rust/library/alloc/src/vec/set_len_on_drop.rs:14:35 in function std::vec::set_len_on_drop::SetLenOnDrop::<'_>::new

Check 597: std::vec::set_len_on_drop::SetLenOnDrop::<'_>::new.pointer_dereference.4
	 - Status: SUCCESS
	 - Description: "dereference failure: dead object"
	 - Location: ../../../../../runner/.rustup/toolchains/nightly-2025-11-21-x86_64-unknown-linux-gnu/lib/rustlib/src/rust/library/alloc/src/vec/set_len_on_drop.rs:14:35 in function std::vec::set_len_on_drop::SetLenOnDrop::<'_>::new

Check 598: std::vec::set_len_on_drop::SetLenOnDrop::<'_>::new.pointer_dereference.5
	 - Status: SUCCESS
	 - Description: "dereference failure: pointer outside object bounds"
	 - Location: ../../../../../runner/.rustup/toolchains/nightly-2025-11-21-x86_64-unknown-linux-gnu/lib/rustlib/src/rust/library/alloc/src/vec/set_len_on_drop.rs:14:35 in function std::vec::set_len_on_drop::SetLenOnDrop::<'_>::new

Check 599: std::vec::set_len_on_drop::SetLenOnDrop::<'_>::new.pointer_dereference.6
	 - Status: SUCCESS
	 - Description: "dereference failure: invalid integer address"
	 - Location: ../../../../../runner/.rustup/toolchains/nightly-2025-11-21-x86_64-unknown-linux-gnu/lib/rustlib/src/rust/library/alloc/src/vec/set_len_on_drop.rs:14:35 in function std::vec::set_len_on_drop::SetLenOnDrop::<'_>::new

Check 600: alloc::raw_vec::RawVecInner::shrink_unchecked::{closure#0}.pointer_dereference.1
	 - Status: SUCCESS
	 - Description: "dereference failure: pointer NULL"
	 - Location: ../../../../../runner/.rustup/toolchains/nightly-2025-11-21-x86_64-unknown-linux-gnu/lib/rustlib/src/rust/library/alloc/src/raw_vec/mod.rs:813:55 in function alloc::raw_vec::RawVecInner::shrink_unchecked::{closure#0}

Check 601: alloc::raw_vec::RawVecInner::shrink_unchecked::{closure#0}.pointer_dereference.2
	 - Status: SUCCESS
	 - Description: "dereference failure: pointer invalid"
	 - Location: ../../../../../runner/.rustup/toolchains/nightly-2025-11-21-x86_64-unknown-linux-gnu/lib/rustlib/src/rust/library/alloc/src/raw_vec/mod.rs:813:55 in function alloc::raw_vec::RawVecInner::shrink_unchecked::{closure#0}

Check 602: alloc::raw_vec::RawVecInner::shrink_unchecked::{closure#0}.pointer_dereference.3
	 - Status: SUCCESS
	 - Description: "dereference failure: deallocated dynamic object"
	 - Location: ../../../../../runner/.rustup/toolchains/nightly-2025-11-21-x86_64-unknown-linux-gnu/lib/rustlib/src/rust/library/alloc/src/raw_vec/mod.rs:813:55 in function alloc::raw_vec::RawVecInner::shrink_unchecked::{closure#0}

Check 603: alloc::raw_vec::RawVecInner::shrink_unchecked::{closure#0}.pointer_dereference.4
	 - Status: SUCCESS
	 - Description: "dereference failure: dead object"
	 - Location: ../../../../../runner/.rustup/toolchains/nightly-2025-11-21-x86_64-unknown-linux-gnu/lib/rustlib/src/rust/library/alloc/src/raw_vec/mod.rs:813:55 in function alloc::raw_vec::RawVecInner::shrink_unchecked::{closure#0}

Check 604: alloc::raw_vec::RawVecInner::shrink_unchecked::{closure#0}.pointer_dereference.5
	 - Status: SUCCESS
	 - Description: "dereference failure: pointer outside object bounds"
	 - Location: ../../../../../runner/.rustup/toolchains/nightly-2025-11-21-x86_64-unknown-linux-gnu/lib/rustlib/src/rust/library/alloc/src/raw_vec/mod.rs:813:55 in function alloc::raw_vec::RawVecInner::shrink_unchecked::{closure#0}

Check 605: alloc::raw_vec::RawVecInner::shrink_unchecked::{closure#0}.pointer_dereference.6
	 - Status: SUCCESS
	 - Description: "dereference failure: invalid integer address"
	 - Location: ../../../../../runner/.rustup/toolchains/nightly-2025-11-21-x86_64-unknown-linux-gnu/lib/rustlib/src/rust/library/alloc/src/raw_vec/mod.rs:813:55 in function alloc::raw_vec::RawVecInner::shrink_unchecked::{closure#0}

Check 606: <std::option::Option<value::SlotValue> as std::clone::Clone>::clone.pointer_dereference.1
	 - Status: SUCCESS
	 - Description: "dereference failure: pointer NULL"
	 - Location: ../../../../../runner/.rustup/toolchains/nightly-2025-11-21-x86_64-unknown-linux-gnu/lib/rustlib/src/rust/library/core/src/option.rs:2201:15 in function <std::option::Option<value::SlotValue> as std::clone::Clone>::clone

Check 607: <std::option::Option<value::SlotValue> as std::clone::Clone>::clone.pointer_dereference.2
	 - Status: SUCCESS
	 - Description: "dereference failure: pointer invalid"
	 - Location: ../../../../../runner/.rustup/toolchains/nightly-2025-11-21-x86_64-unknown-linux-gnu/lib/rustlib/src/rust/library/core/src/option.rs:2201:15 in function <std::option::Option<value::SlotValue> as std::clone::Clone>::clone

Check 608: <std::option::Option<value::SlotValue> as std::clone::Clone>::clone.pointer_dereference.3
	 - Status: SUCCESS
	 - Description: "dereference failure: deallocated dynamic object"
	 - Location: ../../../../../runner/.rustup/toolchains/nightly-2025-11-21-x86_64-unknown-linux-gnu/lib/rustlib/src/rust/library/core/src/option.rs:2201:15 in function <std::option::Option<value::SlotValue> as std::clone::Clone>::clone

Check 609: <std::option::Option<value::SlotValue> as std::clone::Clone>::clone.pointer_dereference.4
	 - Status: SUCCESS
	 - Description: "dereference failure: dead object"
	 - Location: ../../../../../runner/.rustup/toolchains/nightly-2025-11-21-x86_64-unknown-linux-gnu/lib/rustlib/src/rust/library/core/src/option.rs:2201:15 in function <std::option::Option<value::SlotValue> as std::clone::Clone>::clone

Check 610: <std::option::Option<value::SlotValue> as std::clone::Clone>::clone.pointer_dereference.5
	 - Status: SUCCESS
	 - Description: "dereference failure: pointer outside object bounds"
	 - Location: ../../../../../runner/.rustup/toolchains/nightly-2025-11-21-x86_64-unknown-linux-gnu/lib/rustlib/src/rust/library/core/src/option.rs:2201:15 in function <std::option::Option<value::SlotValue> as std::clone::Clone>::clone

Check 611: <std::option::Option<value::SlotValue> as std::clone::Clone>::clone.pointer_dereference.6
	 - Status: SUCCESS
	 - Description: "dereference failure: invalid integer address"
	 - Location: ../../../../../runner/.rustup/toolchains/nightly-2025-11-21-x86_64-unknown-linux-gnu/lib/rustlib/src/rust/library/core/src/option.rs:2201:15 in function <std::option::Option<value::SlotValue> as std::clone::Clone>::clone

Check 612: <std::option::Option<value::SlotValue> as std::clone::Clone>::clone.pointer_dereference.7
	 - Status: SUCCESS
	 - Description: "dereference failure: dead object"
	 - Location: ../../../../../runner/.rustup/toolchains/nightly-2025-11-21-x86_64-unknown-linux-gnu/lib/rustlib/src/rust/library/core/src/option.rs:2203:21 in function <std::option::Option<value::SlotValue> as std::clone::Clone>::clone

Check 613: <std::boxed::Box<[value::Taint]> as std::ops::Drop>::drop.pointer_dereference.1
	 - Status: SUCCESS
	 - Description: "dereference failure: pointer NULL"
	 - Location: ../../../../../runner/.rustup/toolchains/nightly-2025-11-21-x86_64-unknown-linux-gnu/lib/rustlib/src/rust/library/alloc/src/boxed.rs:1761:19 in function <std::boxed::Box<[value::Taint]> as std::ops::Drop>::drop

Check 614: <std::boxed::Box<[value::Taint]> as std::ops::Drop>::drop.pointer_dereference.2
	 - Status: SUCCESS
	 - Description: "dereference failure: pointer invalid"
	 - Location: ../../../../../runner/.rustup/toolchains/nightly-2025-11-21-x86_64-unknown-linux-gnu/lib/rustlib/src/rust/library/alloc/src/boxed.rs:1761:19 in function <std::boxed::Box<[value::Taint]> as std::ops::Drop>::drop

Check 615: <std::boxed::Box<[value::Taint]> as std::ops::Drop>::drop.pointer_dereference.3
	 - Status: SUCCESS
	 - Description: "dereference failure: deallocated dynamic object"
	 - Location: ../../../../../runner/.rustup/toolchains/nightly-2025-11-21-x86_64-unknown-linux-gnu/lib/rustlib/src/rust/library/alloc/src/boxed.rs:1761:19 in function <std::boxed::Box<[value::Taint]> as std::ops::Drop>::drop

Check 616: <std::boxed::Box<[value::Taint]> as std::ops::Drop>::drop.pointer_dereference.4
	 - Status: SUCCESS
	 - Description: "dereference failure: dead object"
	 - Location: ../../../../../runner/.rustup/toolchains/nightly-2025-11-21-x86_64-unknown-linux-gnu/lib/rustlib/src/rust/library/alloc/src/boxed.rs:1761:19 in function <std::boxed::Box<[value::Taint]> as std::ops::Drop>::drop

Check 617: <std::boxed::Box<[value::Taint]> as std::ops::Drop>::drop.pointer_dereference.5
	 - Status: SUCCESS
	 - Description: "dereference failure: pointer outside object bounds"
	 - Location: ../../../../../runner/.rustup/toolchains/nightly-2025-11-21-x86_64-unknown-linux-gnu/lib/rustlib/src/rust/library/alloc/src/boxed.rs:1761:19 in function <std::boxed::Box<[value::Taint]> as std::ops::Drop>::drop

Check 618: <std::boxed::Box<[value::Taint]> as std::ops::Drop>::drop.pointer_dereference.6
	 - Status: SUCCESS
	 - Description: "dereference failure: invalid integer address"
	 - Location: ../../../../../runner/.rustup/toolchains/nightly-2025-11-21-x86_64-unknown-linux-gnu/lib/rustlib/src/rust/library/alloc/src/boxed.rs:1761:19 in function <std::boxed::Box<[value::Taint]> as std::ops::Drop>::drop

Check 619: <value::SlotValue as std::clone::Clone>::clone.pointer_dereference.1
	 - Status: SUCCESS
	 - Description: "dereference failure: pointer NULL"
	 - Location: crates/vb_core/src/value.rs:123:17 in function <value::SlotValue as std::clone::Clone>::clone

Check 620: <value::SlotValue as std::clone::Clone>::clone.pointer_dereference.2
	 - Status: SUCCESS
	 - Description: "dereference failure: pointer invalid"
	 - Location: crates/vb_core/src/value.rs:123:17 in function <value::SlotValue as std::clone::Clone>::clone

Check 621: <value::SlotValue as std::clone::Clone>::clone.pointer_dereference.3
	 - Status: SUCCESS
	 - Description: "dereference failure: deallocated dynamic object"
	 - Location: crates/vb_core/src/value.rs:123:17 in function <value::SlotValue as std::clone::Clone>::clone

Check 622: <value::SlotValue as std::clone::Clone>::clone.pointer_dereference.4
	 - Status: SUCCESS
	 - Description: "dereference failure: dead object"
	 - Location: crates/vb_core/src/value.rs:123:17 in function <value::SlotValue as std::clone::Clone>::clone

Check 623: <value::SlotValue as std::clone::Clone>::clone.pointer_dereference.5
	 - Status: SUCCESS
	 - Description: "dereference failure: pointer outside object bounds"
	 - Location: crates/vb_core/src/value.rs:123:17 in function <value::SlotValue as std::clone::Clone>::clone

Check 624: <value::SlotValue as std::clone::Clone>::clone.pointer_dereference.6
	 - Status: SUCCESS
	 - Description: "dereference failure: invalid integer address"
	 - Location: crates/vb_core/src/value.rs:123:17 in function <value::SlotValue as std::clone::Clone>::clone

Check 625: std::ptr::Alignment::new.pointer_dereference.1
	 - Status: SUCCESS
	 - Description: "dereference failure: dead object"
	 - Location: ../../../../../runner/.rustup/toolchains/nightly-2025-11-21-x86_64-unknown-linux-gnu/lib/rustlib/src/rust/library/core/src/ptr/alignment.rs:64:13 in function std::ptr::Alignment::new

Check 626: std::result::Result::<(), action::IdempotencyViolation>::is_ok.pointer_dereference.1
	 - Status: SUCCESS
	 - Description: "dereference failure: pointer NULL"
	 - Location: ../../../../../runner/.rustup/toolchains/nightly-2025-11-21-x86_64-unknown-linux-gnu/lib/rustlib/src/rust/library/core/src/result.rs:594:18 in function std::result::Result::<(), action::IdempotencyViolation>::is_ok

Check 627: std::result::Result::<(), action::IdempotencyViolation>::is_ok.pointer_dereference.2
	 - Status: SUCCESS
	 - Description: "dereference failure: pointer invalid"
	 - Location: ../../../../../runner/.rustup/toolchains/nightly-2025-11-21-x86_64-unknown-linux-gnu/lib/rustlib/src/rust/library/core/src/result.rs:594:18 in function std::result::Result::<(), action::IdempotencyViolation>::is_ok

Check 628: std::result::Result::<(), action::IdempotencyViolation>::is_ok.pointer_dereference.3
	 - Status: SUCCESS
	 - Description: "dereference failure: deallocated dynamic object"
	 - Location: ../../../../../runner/.rustup/toolchains/nightly-2025-11-21-x86_64-unknown-linux-gnu/lib/rustlib/src/rust/library/core/src/result.rs:594:18 in function std::result::Result::<(), action::IdempotencyViolation>::is_ok

Check 629: std::result::Result::<(), action::IdempotencyViolation>::is_ok.pointer_dereference.4
	 - Status: SUCCESS
	 - Description: "dereference failure: dead object"
	 - Location: ../../../../../runner/.rustup/toolchains/nightly-2025-11-21-x86_64-unknown-linux-gnu/lib/rustlib/src/rust/library/core/src/result.rs:594:18 in function std::result::Result::<(), action::IdempotencyViolation>::is_ok

Check 630: std::result::Result::<(), action::IdempotencyViolation>::is_ok.pointer_dereference.5
	 - Status: SUCCESS
	 - Description: "dereference failure: pointer outside object bounds"
	 - Location: ../../../../../runner/.rustup/toolchains/nightly-2025-11-21-x86_64-unknown-linux-gnu/lib/rustlib/src/rust/library/core/src/result.rs:594:18 in function std::result::Result::<(), action::IdempotencyViolation>::is_ok

Check 631: std::result::Result::<(), action::IdempotencyViolation>::is_ok.pointer_dereference.6
	 - Status: SUCCESS
	 - Description: "dereference failure: invalid integer address"
	 - Location: ../../../../../runner/.rustup/toolchains/nightly-2025-11-21-x86_64-unknown-linux-gnu/lib/rustlib/src/rust/library/core/src/result.rs:594:18 in function std::result::Result::<(), action::IdempotencyViolation>::is_ok

Check 632: memcpy.pointer.3
	 - Status: SUCCESS
	 - Description: "same object violation in (const char *)(void *)src >= (const char *)(void *)dst + (signed long int)(count * sizeof(unsigned char) /*1*/ )"
	 - Location: <builtin-library-memcpy>:33 in function memcpy

Check 633: memcpy.pointer.4
	 - Status: SUCCESS
	 - Description: "same object violation in (const char *)(void *)dst >= (const char *)(void *)src + (signed long int)(count * sizeof(unsigned char) /*1*/ )"
	 - Location: <builtin-library-memcpy>:34 in function memcpy

Check 634: std::ptr::copy_nonoverlapping::<u8>.precondition_instance.1
	 - Status: SUCCESS
	 - Description: "memcpy src/dst overlap"
	 - Location: ../../../../../runner/.rustup/toolchains/nightly-2025-11-21-x86_64-unknown-linux-gnu/lib/rustlib/src/rust/library/core/src/ptr/mod.rs:547:14 in function std::ptr::copy_nonoverlapping::<u8>

Check 635: std::ptr::copy_nonoverlapping::<u8>.precondition_instance.2
	 - Status: SUCCESS
	 - Description: "memcpy source region readable"
	 - Location: ../../../../../runner/.rustup/toolchains/nightly-2025-11-21-x86_64-unknown-linux-gnu/lib/rustlib/src/rust/library/core/src/ptr/mod.rs:547:14 in function std::ptr::copy_nonoverlapping::<u8>

Check 636: std::ptr::copy_nonoverlapping::<u8>.precondition_instance.3
	 - Status: SUCCESS
	 - Description: "memcpy destination region writeable"
	 - Location: ../../../../../runner/.rustup/toolchains/nightly-2025-11-21-x86_64-unknown-linux-gnu/lib/rustlib/src/rust/library/core/src/ptr/mod.rs:547:14 in function std::ptr::copy_nonoverlapping::<u8>

Check 637: pointer_dereference.1
	 - Status: SUCCESS
	 - Description: "dereference failure: pointer NULL"

Check 638: pointer_dereference.2
	 - Status: SUCCESS
	 - Description: "dereference failure: pointer invalid"

Check 639: pointer_dereference.3
	 - Status: SUCCESS
	 - Description: "dereference failure: deallocated dynamic object"

Check 640: pointer_dereference.4
	 - Status: SUCCESS
	 - Description: "dereference failure: dead object"

Check 641: pointer_dereference.5
	 - Status: SUCCESS
	 - Description: "dereference failure: pointer outside object bounds"

Check 642: pointer_dereference.6
	 - Status: SUCCESS
	 - Description: "dereference failure: invalid integer address"

Check 643: std::vec::set_len_on_drop::SetLenOnDrop::<'_>::increment_len.pointer_dereference.1
	 - Status: SUCCESS
	 - Description: "dereference failure: pointer NULL"
	 - Location: ../../../../../runner/.rustup/toolchains/nightly-2025-11-21-x86_64-unknown-linux-gnu/lib/rustlib/src/rust/library/alloc/src/vec/set_len_on_drop.rs:19:9 in function std::vec::set_len_on_drop::SetLenOnDrop::<'_>::increment_len

Check 644: std::vec::set_len_on_drop::SetLenOnDrop::<'_>::increment_len.pointer_dereference.2
	 - Status: SUCCESS
	 - Description: "dereference failure: pointer invalid"
	 - Location: ../../../../../runner/.rustup/toolchains/nightly-2025-11-21-x86_64-unknown-linux-gnu/lib/rustlib/src/rust/library/alloc/src/vec/set_len_on_drop.rs:19:9 in function std::vec::set_len_on_drop::SetLenOnDrop::<'_>::increment_len

Check 645: std::vec::set_len_on_drop::SetLenOnDrop::<'_>::increment_len.pointer_dereference.3
	 - Status: SUCCESS
	 - Description: "dereference failure: deallocated dynamic object"
	 - Location: ../../../../../runner/.rustup/toolchains/nightly-2025-11-21-x86_64-unknown-linux-gnu/lib/rustlib/src/rust/library/alloc/src/vec/set_len_on_drop.rs:19:9 in function std::vec::set_len_on_drop::SetLenOnDrop::<'_>::increment_len

Check 646: std::vec::set_len_on_drop::SetLenOnDrop::<'_>::increment_len.pointer_dereference.4
	 - Status: SUCCESS
	 - Description: "dereference failure: dead object"
	 - Location: ../../../../../runner/.rustup/toolchains/nightly-2025-11-21-x86_64-unknown-linux-gnu/lib/rustlib/src/rust/library/alloc/src/vec/set_len_on_drop.rs:19:9 in function std::vec::set_len_on_drop::SetLenOnDrop::<'_>::increment_len

Check 647: std::vec::set_len_on_drop::SetLenOnDrop::<'_>::increment_len.pointer_dereference.5
	 - Status: SUCCESS
	 - Description: "dereference failure: pointer outside object bounds"
	 - Location: ../../../../../runner/.rustup/toolchains/nightly-2025-11-21-x86_64-unknown-linux-gnu/lib/rustlib/src/rust/library/alloc/src/vec/set_len_on_drop.rs:19:9 in function std::vec::set_len_on_drop::SetLenOnDrop::<'_>::increment_len

Check 648: std::vec::set_len_on_drop::SetLenOnDrop::<'_>::increment_len.pointer_dereference.6
	 - Status: SUCCESS
	 - Description: "dereference failure: invalid integer address"
	 - Location: ../../../../../runner/.rustup/toolchains/nightly-2025-11-21-x86_64-unknown-linux-gnu/lib/rustlib/src/rust/library/alloc/src/vec/set_len_on_drop.rs:19:9 in function std::vec::set_len_on_drop::SetLenOnDrop::<'_>::increment_len

Check 649: alloc::raw_vec::RawVecInner::finish_grow::{closure#0}.pointer_dereference.1
	 - Status: SUCCESS
	 - Description: "dereference failure: pointer NULL"
	 - Location: ../../../../../runner/.rustup/toolchains/nightly-2025-11-21-x86_64-unknown-linux-gnu/lib/rustlib/src/rust/library/alloc/src/raw_vec/mod.rs:758:49 in function alloc::raw_vec::RawVecInner::finish_grow::{closure#0}

Check 650: alloc::raw_vec::RawVecInner::finish_grow::{closure#0}.pointer_dereference.2
	 - Status: SUCCESS
	 - Description: "dereference failure: pointer invalid"
	 - Location: ../../../../../runner/.rustup/toolchains/nightly-2025-11-21-x86_64-unknown-linux-gnu/lib/rustlib/src/rust/library/alloc/src/raw_vec/mod.rs:758:49 in function alloc::raw_vec::RawVecInner::finish_grow::{closure#0}

Check 651: alloc::raw_vec::RawVecInner::finish_grow::{closure#0}.pointer_dereference.3
	 - Status: SUCCESS
	 - Description: "dereference failure: deallocated dynamic object"
	 - Location: ../../../../../runner/.rustup/toolchains/nightly-2025-11-21-x86_64-unknown-linux-gnu/lib/rustlib/src/rust/library/alloc/src/raw_vec/mod.rs:758:49 in function alloc::raw_vec::RawVecInner::finish_grow::{closure#0}

Check 652: alloc::raw_vec::RawVecInner::finish_grow::{closure#0}.pointer_dereference.4
	 - Status: SUCCESS
	 - Description: "dereference failure: dead object"
	 - Location: ../../../../../runner/.rustup/toolchains/nightly-2025-11-21-x86_64-unknown-linux-gnu/lib/rustlib/src/rust/library/alloc/src/raw_vec/mod.rs:758:49 in function alloc::raw_vec::RawVecInner::finish_grow::{closure#0}

Check 653: alloc::raw_vec::RawVecInner::finish_grow::{closure#0}.pointer_dereference.5
	 - Status: SUCCESS
	 - Description: "dereference failure: pointer outside object bounds"
	 - Location: ../../../../../runner/.rustup/toolchains/nightly-2025-11-21-x86_64-unknown-linux-gnu/lib/rustlib/src/rust/library/alloc/src/raw_vec/mod.rs:758:49 in function alloc::raw_vec::RawVecInner::finish_grow::{closure#0}

Check 654: alloc::raw_vec::RawVecInner::finish_grow::{closure#0}.pointer_dereference.6
	 - Status: SUCCESS
	 - Description: "dereference failure: invalid integer address"
	 - Location: ../../../../../runner/.rustup/toolchains/nightly-2025-11-21-x86_64-unknown-linux-gnu/lib/rustlib/src/rust/library/alloc/src/raw_vec/mod.rs:758:49 in function alloc::raw_vec::RawVecInner::finish_grow::{closure#0}

Check 655: <usize as std::slice::SliceIndex<[std::option::Option<value::SlotValue>]>>::get.pointer_dereference.1
	 - Status: SUCCESS
	 - Description: "dereference failure: dead object"
	 - Location: ../../../../../runner/.rustup/toolchains/nightly-2025-11-21-x86_64-unknown-linux-gnu/lib/rustlib/src/rust/library/core/src/slice/index.rs:223:13 in function <usize as std::slice::SliceIndex<[std::option::Option<value::SlotValue>]>>::get

Check 656: __rust_dealloc.precondition_instance.1
	 - Status: SUCCESS
	 - Description: "free argument must be NULL or valid pointer"
	 - Location: ../../../../.kani/kani-0.67.0/library/kani/kani_lib.c:87 in function __rust_dealloc

Check 657: __rust_dealloc.precondition_instance.2
	 - Status: SUCCESS
	 - Description: "free argument must be dynamic object"
	 - Location: ../../../../.kani/kani-0.67.0/library/kani/kani_lib.c:87 in function __rust_dealloc

Check 658: __rust_dealloc.precondition_instance.3
	 - Status: SUCCESS
	 - Description: "free argument has offset zero"
	 - Location: ../../../../.kani/kani-0.67.0/library/kani/kani_lib.c:87 in function __rust_dealloc

Check 659: __rust_dealloc.precondition_instance.4
	 - Status: SUCCESS
	 - Description: "double free"
	 - Location: ../../../../.kani/kani-0.67.0/library/kani/kani_lib.c:87 in function __rust_dealloc

Check 660: __rust_dealloc.precondition_instance.5
	 - Status: SUCCESS
	 - Description: "free called for new[] object"
	 - Location: ../../../../.kani/kani-0.67.0/library/kani/kani_lib.c:87 in function __rust_dealloc

Check 661: __rust_dealloc.precondition_instance.6
	 - Status: SUCCESS
	 - Description: "free called for stack-allocated object"
	 - Location: ../../../../.kani/kani-0.67.0/library/kani/kani_lib.c:87 in function __rust_dealloc

Check 662: std::alloc::Layout::is_size_align_valid.pointer_dereference.1
	 - Status: SUCCESS
	 - Description: "dereference failure: dead object"
	 - Location: ../../../../../runner/.rustup/toolchains/nightly-2025-11-21-x86_64-unknown-linux-gnu/lib/rustlib/src/rust/library/core/src/alloc/layout.rs:69:27 in function std::alloc::Layout::is_size_align_valid

Check 663: std::vec::Vec::<std::option::Option<value::SlotValue>>::reserve.pointer_dereference.1
	 - Status: SUCCESS
	 - Description: "dereference failure: pointer NULL"
	 - Location: ../../../../../runner/.rustup/toolchains/nightly-2025-11-21-x86_64-unknown-linux-gnu/lib/rustlib/src/rust/library/alloc/src/vec/mod.rs:1298:26 in function std::vec::Vec::<std::option::Option<value::SlotValue>>::reserve

Check 664: std::vec::Vec::<std::option::Option<value::SlotValue>>::reserve.pointer_dereference.2
	 - Status: SUCCESS
	 - Description: "dereference failure: pointer invalid"
	 - Location: ../../../../../runner/.rustup/toolchains/nightly-2025-11-21-x86_64-unknown-linux-gnu/lib/rustlib/src/rust/library/alloc/src/vec/mod.rs:1298:26 in function std::vec::Vec::<std::option::Option<value::SlotValue>>::reserve

Check 665: std::vec::Vec::<std::option::Option<value::SlotValue>>::reserve.pointer_dereference.3
	 - Status: SUCCESS
	 - Description: "dereference failure: deallocated dynamic object"
	 - Location: ../../../../../runner/.rustup/toolchains/nightly-2025-11-21-x86_64-unknown-linux-gnu/lib/rustlib/src/rust/library/alloc/src/vec/mod.rs:1298:26 in function std::vec::Vec::<std::option::Option<value::SlotValue>>::reserve

Check 666: std::vec::Vec::<std::option::Option<value::SlotValue>>::reserve.pointer_dereference.4
	 - Status: SUCCESS
	 - Description: "dereference failure: dead object"
	 - Location: ../../../../../runner/.rustup/toolchains/nightly-2025-11-21-x86_64-unknown-linux-gnu/lib/rustlib/src/rust/library/alloc/src/vec/mod.rs:1298:26 in function std::vec::Vec::<std::option::Option<value::SlotValue>>::reserve

Check 667: std::vec::Vec::<std::option::Option<value::SlotValue>>::reserve.pointer_dereference.5
	 - Status: SUCCESS
	 - Description: "dereference failure: pointer outside object bounds"
	 - Location: ../../../../../runner/.rustup/toolchains/nightly-2025-11-21-x86_64-unknown-linux-gnu/lib/rustlib/src/rust/library/alloc/src/vec/mod.rs:1298:26 in function std::vec::Vec::<std::option::Option<value::SlotValue>>::reserve

Check 668: std::vec::Vec::<std::option::Option<value::SlotValue>>::reserve.pointer_dereference.6
	 - Status: SUCCESS
	 - Description: "dereference failure: invalid integer address"
	 - Location: ../../../../../runner/.rustup/toolchains/nightly-2025-11-21-x86_64-unknown-linux-gnu/lib/rustlib/src/rust/library/alloc/src/vec/mod.rs:1298:26 in function std::vec::Vec::<std::option::Option<value::SlotValue>>::reserve

Check 669: <action::SideEffect as std::cmp::PartialEq>::eq.pointer_dereference.1
	 - Status: SUCCESS
	 - Description: "dereference failure: pointer NULL"
	 - Location: crates/vb_core/src/action.rs:26:30 in function <action::SideEffect as std::cmp::PartialEq>::eq

Check 670: <action::SideEffect as std::cmp::PartialEq>::eq.pointer_dereference.2
	 - Status: SUCCESS
	 - Description: "dereference failure: pointer invalid"
	 - Location: crates/vb_core/src/action.rs:26:30 in function <action::SideEffect as std::cmp::PartialEq>::eq

Check 671: <action::SideEffect as std::cmp::PartialEq>::eq.pointer_dereference.3
	 - Status: SUCCESS
	 - Description: "dereference failure: deallocated dynamic object"
	 - Location: crates/vb_core/src/action.rs:26:30 in function <action::SideEffect as std::cmp::PartialEq>::eq

Check 672: <action::SideEffect as std::cmp::PartialEq>::eq.pointer_dereference.4
	 - Status: SUCCESS
	 - Description: "dereference failure: dead object"
	 - Location: crates/vb_core/src/action.rs:26:30 in function <action::SideEffect as std::cmp::PartialEq>::eq

Check 673: <action::SideEffect as std::cmp::PartialEq>::eq.pointer_dereference.5
	 - Status: SUCCESS
	 - Description: "dereference failure: pointer outside object bounds"
	 - Location: crates/vb_core/src/action.rs:26:30 in function <action::SideEffect as std::cmp::PartialEq>::eq

Check 674: <action::SideEffect as std::cmp::PartialEq>::eq.pointer_dereference.6
	 - Status: SUCCESS
	 - Description: "dereference failure: invalid integer address"
	 - Location: crates/vb_core/src/action.rs:26:30 in function <action::SideEffect as std::cmp::PartialEq>::eq

Check 675: <action::SideEffect as std::cmp::PartialEq>::eq.pointer_dereference.7
	 - Status: SUCCESS
	 - Description: "dereference failure: pointer NULL"
	 - Location: crates/vb_core/src/action.rs:26:30 in function <action::SideEffect as std::cmp::PartialEq>::eq

Check 676: <action::SideEffect as std::cmp::PartialEq>::eq.pointer_dereference.8
	 - Status: SUCCESS
	 - Description: "dereference failure: pointer invalid"
	 - Location: crates/vb_core/src/action.rs:26:30 in function <action::SideEffect as std::cmp::PartialEq>::eq

Check 677: <action::SideEffect as std::cmp::PartialEq>::eq.pointer_dereference.9
	 - Status: SUCCESS
	 - Description: "dereference failure: deallocated dynamic object"
	 - Location: crates/vb_core/src/action.rs:26:30 in function <action::SideEffect as std::cmp::PartialEq>::eq

Check 678: <action::SideEffect as std::cmp::PartialEq>::eq.pointer_dereference.10
	 - Status: SUCCESS
	 - Description: "dereference failure: dead object"
	 - Location: crates/vb_core/src/action.rs:26:30 in function <action::SideEffect as std::cmp::PartialEq>::eq

Check 679: <action::SideEffect as std::cmp::PartialEq>::eq.pointer_dereference.11
	 - Status: SUCCESS
	 - Description: "dereference failure: pointer outside object bounds"
	 - Location: crates/vb_core/src/action.rs:26:30 in function <action::SideEffect as std::cmp::PartialEq>::eq

Check 680: <action::SideEffect as std::cmp::PartialEq>::eq.pointer_dereference.12
	 - Status: SUCCESS
	 - Description: "dereference failure: invalid integer address"
	 - Location: crates/vb_core/src/action.rs:26:30 in function <action::SideEffect as std::cmp::PartialEq>::eq

Check 681: std::option::Option::<value::SlotValue>::is_some.pointer_dereference.1
	 - Status: SUCCESS
	 - Description: "dereference failure: pointer NULL"
	 - Location: ../../../../../runner/.rustup/toolchains/nightly-2025-11-21-x86_64-unknown-linux-gnu/lib/rustlib/src/rust/library/core/src/option.rs:636:18 in function std::option::Option::<value::SlotValue>::is_some

Check 682: std::option::Option::<value::SlotValue>::is_some.pointer_dereference.2
	 - Status: SUCCESS
	 - Description: "dereference failure: pointer invalid"
	 - Location: ../../../../../runner/.rustup/toolchains/nightly-2025-11-21-x86_64-unknown-linux-gnu/lib/rustlib/src/rust/library/core/src/option.rs:636:18 in function std::option::Option::<value::SlotValue>::is_some

Check 683: std::option::Option::<value::SlotValue>::is_some.pointer_dereference.3
	 - Status: SUCCESS
	 - Description: "dereference failure: deallocated dynamic object"
	 - Location: ../../../../../runner/.rustup/toolchains/nightly-2025-11-21-x86_64-unknown-linux-gnu/lib/rustlib/src/rust/library/core/src/option.rs:636:18 in function std::option::Option::<value::SlotValue>::is_some

Check 684: std::option::Option::<value::SlotValue>::is_some.pointer_dereference.4
	 - Status: SUCCESS
	 - Description: "dereference failure: dead object"
	 - Location: ../../../../../runner/.rustup/toolchains/nightly-2025-11-21-x86_64-unknown-linux-gnu/lib/rustlib/src/rust/library/core/src/option.rs:636:18 in function std::option::Option::<value::SlotValue>::is_some

Check 685: std::option::Option::<value::SlotValue>::is_some.pointer_dereference.5
	 - Status: SUCCESS
	 - Description: "dereference failure: pointer outside object bounds"
	 - Location: ../../../../../runner/.rustup/toolchains/nightly-2025-11-21-x86_64-unknown-linux-gnu/lib/rustlib/src/rust/library/core/src/option.rs:636:18 in function std::option::Option::<value::SlotValue>::is_some

Check 686: std::option::Option::<value::SlotValue>::is_some.pointer_dereference.6
	 - Status: SUCCESS
	 - Description: "dereference failure: invalid integer address"
	 - Location: ../../../../../runner/.rustup/toolchains/nightly-2025-11-21-x86_64-unknown-linux-gnu/lib/rustlib/src/rust/library/core/src/option.rs:636:18 in function std::option::Option::<value::SlotValue>::is_some

Check 687: alloc::raw_vec::RawVecInner::non_null::<frame::StepState>.pointer_dereference.1
	 - Status: SUCCESS
	 - Description: "dereference failure: pointer NULL"
	 - Location: ../../../../../runner/.rustup/toolchains/nightly-2025-11-21-x86_64-unknown-linux-gnu/lib/rustlib/src/rust/library/alloc/src/raw_vec/mod.rs:504:9 in function alloc::raw_vec::RawVecInner::non_null::<frame::StepState>

Check 688: alloc::raw_vec::RawVecInner::non_null::<frame::StepState>.pointer_dereference.2
	 - Status: SUCCESS
	 - Description: "dereference failure: pointer invalid"
	 - Location: ../../../../../runner/.rustup/toolchains/nightly-2025-11-21-x86_64-unknown-linux-gnu/lib/rustlib/src/rust/library/alloc/src/raw_vec/mod.rs:504:9 in function alloc::raw_vec::RawVecInner::non_null::<frame::StepState>

Check 689: alloc::raw_vec::RawVecInner::non_null::<frame::StepState>.pointer_dereference.3
	 - Status: SUCCESS
	 - Description: "dereference failure: deallocated dynamic object"
	 - Location: ../../../../../runner/.rustup/toolchains/nightly-2025-11-21-x86_64-unknown-linux-gnu/lib/rustlib/src/rust/library/alloc/src/raw_vec/mod.rs:504:9 in function alloc::raw_vec::RawVecInner::non_null::<frame::StepState>

Check 690: alloc::raw_vec::RawVecInner::non_null::<frame::StepState>.pointer_dereference.4
	 - Status: SUCCESS
	 - Description: "dereference failure: dead object"
	 - Location: ../../../../../runner/.rustup/toolchains/nightly-2025-11-21-x86_64-unknown-linux-gnu/lib/rustlib/src/rust/library/alloc/src/raw_vec/mod.rs:504:9 in function alloc::raw_vec::RawVecInner::non_null::<frame::StepState>

Check 691: alloc::raw_vec::RawVecInner::non_null::<frame::StepState>.pointer_dereference.5
	 - Status: SUCCESS
	 - Description: "dereference failure: pointer outside object bounds"
	 - Location: ../../../../../runner/.rustup/toolchains/nightly-2025-11-21-x86_64-unknown-linux-gnu/lib/rustlib/src/rust/library/alloc/src/raw_vec/mod.rs:504:9 in function alloc::raw_vec::RawVecInner::non_null::<frame::StepState>

Check 692: alloc::raw_vec::RawVecInner::non_null::<frame::StepState>.pointer_dereference.6
	 - Status: SUCCESS
	 - Description: "dereference failure: invalid integer address"
	 - Location: ../../../../../runner/.rustup/toolchains/nightly-2025-11-21-x86_64-unknown-linux-gnu/lib/rustlib/src/rust/library/alloc/src/raw_vec/mod.rs:504:9 in function alloc::raw_vec::RawVecInner::non_null::<frame::StepState>

Check 693: action::verify_idempotency.pointer_dereference.1
	 - Status: SUCCESS
	 - Description: "dereference failure: dead object"
	 - Location: crates/vb_core/src/action.rs:377:16 in function action::verify_idempotency

Check 694: action::verify_idempotency.pointer_dereference.2
	 - Status: SUCCESS
	 - Description: "dereference failure: pointer NULL"
	 - Location: crates/vb_core/src/action.rs:379:11 in function action::verify_idempotency

Check 695: action::verify_idempotency.pointer_dereference.3
	 - Status: SUCCESS
	 - Description: "dereference failure: pointer invalid"
	 - Location: crates/vb_core/src/action.rs:379:11 in function action::verify_idempotency

Check 696: action::verify_idempotency.pointer_dereference.4
	 - Status: SUCCESS
	 - Description: "dereference failure: deallocated dynamic object"
	 - Location: crates/vb_core/src/action.rs:379:11 in function action::verify_idempotency

Check 697: action::verify_idempotency.pointer_dereference.5
	 - Status: SUCCESS
	 - Description: "dereference failure: dead object"
	 - Location: crates/vb_core/src/action.rs:379:11 in function action::verify_idempotency

Check 698: action::verify_idempotency.pointer_dereference.6
	 - Status: SUCCESS
	 - Description: "dereference failure: pointer outside object bounds"
	 - Location: crates/vb_core/src/action.rs:379:11 in function action::verify_idempotency

Check 699: action::verify_idempotency.pointer_dereference.7
	 - Status: SUCCESS
	 - Description: "dereference failure: invalid integer address"
	 - Location: crates/vb_core/src/action.rs:379:11 in function action::verify_idempotency

Check 700: action::verify_idempotency.pointer_dereference.8
	 - Status: SUCCESS
	 - Description: "dereference failure: pointer NULL"
	 - Location: crates/vb_core/src/action.rs:387:69 in function action::verify_idempotency

Check 701: action::verify_idempotency.pointer_dereference.9
	 - Status: SUCCESS
	 - Description: "dereference failure: pointer invalid"
	 - Location: crates/vb_core/src/action.rs:387:69 in function action::verify_idempotency

Check 702: action::verify_idempotency.pointer_dereference.10
	 - Status: SUCCESS
	 - Description: "dereference failure: deallocated dynamic object"
	 - Location: crates/vb_core/src/action.rs:387:69 in function action::verify_idempotency

Check 703: action::verify_idempotency.pointer_dereference.11
	 - Status: SUCCESS
	 - Description: "dereference failure: dead object"
	 - Location: crates/vb_core/src/action.rs:387:69 in function action::verify_idempotency

Check 704: action::verify_idempotency.pointer_dereference.12
	 - Status: SUCCESS
	 - Description: "dereference failure: pointer outside object bounds"
	 - Location: crates/vb_core/src/action.rs:387:69 in function action::verify_idempotency

Check 705: action::verify_idempotency.pointer_dereference.13
	 - Status: SUCCESS
	 - Description: "dereference failure: invalid integer address"
	 - Location: crates/vb_core/src/action.rs:387:69 in function action::verify_idempotency

Check 706: action::verify_idempotency.pointer_dereference.14
	 - Status: SUCCESS
	 - Description: "dereference failure: pointer NULL"
	 - Location: crates/vb_core/src/action.rs:383:61 in function action::verify_idempotency

Check 707: action::verify_idempotency.pointer_dereference.15
	 - Status: SUCCESS
	 - Description: "dereference failure: pointer invalid"
	 - Location: crates/vb_core/src/action.rs:383:61 in function action::verify_idempotency

Check 708: action::verify_idempotency.pointer_dereference.16
	 - Status: SUCCESS
	 - Description: "dereference failure: deallocated dynamic object"
	 - Location: crates/vb_core/src/action.rs:383:61 in function action::verify_idempotency

Check 709: action::verify_idempotency.pointer_dereference.17
	 - Status: SUCCESS
	 - Description: "dereference failure: dead object"
	 - Location: crates/vb_core/src/action.rs:383:61 in function action::verify_idempotency

Check 710: action::verify_idempotency.pointer_dereference.18
	 - Status: SUCCESS
	 - Description: "dereference failure: pointer outside object bounds"
	 - Location: crates/vb_core/src/action.rs:383:61 in function action::verify_idempotency

Check 711: action::verify_idempotency.pointer_dereference.19
	 - Status: SUCCESS
	 - Description: "dereference failure: invalid integer address"
	 - Location: crates/vb_core/src/action.rs:383:61 in function action::verify_idempotency

Check 712: action::verify_idempotency.pointer_dereference.20
	 - Status: SUCCESS
	 - Description: "dereference failure: dead object"
	 - Location: crates/vb_core/src/action.rs:380:30 in function action::verify_idempotency

Check 713: std::ptr::write_bytes::<u8>.precondition_instance.1
	 - Status: SUCCESS
	 - Description: "memset destination region writeable"
	 - Location: ../../../../../runner/.rustup/toolchains/nightly-2025-11-21-x86_64-unknown-linux-gnu/lib/rustlib/src/rust/library/core/src/ptr/mod.rs:709:9 in function std::ptr::write_bytes::<u8>

Check 714: alloc::raw_vec::RawVecInner::non_null::<u8>.pointer_dereference.1
	 - Status: SUCCESS
	 - Description: "dereference failure: pointer NULL"
	 - Location: ../../../../../runner/.rustup/toolchains/nightly-2025-11-21-x86_64-unknown-linux-gnu/lib/rustlib/src/rust/library/alloc/src/raw_vec/mod.rs:504:9 in function alloc::raw_vec::RawVecInner::non_null::<u8>

Check 715: alloc::raw_vec::RawVecInner::non_null::<u8>.pointer_dereference.2
	 - Status: SUCCESS
	 - Description: "dereference failure: pointer invalid"
	 - Location: ../../../../../runner/.rustup/toolchains/nightly-2025-11-21-x86_64-unknown-linux-gnu/lib/rustlib/src/rust/library/alloc/src/raw_vec/mod.rs:504:9 in function alloc::raw_vec::RawVecInner::non_null::<u8>

Check 716: alloc::raw_vec::RawVecInner::non_null::<u8>.pointer_dereference.3
	 - Status: SUCCESS
	 - Description: "dereference failure: deallocated dynamic object"
	 - Location: ../../../../../runner/.rustup/toolchains/nightly-2025-11-21-x86_64-unknown-linux-gnu/lib/rustlib/src/rust/library/alloc/src/raw_vec/mod.rs:504:9 in function alloc::raw_vec::RawVecInner::non_null::<u8>

Check 717: alloc::raw_vec::RawVecInner::non_null::<u8>.pointer_dereference.4
	 - Status: SUCCESS
	 - Description: "dereference failure: dead object"
	 - Location: ../../../../../runner/.rustup/toolchains/nightly-2025-11-21-x86_64-unknown-linux-gnu/lib/rustlib/src/rust/library/alloc/src/raw_vec/mod.rs:504:9 in function alloc::raw_vec::RawVecInner::non_null::<u8>

Check 718: alloc::raw_vec::RawVecInner::non_null::<u8>.pointer_dereference.5
	 - Status: SUCCESS
	 - Description: "dereference failure: pointer outside object bounds"
	 - Location: ../../../../../runner/.rustup/toolchains/nightly-2025-11-21-x86_64-unknown-linux-gnu/lib/rustlib/src/rust/library/alloc/src/raw_vec/mod.rs:504:9 in function alloc::raw_vec::RawVecInner::non_null::<u8>

Check 719: alloc::raw_vec::RawVecInner::non_null::<u8>.pointer_dereference.6
	 - Status: SUCCESS
	 - Description: "dereference failure: invalid integer address"
	 - Location: ../../../../../runner/.rustup/toolchains/nightly-2025-11-21-x86_64-unknown-linux-gnu/lib/rustlib/src/rust/library/alloc/src/raw_vec/mod.rs:504:9 in function alloc::raw_vec::RawVecInner::non_null::<u8>

Check 720: <usize as std::slice::SliceIndex<[ids::SlotIdx]>>::get.pointer_dereference.1
	 - Status: SUCCESS
	 - Description: "dereference failure: dead object"
	 - Location: ../../../../../runner/.rustup/toolchains/nightly-2025-11-21-x86_64-unknown-linux-gnu/lib/rustlib/src/rust/library/core/src/slice/index.rs:223:13 in function <usize as std::slice::SliceIndex<[ids::SlotIdx]>>::get

Check 721: kani_idempotency_gates::unreachable_for_kani_frame_bounds.pointer_dereference.1
	 - Status: SUCCESS
	 - Description: "dereference failure: dead object"
	 - Location: crates/vb_core/src/kani_idempotency_gates.rs:202:11 in function kani_idempotency_gates::unreachable_for_kani_frame_bounds

Check 722: kani_idempotency_gates::unreachable_for_kani_frame_bounds.pointer_dereference.2
	 - Status: SUCCESS
	 - Description: "dereference failure: dead object"
	 - Location: crates/vb_core/src/kani_idempotency_gates.rs:205:5 in function kani_idempotency_gates::unreachable_for_kani_frame_bounds

Check 723: alloc::raw_vec::RawVecInner::grow_amortized.pointer_dereference.1
	 - Status: SUCCESS
	 - Description: "dereference failure: dead object"
	 - Location: ../../../../../runner/.rustup/toolchains/nightly-2025-11-21-x86_64-unknown-linux-gnu/lib/rustlib/src/rust/library/alloc/src/raw_vec/mod.rs:688:62 in function alloc::raw_vec::RawVecInner::grow_amortized

Check 724: alloc::raw_vec::RawVecInner::grow_amortized.pointer_dereference.2
	 - Status: SUCCESS
	 - Description: "dereference failure: dead object"
	 - Location: ../../../../../runner/.rustup/toolchains/nightly-2025-11-21-x86_64-unknown-linux-gnu/lib/rustlib/src/rust/library/alloc/src/raw_vec/mod.rs:688:28 in function alloc::raw_vec::RawVecInner::grow_amortized

Check 725: alloc::raw_vec::RawVecInner::grow_amortized.pointer_dereference.3
	 - Status: SUCCESS
	 - Description: "dereference failure: pointer NULL"
	 - Location: ../../../../../runner/.rustup/toolchains/nightly-2025-11-21-x86_64-unknown-linux-gnu/lib/rustlib/src/rust/library/alloc/src/raw_vec/mod.rs:692:28 in function alloc::raw_vec::RawVecInner::grow_amortized

Check 726: alloc::raw_vec::RawVecInner::grow_amortized.pointer_dereference.4
	 - Status: SUCCESS
	 - Description: "dereference failure: pointer invalid"
	 - Location: ../../../../../runner/.rustup/toolchains/nightly-2025-11-21-x86_64-unknown-linux-gnu/lib/rustlib/src/rust/library/alloc/src/raw_vec/mod.rs:692:28 in function alloc::raw_vec::RawVecInner::grow_amortized

Check 727: alloc::raw_vec::RawVecInner::grow_amortized.pointer_dereference.5
	 - Status: SUCCESS
	 - Description: "dereference failure: deallocated dynamic object"
	 - Location: ../../../../../runner/.rustup/toolchains/nightly-2025-11-21-x86_64-unknown-linux-gnu/lib/rustlib/src/rust/library/alloc/src/raw_vec/mod.rs:692:28 in function alloc::raw_vec::RawVecInner::grow_amortized

Check 728: alloc::raw_vec::RawVecInner::grow_amortized.pointer_dereference.6
	 - Status: SUCCESS
	 - Description: "dereference failure: dead object"
	 - Location: ../../../../../runner/.rustup/toolchains/nightly-2025-11-21-x86_64-unknown-linux-gnu/lib/rustlib/src/rust/library/alloc/src/raw_vec/mod.rs:692:28 in function alloc::raw_vec::RawVecInner::grow_amortized

Check 729: alloc::raw_vec::RawVecInner::grow_amortized.pointer_dereference.7
	 - Status: SUCCESS
	 - Description: "dereference failure: pointer outside object bounds"
	 - Location: ../../../../../runner/.rustup/toolchains/nightly-2025-11-21-x86_64-unknown-linux-gnu/lib/rustlib/src/rust/library/alloc/src/raw_vec/mod.rs:692:28 in function alloc::raw_vec::RawVecInner::grow_amortized

Check 730: alloc::raw_vec::RawVecInner::grow_amortized.pointer_dereference.8
	 - Status: SUCCESS
	 - Description: "dereference failure: invalid integer address"
	 - Location: ../../../../../runner/.rustup/toolchains/nightly-2025-11-21-x86_64-unknown-linux-gnu/lib/rustlib/src/rust/library/alloc/src/raw_vec/mod.rs:692:28 in function alloc::raw_vec::RawVecInner::grow_amortized

Check 731: alloc::raw_vec::RawVecInner::grow_amortized.pointer_dereference.9
	 - Status: SUCCESS
	 - Description: "dereference failure: dead object"
	 - Location: ../../../../../runner/.rustup/toolchains/nightly-2025-11-21-x86_64-unknown-linux-gnu/lib/rustlib/src/rust/library/alloc/src/raw_vec/mod.rs:702:9 in function alloc::raw_vec::RawVecInner::grow_amortized

Check 732: alloc::raw_vec::RawVecInner::grow_amortized.pointer_dereference.10
	 - Status: SUCCESS
	 - Description: "dereference failure: dead object"
	 - Location: ../../../../../runner/.rustup/toolchains/nightly-2025-11-21-x86_64-unknown-linux-gnu/lib/rustlib/src/rust/library/alloc/src/raw_vec/mod.rs:684:24 in function alloc::raw_vec::RawVecInner::grow_amortized

Check 733: <frame::StepState as std::clone::Clone>::clone.pointer_dereference.1
	 - Status: SUCCESS
	 - Description: "dereference failure: pointer NULL"
	 - Location: crates/vb_core/src/frame.rs:10:17 in function <frame::StepState as std::clone::Clone>::clone

Check 734: <frame::StepState as std::clone::Clone>::clone.pointer_dereference.2
	 - Status: SUCCESS
	 - Description: "dereference failure: pointer invalid"
	 - Location: crates/vb_core/src/frame.rs:10:17 in function <frame::StepState as std::clone::Clone>::clone

Check 735: <frame::StepState as std::clone::Clone>::clone.pointer_dereference.3
	 - Status: SUCCESS
	 - Description: "dereference failure: deallocated dynamic object"
	 - Location: crates/vb_core/src/frame.rs:10:17 in function <frame::StepState as std::clone::Clone>::clone

Check 736: <frame::StepState as std::clone::Clone>::clone.pointer_dereference.4
	 - Status: SUCCESS
	 - Description: "dereference failure: dead object"
	 - Location: crates/vb_core/src/frame.rs:10:17 in function <frame::StepState as std::clone::Clone>::clone

Check 737: <frame::StepState as std::clone::Clone>::clone.pointer_dereference.5
	 - Status: SUCCESS
	 - Description: "dereference failure: pointer outside object bounds"
	 - Location: crates/vb_core/src/frame.rs:10:17 in function <frame::StepState as std::clone::Clone>::clone

Check 738: <frame::StepState as std::clone::Clone>::clone.pointer_dereference.6
	 - Status: SUCCESS
	 - Description: "dereference failure: invalid integer address"
	 - Location: crates/vb_core/src/frame.rs:10:17 in function <frame::StepState as std::clone::Clone>::clone

Check 739: <std::result::Result<&mut value::Taint, errors::CoreError> as std::ops::Try>::branch.pointer_dereference.1
	 - Status: SUCCESS
	 - Description: "dereference failure: dead object"
	 - Location: ../../../../../runner/.rustup/toolchains/nightly-2025-11-21-x86_64-unknown-linux-gnu/lib/rustlib/src/rust/library/core/src/result.rs:2173:15 in function <std::result::Result<&mut value::Taint, errors::CoreError> as std::ops::Try>::branch

Check 740: <std::result::Result<&mut value::Taint, errors::CoreError> as std::ops::Try>::branch.pointer_dereference.2
	 - Status: SUCCESS
	 - Description: "dereference failure: dead object"
	 - Location: ../../../../../runner/.rustup/toolchains/nightly-2025-11-21-x86_64-unknown-linux-gnu/lib/rustlib/src/rust/library/core/src/result.rs:2174:22 in function <std::result::Result<&mut value::Taint, errors::CoreError> as std::ops::Try>::branch

Check 741: <std::result::Result<std::ptr::NonNull<[u8]>, std::alloc::AllocError> as std::ops::FromResidual<std::result::Result<std::convert::Infallible, std::alloc::AllocError>>>::from_residual.pointer_dereference.1
	 - Status: SUCCESS
	 - Description: "dereference failure: dead object"
	 - Location: ../../../../../runner/.rustup/toolchains/nightly-2025-11-21-x86_64-unknown-linux-gnu/lib/rustlib/src/rust/library/core/src/result.rs:2189:23 in function <std::result::Result<std::ptr::NonNull<[u8]>, std::alloc::AllocError> as std::ops::FromResidual<std::result::Result<std::convert::Infallible, std::alloc::AllocError>>>::from_residual

Check 742: <std::collections::TryReserveErrorKind as std::clone::Clone>::clone.pointer_dereference.1
	 - Status: SUCCESS
	 - Description: "dereference failure: pointer NULL"
	 - Location: ../../../../../runner/.rustup/toolchains/nightly-2025-11-21-x86_64-unknown-linux-gnu/lib/rustlib/src/rust/library/alloc/src/collections/mod.rs:93:10 in function <std::collections::TryReserveErrorKind as std::clone::Clone>::clone

Check 743: <std::collections::TryReserveErrorKind as std::clone::Clone>::clone.pointer_dereference.2
	 - Status: SUCCESS
	 - Description: "dereference failure: pointer invalid"
	 - Location: ../../../../../runner/.rustup/toolchains/nightly-2025-11-21-x86_64-unknown-linux-gnu/lib/rustlib/src/rust/library/alloc/src/collections/mod.rs:93:10 in function <std::collections::TryReserveErrorKind as std::clone::Clone>::clone

Check 744: <std::collections::TryReserveErrorKind as std::clone::Clone>::clone.pointer_dereference.3
	 - Status: SUCCESS
	 - Description: "dereference failure: deallocated dynamic object"
	 - Location: ../../../../../runner/.rustup/toolchains/nightly-2025-11-21-x86_64-unknown-linux-gnu/lib/rustlib/src/rust/library/alloc/src/collections/mod.rs:93:10 in function <std::collections::TryReserveErrorKind as std::clone::Clone>::clone

Check 745: <std::collections::TryReserveErrorKind as std::clone::Clone>::clone.pointer_dereference.4
	 - Status: SUCCESS
	 - Description: "dereference failure: dead object"
	 - Location: ../../../../../runner/.rustup/toolchains/nightly-2025-11-21-x86_64-unknown-linux-gnu/lib/rustlib/src/rust/library/alloc/src/collections/mod.rs:93:10 in function <std::collections::TryReserveErrorKind as std::clone::Clone>::clone

Check 746: <std::collections::TryReserveErrorKind as std::clone::Clone>::clone.pointer_dereference.5
	 - Status: SUCCESS
	 - Description: "dereference failure: pointer outside object bounds"
	 - Location: ../../../../../runner/.rustup/toolchains/nightly-2025-11-21-x86_64-unknown-linux-gnu/lib/rustlib/src/rust/library/alloc/src/collections/mod.rs:93:10 in function <std::collections::TryReserveErrorKind as std::clone::Clone>::clone

Check 747: <std::collections::TryReserveErrorKind as std::clone::Clone>::clone.pointer_dereference.6
	 - Status: SUCCESS
	 - Description: "dereference failure: invalid integer address"
	 - Location: ../../../../../runner/.rustup/toolchains/nightly-2025-11-21-x86_64-unknown-linux-gnu/lib/rustlib/src/rust/library/alloc/src/collections/mod.rs:93:10 in function <std::collections::TryReserveErrorKind as std::clone::Clone>::clone

Check 748: <std::collections::TryReserveErrorKind as std::clone::Clone>::clone.pointer_dereference.7
	 - Status: SUCCESS
	 - Description: "dereference failure: dead object"
	 - Location: ../../../../../runner/.rustup/toolchains/nightly-2025-11-21-x86_64-unknown-linux-gnu/lib/rustlib/src/rust/library/alloc/src/collections/mod.rs:93:10 in function <std::collections::TryReserveErrorKind as std::clone::Clone>::clone

Check 749: alloc::raw_vec::RawVecInner::finish_grow.pointer_dereference.1
	 - Status: SUCCESS
	 - Description: "dereference failure: dead object"
	 - Location: ../../../../../runner/.rustup/toolchains/nightly-2025-11-21-x86_64-unknown-linux-gnu/lib/rustlib/src/rust/library/alloc/src/raw_vec/mod.rs:747:55 in function alloc::raw_vec::RawVecInner::finish_grow

Check 750: <std::boxed::Box<[capability::Capability]> as std::ops::Drop>::drop.pointer_dereference.1
	 - Status: SUCCESS
	 - Description: "dereference failure: pointer NULL"
	 - Location: ../../../../../runner/.rustup/toolchains/nightly-2025-11-21-x86_64-unknown-linux-gnu/lib/rustlib/src/rust/library/alloc/src/boxed.rs:1761:19 in function <std::boxed::Box<[capability::Capability]> as std::ops::Drop>::drop

Check 751: <std::boxed::Box<[capability::Capability]> as std::ops::Drop>::drop.pointer_dereference.2
	 - Status: SUCCESS
	 - Description: "dereference failure: pointer invalid"
	 - Location: ../../../../../runner/.rustup/toolchains/nightly-2025-11-21-x86_64-unknown-linux-gnu/lib/rustlib/src/rust/library/alloc/src/boxed.rs:1761:19 in function <std::boxed::Box<[capability::Capability]> as std::ops::Drop>::drop

Check 752: <std::boxed::Box<[capability::Capability]> as std::ops::Drop>::drop.pointer_dereference.3
	 - Status: SUCCESS
	 - Description: "dereference failure: deallocated dynamic object"
	 - Location: ../../../../../runner/.rustup/toolchains/nightly-2025-11-21-x86_64-unknown-linux-gnu/lib/rustlib/src/rust/library/alloc/src/boxed.rs:1761:19 in function <std::boxed::Box<[capability::Capability]> as std::ops::Drop>::drop

Check 753: <std::boxed::Box<[capability::Capability]> as std::ops::Drop>::drop.pointer_dereference.4
	 - Status: SUCCESS
	 - Description: "dereference failure: dead object"
	 - Location: ../../../../../runner/.rustup/toolchains/nightly-2025-11-21-x86_64-unknown-linux-gnu/lib/rustlib/src/rust/library/alloc/src/boxed.rs:1761:19 in function <std::boxed::Box<[capability::Capability]> as std::ops::Drop>::drop

Check 754: <std::boxed::Box<[capability::Capability]> as std::ops::Drop>::drop.pointer_dereference.5
	 - Status: SUCCESS
	 - Description: "dereference failure: pointer outside object bounds"
	 - Location: ../../../../../runner/.rustup/toolchains/nightly-2025-11-21-x86_64-unknown-linux-gnu/lib/rustlib/src/rust/library/alloc/src/boxed.rs:1761:19 in function <std::boxed::Box<[capability::Capability]> as std::ops::Drop>::drop

Check 755: <std::boxed::Box<[capability::Capability]> as std::ops::Drop>::drop.pointer_dereference.6
	 - Status: SUCCESS
	 - Description: "dereference failure: invalid integer address"
	 - Location: ../../../../../runner/.rustup/toolchains/nightly-2025-11-21-x86_64-unknown-linux-gnu/lib/rustlib/src/rust/library/alloc/src/boxed.rs:1761:19 in function <std::boxed::Box<[capability::Capability]> as std::ops::Drop>::drop

Check 756: std::ptr::drop_in_place::<std::boxed::Box<str>>.pointer_dereference.1
	 - Status: SUCCESS
	 - Description: "dereference failure: pointer NULL"
	 - Location: ../../../../../runner/.rustup/toolchains/nightly-2025-11-21-x86_64-unknown-linux-gnu/lib/rustlib/src/rust/library/core/src/ptr/mod.rs:805:1 in function std::ptr::drop_in_place::<std::boxed::Box<str>>

Check 757: std::ptr::drop_in_place::<std::boxed::Box<str>>.pointer_dereference.2
	 - Status: SUCCESS
	 - Description: "dereference failure: pointer invalid"
	 - Location: ../../../../../runner/.rustup/toolchains/nightly-2025-11-21-x86_64-unknown-linux-gnu/lib/rustlib/src/rust/library/core/src/ptr/mod.rs:805:1 in function std::ptr::drop_in_place::<std::boxed::Box<str>>

Check 758: std::ptr::drop_in_place::<std::boxed::Box<str>>.pointer_dereference.3
	 - Status: SUCCESS
	 - Description: "dereference failure: deallocated dynamic object"
	 - Location: ../../../../../runner/.rustup/toolchains/nightly-2025-11-21-x86_64-unknown-linux-gnu/lib/rustlib/src/rust/library/core/src/ptr/mod.rs:805:1 in function std::ptr::drop_in_place::<std::boxed::Box<str>>

Check 759: std::ptr::drop_in_place::<std::boxed::Box<str>>.pointer_dereference.4
	 - Status: SUCCESS
	 - Description: "dereference failure: dead object"
	 - Location: ../../../../../runner/.rustup/toolchains/nightly-2025-11-21-x86_64-unknown-linux-gnu/lib/rustlib/src/rust/library/core/src/ptr/mod.rs:805:1 in function std::ptr::drop_in_place::<std::boxed::Box<str>>

Check 760: std::ptr::drop_in_place::<std::boxed::Box<str>>.pointer_dereference.5
	 - Status: SUCCESS
	 - Description: "dereference failure: pointer outside object bounds"
	 - Location: ../../../../../runner/.rustup/toolchains/nightly-2025-11-21-x86_64-unknown-linux-gnu/lib/rustlib/src/rust/library/core/src/ptr/mod.rs:805:1 in function std::ptr::drop_in_place::<std::boxed::Box<str>>

Check 761: std::ptr::drop_in_place::<std::boxed::Box<str>>.pointer_dereference.6
	 - Status: SUCCESS
	 - Description: "dereference failure: invalid integer address"
	 - Location: ../../../../../runner/.rustup/toolchains/nightly-2025-11-21-x86_64-unknown-linux-gnu/lib/rustlib/src/rust/library/core/src/ptr/mod.rs:805:1 in function std::ptr::drop_in_place::<std::boxed::Box<str>>

Check 762: std::boxed::Box::<[std::mem::MaybeUninit<value::Taint>]>::into_raw_with_allocator.pointer_dereference.1
	 - Status: SUCCESS
	 - Description: "dereference failure: pointer NULL"
	 - Location: ../../../../../runner/.rustup/toolchains/nightly-2025-11-21-x86_64-unknown-linux-gnu/lib/rustlib/src/rust/library/alloc/src/boxed.rs:1485:19 in function std::boxed::Box::<[std::mem::MaybeUninit<value::Taint>]>::into_raw_with_allocator

Check 763: std::boxed::Box::<[std::mem::MaybeUninit<value::Taint>]>::into_raw_with_allocator.pointer_dereference.2
	 - Status: SUCCESS
	 - Description: "dereference failure: pointer invalid"
	 - Location: ../../../../../runner/.rustup/toolchains/nightly-2025-11-21-x86_64-unknown-linux-gnu/lib/rustlib/src/rust/library/alloc/src/boxed.rs:1485:19 in function std::boxed::Box::<[std::mem::MaybeUninit<value::Taint>]>::into_raw_with_allocator

Check 764: std::boxed::Box::<[std::mem::MaybeUninit<value::Taint>]>::into_raw_with_allocator.pointer_dereference.3
	 - Status: SUCCESS
	 - Description: "dereference failure: deallocated dynamic object"
	 - Location: ../../../../../runner/.rustup/toolchains/nightly-2025-11-21-x86_64-unknown-linux-gnu/lib/rustlib/src/rust/library/alloc/src/boxed.rs:1485:19 in function std::boxed::Box::<[std::mem::MaybeUninit<value::Taint>]>::into_raw_with_allocator

Check 765: std::boxed::Box::<[std::mem::MaybeUninit<value::Taint>]>::into_raw_with_allocator.pointer_dereference.4
	 - Status: SUCCESS
	 - Description: "dereference failure: dead object"
	 - Location: ../../../../../runner/.rustup/toolchains/nightly-2025-11-21-x86_64-unknown-linux-gnu/lib/rustlib/src/rust/library/alloc/src/boxed.rs:1485:19 in function std::boxed::Box::<[std::mem::MaybeUninit<value::Taint>]>::into_raw_with_allocator

Check 766: std::boxed::Box::<[std::mem::MaybeUninit<value::Taint>]>::into_raw_with_allocator.pointer_dereference.5
	 - Status: SUCCESS
	 - Description: "dereference failure: pointer outside object bounds"
	 - Location: ../../../../../runner/.rustup/toolchains/nightly-2025-11-21-x86_64-unknown-linux-gnu/lib/rustlib/src/rust/library/alloc/src/boxed.rs:1485:19 in function std::boxed::Box::<[std::mem::MaybeUninit<value::Taint>]>::into_raw_with_allocator

Check 767: std::boxed::Box::<[std::mem::MaybeUninit<value::Taint>]>::into_raw_with_allocator.pointer_dereference.6
	 - Status: SUCCESS
	 - Description: "dereference failure: invalid integer address"
	 - Location: ../../../../../runner/.rustup/toolchains/nightly-2025-11-21-x86_64-unknown-linux-gnu/lib/rustlib/src/rust/library/alloc/src/boxed.rs:1485:19 in function std::boxed::Box::<[std::mem::MaybeUninit<value::Taint>]>::into_raw_with_allocator

Check 768: <std::vec::Vec<u8> as std::ops::Drop>::drop.pointer_dereference.1
	 - Status: SUCCESS
	 - Description: "dereference failure: pointer NULL"
	 - Location: ../../../../../runner/.rustup/toolchains/nightly-2025-11-21-x86_64-unknown-linux-gnu/lib/rustlib/src/rust/library/alloc/src/vec/mod.rs:4076:81 in function <std::vec::Vec<u8> as std::ops::Drop>::drop

Check 769: <std::vec::Vec<u8> as std::ops::Drop>::drop.pointer_dereference.2
	 - Status: SUCCESS
	 - Description: "dereference failure: pointer invalid"
	 - Location: ../../../../../runner/.rustup/toolchains/nightly-2025-11-21-x86_64-unknown-linux-gnu/lib/rustlib/src/rust/library/alloc/src/vec/mod.rs:4076:81 in function <std::vec::Vec<u8> as std::ops::Drop>::drop

Check 770: <std::vec::Vec<u8> as std::ops::Drop>::drop.pointer_dereference.3
	 - Status: SUCCESS
	 - Description: "dereference failure: deallocated dynamic object"
	 - Location: ../../../../../runner/.rustup/toolchains/nightly-2025-11-21-x86_64-unknown-linux-gnu/lib/rustlib/src/rust/library/alloc/src/vec/mod.rs:4076:81 in function <std::vec::Vec<u8> as std::ops::Drop>::drop

Check 771: <std::vec::Vec<u8> as std::ops::Drop>::drop.pointer_dereference.4
	 - Status: SUCCESS
	 - Description: "dereference failure: dead object"
	 - Location: ../../../../../runner/.rustup/toolchains/nightly-2025-11-21-x86_64-unknown-linux-gnu/lib/rustlib/src/rust/library/alloc/src/vec/mod.rs:4076:81 in function <std::vec::Vec<u8> as std::ops::Drop>::drop

Check 772: <std::vec::Vec<u8> as std::ops::Drop>::drop.pointer_dereference.5
	 - Status: SUCCESS
	 - Description: "dereference failure: pointer outside object bounds"
	 - Location: ../../../../../runner/.rustup/toolchains/nightly-2025-11-21-x86_64-unknown-linux-gnu/lib/rustlib/src/rust/library/alloc/src/vec/mod.rs:4076:81 in function <std::vec::Vec<u8> as std::ops::Drop>::drop

Check 773: <std::vec::Vec<u8> as std::ops::Drop>::drop.pointer_dereference.6
	 - Status: SUCCESS
	 - Description: "dereference failure: invalid integer address"
	 - Location: ../../../../../runner/.rustup/toolchains/nightly-2025-11-21-x86_64-unknown-linux-gnu/lib/rustlib/src/rust/library/alloc/src/vec/mod.rs:4076:81 in function <std::vec::Vec<u8> as std::ops::Drop>::drop

Check 774: <std::alloc::Layout as std::clone::Clone>::clone.pointer_dereference.1
	 - Status: SUCCESS
	 - Description: "dereference failure: pointer NULL"
	 - Location: ../../../../../runner/.rustup/toolchains/nightly-2025-11-21-x86_64-unknown-linux-gnu/lib/rustlib/src/rust/library/core/src/alloc/layout.rs:28:16 in function <std::alloc::Layout as std::clone::Clone>::clone

Check 775: <std::alloc::Layout as std::clone::Clone>::clone.pointer_dereference.2
	 - Status: SUCCESS
	 - Description: "dereference failure: pointer invalid"
	 - Location: ../../../../../runner/.rustup/toolchains/nightly-2025-11-21-x86_64-unknown-linux-gnu/lib/rustlib/src/rust/library/core/src/alloc/layout.rs:28:16 in function <std::alloc::Layout as std::clone::Clone>::clone

Check 776: <std::alloc::Layout as std::clone::Clone>::clone.pointer_dereference.3
	 - Status: SUCCESS
	 - Description: "dereference failure: deallocated dynamic object"
	 - Location: ../../../../../runner/.rustup/toolchains/nightly-2025-11-21-x86_64-unknown-linux-gnu/lib/rustlib/src/rust/library/core/src/alloc/layout.rs:28:16 in function <std::alloc::Layout as std::clone::Clone>::clone

Check 777: <std::alloc::Layout as std::clone::Clone>::clone.pointer_dereference.4
	 - Status: SUCCESS
	 - Description: "dereference failure: dead object"
	 - Location: ../../../../../runner/.rustup/toolchains/nightly-2025-11-21-x86_64-unknown-linux-gnu/lib/rustlib/src/rust/library/core/src/alloc/layout.rs:28:16 in function <std::alloc::Layout as std::clone::Clone>::clone

Check 778: <std::alloc::Layout as std::clone::Clone>::clone.pointer_dereference.5
	 - Status: SUCCESS
	 - Description: "dereference failure: pointer outside object bounds"
	 - Location: ../../../../../runner/.rustup/toolchains/nightly-2025-11-21-x86_64-unknown-linux-gnu/lib/rustlib/src/rust/library/core/src/alloc/layout.rs:28:16 in function <std::alloc::Layout as std::clone::Clone>::clone

Check 779: <std::alloc::Layout as std::clone::Clone>::clone.pointer_dereference.6
	 - Status: SUCCESS
	 - Description: "dereference failure: invalid integer address"
	 - Location: ../../../../../runner/.rustup/toolchains/nightly-2025-11-21-x86_64-unknown-linux-gnu/lib/rustlib/src/rust/library/core/src/alloc/layout.rs:28:16 in function <std::alloc::Layout as std::clone::Clone>::clone

Check 780: <std::result::Result<&mut std::option::Option<value::SlotValue>, errors::CoreError> as std::ops::Try>::branch.pointer_dereference.1
	 - Status: SUCCESS
	 - Description: "dereference failure: dead object"
	 - Location: ../../../../../runner/.rustup/toolchains/nightly-2025-11-21-x86_64-unknown-linux-gnu/lib/rustlib/src/rust/library/core/src/result.rs:2173:15 in function <std::result::Result<&mut std::option::Option<value::SlotValue>, errors::CoreError> as std::ops::Try>::branch

Check 781: <std::result::Result<&mut std::option::Option<value::SlotValue>, errors::CoreError> as std::ops::Try>::branch.pointer_dereference.2
	 - Status: SUCCESS
	 - Description: "dereference failure: dead object"
	 - Location: ../../../../../runner/.rustup/toolchains/nightly-2025-11-21-x86_64-unknown-linux-gnu/lib/rustlib/src/rust/library/core/src/result.rs:2174:22 in function <std::result::Result<&mut std::option::Option<value::SlotValue>, errors::CoreError> as std::ops::Try>::branch

Check 782: std::result::Result::<std::ptr::NonNull<[u8]>, std::alloc::AllocError>::map_err::<std::collections::TryReserveError, {closure@alloc::raw_vec::RawVecInner::finish_grow::{closure#0}}>.pointer_dereference.1
	 - Status: SUCCESS
	 - Description: "dereference failure: dead object"
	 - Location: ../../../../../runner/.rustup/toolchains/nightly-2025-11-21-x86_64-unknown-linux-gnu/lib/rustlib/src/rust/library/core/src/result.rs:966:15 in function std::result::Result::<std::ptr::NonNull<[u8]>, std::alloc::AllocError>::map_err::<std::collections::TryReserveError, {closure@alloc::raw_vec::RawVecInner::finish_grow::{closure#0}}>

Check 783: alloc::raw_vec::RawVecInner::deallocate.pointer_dereference.1
	 - Status: SUCCESS
	 - Description: "dereference failure: dead object"
	 - Location: ../../../../../runner/.rustup/toolchains/nightly-2025-11-21-x86_64-unknown-linux-gnu/lib/rustlib/src/rust/library/alloc/src/raw_vec/mod.rs:832:38 in function alloc::raw_vec::RawVecInner::deallocate

Check 784: std::ptr::drop_in_place::<std::boxed::Box<[value::Taint]>>.pointer_dereference.1
	 - Status: SUCCESS
	 - Description: "dereference failure: pointer NULL"
	 - Location: ../../../../../runner/.rustup/toolchains/nightly-2025-11-21-x86_64-unknown-linux-gnu/lib/rustlib/src/rust/library/core/src/ptr/mod.rs:805:1 in function std::ptr::drop_in_place::<std::boxed::Box<[value::Taint]>>

Check 785: std::ptr::drop_in_place::<std::boxed::Box<[value::Taint]>>.pointer_dereference.2
	 - Status: SUCCESS
	 - Description: "dereference failure: pointer invalid"
	 - Location: ../../../../../runner/.rustup/toolchains/nightly-2025-11-21-x86_64-unknown-linux-gnu/lib/rustlib/src/rust/library/core/src/ptr/mod.rs:805:1 in function std::ptr::drop_in_place::<std::boxed::Box<[value::Taint]>>

Check 786: std::ptr::drop_in_place::<std::boxed::Box<[value::Taint]>>.pointer_dereference.3
	 - Status: SUCCESS
	 - Description: "dereference failure: deallocated dynamic object"
	 - Location: ../../../../../runner/.rustup/toolchains/nightly-2025-11-21-x86_64-unknown-linux-gnu/lib/rustlib/src/rust/library/core/src/ptr/mod.rs:805:1 in function std::ptr::drop_in_place::<std::boxed::Box<[value::Taint]>>

Check 787: std::ptr::drop_in_place::<std::boxed::Box<[value::Taint]>>.pointer_dereference.4
	 - Status: SUCCESS
	 - Description: "dereference failure: dead object"
	 - Location: ../../../../../runner/.rustup/toolchains/nightly-2025-11-21-x86_64-unknown-linux-gnu/lib/rustlib/src/rust/library/core/src/ptr/mod.rs:805:1 in function std::ptr::drop_in_place::<std::boxed::Box<[value::Taint]>>

Check 788: std::ptr::drop_in_place::<std::boxed::Box<[value::Taint]>>.pointer_dereference.5
	 - Status: SUCCESS
	 - Description: "dereference failure: pointer outside object bounds"
	 - Location: ../../../../../runner/.rustup/toolchains/nightly-2025-11-21-x86_64-unknown-linux-gnu/lib/rustlib/src/rust/library/core/src/ptr/mod.rs:805:1 in function std::ptr::drop_in_place::<std::boxed::Box<[value::Taint]>>

Check 789: std::ptr::drop_in_place::<std::boxed::Box<[value::Taint]>>.pointer_dereference.6
	 - Status: SUCCESS
	 - Description: "dereference failure: invalid integer address"
	 - Location: ../../../../../runner/.rustup/toolchains/nightly-2025-11-21-x86_64-unknown-linux-gnu/lib/rustlib/src/rust/library/core/src/ptr/mod.rs:805:1 in function std::ptr::drop_in_place::<std::boxed::Box<[value::Taint]>>

Check 790: std::ptr::drop_in_place::<errors::CoreError>.pointer_dereference.1
	 - Status: SUCCESS
	 - Description: "dereference failure: pointer NULL"
	 - Location: ../../../../../runner/.rustup/toolchains/nightly-2025-11-21-x86_64-unknown-linux-gnu/lib/rustlib/src/rust/library/core/src/ptr/mod.rs:805:1 in function std::ptr::drop_in_place::<errors::CoreError>

Check 791: std::ptr::drop_in_place::<errors::CoreError>.pointer_dereference.2
	 - Status: SUCCESS
	 - Description: "dereference failure: pointer invalid"
	 - Location: ../../../../../runner/.rustup/toolchains/nightly-2025-11-21-x86_64-unknown-linux-gnu/lib/rustlib/src/rust/library/core/src/ptr/mod.rs:805:1 in function std::ptr::drop_in_place::<errors::CoreError>

Check 792: std::ptr::drop_in_place::<errors::CoreError>.pointer_dereference.3
	 - Status: SUCCESS
	 - Description: "dereference failure: deallocated dynamic object"
	 - Location: ../../../../../runner/.rustup/toolchains/nightly-2025-11-21-x86_64-unknown-linux-gnu/lib/rustlib/src/rust/library/core/src/ptr/mod.rs:805:1 in function std::ptr::drop_in_place::<errors::CoreError>

Check 793: std::ptr::drop_in_place::<errors::CoreError>.pointer_dereference.4
	 - Status: SUCCESS
	 - Description: "dereference failure: dead object"
	 - Location: ../../../../../runner/.rustup/toolchains/nightly-2025-11-21-x86_64-unknown-linux-gnu/lib/rustlib/src/rust/library/core/src/ptr/mod.rs:805:1 in function std::ptr::drop_in_place::<errors::CoreError>

Check 794: std::ptr::drop_in_place::<errors::CoreError>.pointer_dereference.5
	 - Status: SUCCESS
	 - Description: "dereference failure: pointer outside object bounds"
	 - Location: ../../../../../runner/.rustup/toolchains/nightly-2025-11-21-x86_64-unknown-linux-gnu/lib/rustlib/src/rust/library/core/src/ptr/mod.rs:805:1 in function std::ptr::drop_in_place::<errors::CoreError>

Check 795: std::ptr::drop_in_place::<errors::CoreError>.pointer_dereference.6
	 - Status: SUCCESS
	 - Description: "dereference failure: invalid integer address"
	 - Location: ../../../../../runner/.rustup/toolchains/nightly-2025-11-21-x86_64-unknown-linux-gnu/lib/rustlib/src/rust/library/core/src/ptr/mod.rs:805:1 in function std::ptr::drop_in_place::<errors::CoreError>

Check 796: <value::Taint as std::clone::Clone>::clone.pointer_dereference.1
	 - Status: SUCCESS
	 - Description: "dereference failure: pointer NULL"
	 - Location: crates/vb_core/src/value.rs:11:17 in function <value::Taint as std::clone::Clone>::clone

Check 797: <value::Taint as std::clone::Clone>::clone.pointer_dereference.2
	 - Status: SUCCESS
	 - Description: "dereference failure: pointer invalid"
	 - Location: crates/vb_core/src/value.rs:11:17 in function <value::Taint as std::clone::Clone>::clone

Check 798: <value::Taint as std::clone::Clone>::clone.pointer_dereference.3
	 - Status: SUCCESS
	 - Description: "dereference failure: deallocated dynamic object"
	 - Location: crates/vb_core/src/value.rs:11:17 in function <value::Taint as std::clone::Clone>::clone

Check 799: <value::Taint as std::clone::Clone>::clone.pointer_dereference.4
	 - Status: SUCCESS
	 - Description: "dereference failure: dead object"
	 - Location: crates/vb_core/src/value.rs:11:17 in function <value::Taint as std::clone::Clone>::clone

Check 800: <value::Taint as std::clone::Clone>::clone.pointer_dereference.5
	 - Status: SUCCESS
	 - Description: "dereference failure: pointer outside object bounds"
	 - Location: crates/vb_core/src/value.rs:11:17 in function <value::Taint as std::clone::Clone>::clone

Check 801: <value::Taint as std::clone::Clone>::clone.pointer_dereference.6
	 - Status: SUCCESS
	 - Description: "dereference failure: invalid integer address"
	 - Location: crates/vb_core/src/value.rs:11:17 in function <value::Taint as std::clone::Clone>::clone

Check 802: <std::result::Result<&std::option::Option<value::SlotValue>, errors::CoreError> as std::ops::Try>::branch.pointer_dereference.1
	 - Status: SUCCESS
	 - Description: "dereference failure: dead object"
	 - Location: ../../../../../runner/.rustup/toolchains/nightly-2025-11-21-x86_64-unknown-linux-gnu/lib/rustlib/src/rust/library/core/src/result.rs:2173:15 in function <std::result::Result<&std::option::Option<value::SlotValue>, errors::CoreError> as std::ops::Try>::branch

Check 803: <std::result::Result<&std::option::Option<value::SlotValue>, errors::CoreError> as std::ops::Try>::branch.pointer_dereference.2
	 - Status: SUCCESS
	 - Description: "dereference failure: dead object"
	 - Location: ../../../../../runner/.rustup/toolchains/nightly-2025-11-21-x86_64-unknown-linux-gnu/lib/rustlib/src/rust/library/core/src/result.rs:2174:22 in function <std::result::Result<&std::option::Option<value::SlotValue>, errors::CoreError> as std::ops::Try>::branch

Check 804: std::result::Result::<std::ptr::NonNull<[u8]>, std::alloc::AllocError>::map_err::<std::collections::TryReserveErrorKind, {closure@alloc::raw_vec::RawVecInner::shrink_unchecked::{closure#0}}>.pointer_dereference.1
	 - Status: SUCCESS
	 - Description: "dereference failure: dead object"
	 - Location: ../../../../../runner/.rustup/toolchains/nightly-2025-11-21-x86_64-unknown-linux-gnu/lib/rustlib/src/rust/library/core/src/result.rs:966:15 in function std::result::Result::<std::ptr::NonNull<[u8]>, std::alloc::AllocError>::map_err::<std::collections::TryReserveErrorKind, {closure@alloc::raw_vec::RawVecInner::shrink_unchecked::{closure#0}}>

Check 805: <std::boxed::Box<[std::option::Option<value::SlotValue>]> as std::ops::Drop>::drop.pointer_dereference.1
	 - Status: SUCCESS
	 - Description: "dereference failure: pointer NULL"
	 - Location: ../../../../../runner/.rustup/toolchains/nightly-2025-11-21-x86_64-unknown-linux-gnu/lib/rustlib/src/rust/library/alloc/src/boxed.rs:1761:19 in function <std::boxed::Box<[std::option::Option<value::SlotValue>]> as std::ops::Drop>::drop

Check 806: <std::boxed::Box<[std::option::Option<value::SlotValue>]> as std::ops::Drop>::drop.pointer_dereference.2
	 - Status: SUCCESS
	 - Description: "dereference failure: pointer invalid"
	 - Location: ../../../../../runner/.rustup/toolchains/nightly-2025-11-21-x86_64-unknown-linux-gnu/lib/rustlib/src/rust/library/alloc/src/boxed.rs:1761:19 in function <std::boxed::Box<[std::option::Option<value::SlotValue>]> as std::ops::Drop>::drop

Check 807: <std::boxed::Box<[std::option::Option<value::SlotValue>]> as std::ops::Drop>::drop.pointer_dereference.3
	 - Status: SUCCESS
	 - Description: "dereference failure: deallocated dynamic object"
	 - Location: ../../../../../runner/.rustup/toolchains/nightly-2025-11-21-x86_64-unknown-linux-gnu/lib/rustlib/src/rust/library/alloc/src/boxed.rs:1761:19 in function <std::boxed::Box<[std::option::Option<value::SlotValue>]> as std::ops::Drop>::drop

Check 808: <std::boxed::Box<[std::option::Option<value::SlotValue>]> as std::ops::Drop>::drop.pointer_dereference.4
	 - Status: SUCCESS
	 - Description: "dereference failure: dead object"
	 - Location: ../../../../../runner/.rustup/toolchains/nightly-2025-11-21-x86_64-unknown-linux-gnu/lib/rustlib/src/rust/library/alloc/src/boxed.rs:1761:19 in function <std::boxed::Box<[std::option::Option<value::SlotValue>]> as std::ops::Drop>::drop

Check 809: <std::boxed::Box<[std::option::Option<value::SlotValue>]> as std::ops::Drop>::drop.pointer_dereference.5
	 - Status: SUCCESS
	 - Description: "dereference failure: pointer outside object bounds"
	 - Location: ../../../../../runner/.rustup/toolchains/nightly-2025-11-21-x86_64-unknown-linux-gnu/lib/rustlib/src/rust/library/alloc/src/boxed.rs:1761:19 in function <std::boxed::Box<[std::option::Option<value::SlotValue>]> as std::ops::Drop>::drop

Check 810: <std::boxed::Box<[std::option::Option<value::SlotValue>]> as std::ops::Drop>::drop.pointer_dereference.6
	 - Status: SUCCESS
	 - Description: "dereference failure: invalid integer address"
	 - Location: ../../../../../runner/.rustup/toolchains/nightly-2025-11-21-x86_64-unknown-linux-gnu/lib/rustlib/src/rust/library/alloc/src/boxed.rs:1761:19 in function <std::boxed::Box<[std::option::Option<value::SlotValue>]> as std::ops::Drop>::drop

Check 811: alloc::raw_vec::RawVecInner::<A>::reserve::do_reserve_and_handle::<std::alloc::Global>.pointer_dereference.1
	 - Status: SUCCESS
	 - Description: "dereference failure: dead object"
	 - Location: ../../../../../runner/.rustup/toolchains/nightly-2025-11-21-x86_64-unknown-linux-gnu/lib/rustlib/src/rust/library/alloc/src/raw_vec/mod.rs:557:31 in function alloc::raw_vec::RawVecInner::<A>::reserve::do_reserve_and_handle::<std::alloc::Global>

Check 812: std::ptr::drop_in_place::<std::result::Result<frame::RunFrame, errors::CoreError>>.pointer_dereference.1
	 - Status: SUCCESS
	 - Description: "dereference failure: pointer NULL"
	 - Location: ../../../../../runner/.rustup/toolchains/nightly-2025-11-21-x86_64-unknown-linux-gnu/lib/rustlib/src/rust/library/core/src/ptr/mod.rs:805:1 in function std::ptr::drop_in_place::<std::result::Result<frame::RunFrame, errors::CoreError>>

Check 813: std::ptr::drop_in_place::<std::result::Result<frame::RunFrame, errors::CoreError>>.pointer_dereference.2
	 - Status: SUCCESS
	 - Description: "dereference failure: pointer invalid"
	 - Location: ../../../../../runner/.rustup/toolchains/nightly-2025-11-21-x86_64-unknown-linux-gnu/lib/rustlib/src/rust/library/core/src/ptr/mod.rs:805:1 in function std::ptr::drop_in_place::<std::result::Result<frame::RunFrame, errors::CoreError>>

Check 814: std::ptr::drop_in_place::<std::result::Result<frame::RunFrame, errors::CoreError>>.pointer_dereference.3
	 - Status: SUCCESS
	 - Description: "dereference failure: deallocated dynamic object"
	 - Location: ../../../../../runner/.rustup/toolchains/nightly-2025-11-21-x86_64-unknown-linux-gnu/lib/rustlib/src/rust/library/core/src/ptr/mod.rs:805:1 in function std::ptr::drop_in_place::<std::result::Result<frame::RunFrame, errors::CoreError>>

Check 815: std::ptr::drop_in_place::<std::result::Result<frame::RunFrame, errors::CoreError>>.pointer_dereference.4
	 - Status: SUCCESS
	 - Description: "dereference failure: dead object"
	 - Location: ../../../../../runner/.rustup/toolchains/nightly-2025-11-21-x86_64-unknown-linux-gnu/lib/rustlib/src/rust/library/core/src/ptr/mod.rs:805:1 in function std::ptr::drop_in_place::<std::result::Result<frame::RunFrame, errors::CoreError>>

Check 816: std::ptr::drop_in_place::<std::result::Result<frame::RunFrame, errors::CoreError>>.pointer_dereference.5
	 - Status: SUCCESS
	 - Description: "dereference failure: pointer outside object bounds"
	 - Location: ../../../../../runner/.rustup/toolchains/nightly-2025-11-21-x86_64-unknown-linux-gnu/lib/rustlib/src/rust/library/core/src/ptr/mod.rs:805:1 in function std::ptr::drop_in_place::<std::result::Result<frame::RunFrame, errors::CoreError>>

Check 817: std::ptr::drop_in_place::<std::result::Result<frame::RunFrame, errors::CoreError>>.pointer_dereference.6
	 - Status: SUCCESS
	 - Description: "dereference failure: invalid integer address"
	 - Location: ../../../../../runner/.rustup/toolchains/nightly-2025-11-21-x86_64-unknown-linux-gnu/lib/rustlib/src/rust/library/core/src/ptr/mod.rs:805:1 in function std::ptr::drop_in_place::<std::result::Result<frame::RunFrame, errors::CoreError>>

Check 818: alloc::raw_vec::layout_array::{closure#1}.pointer_dereference.1
	 - Status: SUCCESS
	 - Description: "dereference failure: dead object"
	 - Location: ../../../../../runner/.rustup/toolchains/nightly-2025-11-21-x86_64-unknown-linux-gnu/lib/rustlib/src/rust/library/alloc/src/raw_vec/mod.rs:853:70 in function alloc::raw_vec::layout_array::{closure#1}

Check 819: std::option::Option::<&std::option::Option<value::SlotValue>>::ok_or::<errors::CoreError>.pointer_dereference.1
	 - Status: SUCCESS
	 - Description: "dereference failure: dead object"
	 - Location: ../../../../../runner/.rustup/toolchains/nightly-2025-11-21-x86_64-unknown-linux-gnu/lib/rustlib/src/rust/library/core/src/option.rs:1338:15 in function std::option::Option::<&std::option::Option<value::SlotValue>>::ok_or::<errors::CoreError>

Check 820: std::option::Option::<&std::option::Option<value::SlotValue>>::ok_or::<errors::CoreError>.pointer_dereference.2
	 - Status: SUCCESS
	 - Description: "dereference failure: dead object"
	 - Location: ../../../../../runner/.rustup/toolchains/nightly-2025-11-21-x86_64-unknown-linux-gnu/lib/rustlib/src/rust/library/core/src/option.rs:1339:24 in function std::option::Option::<&std::option::Option<value::SlotValue>>::ok_or::<errors::CoreError>

Check 821: std::option::Option::<value::Taint>::ok_or::<errors::CoreError>.pointer_dereference.1
	 - Status: SUCCESS
	 - Description: "dereference failure: dead object"
	 - Location: ../../../../../runner/.rustup/toolchains/nightly-2025-11-21-x86_64-unknown-linux-gnu/lib/rustlib/src/rust/library/core/src/option.rs:1338:15 in function std::option::Option::<value::Taint>::ok_or::<errors::CoreError>

Check 822: std::option::Option::<value::Taint>::ok_or::<errors::CoreError>.pointer_dereference.2
	 - Status: SUCCESS
	 - Description: "dereference failure: dead object"
	 - Location: ../../../../../runner/.rustup/toolchains/nightly-2025-11-21-x86_64-unknown-linux-gnu/lib/rustlib/src/rust/library/core/src/option.rs:1339:24 in function std::option::Option::<value::Taint>::ok_or::<errors::CoreError>

Check 823: action::validate_idempotency_key_ingredients.pointer_dereference.1
	 - Status: SUCCESS
	 - Description: "dereference failure: dead object"
	 - Location: crates/vb_core/src/action.rs:333:27 in function action::validate_idempotency_key_ingredients

Check 824: action::validate_idempotency_key_ingredients.pointer_dereference.2
	 - Status: SUCCESS
	 - Description: "dereference failure: pointer NULL"
	 - Location: crates/vb_core/src/action.rs:333:19 in function action::validate_idempotency_key_ingredients

Check 825: action::validate_idempotency_key_ingredients.pointer_dereference.3
	 - Status: SUCCESS
	 - Description: "dereference failure: pointer invalid"
	 - Location: crates/vb_core/src/action.rs:333:19 in function action::validate_idempotency_key_ingredients

Check 826: action::validate_idempotency_key_ingredients.pointer_dereference.4
	 - Status: SUCCESS
	 - Description: "dereference failure: deallocated dynamic object"
	 - Location: crates/vb_core/src/action.rs:333:19 in function action::validate_idempotency_key_ingredients

Check 827: action::validate_idempotency_key_ingredients.pointer_dereference.5
	 - Status: SUCCESS
	 - Description: "dereference failure: dead object"
	 - Location: crates/vb_core/src/action.rs:333:19 in function action::validate_idempotency_key_ingredients

Check 828: action::validate_idempotency_key_ingredients.pointer_dereference.6
	 - Status: SUCCESS
	 - Description: "dereference failure: pointer outside object bounds"
	 - Location: crates/vb_core/src/action.rs:333:19 in function action::validate_idempotency_key_ingredients

Check 829: action::validate_idempotency_key_ingredients.pointer_dereference.7
	 - Status: SUCCESS
	 - Description: "dereference failure: invalid integer address"
	 - Location: crates/vb_core/src/action.rs:333:19 in function action::validate_idempotency_key_ingredients

Check 830: action::validate_idempotency_key_ingredients.pointer_dereference.8
	 - Status: SUCCESS
	 - Description: "dereference failure: dead object"
	 - Location: crates/vb_core/src/action.rs:336:30 in function action::validate_idempotency_key_ingredients

Check 831: action::validate_idempotency_key_ingredients.pointer_dereference.9
	 - Status: SUCCESS
	 - Description: "dereference failure: dead object"
	 - Location: crates/vb_core/src/action.rs:360:5 in function action::validate_idempotency_key_ingredients

Check 832: std::ptr::drop_in_place::<[capability::Capability]>.unwind.0
	 - Status: SUCCESS
	 - Description: "unwinding assertion loop 0"
	 - Location: ../../../../../runner/.rustup/toolchains/nightly-2025-11-21-x86_64-unknown-linux-gnu/lib/rustlib/src/rust/library/core/src/ptr/mod.rs:805:1 in function std::ptr::drop_in_place::<[capability::Capability]>


SUMMARY:
 ** 0 of 831 failed (6 unreachable)

 ** 1 of 1 cover properties satisfied


VERIFICATION:- SUCCESSFUL
Verification Time: 9.877747s

Manual Harness Summary:
Complete - 1 successfully verified harnesses, 0 failures, 1 total.

EXIT_CODE=0
