COMMAND: timeout 120s moon run :check
WORKDIR: /home/lewis/src/femdation-tier-a-0-002
STARTED_AT: 2026-06-18T08:02:15Z
▮▮▮▮ velvet-ballistics:check-removed-feature-residue (188e677f)
▮▮▮▮ velvet-ballistics:beads-server-mode (e8417d13)
velvet-ballistics:beads-server-mode | beads server-mode check passed
▮▮▮▮ velvet-ballistics:beads-server-mode (8ms, e8417d13)
▮▮▮▮ velvet-ballistics:hot-cold-forbidden-apis (d7ac00bf)
▮▮▮▮ velvet-ballistics:forbid-runtime-fmt (1d24041f)
▮▮▮▮ velvet-ballistics:check-ai-pr-contract (cc89c418)
[ WARN 2026-06-18 03:02:15.697] moon_task_hasher::task_hasher  Attempted to hash input crates/workspace_tests/fixtures but it does not exist, skipping 
[ WARN 03:02:15.701] moon_task_hasher::task_hasher  Attempted to hash input crates/vb_cli/tests/fixtures/fixtures but it does not exist, skipping 
▮▮▮▮ velvet-ballistics:agent-cli-contract (987f5e04)
▮▮▮▮ velvet-ballistics:nightly-update-template (89dc8064)
▮▮▮▮ velvet-ballistics:nightly-feature-gate (56cb88ab)
▮▮▮▮ velvet-ballistics:check-no-dead-ir-duplicates (6050a369)
velvet-ballistics:nightly-update-template | nightly update template: PASS
▮▮▮▮ velvet-ballistics:nightly-update-template (10ms, 89dc8064)
▮▮▮▮ velvet-ballistics:check-removed-crate-residue (ed603503)
▮▮▮▮ velvet-ballistics:agent-cli-contract (42ms, 987f5e04)
velvet-ballistics:check-ai-pr-contract | [1/5] Positive fixture must PASS (exit 0)
velvet-ballistics:check-ai-pr-contract |   ok: exit 0
velvet-ballistics:check-ai-pr-contract | [2/5] Negative fixture must FAIL (exit 1, missing fields 3, 7, 12)
velvet-ballistics:check-ai-pr-contract |   ok: exit 1
velvet-ballistics:check-ai-pr-contract |   ok: lists missing Files changed
velvet-ballistics:check-ai-pr-contract |   ok: lists missing Allocation behavior
velvet-ballistics:check-ai-pr-contract |   ok: lists missing Benchmarks added
velvet-ballistics:check-ai-pr-contract |   ok: does not list fields that are present
velvet-ballistics:check-ai-pr-contract | [3/5] Has-unwrap fixture with --check-rejection-triggers must FAIL (exit 1)
velvet-ballistics:check-ai-pr-contract |   ok: exit 1
velvet-ballistics:check-ai-pr-contract |   ok: catches unwrap trigger
velvet-ballistics:check-ai-pr-contract |   ok: catches unsafe trigger
velvet-ballistics:check-ai-pr-contract | [4/5] Clean rejection fixture with --check-rejection-triggers must PASS (exit 0)
velvet-ballistics:check-ai-pr-contract |   ok: exit 0
velvet-ballistics:check-ai-pr-contract |   ok: no rejection triggers reported
velvet-ballistics:check-ai-pr-contract | [5/5] Positive fixture with --skip-rejection-check must PASS (exit 0)
velvet-ballistics:check-ai-pr-contract |   ok: exit 0
velvet-ballistics:check-ai-pr-contract | 
velvet-ballistics:check-ai-pr-contract | self-test PASSED
▮▮▮▮ velvet-ballistics:check-ai-pr-contract (153ms, cc89c418)
velvet-ballistics:forbid-runtime-fmt | summary: active=0 allowlisted=0 files_scanned=828 hot_paths=291 cold_paths=537
▮▮▮▮ velvet-ballistics:forbid-runtime-fmt (251ms, 1d24041f)
velvet-ballistics:hot-cold-forbidden-apis | FixturePass: hot/cold forbidden API scanner
velvet-ballistics:hot-cold-forbidden-apis | ClassifiedPath|cold|crates/vb_core/src/action/tests.rs
velvet-ballistics:hot-cold-forbidden-apis | ClassifiedPath|hot|crates/vb_core/src/action.rs
velvet-ballistics:hot-cold-forbidden-apis | ClassifiedPath|hot|crates/vb_core/src/budget/aggregate_budget.rs
velvet-ballistics:hot-cold-forbidden-apis | ClassifiedPath|hot|crates/vb_core/src/budget/aggregate_usage.rs
velvet-ballistics:hot-cold-forbidden-apis | ClassifiedPath|hot|crates/vb_core/src/budget/aggregate_usage_checks.rs
velvet-ballistics:hot-cold-forbidden-apis | ClassifiedPath|hot|crates/vb_core/src/budget/budget_error.rs
velvet-ballistics:hot-cold-forbidden-apis | ClassifiedPath|hot|crates/vb_core/src/budget/mod.rs
velvet-ballistics:hot-cold-forbidden-apis | ClassifiedPath|hot|crates/vb_core/src/budget/policy.rs
velvet-ballistics:hot-cold-forbidden-apis | ClassifiedPath|hot|crates/vb_core/src/budget/small_linear.rs
velvet-ballistics:hot-cold-forbidden-apis | ClassifiedPath|cold|crates/vb_core/src/budget/tests/chunk_001.rs
velvet-ballistics:hot-cold-forbidden-apis | ClassifiedPath|cold|crates/vb_core/src/budget/tests/chunk_002.rs
velvet-ballistics:hot-cold-forbidden-apis | ClassifiedPath|cold|crates/vb_core/src/budget/tests/chunk_003.rs
velvet-ballistics:hot-cold-forbidden-apis | ClassifiedPath|cold|crates/vb_core/src/budget/tests/chunk_004.rs
velvet-ballistics:hot-cold-forbidden-apis | ClassifiedPath|cold|crates/vb_core/src/budget/tests/chunk_005.rs
velvet-ballistics:hot-cold-forbidden-apis | ClassifiedPath|cold|crates/vb_core/src/budget/tests/chunk_006.rs
velvet-ballistics:hot-cold-forbidden-apis | ClassifiedPath|cold|crates/vb_core/src/budget/tests/chunk_007.rs
velvet-ballistics:hot-cold-forbidden-apis | ClassifiedPath|cold|crates/vb_core/src/budget/tests/chunk_008.rs
velvet-ballistics:hot-cold-forbidden-apis | ClassifiedPath|cold|crates/vb_core/src/budget/tests/chunk_009.rs
velvet-ballistics:hot-cold-forbidden-apis | ClassifiedPath|cold|crates/vb_core/src/budget/tests/chunk_010.rs
velvet-ballistics:hot-cold-forbidden-apis | ClassifiedPath|cold|crates/vb_core/src/budget/tests/chunk_011.rs
velvet-ballistics:hot-cold-forbidden-apis | ClassifiedPath|cold|crates/vb_core/src/budget/tests/chunk_012.rs
velvet-ballistics:hot-cold-forbidden-apis | ClassifiedPath|cold|crates/vb_core/src/budget/tests/chunk_013.rs
velvet-ballistics:hot-cold-forbidden-apis | ClassifiedPath|cold|crates/vb_core/src/budget/tests/chunk_014.rs
velvet-ballistics:hot-cold-forbidden-apis | ClassifiedPath|cold|crates/vb_core/src/budget/tests/chunk_015.rs
velvet-ballistics:hot-cold-forbidden-apis | ClassifiedPath|cold|crates/vb_core/src/budget/tests/chunk_016.rs
velvet-ballistics:hot-cold-forbidden-apis | ClassifiedPath|cold|crates/vb_core/src/budget/tests/chunk_017.rs
velvet-ballistics:hot-cold-forbidden-apis | ClassifiedPath|cold|crates/vb_core/src/budget/tests/chunk_018.rs
velvet-ballistics:hot-cold-forbidden-apis | ClassifiedPath|cold|crates/vb_core/src/budget/tests/chunk_019.rs
velvet-ballistics:hot-cold-forbidden-apis | ClassifiedPath|cold|crates/vb_core/src/budget/tests/chunk_020.rs
velvet-ballistics:hot-cold-forbidden-apis | ClassifiedPath|cold|crates/vb_core/src/budget/tests/chunk_021.rs
velvet-ballistics:hot-cold-forbidden-apis | ClassifiedPath|cold|crates/vb_core/src/budget/tests/chunk_022.rs
velvet-ballistics:hot-cold-forbidden-apis | ClassifiedPath|cold|crates/vb_core/src/budget/tests/chunk_023.rs
velvet-ballistics:hot-cold-forbidden-apis | ClassifiedPath|cold|crates/vb_core/src/budget/tests/chunk_024.rs
velvet-ballistics:hot-cold-forbidden-apis | ClassifiedPath|cold|crates/vb_core/src/budget/tests/chunk_025.rs
velvet-ballistics:hot-cold-forbidden-apis | ClassifiedPath|cold|crates/vb_core/src/budget/tests/chunk_026.rs
velvet-ballistics:hot-cold-forbidden-apis | ClassifiedPath|cold|crates/vb_core/src/budget/tests/chunk_027.rs
velvet-ballistics:hot-cold-forbidden-apis | ClassifiedPath|cold|crates/vb_core/src/budget/tests/chunk_028.rs
velvet-ballistics:hot-cold-forbidden-apis | ClassifiedPath|cold|crates/vb_core/src/budget/tests/chunk_029.rs
velvet-ballistics:hot-cold-forbidden-apis | ClassifiedPath|cold|crates/vb_core/src/budget/tests/mod.rs
velvet-ballistics:hot-cold-forbidden-apis | ClassifiedPath|cold|crates/vb_core/src/budget/tests/prelude.rs
velvet-ballistics:hot-cold-forbidden-apis | ClassifiedPath|cold|crates/vb_core/src/budget/tests_and_verification.rs
velvet-ballistics:hot-cold-forbidden-apis | ClassifiedPath|hot|crates/vb_core/src/budget/traversal.rs
velvet-ballistics:hot-cold-forbidden-apis | ClassifiedPath|hot|crates/vb_core/src/budget/traversal_fanout.rs
velvet-ballistics:hot-cold-forbidden-apis | ClassifiedPath|hot|crates/vb_core/src/budget/traversal_loop.rs
velvet-ballistics:hot-cold-forbidden-apis | ClassifiedPath|hot|crates/vb_core/src/budget/traversal_path.rs
velvet-ballistics:hot-cold-forbidden-apis | ClassifiedPath|hot|crates/vb_core/src/budget/traversal_step_count.rs
velvet-ballistics:hot-cold-forbidden-apis | ClassifiedPath|hot|crates/vb_core/src/budget/traversal_successors.rs
velvet-ballistics:hot-cold-forbidden-apis | ClassifiedPath|hot|crates/vb_core/src/budget/traversal_tracking.rs
velvet-ballistics:hot-cold-forbidden-apis | ClassifiedPath|hot|crates/vb_core/src/budget/types.rs
velvet-ballistics:hot-cold-forbidden-apis | ClassifiedPath|hot|crates/vb_core/src/budget/validation.rs
velvet-ballistics:hot-cold-forbidden-apis | ClassifiedPath|cold|crates/vb_core/src/budget/vb_qi37_2_4_state8_tests.rs
velvet-ballistics:hot-cold-forbidden-apis | ClassifiedPath|cold|crates/vb_core/src/budget_vb_8mdp_7_prop_tests.rs
velvet-ballistics:hot-cold-forbidden-apis | ClassifiedPath|hot|crates/vb_core/src/capability.rs
velvet-ballistics:hot-cold-forbidden-apis | ClassifiedPath|hot|crates/vb_core/src/check.rs
velvet-ballistics:hot-cold-forbidden-apis | ClassifiedPath|cold|crates/vb_core/src/contract_encoding/tests.rs
velvet-ballistics:hot-cold-forbidden-apis | ClassifiedPath|hot|crates/vb_core/src/contract_encoding.rs
velvet-ballistics:hot-cold-forbidden-apis | ClassifiedPath|cold|crates/vb_core/src/diagnostic/tests_and_verification.rs
velvet-ballistics:hot-cold-forbidden-apis | ClassifiedPath|cold|crates/vb_core/src/diagnostic.rs
velvet-ballistics:hot-cold-forbidden-apis | ClassifiedPath|hot|crates/vb_core/src/engine/choose.rs
velvet-ballistics:hot-cold-forbidden-apis | ClassifiedPath|cold|crates/vb_core/src/engine/choose_tests.rs
velvet-ballistics:hot-cold-forbidden-apis | ClassifiedPath|cold|crates/vb_core/src/engine/error_routing/error_routing_tests.rs
velvet-ballistics:hot-cold-forbidden-apis | ClassifiedPath|hot|crates/vb_core/src/engine/error_routing.rs
velvet-ballistics:hot-cold-forbidden-apis | ClassifiedPath|hot|crates/vb_core/src/engine/expr_eval/accessors.rs
velvet-ballistics:hot-cold-forbidden-apis | ClassifiedPath|cold|crates/vb_core/src/engine/expr_eval/accessors_tests.rs
velvet-ballistics:hot-cold-forbidden-apis | ClassifiedPath|hot|crates/vb_core/src/engine/expr_eval/core.rs
velvet-ballistics:hot-cold-forbidden-apis | ClassifiedPath|cold|crates/vb_core/src/engine/expr_eval/core_tests.rs
velvet-ballistics:hot-cold-forbidden-apis | ClassifiedPath|cold|crates/vb_core/src/engine/expr_eval/kani_div_zero.rs
velvet-ballistics:hot-cold-forbidden-apis | ClassifiedPath|cold|crates/vb_core/src/engine/expr_eval/kani_stack.rs
velvet-ballistics:hot-cold-forbidden-apis | ClassifiedPath|hot|crates/vb_core/src/engine/expr_eval/mod.rs
velvet-ballistics:hot-cold-forbidden-apis | ClassifiedPath|hot|crates/vb_core/src/engine/expr_eval/ops.rs
velvet-ballistics:hot-cold-forbidden-apis | ClassifiedPath|cold|crates/vb_core/src/engine/expr_eval/ops_tests.rs
velvet-ballistics:hot-cold-forbidden-apis | ClassifiedPath|hot|crates/vb_core/src/engine/expr_eval/ops_text_list.rs
velvet-ballistics:hot-cold-forbidden-apis | ClassifiedPath|cold|crates/vb_core/src/engine/expr_eval/ops_text_list_tests.rs
velvet-ballistics:hot-cold-forbidden-apis | ClassifiedPath|hot|crates/vb_core/src/engine/expr_eval/stack.rs
velvet-ballistics:hot-cold-forbidden-apis | ClassifiedPath|cold|crates/vb_core/src/engine/expr_eval/stack_tests.rs
velvet-ballistics:hot-cold-forbidden-apis | ClassifiedPath|cold|crates/vb_core/src/engine/expr_eval/tests.rs
velvet-ballistics:hot-cold-forbidden-apis | ClassifiedPath|hot|crates/vb_core/src/engine/node_helpers.rs
velvet-ballistics:hot-cold-forbidden-apis | ClassifiedPath|cold|crates/vb_core/src/engine/node_helpers_tests.rs
velvet-ballistics:hot-cold-forbidden-apis | ClassifiedPath|hot|crates/vb_core/src/engine/object_list.rs
velvet-ballistics:hot-cold-forbidden-apis | ClassifiedPath|hot|crates/vb_core/src/engine/run_loop.rs
velvet-ballistics:hot-cold-forbidden-apis | ClassifiedPath|cold|crates/vb_core/src/engine/signals/tests.rs
velvet-ballistics:hot-cold-forbidden-apis | ClassifiedPath|hot|crates/vb_core/src/engine/signals.rs
velvet-ballistics:hot-cold-forbidden-apis | ClassifiedPath|hot|crates/vb_core/src/engine/step/edge_cases.rs
velvet-ballistics:hot-cold-forbidden-apis | ClassifiedPath|hot|crates/vb_core/src/engine/step/error_paths.rs
velvet-ballistics:hot-cold-forbidden-apis | ClassifiedPath|cold|crates/vb_core/src/engine/step/tests.rs
velvet-ballistics:hot-cold-forbidden-apis | ClassifiedPath|hot|crates/vb_core/src/engine/step.rs
velvet-ballistics:hot-cold-forbidden-apis | ClassifiedPath|cold|crates/vb_core/src/engine/tests/integration_accessor.rs
velvet-ballistics:hot-cold-forbidden-apis | ClassifiedPath|cold|crates/vb_core/src/engine/tests/integration_basic.rs
velvet-ballistics:hot-cold-forbidden-apis | ClassifiedPath|cold|crates/vb_core/src/engine/tests/integration_budget.rs
velvet-ballistics:hot-cold-forbidden-apis | ClassifiedPath|cold|crates/vb_core/src/engine/tests/integration_capability_behavior.rs
velvet-ballistics:hot-cold-forbidden-apis | ClassifiedPath|cold|crates/vb_core/src/engine/tests/integration_choose.rs
velvet-ballistics:hot-cold-forbidden-apis | ClassifiedPath|cold|crates/vb_core/src/engine/tests/integration_error_routing_behavior.rs
velvet-ballistics:hot-cold-forbidden-apis | ClassifiedPath|cold|crates/vb_core/src/engine/tests/integration_eval.rs
velvet-ballistics:hot-cold-forbidden-apis | ClassifiedPath|cold|crates/vb_core/src/engine/tests/integration_frame_behavior.rs
velvet-ballistics:hot-cold-forbidden-apis | ClassifiedPath|cold|crates/vb_core/src/engine/tests/integration_object_list_behavior.rs
velvet-ballistics:hot-cold-forbidden-apis | ClassifiedPath|cold|crates/vb_core/src/engine/tests/integration_run_loop_behavior.rs
velvet-ballistics:hot-cold-forbidden-apis | ClassifiedPath|cold|crates/vb_core/src/engine/tests/integration_signals_behavior.rs
velvet-ballistics:hot-cold-forbidden-apis | ClassifiedPath|cold|crates/vb_core/src/engine/tests/integration_step_behavior.rs
velvet-ballistics:hot-cold-forbidden-apis | ClassifiedPath|cold|crates/vb_core/src/engine/tests/integration_taint_propagation.rs
velvet-ballistics:hot-cold-forbidden-apis | ClassifiedPath|cold|crates/vb_core/src/engine/tests/integration_workflow.rs
velvet-ballistics:hot-cold-forbidden-apis | ClassifiedPath|cold|crates/vb_core/src/engine/tests/mod.rs
velvet-ballistics:hot-cold-forbidden-apis | ClassifiedPath|cold|crates/vb_core/src/engine/validate/tests/red_phase_behavior_tests.rs
velvet-ballistics:hot-cold-forbidden-apis | ClassifiedPath|cold|crates/vb_core/src/engine/validate/tests/red_phase_tests.rs
velvet-ballistics:hot-cold-forbidden-apis | ClassifiedPath|cold|crates/vb_core/src/engine/validate/tests.rs
velvet-ballistics:hot-cold-forbidden-apis | ClassifiedPath|hot|crates/vb_core/src/engine/validate.rs
velvet-ballistics:hot-cold-forbidden-apis | ClassifiedPath|hot|crates/vb_core/src/engine.rs
velvet-ballistics:hot-cold-forbidden-apis | ClassifiedPath|hot|crates/vb_core/src/error.rs
velvet-ballistics:hot-cold-forbidden-apis | ClassifiedPath|cold|crates/vb_core/src/errors/tests.rs
velvet-ballistics:hot-cold-forbidden-apis | ClassifiedPath|hot|crates/vb_core/src/errors.rs
velvet-ballistics:hot-cold-forbidden-apis | ClassifiedPath|cold|crates/vb_core/src/frame/tests_and_verification.rs
velvet-ballistics:hot-cold-forbidden-apis | ClassifiedPath|hot|crates/vb_core/src/frame.rs
velvet-ballistics:hot-cold-forbidden-apis | ClassifiedPath|hot|crates/vb_core/src/git.rs
velvet-ballistics:hot-cold-forbidden-apis | ClassifiedPath|cold|crates/vb_core/src/ids/kani_id_arbitrary.rs
velvet-ballistics:hot-cold-forbidden-apis | ClassifiedPath|cold|crates/vb_core/src/ids/kani_id_bounds.rs
velvet-ballistics:hot-cold-forbidden-apis | ClassifiedPath|cold|crates/vb_core/src/ids/kani_shard_index_bounds.rs
velvet-ballistics:hot-cold-forbidden-apis | ClassifiedPath|hot|crates/vb_core/src/ids/mod.rs
velvet-ballistics:hot-cold-forbidden-apis | ClassifiedPath|cold|crates/vb_core/src/kani/kani_determinism.rs
velvet-ballistics:hot-cold-forbidden-apis | ClassifiedPath|cold|crates/vb_core/src/kani/kani_diagnostic_constructor.rs
velvet-ballistics:hot-cold-forbidden-apis | ClassifiedPath|cold|crates/vb_core/src/kani/kani_from_str_compat.rs
velvet-ballistics:hot-cold-forbidden-apis | ClassifiedPath|cold|crates/vb_core/src/kani/kani_is_supported_code.rs
velvet-ballistics:hot-cold-forbidden-apis | ClassifiedPath|cold|crates/vb_core/src/kani/kani_registry_bijection.rs
velvet-ballistics:hot-cold-forbidden-apis | ClassifiedPath|cold|crates/vb_core/src/kani/kani_registry_category.rs
velvet-ballistics:hot-cold-forbidden-apis | ClassifiedPath|cold|crates/vb_core/src/kani/kani_reverse_lookup.rs
velvet-ballistics:hot-cold-forbidden-apis | ClassifiedPath|cold|crates/vb_core/src/kani/kani_serde_roundtrip.rs
velvet-ballistics:hot-cold-forbidden-apis | ClassifiedPath|cold|crates/vb_core/src/kani/kani_symbolic_code_validation.rs
velvet-ballistics:hot-cold-forbidden-apis | ClassifiedPath|cold|crates/vb_core/src/kani/kani_zero_alloc.rs
velvet-ballistics:hot-cold-forbidden-apis | ClassifiedPath|cold|crates/vb_core/src/kani/mod.rs
velvet-ballistics:hot-cold-forbidden-apis | ClassifiedPath|cold|crates/vb_core/src/kani/vb_5iebh_check_scope.rs
velvet-ballistics:hot-cold-forbidden-apis | ClassifiedPath|cold|crates/vb_core/src/kani_budget_arithmetic_refinement.rs
velvet-ballistics:hot-cold-forbidden-apis | ClassifiedPath|cold|crates/vb_core/src/kani_capability_harnesses.rs
velvet-ballistics:hot-cold-forbidden-apis | ClassifiedPath|cold|crates/vb_core/src/kani_choose_replay.rs
velvet-ballistics:hot-cold-forbidden-apis | ClassifiedPath|cold|crates/vb_core/src/kani_collect_budget.rs
velvet-ballistics:hot-cold-forbidden-apis | ClassifiedPath|cold|crates/vb_core/src/kani_expr_bound.rs
velvet-ballistics:hot-cold-forbidden-apis | ClassifiedPath|cold|crates/vb_core/src/kani_idempotency_gates.rs
velvet-ballistics:hot-cold-forbidden-apis | ClassifiedPath|cold|crates/vb_core/src/kani_index_access.rs
velvet-ballistics:hot-cold-forbidden-apis | ClassifiedPath|cold|crates/vb_core/src/kani_resource_budget_bounded.rs
velvet-ballistics:hot-cold-forbidden-apis | ClassifiedPath|cold|crates/vb_core/src/kani_resource_contract_encoding_injectivity.rs
velvet-ballistics:hot-cold-forbidden-apis | ClassifiedPath|cold|crates/vb_core/src/kani_resource_contract_type_canonical_fields.rs
velvet-ballistics:hot-cold-forbidden-apis | ClassifiedPath|cold|crates/vb_core/src/kani_resource_contract_type_identity_paths.rs
velvet-ballistics:hot-cold-forbidden-apis | ClassifiedPath|cold|crates/vb_core/src/kani_step_budget.rs
velvet-ballistics:hot-cold-forbidden-apis | ClassifiedPath|cold|crates/vb_core/src/kani_step_budget_new_clamp_vbjpq733.rs
velvet-ballistics:hot-cold-forbidden-apis | ClassifiedPath|cold|crates/vb_core/src/kani_step_budget_one.rs
velvet-ballistics:hot-cold-forbidden-apis | ClassifiedPath|cold|crates/vb_core/src/kani_step_budget_try_take_arbitrary.rs
velvet-ballistics:hot-cold-forbidden-apis | ClassifiedPath|cold|crates/vb_core/src/kani_step_budget_try_take_vbjpq733.rs
velvet-ballistics:hot-cold-forbidden-apis | ClassifiedPath|cold|crates/vb_core/src/kani_step_budget_zero.rs
velvet-ballistics:hot-cold-forbidden-apis | ClassifiedPath|cold|crates/vb_core/src/kani_step_harnesses.rs
velvet-ballistics:hot-cold-forbidden-apis | ClassifiedPath|cold|crates/vb_core/src/kani_step_state_transition.rs
velvet-ballistics:hot-cold-forbidden-apis | ClassifiedPath|cold|crates/vb_core/src/kani_taint.rs
velvet-ballistics:hot-cold-forbidden-apis | ClassifiedPath|cold|crates/vb_core/src/kani_taint_5var_laws_vbjpq733.rs
velvet-ballistics:hot-cold-forbidden-apis | ClassifiedPath|cold|crates/vb_core/src/kani_taint_propagation.rs
velvet-ballistics:hot-cold-forbidden-apis | ClassifiedPath|cold|crates/vb_core/src/kani_validate_resource_contract_boundaries.rs
velvet-ballistics:hot-cold-forbidden-apis | ClassifiedPath|cold|crates/vb_core/src/kani_vbjpq733_proofs.rs
velvet-ballistics:hot-cold-forbidden-apis | ClassifiedPath|cold|crates/vb_core/src/kani_workflow_arbitrary.rs
velvet-ballistics:hot-cold-forbidden-apis | ClassifiedPath|cold|crates/vb_core/src/kani_workflow_budget_generators.rs
velvet-ballistics:hot-cold-forbidden-apis | ClassifiedPath|cold|crates/vb_core/src/kani_workflow_budget_harnesses.rs
velvet-ballistics:hot-cold-forbidden-apis | ClassifiedPath|hot|crates/vb_core/src/lib.rs
velvet-ballistics:hot-cold-forbidden-apis | ClassifiedPath|cold|crates/vb_core/src/limits/tests.rs
velvet-ballistics:hot-cold-forbidden-apis | ClassifiedPath|hot|crates/vb_core/src/limits.rs
velvet-ballistics:hot-cold-forbidden-apis | ClassifiedPath|hot|crates/vb_core/src/mod.rs
velvet-ballistics:hot-cold-forbidden-apis | ClassifiedPath|hot|crates/vb_core/src/policy/contract_violation.rs
velvet-ballistics:hot-cold-forbidden-apis | ClassifiedPath|hot|crates/vb_core/src/policy/mod.rs
velvet-ballistics:hot-cold-forbidden-apis | ClassifiedPath|hot|crates/vb_core/src/policy/profile_name.rs
velvet-ballistics:hot-cold-forbidden-apis | ClassifiedPath|hot|crates/vb_core/src/policy/profile_validation_error.rs
velvet-ballistics:hot-cold-forbidden-apis | ClassifiedPath|hot|crates/vb_core/src/policy/runtime_limits_profile.rs
velvet-ballistics:hot-cold-forbidden-apis | ClassifiedPath|cold|crates/vb_core/src/replay/choose/kani/kani_choose_bool_condition.rs
velvet-ballistics:hot-cold-forbidden-apis | ClassifiedPath|cold|crates/vb_core/src/replay/choose/kani/kani_choose_no_otherwise.rs
velvet-ballistics:hot-cold-forbidden-apis | ClassifiedPath|cold|crates/vb_core/src/replay/choose/kani/mod.rs
velvet-ballistics:hot-cold-forbidden-apis | ClassifiedPath|hot|crates/vb_core/src/replay/choose/mod.rs
velvet-ballistics:hot-cold-forbidden-apis | ClassifiedPath|cold|crates/vb_core/src/replay/kani_choose_slot.rs
velvet-ballistics:hot-cold-forbidden-apis | ClassifiedPath|cold|crates/vb_core/src/replay/kani_harnesses_frame.rs
velvet-ballistics:hot-cold-forbidden-apis | ClassifiedPath|cold|crates/vb_core/src/replay/kani_harnesses_plan.rs
velvet-ballistics:hot-cold-forbidden-apis | ClassifiedPath|cold|crates/vb_core/src/replay/kani_harnesses_slots.rs
velvet-ballistics:hot-cold-forbidden-apis | ClassifiedPath|cold|crates/vb_core/src/replay/kani_terminal_states.rs
velvet-ballistics:hot-cold-forbidden-apis | ClassifiedPath|hot|crates/vb_core/src/replay/mod.rs
velvet-ballistics:hot-cold-forbidden-apis | ClassifiedPath|cold|crates/vb_core/src/replay/ops/tests.rs
velvet-ballistics:hot-cold-forbidden-apis | ClassifiedPath|hot|crates/vb_core/src/replay/ops.rs
velvet-ballistics:hot-cold-forbidden-apis | ClassifiedPath|hot|crates/vb_core/src/replay/step.rs
velvet-ballistics:hot-cold-forbidden-apis | ClassifiedPath|cold|crates/vb_core/src/replay/step_tests.rs
velvet-ballistics:hot-cold-forbidden-apis | ClassifiedPath|cold|crates/vb_core/src/replay/tests.rs
velvet-ballistics:hot-cold-forbidden-apis | ClassifiedPath|hot|crates/vb_core/src/shard/mod.rs
velvet-ballistics:hot-cold-forbidden-apis | ClassifiedPath|cold|crates/vb_core/src/shard/partition/kani_key_range_properties.rs
velvet-ballistics:hot-cold-forbidden-apis | ClassifiedPath|cold|crates/vb_core/src/shard/partition/kani_partition_plan_safety.rs
velvet-ballistics:hot-cold-forbidden-apis | ClassifiedPath|hot|crates/vb_core/src/shard/partition/mod.rs
velvet-ballistics:hot-cold-forbidden-apis | ClassifiedPath|hot|crates/vb_core/src/span.rs
velvet-ballistics:hot-cold-forbidden-apis | ClassifiedPath|cold|crates/vb_core/src/value/tests.rs
velvet-ballistics:hot-cold-forbidden-apis | ClassifiedPath|hot|crates/vb_core/src/value.rs
velvet-ballistics:hot-cold-forbidden-apis | ClassifiedPath|hot|crates/vb_core/src/value_store/blobs.rs
velvet-ballistics:hot-cold-forbidden-apis | ClassifiedPath|cold|crates/vb_core/src/value_store/extended_tests.rs
velvet-ballistics:hot-cold-forbidden-apis | ClassifiedPath|hot|crates/vb_core/src/value_store/lists.rs
velvet-ballistics:hot-cold-forbidden-apis | ClassifiedPath|hot|crates/vb_core/src/value_store/objects.rs
velvet-ballistics:hot-cold-forbidden-apis | ClassifiedPath|hot|crates/vb_core/src/value_store/symbols.rs
velvet-ballistics:hot-cold-forbidden-apis | ClassifiedPath|cold|crates/vb_core/src/value_store/tests.rs
velvet-ballistics:hot-cold-forbidden-apis | ClassifiedPath|cold|crates/vb_core/src/value_store/tests_and_verification.rs
velvet-ballistics:hot-cold-forbidden-apis | ClassifiedPath|hot|crates/vb_core/src/value_store.rs
velvet-ballistics:hot-cold-forbidden-apis | ClassifiedPath|cold|crates/vb_core/src/verification/flux/vb_rxru0_action_enums.rs
velvet-ballistics:hot-cold-forbidden-apis | ClassifiedPath|cold|crates/vb_core/src/verification/kani/kani_choose_replay.rs
velvet-ballistics:hot-cold-forbidden-apis | ClassifiedPath|cold|crates/vb_core/src/verification/kani/kani_parallel_in_flight.rs
velvet-ballistics:hot-cold-forbidden-apis | ClassifiedPath|cold|crates/vb_core/src/verification/kani/kani_rxru0_action_harnesses.rs
velvet-ballistics:hot-cold-forbidden-apis | ClassifiedPath|cold|crates/vb_core/src/verification/kani/mod.rs
velvet-ballistics:hot-cold-forbidden-apis | ClassifiedPath|cold|crates/vb_core/src/verification/mod.rs
velvet-ballistics:hot-cold-forbidden-apis | ClassifiedPath|cold|crates/vb_core/src/verification/proptest/vb_rxru0_action_properties.rs
velvet-ballistics:hot-cold-forbidden-apis | ClassifiedPath|cold|crates/vb_core/src/verification/verus/run_frame_new_exec_proofs.rs
velvet-ballistics:hot-cold-forbidden-apis | ClassifiedPath|cold|crates/vb_core/src/verification/verus/step_state_absorbing_proofs.rs
velvet-ballistics:hot-cold-forbidden-apis | ClassifiedPath|cold|crates/vb_core/src/verification/verus/vb_rxru0_action_specs.rs
velvet-ballistics:hot-cold-forbidden-apis | ClassifiedPath|hot|crates/vb_core/src/workflow/admission_kernel.rs
velvet-ballistics:hot-cold-forbidden-apis | ClassifiedPath|cold|crates/vb_core/src/workflow/compiled_empty_path_kani.rs
velvet-ballistics:hot-cold-forbidden-apis | ClassifiedPath|hot|crates/vb_core/src/workflow/compiled_query.rs
velvet-ballistics:hot-cold-forbidden-apis | ClassifiedPath|cold|crates/vb_core/src/workflow/compiled_query_kani.rs
velvet-ballistics:hot-cold-forbidden-apis | ClassifiedPath|hot|crates/vb_core/src/workflow/compiled_slug/codec.rs
velvet-ballistics:hot-cold-forbidden-apis | ClassifiedPath|hot|crates/vb_core/src/workflow/compiled_slug/mod.rs
velvet-ballistics:hot-cold-forbidden-apis | ClassifiedPath|hot|crates/vb_core/src/workflow/compiled_slug/types.rs
velvet-ballistics:hot-cold-forbidden-apis | ClassifiedPath|hot|crates/vb_core/src/workflow/compiled_slug/validation.rs
velvet-ballistics:hot-cold-forbidden-apis | ClassifiedPath|cold|crates/vb_core/src/workflow/compiled_slug_kani.rs
velvet-ballistics:hot-cold-forbidden-apis | ClassifiedPath|cold|crates/vb_core/src/workflow/compiled_total_cost_kani.rs
velvet-ballistics:hot-cold-forbidden-apis | ClassifiedPath|hot|crates/vb_core/src/workflow/lifecycle.rs
velvet-ballistics:hot-cold-forbidden-apis | ClassifiedPath|hot|crates/vb_core/src/workflow/mod.rs
velvet-ballistics:hot-cold-forbidden-apis | ClassifiedPath|cold|crates/vb_core/src/workflow/proptest_collect_budget.rs
velvet-ballistics:hot-cold-forbidden-apis | ClassifiedPath|cold|crates/vb_core/src/workflow/proptest_collect_traversal.rs
velvet-ballistics:hot-cold-forbidden-apis | ClassifiedPath|cold|crates/vb_core/src/workflow/proptest_workflow.rs
velvet-ballistics:hot-cold-forbidden-apis | ClassifiedPath|hot|crates/vb_core/src/workflow/test_workflow_blake3.rs
velvet-ballistics:hot-cold-forbidden-apis | ClassifiedPath|hot|crates/vb_core/src/workflow/test_workflow_errors.rs
velvet-ballistics:hot-cold-forbidden-apis | ClassifiedPath|hot|crates/vb_core/src/workflow/test_workflow_validation.rs
velvet-ballistics:hot-cold-forbidden-apis | ClassifiedPath|cold|crates/vb_core/src/workflow/tests.rs
velvet-ballistics:hot-cold-forbidden-apis | ClassifiedPath|hot|crates/vb_core/src/workflow/types.rs
velvet-ballistics:hot-cold-forbidden-apis | ClassifiedPath|hot|crates/vb_core/src/workflow/validation.rs
velvet-ballistics:hot-cold-forbidden-apis | ClassifiedPath|hot|crates/vb_core/src/workflow/yb_token.rs
velvet-ballistics:hot-cold-forbidden-apis | ClassifiedPath|cold|crates/vb_runtime/src/action/tests.rs
velvet-ballistics:hot-cold-forbidden-apis | ClassifiedPath|hot|crates/vb_runtime/src/action.rs
velvet-ballistics:hot-cold-forbidden-apis | ClassifiedPath|cold|crates/vb_runtime/src/action_queue/action_queue_tests.rs
velvet-ballistics:hot-cold-forbidden-apis | ClassifiedPath|hot|crates/vb_runtime/src/action_queue/queue.rs
velvet-ballistics:hot-cold-forbidden-apis | ClassifiedPath|cold|crates/vb_runtime/src/action_queue/tests/bounded_queue_tests.rs
velvet-ballistics:hot-cold-forbidden-apis | ClassifiedPath|hot|crates/vb_runtime/src/action_queue/types.rs
velvet-ballistics:hot-cold-forbidden-apis | ClassifiedPath|hot|crates/vb_runtime/src/action_queue.rs
velvet-ballistics:hot-cold-forbidden-apis | ClassifiedPath|hot|crates/vb_runtime/src/admission/admission.rs
velvet-ballistics:hot-cold-forbidden-apis | ClassifiedPath|cold|crates/vb_runtime/src/admission/admission_test_support.rs
velvet-ballistics:hot-cold-forbidden-apis | ClassifiedPath|cold|crates/vb_runtime/src/admission/artifact_envelope_tests.rs
velvet-ballistics:hot-cold-forbidden-apis | ClassifiedPath|hot|crates/vb_runtime/src/admission/budget_error_map.rs
velvet-ballistics:hot-cold-forbidden-apis | ClassifiedPath|hot|crates/vb_runtime/src/admission/errors.rs
velvet-ballistics:hot-cold-forbidden-apis | ClassifiedPath|hot|crates/vb_runtime/src/admission/guards.rs
velvet-ballistics:hot-cold-forbidden-apis | ClassifiedPath|cold|crates/vb_runtime/src/admission/step_budget_policy_tests.rs
velvet-ballistics:hot-cold-forbidden-apis | ClassifiedPath|cold|crates/vb_runtime/src/admission/step_budget_tests/helpers.rs
velvet-ballistics:hot-cold-forbidden-apis | ClassifiedPath|cold|crates/vb_runtime/src/admission/step_budget_tests/mod.rs
velvet-ballistics:hot-cold-forbidden-apis | ClassifiedPath|hot|crates/vb_runtime/src/admission/stores.rs
velvet-ballistics:hot-cold-forbidden-apis | ClassifiedPath|cold|crates/vb_runtime/src/admission/tests.rs
velvet-ballistics:hot-cold-forbidden-apis | ClassifiedPath|hot|crates/vb_runtime/src/admission/types.rs
velvet-ballistics:hot-cold-forbidden-apis | ClassifiedPath|hot|crates/vb_runtime/src/admission/validation.rs
velvet-ballistics:hot-cold-forbidden-apis | ClassifiedPath|hot|crates/vb_runtime/src/admission.rs
velvet-ballistics:hot-cold-forbidden-apis | ClassifiedPath|cold|crates/vb_runtime/src/admission_vb_8mdp_7_prop_tests.rs
velvet-ballistics:hot-cold-forbidden-apis | ClassifiedPath|cold|crates/vb_runtime/src/collect_tests.rs
velvet-ballistics:hot-cold-forbidden-apis | ClassifiedPath|cold|crates/vb_runtime/src/counters/tests.rs
velvet-ballistics:hot-cold-forbidden-apis | ClassifiedPath|hot|crates/vb_runtime/src/counters.rs
velvet-ballistics:hot-cold-forbidden-apis | ClassifiedPath|cold|crates/vb_runtime/src/durability_matrix/tests.rs
velvet-ballistics:hot-cold-forbidden-apis | ClassifiedPath|hot|crates/vb_runtime/src/durability_matrix.rs
velvet-ballistics:hot-cold-forbidden-apis | ClassifiedPath|hot|crates/vb_runtime/src/engine/action.rs
velvet-ballistics:hot-cold-forbidden-apis | ClassifiedPath|cold|crates/vb_runtime/src/engine/action_tests.rs
velvet-ballistics:hot-cold-forbidden-apis | ClassifiedPath|hot|crates/vb_runtime/src/engine/drive.rs
velvet-ballistics:hot-cold-forbidden-apis | ClassifiedPath|cold|crates/vb_runtime/src/engine/drive_tests.rs
velvet-ballistics:hot-cold-forbidden-apis | ClassifiedPath|hot|crates/vb_runtime/src/engine/evidence.rs
velvet-ballistics:hot-cold-forbidden-apis | ClassifiedPath|cold|crates/vb_runtime/src/engine/execute/execute_tests.rs
velvet-ballistics:hot-cold-forbidden-apis | ClassifiedPath|hot|crates/vb_runtime/src/engine/execute.rs
velvet-ballistics:hot-cold-forbidden-apis | ClassifiedPath|cold|crates/vb_runtime/src/engine/execute_tests.rs
velvet-ballistics:hot-cold-forbidden-apis | ClassifiedPath|hot|crates/vb_runtime/src/engine/handlers.rs
velvet-ballistics:hot-cold-forbidden-apis | ClassifiedPath|hot|crates/vb_runtime/src/engine/helpers.rs
velvet-ballistics:hot-cold-forbidden-apis | ClassifiedPath|hot|crates/vb_runtime/src/engine/mod.rs
velvet-ballistics:hot-cold-forbidden-apis | ClassifiedPath|cold|crates/vb_runtime/src/engine/property_tests.rs
velvet-ballistics:hot-cold-forbidden-apis | ClassifiedPath|hot|crates/vb_runtime/src/engine/retry_math.rs
velvet-ballistics:hot-cold-forbidden-apis | ClassifiedPath|hot|crates/vb_runtime/src/engine/signal.rs
velvet-ballistics:hot-cold-forbidden-apis | ClassifiedPath|cold|crates/vb_runtime/src/engine/tests/mod.rs
velvet-ballistics:hot-cold-forbidden-apis | ClassifiedPath|cold|crates/vb_runtime/src/engine/tests/retry_math_tests.rs
velvet-ballistics:hot-cold-forbidden-apis | ClassifiedPath|hot|crates/vb_runtime/src/engine/types.rs
velvet-ballistics:hot-cold-forbidden-apis | ClassifiedPath|hot|crates/vb_runtime/src/error/conversions.rs
velvet-ballistics:hot-cold-forbidden-apis | ClassifiedPath|cold|crates/vb_runtime/src/error/diagnostics.rs
velvet-ballistics:hot-cold-forbidden-apis | ClassifiedPath|hot|crates/vb_runtime/src/error/display.rs
velvet-ballistics:hot-cold-forbidden-apis | ClassifiedPath|hot|crates/vb_runtime/src/error/equality.rs
velvet-ballistics:hot-cold-forbidden-apis | ClassifiedPath|hot|crates/vb_runtime/src/error/mod.rs
velvet-ballistics:hot-cold-forbidden-apis | ClassifiedPath|cold|crates/vb_runtime/src/error/tests_basic.rs
velvet-ballistics:hot-cold-forbidden-apis | ClassifiedPath|cold|crates/vb_runtime/src/error/tests_conversion_refinement.rs
velvet-ballistics:hot-cold-forbidden-apis | ClassifiedPath|cold|crates/vb_runtime/src/error/tests_diagnostics.rs
velvet-ballistics:hot-cold-forbidden-apis | ClassifiedPath|cold|crates/vb_runtime/src/fanout_tests.rs
velvet-ballistics:hot-cold-forbidden-apis | ClassifiedPath|cold|crates/vb_runtime/src/for_each_tests.rs
velvet-ballistics:hot-cold-forbidden-apis | ClassifiedPath|cold|crates/vb_runtime/src/frame_pool/tests.rs
velvet-ballistics:hot-cold-forbidden-apis | ClassifiedPath|hot|crates/vb_runtime/src/frame_pool.rs
velvet-ballistics:hot-cold-forbidden-apis | ClassifiedPath|cold|crates/vb_runtime/src/idempotency/tests.rs
velvet-ballistics:hot-cold-forbidden-apis | ClassifiedPath|hot|crates/vb_runtime/src/idempotency.rs
velvet-ballistics:hot-cold-forbidden-apis | ClassifiedPath|hot|crates/vb_runtime/src/ipc_refinement.rs
velvet-ballistics:hot-cold-forbidden-apis | ClassifiedPath|hot|crates/vb_runtime/src/journal/chunk_001.rs
velvet-ballistics:hot-cold-forbidden-apis | ClassifiedPath|hot|crates/vb_runtime/src/journal/chunk_001_noop.rs
velvet-ballistics:hot-cold-forbidden-apis | ClassifiedPath|hot|crates/vb_runtime/src/journal/chunk_001_volatile.rs
velvet-ballistics:hot-cold-forbidden-apis | ClassifiedPath|hot|crates/vb_runtime/src/journal/chunk_002.rs
velvet-ballistics:hot-cold-forbidden-apis | ClassifiedPath|hot|crates/vb_runtime/src/journal/chunk_002_queued.rs
velvet-ballistics:hot-cold-forbidden-apis | ClassifiedPath|hot|crates/vb_runtime/src/journal/chunk_003.rs
velvet-ballistics:hot-cold-forbidden-apis | ClassifiedPath|cold|crates/vb_runtime/src/journal/tests/chunk_001.rs
velvet-ballistics:hot-cold-forbidden-apis | ClassifiedPath|cold|crates/vb_runtime/src/journal/tests/chunk_002.rs
velvet-ballistics:hot-cold-forbidden-apis | ClassifiedPath|cold|crates/vb_runtime/src/journal/tests/chunk_003.rs
velvet-ballistics:hot-cold-forbidden-apis | ClassifiedPath|cold|crates/vb_runtime/src/journal/tests/chunk_004.rs
velvet-ballistics:hot-cold-forbidden-apis | ClassifiedPath|cold|crates/vb_runtime/src/journal/tests/chunk_005.rs
velvet-ballistics:hot-cold-forbidden-apis | ClassifiedPath|hot|crates/vb_runtime/src/journal.rs
velvet-ballistics:hot-cold-forbidden-apis | ClassifiedPath|cold|crates/vb_runtime/src/kani_action_queue.rs
velvet-ballistics:hot-cold-forbidden-apis | ClassifiedPath|cold|crates/vb_runtime/src/kani_admission_store.rs
velvet-ballistics:hot-cold-forbidden-apis | ClassifiedPath|cold|crates/vb_runtime/src/kani_cancel_kill_lattice.rs
velvet-ballistics:hot-cold-forbidden-apis | ClassifiedPath|cold|crates/vb_runtime/src/kani_capability_harnesses.rs
velvet-ballistics:hot-cold-forbidden-apis | ClassifiedPath|cold|crates/vb_runtime/src/kani_engine_yaml_admission.rs
velvet-ballistics:hot-cold-forbidden-apis | ClassifiedPath|cold|crates/vb_runtime/src/kani_reduce_overflow.rs
velvet-ballistics:hot-cold-forbidden-apis | ClassifiedPath|cold|crates/vb_runtime/src/kani_resource_contract_secret_enforcement.rs
velvet-ballistics:hot-cold-forbidden-apis | ClassifiedPath|cold|crates/vb_runtime/src/kani_shard_command_queue.rs
velvet-ballistics:hot-cold-forbidden-apis | ClassifiedPath|cold|crates/vb_runtime/src/kani_shard_lifecycle.rs
velvet-ballistics:hot-cold-forbidden-apis | ClassifiedPath|cold|crates/vb_runtime/src/kani_trace_ring.rs
velvet-ballistics:hot-cold-forbidden-apis | ClassifiedPath|cold|crates/vb_runtime/src/kani_vt2f_runtime_facade.rs
velvet-ballistics:hot-cold-forbidden-apis | ClassifiedPath|cold|crates/vb_runtime/src/kani_vt2f_shard_lower_semantics.rs
velvet-ballistics:hot-cold-forbidden-apis | ClassifiedPath|cold|crates/vb_runtime/src/kani_watermark.rs
velvet-ballistics:hot-cold-forbidden-apis | ClassifiedPath|hot|crates/vb_runtime/src/lib.rs
velvet-ballistics:hot-cold-forbidden-apis | ClassifiedPath|cold|crates/vb_runtime/src/models/loom/action_completion_cancel.rs
velvet-ballistics:hot-cold-forbidden-apis | ClassifiedPath|cold|crates/vb_runtime/src/models/loom/bounded_queue.rs
velvet-ballistics:hot-cold-forbidden-apis | ClassifiedPath|cold|crates/vb_runtime/src/models/loom/idempotency_retry_eviction.rs
velvet-ballistics:hot-cold-forbidden-apis | ClassifiedPath|cold|crates/vb_runtime/src/models/loom/journal_writer_queue.rs
velvet-ballistics:hot-cold-forbidden-apis | ClassifiedPath|cold|crates/vb_runtime/src/models/loom/mod.rs
velvet-ballistics:hot-cold-forbidden-apis | ClassifiedPath|cold|crates/vb_runtime/src/models/loom/shutdown_drain.rs
velvet-ballistics:hot-cold-forbidden-apis | ClassifiedPath|cold|crates/vb_runtime/src/models/loom/timer_fired_cancel.rs
velvet-ballistics:hot-cold-forbidden-apis | ClassifiedPath|hot|crates/vb_runtime/src/models/mod.rs
velvet-ballistics:hot-cold-forbidden-apis | ClassifiedPath|hot|crates/vb_runtime/src/models/sync.rs
velvet-ballistics:hot-cold-forbidden-apis | ClassifiedPath|hot|crates/vb_runtime/src/mrwe6_seams.rs
velvet-ballistics:hot-cold-forbidden-apis | ClassifiedPath|cold|crates/vb_runtime/src/primitives/collect/kani.rs
velvet-ballistics:hot-cold-forbidden-apis | ClassifiedPath|hot|crates/vb_runtime/src/primitives/collect/mod.rs
velvet-ballistics:hot-cold-forbidden-apis | ClassifiedPath|hot|crates/vb_runtime/src/primitives/collect/state.rs
velvet-ballistics:hot-cold-forbidden-apis | ClassifiedPath|cold|crates/vb_runtime/src/primitives/collect/tests.rs
velvet-ballistics:hot-cold-forbidden-apis | ClassifiedPath|hot|crates/vb_runtime/src/primitives/collect/validation.rs
velvet-ballistics:hot-cold-forbidden-apis | ClassifiedPath|cold|crates/vb_runtime/src/primitives/for_each/tests.rs
velvet-ballistics:hot-cold-forbidden-apis | ClassifiedPath|hot|crates/vb_runtime/src/primitives/for_each.rs
velvet-ballistics:hot-cold-forbidden-apis | ClassifiedPath|hot|crates/vb_runtime/src/primitives/helpers/jump.rs
velvet-ballistics:hot-cold-forbidden-apis | ClassifiedPath|hot|crates/vb_runtime/src/primitives/helpers/list.rs
velvet-ballistics:hot-cold-forbidden-apis | ClassifiedPath|hot|crates/vb_runtime/src/primitives/helpers/mod.rs
velvet-ballistics:hot-cold-forbidden-apis | ClassifiedPath|hot|crates/vb_runtime/src/primitives/helpers/output.rs
velvet-ballistics:hot-cold-forbidden-apis | ClassifiedPath|cold|crates/vb_runtime/src/primitives/helpers/tests.rs
velvet-ballistics:hot-cold-forbidden-apis | ClassifiedPath|hot|crates/vb_runtime/src/primitives/mod.rs
velvet-ballistics:hot-cold-forbidden-apis | ClassifiedPath|hot|crates/vb_runtime/src/primitives/reduce.rs
velvet-ballistics:hot-cold-forbidden-apis | ClassifiedPath|cold|crates/vb_runtime/src/primitives/reduce_tests.rs
velvet-ballistics:hot-cold-forbidden-apis | ClassifiedPath|hot|crates/vb_runtime/src/primitives/reentry_proofs.rs
velvet-ballistics:hot-cold-forbidden-apis | ClassifiedPath|cold|crates/vb_runtime/src/primitives/reentry_tests.rs
velvet-ballistics:hot-cold-forbidden-apis | ClassifiedPath|cold|crates/vb_runtime/src/primitives/repeat/repeat_tests.rs
velvet-ballistics:hot-cold-forbidden-apis | ClassifiedPath|hot|crates/vb_runtime/src/primitives/repeat.rs
velvet-ballistics:hot-cold-forbidden-apis | ClassifiedPath|hot|crates/vb_runtime/src/primitives/retry/policy.rs
velvet-ballistics:hot-cold-forbidden-apis | ClassifiedPath|hot|crates/vb_runtime/src/primitives/retry/state.rs
velvet-ballistics:hot-cold-forbidden-apis | ClassifiedPath|cold|crates/vb_runtime/src/primitives/retry/tests.rs
velvet-ballistics:hot-cold-forbidden-apis | ClassifiedPath|hot|crates/vb_runtime/src/primitives/retry.rs
velvet-ballistics:hot-cold-forbidden-apis | ClassifiedPath|hot|crates/vb_runtime/src/primitives/together.rs
velvet-ballistics:hot-cold-forbidden-apis | ClassifiedPath|hot|crates/vb_runtime/src/primitives/wait_ask.rs
velvet-ballistics:hot-cold-forbidden-apis | ClassifiedPath|cold|crates/vb_runtime/src/primitives/wait_ask_tests.rs
velvet-ballistics:hot-cold-forbidden-apis | ClassifiedPath|cold|crates/vb_runtime/src/property_tests/concurrency_safety.rs
velvet-ballistics:hot-cold-forbidden-apis | ClassifiedPath|cold|crates/vb_runtime/src/property_tests/mod.rs
velvet-ballistics:hot-cold-forbidden-apis | ClassifiedPath|cold|crates/vb_runtime/src/recovery/tests.rs
velvet-ballistics:hot-cold-forbidden-apis | ClassifiedPath|hot|crates/vb_runtime/src/recovery.rs
velvet-ballistics:hot-cold-forbidden-apis | ClassifiedPath|hot|crates/vb_runtime/src/runtime/mod.rs
velvet-ballistics:hot-cold-forbidden-apis | ClassifiedPath|hot|crates/vb_runtime/src/runtime/runtime_admission.rs
velvet-ballistics:hot-cold-forbidden-apis | ClassifiedPath|hot|crates/vb_runtime/src/runtime/runtime_ask.rs
velvet-ballistics:hot-cold-forbidden-apis | ClassifiedPath|hot|crates/vb_runtime/src/runtime/runtime_control.rs
velvet-ballistics:hot-cold-forbidden-apis | ClassifiedPath|hot|crates/vb_runtime/src/runtime/runtime_metrics.rs
velvet-ballistics:hot-cold-forbidden-apis | ClassifiedPath|hot|crates/vb_runtime/src/shard/arena/arena.rs
velvet-ballistics:hot-cold-forbidden-apis | ClassifiedPath|cold|crates/vb_runtime/src/shard/arena/arena_tests.rs
velvet-ballistics:hot-cold-forbidden-apis | ClassifiedPath|hot|crates/vb_runtime/src/shard/arena/mod.rs
velvet-ballistics:hot-cold-forbidden-apis | ClassifiedPath|hot|crates/vb_runtime/src/shard/arena/slot_set.rs
velvet-ballistics:hot-cold-forbidden-apis | ClassifiedPath|hot|crates/vb_runtime/src/shard/arena/types.rs
velvet-ballistics:hot-cold-forbidden-apis | ClassifiedPath|hot|crates/vb_runtime/src/shard/ask.rs
velvet-ballistics:hot-cold-forbidden-apis | ClassifiedPath|hot|crates/vb_runtime/src/shard/command.rs
velvet-ballistics:hot-cold-forbidden-apis | ClassifiedPath|hot|crates/vb_runtime/src/shard/completion_watermark.rs
velvet-ballistics:hot-cold-forbidden-apis | ClassifiedPath|hot|crates/vb_runtime/src/shard/config.rs
velvet-ballistics:hot-cold-forbidden-apis | ClassifiedPath|cold|crates/vb_runtime/src/shard/directive/tests.rs
velvet-ballistics:hot-cold-forbidden-apis | ClassifiedPath|hot|crates/vb_runtime/src/shard/directive.rs
velvet-ballistics:hot-cold-forbidden-apis | ClassifiedPath|hot|crates/vb_runtime/src/shard/helpers/action.rs
velvet-ballistics:hot-cold-forbidden-apis | ClassifiedPath|hot|crates/vb_runtime/src/shard/helpers/error.rs
velvet-ballistics:hot-cold-forbidden-apis | ClassifiedPath|hot|crates/vb_runtime/src/shard/helpers/retry.rs
velvet-ballistics:hot-cold-forbidden-apis | ClassifiedPath|hot|crates/vb_runtime/src/shard/helpers/snapshot.rs
velvet-ballistics:hot-cold-forbidden-apis | ClassifiedPath|cold|crates/vb_runtime/src/shard/helpers/tests.rs
velvet-ballistics:hot-cold-forbidden-apis | ClassifiedPath|hot|crates/vb_runtime/src/shard/helpers/timer.rs
velvet-ballistics:hot-cold-forbidden-apis | ClassifiedPath|hot|crates/vb_runtime/src/shard/helpers.rs
velvet-ballistics:hot-cold-forbidden-apis | ClassifiedPath|hot|crates/vb_runtime/src/shard/impl_.rs
velvet-ballistics:hot-cold-forbidden-apis | ClassifiedPath|hot|crates/vb_runtime/src/shard/impl_parts/chunk_001.rs
velvet-ballistics:hot-cold-forbidden-apis | ClassifiedPath|hot|crates/vb_runtime/src/shard/impl_parts/chunk_002.rs
velvet-ballistics:hot-cold-forbidden-apis | ClassifiedPath|hot|crates/vb_runtime/src/shard/impl_parts/chunk_003.rs
velvet-ballistics:hot-cold-forbidden-apis | ClassifiedPath|hot|crates/vb_runtime/src/shard/impl_parts/chunk_004.rs
velvet-ballistics:hot-cold-forbidden-apis | ClassifiedPath|hot|crates/vb_runtime/src/shard/impl_parts/dispatch.rs
velvet-ballistics:hot-cold-forbidden-apis | ClassifiedPath|hot|crates/vb_runtime/src/shard/impl_parts/evidence_flush.rs
velvet-ballistics:hot-cold-forbidden-apis | ClassifiedPath|hot|crates/vb_runtime/src/shard/impl_parts/journal_helpers.rs
velvet-ballistics:hot-cold-forbidden-apis | ClassifiedPath|hot|crates/vb_runtime/src/shard/impl_parts/timer_methods.rs
velvet-ballistics:hot-cold-forbidden-apis | ClassifiedPath|cold|crates/vb_runtime/src/shard/impl_tests/chunk_001.rs
velvet-ballistics:hot-cold-forbidden-apis | ClassifiedPath|cold|crates/vb_runtime/src/shard/impl_tests/chunk_002.rs
velvet-ballistics:hot-cold-forbidden-apis | ClassifiedPath|hot|crates/vb_runtime/src/shard/introspection.rs
velvet-ballistics:hot-cold-forbidden-apis | ClassifiedPath|hot|crates/vb_runtime/src/shard/lifecycle/chunk_001.rs
velvet-ballistics:hot-cold-forbidden-apis | ClassifiedPath|hot|crates/vb_runtime/src/shard/lifecycle/chunk_001_action.rs
velvet-ballistics:hot-cold-forbidden-apis | ClassifiedPath|hot|crates/vb_runtime/src/shard/lifecycle/chunk_001_resume.rs
velvet-ballistics:hot-cold-forbidden-apis | ClassifiedPath|hot|crates/vb_runtime/src/shard/lifecycle/chunk_001_submit.rs
velvet-ballistics:hot-cold-forbidden-apis | ClassifiedPath|cold|crates/vb_runtime/src/shard/lifecycle/chunk_001_tests.rs
velvet-ballistics:hot-cold-forbidden-apis | ClassifiedPath|hot|crates/vb_runtime/src/shard/lifecycle/chunk_002.rs
velvet-ballistics:hot-cold-forbidden-apis | ClassifiedPath|hot|crates/vb_runtime/src/shard/lifecycle/chunk_003.rs
velvet-ballistics:hot-cold-forbidden-apis | ClassifiedPath|hot|crates/vb_runtime/src/shard/lifecycle/chunk_003_completion.rs
velvet-ballistics:hot-cold-forbidden-apis | ClassifiedPath|hot|crates/vb_runtime/src/shard/lifecycle/chunk_003_error.rs
velvet-ballistics:hot-cold-forbidden-apis | ClassifiedPath|cold|crates/vb_runtime/src/shard/lifecycle/chunk_003_kani.rs
velvet-ballistics:hot-cold-forbidden-apis | ClassifiedPath|hot|crates/vb_runtime/src/shard/lifecycle/flux_cancel_kill.rs
velvet-ballistics:hot-cold-forbidden-apis | ClassifiedPath|cold|crates/vb_runtime/src/shard/lifecycle/tests.rs
velvet-ballistics:hot-cold-forbidden-apis | ClassifiedPath|hot|crates/vb_runtime/src/shard/lifecycle.rs
velvet-ballistics:hot-cold-forbidden-apis | ClassifiedPath|cold|crates/vb_runtime/src/shard/lifecycle_tests/chunk_001.rs
velvet-ballistics:hot-cold-forbidden-apis | ClassifiedPath|cold|crates/vb_runtime/src/shard/lifecycle_tests/chunk_002.rs
velvet-ballistics:hot-cold-forbidden-apis | ClassifiedPath|cold|crates/vb_runtime/src/shard/lifecycle_tests/chunk_003.rs
velvet-ballistics:hot-cold-forbidden-apis | ClassifiedPath|cold|crates/vb_runtime/src/shard/lifecycle_tests/chunk_004.rs
velvet-ballistics:hot-cold-forbidden-apis | ClassifiedPath|cold|crates/vb_runtime/src/shard/lifecycle_tests/chunk_005.rs
velvet-ballistics:hot-cold-forbidden-apis | ClassifiedPath|cold|crates/vb_runtime/src/shard/lifecycle_tests/chunk_006.rs
velvet-ballistics:hot-cold-forbidden-apis | ClassifiedPath|cold|crates/vb_runtime/src/shard/lifecycle_tests/chunk_007.rs
velvet-ballistics:hot-cold-forbidden-apis | ClassifiedPath|cold|crates/vb_runtime/src/shard/lifecycle_tests/chunk_008.rs
velvet-ballistics:hot-cold-forbidden-apis | ClassifiedPath|cold|crates/vb_runtime/src/shard/lifecycle_tests.rs
velvet-ballistics:hot-cold-forbidden-apis | ClassifiedPath|hot|crates/vb_runtime/src/shard/mod.rs
velvet-ballistics:hot-cold-forbidden-apis | ClassifiedPath|cold|crates/vb_runtime/src/shard/property_tests/mod.rs
velvet-ballistics:hot-cold-forbidden-apis | ClassifiedPath|cold|crates/vb_runtime/src/shard/property_tests/slot_written_before_pc.rs
velvet-ballistics:hot-cold-forbidden-apis | ClassifiedPath|hot|crates/vb_runtime/src/shard/queue.rs
velvet-ballistics:hot-cold-forbidden-apis | ClassifiedPath|hot|crates/vb_runtime/src/shard/run_state.rs
velvet-ballistics:hot-cold-forbidden-apis | ClassifiedPath|cold|crates/vb_runtime/src/shard/tests/chunk_001.rs
velvet-ballistics:hot-cold-forbidden-apis | ClassifiedPath|cold|crates/vb_runtime/src/shard/tests/chunk_001_submit_frame_release.rs
velvet-ballistics:hot-cold-forbidden-apis | ClassifiedPath|cold|crates/vb_runtime/src/shard/tests/chunk_002.rs
velvet-ballistics:hot-cold-forbidden-apis | ClassifiedPath|cold|crates/vb_runtime/src/shard/tests/chunk_002_cancel_kill_idempotency.rs
velvet-ballistics:hot-cold-forbidden-apis | ClassifiedPath|cold|crates/vb_runtime/src/shard/tests/chunk_002_payload_bounds.rs
velvet-ballistics:hot-cold-forbidden-apis | ClassifiedPath|cold|crates/vb_runtime/src/shard/tests/chunk_003.rs
velvet-ballistics:hot-cold-forbidden-apis | ClassifiedPath|cold|crates/vb_runtime/src/shard/tests/chunk_004.rs
velvet-ballistics:hot-cold-forbidden-apis | ClassifiedPath|cold|crates/vb_runtime/src/shard/tests/chunk_005.rs
velvet-ballistics:hot-cold-forbidden-apis | ClassifiedPath|cold|crates/vb_runtime/src/shard/tests/chunk_006.rs
velvet-ballistics:hot-cold-forbidden-apis | ClassifiedPath|cold|crates/vb_runtime/src/shard/tests/chunk_007.rs
velvet-ballistics:hot-cold-forbidden-apis | ClassifiedPath|cold|crates/vb_runtime/src/shard/tests/chunk_008.rs
velvet-ballistics:hot-cold-forbidden-apis | ClassifiedPath|cold|crates/vb_runtime/src/shard/tests/chunk_009.rs
velvet-ballistics:hot-cold-forbidden-apis | ClassifiedPath|cold|crates/vb_runtime/src/shard/tests/chunk_010.rs
velvet-ballistics:hot-cold-forbidden-apis | ClassifiedPath|cold|crates/vb_runtime/src/shard/tests/chunk_011.rs
velvet-ballistics:hot-cold-forbidden-apis | ClassifiedPath|cold|crates/vb_runtime/src/shard/tests/chunk_012.rs
velvet-ballistics:hot-cold-forbidden-apis | ClassifiedPath|cold|crates/vb_runtime/src/shard/tests/chunk_013.rs
velvet-ballistics:hot-cold-forbidden-apis | ClassifiedPath|cold|crates/vb_runtime/src/shard/tests/chunk_014.rs
velvet-ballistics:hot-cold-forbidden-apis | ClassifiedPath|cold|crates/vb_runtime/src/shard/tests/chunk_015.rs
velvet-ballistics:hot-cold-forbidden-apis | ClassifiedPath|cold|crates/vb_runtime/src/shard/tests/chunk_016.rs
velvet-ballistics:hot-cold-forbidden-apis | ClassifiedPath|cold|crates/vb_runtime/src/shard/tests/chunk_017.rs
velvet-ballistics:hot-cold-forbidden-apis | ClassifiedPath|cold|crates/vb_runtime/src/shard/tests/chunk_018.rs
velvet-ballistics:hot-cold-forbidden-apis | ClassifiedPath|cold|crates/vb_runtime/src/shard/tests/chunk_019.rs
velvet-ballistics:hot-cold-forbidden-apis | ClassifiedPath|cold|crates/vb_runtime/src/shard/tests/chunk_020.rs
velvet-ballistics:hot-cold-forbidden-apis | ClassifiedPath|cold|crates/vb_runtime/src/shard/tests/chunk_021.rs
velvet-ballistics:hot-cold-forbidden-apis | ClassifiedPath|cold|crates/vb_runtime/src/shard/tests/chunk_022.rs
velvet-ballistics:hot-cold-forbidden-apis | ClassifiedPath|cold|crates/vb_runtime/src/shard/tests/chunk_023.rs
velvet-ballistics:hot-cold-forbidden-apis | ClassifiedPath|cold|crates/vb_runtime/src/shard/tests/chunk_024.rs
velvet-ballistics:hot-cold-forbidden-apis | ClassifiedPath|cold|crates/vb_runtime/src/shard/tests/chunk_025.rs
velvet-ballistics:hot-cold-forbidden-apis | ClassifiedPath|cold|crates/vb_runtime/src/shard/tests/chunk_026.rs
velvet-ballistics:hot-cold-forbidden-apis | ClassifiedPath|cold|crates/vb_runtime/src/shard/tests/chunk_027.rs
velvet-ballistics:hot-cold-forbidden-apis | ClassifiedPath|cold|crates/vb_runtime/src/shard/tests/chunk_028.rs
velvet-ballistics:hot-cold-forbidden-apis | ClassifiedPath|cold|crates/vb_runtime/src/shard/tests/chunk_029.rs
velvet-ballistics:hot-cold-forbidden-apis | ClassifiedPath|cold|crates/vb_runtime/src/shard/tests/chunk_031.rs
velvet-ballistics:hot-cold-forbidden-apis | ClassifiedPath|cold|crates/vb_runtime/src/shard/tests/chunk_032.rs
velvet-ballistics:hot-cold-forbidden-apis | ClassifiedPath|cold|crates/vb_runtime/src/shard/tests/chunk_033.rs
velvet-ballistics:hot-cold-forbidden-apis | ClassifiedPath|cold|crates/vb_runtime/src/shard/tests/chunk_dispatch_error_semantics.rs
velvet-ballistics:hot-cold-forbidden-apis | ClassifiedPath|cold|crates/vb_runtime/src/shard/tests/chunk_dispatch_shutdown.rs
velvet-ballistics:hot-cold-forbidden-apis | ClassifiedPath|cold|crates/vb_runtime/src/shard/tests/tick_shard_tests.rs
velvet-ballistics:hot-cold-forbidden-apis | ClassifiedPath|cold|crates/vb_runtime/src/shard/tests.rs
velvet-ballistics:hot-cold-forbidden-apis | ClassifiedPath|hot|crates/vb_runtime/src/shard/timer.rs
velvet-ballistics:hot-cold-forbidden-apis | ClassifiedPath|cold|crates/vb_runtime/src/shard/timer_wheel/tests.rs
velvet-ballistics:hot-cold-forbidden-apis | ClassifiedPath|hot|crates/vb_runtime/src/shard/timer_wheel.rs
velvet-ballistics:hot-cold-forbidden-apis | ClassifiedPath|hot|crates/vb_runtime/src/shard/transitions.rs
velvet-ballistics:hot-cold-forbidden-apis | ClassifiedPath|hot|crates/vb_runtime/src/shard/types.rs
velvet-ballistics:hot-cold-forbidden-apis | ClassifiedPath|hot|crates/vb_runtime/src/taint.rs
velvet-ballistics:hot-cold-forbidden-apis | ClassifiedPath|cold|crates/vb_runtime/src/test_harness.rs
velvet-ballistics:hot-cold-forbidden-apis | ClassifiedPath|cold|crates/vb_runtime/src/together_tests.rs
velvet-ballistics:hot-cold-forbidden-apis | ClassifiedPath|cold|crates/vb_runtime/src/trace/tests.rs
velvet-ballistics:hot-cold-forbidden-apis | ClassifiedPath|hot|crates/vb_runtime/src/trace.rs
velvet-ballistics:hot-cold-forbidden-apis | ClassifiedPath|cold|crates/vb_runtime/src/verification/flux/vb_egysa_runtime_facade_refinements.rs
velvet-ballistics:hot-cold-forbidden-apis | ClassifiedPath|cold|crates/vb_runtime/src/verification/flux/vb_fzgdn/mod.rs
velvet-ballistics:hot-cold-forbidden-apis | ClassifiedPath|cold|crates/vb_runtime/src/verification/flux/vb_fzgdn/ps_001.rs
velvet-ballistics:hot-cold-forbidden-apis | ClassifiedPath|cold|crates/vb_runtime/src/verification/flux/vb_fzgdn/ps_002.rs
velvet-ballistics:hot-cold-forbidden-apis | ClassifiedPath|cold|crates/vb_runtime/src/verification/flux/vb_fzgdn/ps_003.rs
velvet-ballistics:hot-cold-forbidden-apis | ClassifiedPath|cold|crates/vb_runtime/src/verification/flux/vb_fzgdn/ps_004.rs
velvet-ballistics:hot-cold-forbidden-apis | ClassifiedPath|cold|crates/vb_runtime/src/verification/flux/vb_fzgdn/ps_005.rs
velvet-ballistics:hot-cold-forbidden-apis | ClassifiedPath|cold|crates/vb_runtime/src/verification/flux/vb_fzgdn/ps_006.rs
velvet-ballistics:hot-cold-forbidden-apis | ClassifiedPath|cold|crates/vb_runtime/src/verification/flux/vb_fzgdn/ps_007.rs
velvet-ballistics:hot-cold-forbidden-apis | ClassifiedPath|cold|crates/vb_runtime/src/verification/flux/vb_fzgdn/ps_008.rs
velvet-ballistics:hot-cold-forbidden-apis | ClassifiedPath|cold|crates/vb_runtime/src/verification/flux/vb_fzgdn/ps_009.rs
velvet-ballistics:hot-cold-forbidden-apis | ClassifiedPath|cold|crates/vb_runtime/src/verification/flux/vb_fzgdn/ps_010.rs
velvet-ballistics:hot-cold-forbidden-apis | ClassifiedPath|cold|crates/vb_runtime/src/verification/flux/vb_mrwe6_atomic_index_refinements.rs
velvet-ballistics:hot-cold-forbidden-apis | ClassifiedPath|cold|crates/vb_runtime/src/verification/flux/vb_mrwe6_completion_policy_refinements.rs
velvet-ballistics:hot-cold-forbidden-apis | ClassifiedPath|cold|crates/vb_runtime/src/verification/flux/vb_mrwe6_queue_intent_refinements.rs
velvet-ballistics:hot-cold-forbidden-apis | ClassifiedPath|cold|crates/vb_runtime/src/verification/flux/vb_rxru0_dispatch_generic.rs
velvet-ballistics:hot-cold-forbidden-apis | ClassifiedPath|cold|crates/vb_runtime/src/verification/flux/vb_y9d3v_action_ticket_refinements.rs
velvet-ballistics:hot-cold-forbidden-apis | ClassifiedPath|cold|crates/vb_runtime/src/verification/kani/kani_admission_ordering.rs
velvet-ballistics:hot-cold-forbidden-apis | ClassifiedPath|cold|crates/vb_runtime/src/verification/kani/kani_ask_answer_lifecycle.rs
velvet-ballistics:hot-cold-forbidden-apis | ClassifiedPath|cold|crates/vb_runtime/src/verification/kani/kani_ask_payload_bounds.rs
velvet-ballistics:hot-cold-forbidden-apis | ClassifiedPath|cold|crates/vb_runtime/src/verification/kani/kani_attempt_fence_harnesses.rs
velvet-ballistics:hot-cold-forbidden-apis | ClassifiedPath|cold|crates/vb_runtime/src/verification/kani/kani_cancel_kill_lattice.rs
velvet-ballistics:hot-cold-forbidden-apis | ClassifiedPath|cold|crates/vb_runtime/src/verification/kani/kani_engine_signals.rs
velvet-ballistics:hot-cold-forbidden-apis | ClassifiedPath|cold|crates/vb_runtime/src/verification/kani/kani_for_each_ordering.rs
velvet-ballistics:hot-cold-forbidden-apis | ClassifiedPath|cold|crates/vb_runtime/src/verification/kani/kani_idempotency_tracker.rs
velvet-ballistics:hot-cold-forbidden-apis | ClassifiedPath|cold|crates/vb_runtime/src/verification/kani/kani_resume_state_machine.rs
velvet-ballistics:hot-cold-forbidden-apis | ClassifiedPath|cold|crates/vb_runtime/src/verification/kani/kani_retry_math.rs
velvet-ballistics:hot-cold-forbidden-apis | ClassifiedPath|cold|crates/vb_runtime/src/verification/kani/kani_shard_lifecycle_harnesses.rs
velvet-ballistics:hot-cold-forbidden-apis | ClassifiedPath|cold|crates/vb_runtime/src/verification/kani/kani_submit_frame_release.rs
velvet-ballistics:hot-cold-forbidden-apis | ClassifiedPath|cold|crates/vb_runtime/src/verification/kani/kani_together_ordering.rs
velvet-ballistics:hot-cold-forbidden-apis | ClassifiedPath|cold|crates/vb_runtime/src/verification/kani/mod.rs
velvet-ballistics:hot-cold-forbidden-apis | ClassifiedPath|cold|crates/vb_runtime/src/verification/kani/vb_fzgdn_timer_harnesses.rs
velvet-ballistics:hot-cold-forbidden-apis | ClassifiedPath|cold|crates/vb_runtime/src/verification/loom/vb_mrwe6_atomic_index_loom.rs
velvet-ballistics:hot-cold-forbidden-apis | ClassifiedPath|cold|crates/vb_runtime/src/verification/loom/vb_mrwe6_completion_policy_loom.rs
velvet-ballistics:hot-cold-forbidden-apis | ClassifiedPath|cold|crates/vb_runtime/src/verification/loom/vb_mrwe6_duplicate_loom.rs
velvet-ballistics:hot-cold-forbidden-apis | ClassifiedPath|cold|crates/vb_runtime/src/verification/loom/vb_mrwe6_queue_intent_loom.rs
velvet-ballistics:hot-cold-forbidden-apis | ClassifiedPath|cold|crates/vb_runtime/src/verification/loom/vb_mrwe6_recovery_reliance_loom.rs
velvet-ballistics:hot-cold-forbidden-apis | ClassifiedPath|cold|crates/vb_runtime/src/verification/mod.rs
velvet-ballistics:hot-cold-forbidden-apis | ClassifiedPath|cold|crates/vb_runtime/src/verification/mrwe6_flux/vb_mrwe6_atomic_index_refinements.rs
velvet-ballistics:hot-cold-forbidden-apis | ClassifiedPath|cold|crates/vb_runtime/src/verification/mrwe6_flux/vb_mrwe6_queue_intent_refinements.rs
velvet-ballistics:hot-cold-forbidden-apis | ClassifiedPath|cold|crates/vb_runtime/src/verification/proptest/mod.rs
velvet-ballistics:hot-cold-forbidden-apis | ClassifiedPath|cold|crates/vb_runtime/src/verification/proptest/proptest_attempt_fence.rs
velvet-ballistics:hot-cold-forbidden-apis | ClassifiedPath|cold|crates/vb_runtime/src/verification/rxru0_flux/vb_rxru0_dispatch_generic.rs
velvet-ballistics:hot-cold-forbidden-apis | ClassifiedPath|cold|crates/vb_runtime/src/verification/verus/runtime_facade_api.rs
velvet-ballistics:hot-cold-forbidden-apis | ClassifiedPath|cold|crates/vb_runtime/src/verification/verus/runtime_facade_typed_errors.rs
velvet-ballistics:hot-cold-forbidden-apis | ClassifiedPath|cold|crates/vb_runtime/src/verification/verus/runtime_module_topology.rs
velvet-ballistics:hot-cold-forbidden-apis | ClassifiedPath|cold|crates/vb_runtime/src/verification/verus/vb-0l9k0/helpers.rs
velvet-ballistics:hot-cold-forbidden-apis | ClassifiedPath|cold|crates/vb_runtime/src/verification/verus/vb-0l9k0/mod.rs
velvet-ballistics:hot-cold-forbidden-apis | ClassifiedPath|cold|crates/vb_runtime/src/verification/verus/vb-0l9k0/numeric_timer.rs
velvet-ballistics:hot-cold-forbidden-apis | ClassifiedPath|cold|crates/vb_runtime/src/verification/verus/vb-0l9k0/pending_timer.rs
velvet-ballistics:hot-cold-forbidden-apis | ClassifiedPath|cold|crates/vb_runtime/src/verification/verus/vb-0l9k0/timer_wheel.rs
velvet-ballistics:hot-cold-forbidden-apis | ClassifiedPath|cold|crates/vb_runtime/src/verification/verus/vb_kzz99_action_completion.rs
velvet-ballistics:hot-cold-forbidden-apis | ClassifiedPath|cold|crates/vb_runtime/src/verification/verus/vb_rxru0_action_verus.rs
velvet-ballistics:hot-cold-forbidden-apis | ClassifiedPath|cold|crates/vb_runtime/src/verification/verus/vb_y9d3v_action_fence.rs
velvet-ballistics:hot-cold-forbidden-apis | ClassifiedPath|hot|crates/vb_runtime/src/yaml_e2e_admission_matrix.rs
velvet-ballistics:hot-cold-forbidden-apis | ClassifiedPath|cold|crates/vb_storage/src/admission/tests.rs
velvet-ballistics:hot-cold-forbidden-apis | ClassifiedPath|hot|crates/vb_storage/src/admission.rs
velvet-ballistics:hot-cold-forbidden-apis | ClassifiedPath|cold|crates/vb_storage/src/artifact_tests.rs
velvet-ballistics:hot-cold-forbidden-apis | ClassifiedPath|hot|crates/vb_storage/src/artifacts.rs
velvet-ballistics:hot-cold-forbidden-apis | ClassifiedPath|cold|crates/vb_storage/src/batch/tests.rs
velvet-ballistics:hot-cold-forbidden-apis | ClassifiedPath|hot|crates/vb_storage/src/batch.rs
velvet-ballistics:hot-cold-forbidden-apis | ClassifiedPath|cold|crates/vb_storage/src/batch_tests_vb_mrwe_7.rs
velvet-ballistics:hot-cold-forbidden-apis | ClassifiedPath|cold|crates/vb_storage/src/binary/tests.rs
velvet-ballistics:hot-cold-forbidden-apis | ClassifiedPath|hot|crates/vb_storage/src/binary.rs
velvet-ballistics:hot-cold-forbidden-apis | ClassifiedPath|cold|crates/vb_storage/src/blob_tests.rs
velvet-ballistics:hot-cold-forbidden-apis | ClassifiedPath|hot|crates/vb_storage/src/blobs.rs
velvet-ballistics:hot-cold-forbidden-apis | ClassifiedPath|hot|crates/vb_storage/src/codec/envelope.rs
velvet-ballistics:hot-cold-forbidden-apis | ClassifiedPath|hot|crates/vb_storage/src/codec/flux_validation.rs
velvet-ballistics:hot-cold-forbidden-apis | ClassifiedPath|hot|crates/vb_storage/src/codec/header.rs
velvet-ballistics:hot-cold-forbidden-apis | ClassifiedPath|hot|crates/vb_storage/src/codec/mod.rs
velvet-ballistics:hot-cold-forbidden-apis | ClassifiedPath|hot|crates/vb_storage/src/codec/payload.rs
velvet-ballistics:hot-cold-forbidden-apis | ClassifiedPath|hot|crates/vb_storage/src/codec/record.rs
velvet-ballistics:hot-cold-forbidden-apis | ClassifiedPath|hot|crates/vb_storage/src/codec/replay.rs
velvet-ballistics:hot-cold-forbidden-apis | ClassifiedPath|hot|crates/vb_storage/src/codec/semantic.rs
velvet-ballistics:hot-cold-forbidden-apis | ClassifiedPath|cold|crates/vb_storage/src/codec/tests/kill_kind_admission.rs
velvet-ballistics:hot-cold-forbidden-apis | ClassifiedPath|cold|crates/vb_storage/src/codec/tests/replay_integrity.rs
velvet-ballistics:hot-cold-forbidden-apis | ClassifiedPath|cold|crates/vb_storage/src/codec/tests.rs
velvet-ballistics:hot-cold-forbidden-apis | ClassifiedPath|cold|crates/vb_storage/src/codec/trailing_bytes_proptests.rs
velvet-ballistics:hot-cold-forbidden-apis | ClassifiedPath|hot|crates/vb_storage/src/codec/validation.rs
velvet-ballistics:hot-cold-forbidden-apis | ClassifiedPath|cold|crates/vb_storage/src/codec_miri_tests.rs
velvet-ballistics:hot-cold-forbidden-apis | ClassifiedPath|hot|crates/vb_storage/src/constants.rs
velvet-ballistics:hot-cold-forbidden-apis | ClassifiedPath|cold|crates/vb_storage/src/edge_case_tests.rs
velvet-ballistics:hot-cold-forbidden-apis | ClassifiedPath|hot|crates/vb_storage/src/error/artifact.rs
velvet-ballistics:hot-cold-forbidden-apis | ClassifiedPath|hot|crates/vb_storage/src/error/codes.rs
velvet-ballistics:hot-cold-forbidden-apis | ClassifiedPath|hot|crates/vb_storage/src/error/key_decode.rs
velvet-ballistics:hot-cold-forbidden-apis | ClassifiedPath|hot|crates/vb_storage/src/error/mod.rs
velvet-ballistics:hot-cold-forbidden-apis | ClassifiedPath|hot|crates/vb_storage/src/error/warnings.rs
velvet-ballistics:hot-cold-forbidden-apis | ClassifiedPath|cold|crates/vb_storage/src/error_code_tests.rs
velvet-ballistics:hot-cold-forbidden-apis | ClassifiedPath|cold|crates/vb_storage/src/error_tests.rs
velvet-ballistics:hot-cold-forbidden-apis | ClassifiedPath|hot|crates/vb_storage/src/events.rs
velvet-ballistics:hot-cold-forbidden-apis | ClassifiedPath|cold|crates/vb_storage/src/header_tests.rs
velvet-ballistics:hot-cold-forbidden-apis | ClassifiedPath|hot|crates/vb_storage/src/headers.rs
velvet-ballistics:hot-cold-forbidden-apis | ClassifiedPath|cold|crates/vb_storage/src/hydrate_tests.rs
velvet-ballistics:hot-cold-forbidden-apis | ClassifiedPath|cold|crates/vb_storage/src/index_tests.rs
velvet-ballistics:hot-cold-forbidden-apis | ClassifiedPath|hot|crates/vb_storage/src/indexes.rs
velvet-ballistics:hot-cold-forbidden-apis | ClassifiedPath|hot|crates/vb_storage/src/journal/admission.rs
velvet-ballistics:hot-cold-forbidden-apis | ClassifiedPath|hot|crates/vb_storage/src/journal/append/decision.rs
velvet-ballistics:hot-cold-forbidden-apis | ClassifiedPath|hot|crates/vb_storage/src/journal/append/intent.rs
velvet-ballistics:hot-cold-forbidden-apis | ClassifiedPath|hot|crates/vb_storage/src/journal/append/mrwe6_kernel.rs
velvet-ballistics:hot-cold-forbidden-apis | ClassifiedPath|hot|crates/vb_storage/src/journal/append.rs
velvet-ballistics:hot-cold-forbidden-apis | ClassifiedPath|hot|crates/vb_storage/src/journal/batch.rs
velvet-ballistics:hot-cold-forbidden-apis | ClassifiedPath|hot|crates/vb_storage/src/journal/core.rs
velvet-ballistics:hot-cold-forbidden-apis | ClassifiedPath|hot|crates/vb_storage/src/journal/incident.rs
velvet-ballistics:hot-cold-forbidden-apis | ClassifiedPath|hot|crates/vb_storage/src/journal/injection.rs
velvet-ballistics:hot-cold-forbidden-apis | ClassifiedPath|hot|crates/vb_storage/src/journal/internal.rs
velvet-ballistics:hot-cold-forbidden-apis | ClassifiedPath|cold|crates/vb_storage/src/journal/journal_event_tests.rs
velvet-ballistics:hot-cold-forbidden-apis | ClassifiedPath|hot|crates/vb_storage/src/journal/mod.rs
velvet-ballistics:hot-cold-forbidden-apis | ClassifiedPath|hot|crates/vb_storage/src/journal/parse.rs
velvet-ballistics:hot-cold-forbidden-apis | ClassifiedPath|hot|crates/vb_storage/src/journal/readonly.rs
velvet-ballistics:hot-cold-forbidden-apis | ClassifiedPath|hot|crates/vb_storage/src/journal/replay.rs
velvet-ballistics:hot-cold-forbidden-apis | ClassifiedPath|cold|crates/vb_storage/src/journal/replay_tests_vb_mrwe_7.rs
velvet-ballistics:hot-cold-forbidden-apis | ClassifiedPath|hot|crates/vb_storage/src/journal/source.rs
velvet-ballistics:hot-cold-forbidden-apis | ClassifiedPath|cold|crates/vb_storage/src/journal/tests.rs
velvet-ballistics:hot-cold-forbidden-apis | ClassifiedPath|cold|crates/vb_storage/src/kani_admission.rs
velvet-ballistics:hot-cold-forbidden-apis | ClassifiedPath|cold|crates/vb_storage/src/kani_codec.rs
velvet-ballistics:hot-cold-forbidden-apis | ClassifiedPath|cold|crates/vb_storage/src/kani_digest_checks_vb_2bzz/action.rs
velvet-ballistics:hot-cold-forbidden-apis | ClassifiedPath|cold|crates/vb_storage/src/kani_digest_checks_vb_2bzz/policy.rs
velvet-ballistics:hot-cold-forbidden-apis | ClassifiedPath|cold|crates/vb_storage/src/kani_digest_checks_vb_2bzz/support.rs
velvet-ballistics:hot-cold-forbidden-apis | ClassifiedPath|cold|crates/vb_storage/src/kani_digest_checks_vb_2bzz.rs
velvet-ballistics:hot-cold-forbidden-apis | ClassifiedPath|cold|crates/vb_storage/src/kani_hydrate_proofs.rs
velvet-ballistics:hot-cold-forbidden-apis | ClassifiedPath|cold|crates/vb_storage/src/kani_journal_duplicate.rs
velvet-ballistics:hot-cold-forbidden-apis | ClassifiedPath|cold|crates/vb_storage/src/kani_postcard_envelope_wire.rs
velvet-ballistics:hot-cold-forbidden-apis | ClassifiedPath|cold|crates/vb_storage/src/kani_postcard_envelope_wire_trailing_bytes.rs
velvet-ballistics:hot-cold-forbidden-apis | ClassifiedPath|cold|crates/vb_storage/src/kani_record_crc.rs
velvet-ballistics:hot-cold-forbidden-apis | ClassifiedPath|cold|crates/vb_storage/src/kani_record_kind.rs
velvet-ballistics:hot-cold-forbidden-apis | ClassifiedPath|cold|crates/vb_storage/src/kani_record_magic.rs
velvet-ballistics:hot-cold-forbidden-apis | ClassifiedPath|cold|crates/vb_storage/src/kani_record_payload_len.rs
velvet-ballistics:hot-cold-forbidden-apis | ClassifiedPath|cold|crates/vb_storage/src/kani_record_schema.rs
velvet-ballistics:hot-cold-forbidden-apis | ClassifiedPath|cold|crates/vb_storage/src/kani_recovery_hydrate.rs
velvet-ballistics:hot-cold-forbidden-apis | ClassifiedPath|cold|crates/vb_storage/src/kani_storage_invariants.rs
velvet-ballistics:hot-cold-forbidden-apis | ClassifiedPath|cold|crates/vb_storage/src/kani_typed_partitioned_ids.rs
velvet-ballistics:hot-cold-forbidden-apis | ClassifiedPath|cold|crates/vb_storage/src/kani_vb_h09wf_ps001.rs
velvet-ballistics:hot-cold-forbidden-apis | ClassifiedPath|cold|crates/vb_storage/src/kani_vb_h09wf_ps002.rs
velvet-ballistics:hot-cold-forbidden-apis | ClassifiedPath|cold|crates/vb_storage/src/kani_vb_h09wf_ps003.rs
velvet-ballistics:hot-cold-forbidden-apis | ClassifiedPath|cold|crates/vb_storage/src/kani_vb_h09wf_ps004.rs
velvet-ballistics:hot-cold-forbidden-apis | ClassifiedPath|cold|crates/vb_storage/src/kani_vb_h09wf_ps005.rs
velvet-ballistics:hot-cold-forbidden-apis | ClassifiedPath|cold|crates/vb_storage/src/kani_vb_h09wf_ps006.rs
velvet-ballistics:hot-cold-forbidden-apis | ClassifiedPath|cold|crates/vb_storage/src/kani_vb_h09wf_ps007.rs
velvet-ballistics:hot-cold-forbidden-apis | ClassifiedPath|cold|crates/vb_storage/src/kani_vb_h09wf_ps008.rs
velvet-ballistics:hot-cold-forbidden-apis | ClassifiedPath|cold|crates/vb_storage/src/kani_vb_h09wf_ps009.rs
velvet-ballistics:hot-cold-forbidden-apis | ClassifiedPath|cold|crates/vb_storage/src/kani_vb_h09wf_ps010.rs
velvet-ballistics:hot-cold-forbidden-apis | ClassifiedPath|cold|crates/vb_storage/src/kani_vb_h09wf_ps011.rs
velvet-ballistics:hot-cold-forbidden-apis | ClassifiedPath|cold|crates/vb_storage/src/kani_vb_h09wf_ps012.rs
velvet-ballistics:hot-cold-forbidden-apis | ClassifiedPath|cold|crates/vb_storage/src/kani_vb_mrwe4_reject_unsupported_state.rs
velvet-ballistics:hot-cold-forbidden-apis | ClassifiedPath|cold|crates/vb_storage/src/kani_vb_mrwe4_seed_unsupported_state.rs
velvet-ballistics:hot-cold-forbidden-apis | ClassifiedPath|cold|crates/vb_storage/src/kani_vb_mrwe5_record_kind.rs
velvet-ballistics:hot-cold-forbidden-apis | ClassifiedPath|cold|crates/vb_storage/src/kani_vb_mrwe5_step_succeeded_id.rs
velvet-ballistics:hot-cold-forbidden-apis | ClassifiedPath|cold|crates/vb_storage/src/kani_vb_mrwe_7_bounds.rs
velvet-ballistics:hot-cold-forbidden-apis | ClassifiedPath|cold|crates/vb_storage/src/kani_vb_mrwe_7_commit_before_drain.rs
velvet-ballistics:hot-cold-forbidden-apis | ClassifiedPath|cold|crates/vb_storage/src/kani_vb_mrwe_7_concurrency.rs
velvet-ballistics:hot-cold-forbidden-apis | ClassifiedPath|cold|crates/vb_storage/src/kani_vb_mrwe_7_drain_all.rs
velvet-ballistics:hot-cold-forbidden-apis | ClassifiedPath|cold|crates/vb_storage/src/kani_vb_mrwe_7_duplicates.rs
velvet-ballistics:hot-cold-forbidden-apis | ClassifiedPath|cold|crates/vb_storage/src/kani_vb_mrwe_7_durability.rs
velvet-ballistics:hot-cold-forbidden-apis | ClassifiedPath|cold|crates/vb_storage/src/kani_vb_mrwe_7_fjall_seam.rs
velvet-ballistics:hot-cold-forbidden-apis | ClassifiedPath|cold|crates/vb_storage/src/kani_vb_mrwe_7_recovery.rs
velvet-ballistics:hot-cold-forbidden-apis | ClassifiedPath|cold|crates/vb_storage/src/kani_vb_mrwe_7_report.rs
velvet-ballistics:hot-cold-forbidden-apis | ClassifiedPath|cold|crates/vb_storage/src/kani_vb_u8gi_storage_decode_order.rs
velvet-ballistics:hot-cold-forbidden-apis | ClassifiedPath|cold|crates/vb_storage/src/kani_vb_u8gi_storage_numeric_fields.rs
velvet-ballistics:hot-cold-forbidden-apis | ClassifiedPath|cold|crates/vb_storage/src/kani_vb_u8gi_storage_payload_bounds.rs
velvet-ballistics:hot-cold-forbidden-apis | ClassifiedPath|cold|crates/vb_storage/src/kani_vb_vzcuf_ps001.rs
velvet-ballistics:hot-cold-forbidden-apis | ClassifiedPath|cold|crates/vb_storage/src/kani_vb_vzcuf_ps002.rs
velvet-ballistics:hot-cold-forbidden-apis | ClassifiedPath|cold|crates/vb_storage/src/kani_vb_vzcuf_ps003.rs
velvet-ballistics:hot-cold-forbidden-apis | ClassifiedPath|cold|crates/vb_storage/src/kani_vb_vzcuf_ps004.rs
velvet-ballistics:hot-cold-forbidden-apis | ClassifiedPath|cold|crates/vb_storage/src/kani_vb_vzcuf_ps005.rs
velvet-ballistics:hot-cold-forbidden-apis | ClassifiedPath|cold|crates/vb_storage/src/kani_vb_vzcuf_ps006.rs
velvet-ballistics:hot-cold-forbidden-apis | ClassifiedPath|cold|crates/vb_storage/src/kani_vb_vzcuf_ps007.rs
velvet-ballistics:hot-cold-forbidden-apis | ClassifiedPath|cold|crates/vb_storage/src/kani_vb_vzcuf_ps008.rs
velvet-ballistics:hot-cold-forbidden-apis | ClassifiedPath|cold|crates/vb_storage/src/kani_vb_vzcuf_ps009.rs
velvet-ballistics:hot-cold-forbidden-apis | ClassifiedPath|cold|crates/vb_storage/src/kani_vbjpq733_proofs.rs
velvet-ballistics:hot-cold-forbidden-apis | ClassifiedPath|cold|crates/vb_storage/src/keys/tests.rs
velvet-ballistics:hot-cold-forbidden-apis | ClassifiedPath|hot|crates/vb_storage/src/keys.rs
velvet-ballistics:hot-cold-forbidden-apis | ClassifiedPath|hot|crates/vb_storage/src/lib.rs
velvet-ballistics:hot-cold-forbidden-apis | ClassifiedPath|hot|crates/vb_storage/src/mod.rs
velvet-ballistics:hot-cold-forbidden-apis | ClassifiedPath|hot|crates/vb_storage/src/mrwe5_contract.rs
velvet-ballistics:hot-cold-forbidden-apis | ClassifiedPath|cold|crates/vb_storage/src/mrwe6_index_contract_tests.rs
velvet-ballistics:hot-cold-forbidden-apis | ClassifiedPath|hot|crates/vb_storage/src/mrwe6_seams.rs
velvet-ballistics:hot-cold-forbidden-apis | ClassifiedPath|cold|crates/vb_storage/src/po010_proptests.rs
velvet-ballistics:hot-cold-forbidden-apis | ClassifiedPath|hot|crates/vb_storage/src/preview.rs
velvet-ballistics:hot-cold-forbidden-apis | ClassifiedPath|hot|crates/vb_storage/src/process_lock.rs
velvet-ballistics:hot-cold-forbidden-apis | ClassifiedPath|cold|crates/vb_storage/src/process_lock_tests.rs
velvet-ballistics:hot-cold-forbidden-apis | ClassifiedPath|cold|crates/vb_storage/src/property_tests.rs
velvet-ballistics:hot-cold-forbidden-apis | ClassifiedPath|cold|crates/vb_storage/src/proptest_storage.rs
velvet-ballistics:hot-cold-forbidden-apis | ClassifiedPath|cold|crates/vb_storage/src/proptests.rs
velvet-ballistics:hot-cold-forbidden-apis | ClassifiedPath|hot|crates/vb_storage/src/ps_005_trailing_bytes_test.rs
velvet-ballistics:hot-cold-forbidden-apis | ClassifiedPath|hot|crates/vb_storage/src/queue/batch.rs
velvet-ballistics:hot-cold-forbidden-apis | ClassifiedPath|cold|crates/vb_storage/src/queue/kani_vb_mrwe_7_atomic.rs
velvet-ballistics:hot-cold-forbidden-apis | ClassifiedPath|cold|crates/vb_storage/src/queue/loom_vb_mrwe_7.rs
velvet-ballistics:hot-cold-forbidden-apis | ClassifiedPath|hot|crates/vb_storage/src/queue/mod.rs
velvet-ballistics:hot-cold-forbidden-apis | ClassifiedPath|cold|crates/vb_storage/src/queue/tests.rs
velvet-ballistics:hot-cold-forbidden-apis | ClassifiedPath|cold|crates/vb_storage/src/queue/tests_vb_mrwe_7_atomic.rs
velvet-ballistics:hot-cold-forbidden-apis | ClassifiedPath|cold|crates/vb_storage/src/queue/tests_vb_mrwe_7_bounds.rs
velvet-ballistics:hot-cold-forbidden-apis | ClassifiedPath|cold|crates/vb_storage/src/queue/tests_vb_mrwe_7_commit_before_drain.rs
velvet-ballistics:hot-cold-forbidden-apis | ClassifiedPath|cold|crates/vb_storage/src/queue/tests_vb_mrwe_7_drain_all.rs
velvet-ballistics:hot-cold-forbidden-apis | ClassifiedPath|cold|crates/vb_storage/src/queue/tests_vb_mrwe_7_duplicates.rs
velvet-ballistics:hot-cold-forbidden-apis | ClassifiedPath|cold|crates/vb_storage/src/queue/tests_vb_mrwe_7_durability.rs
velvet-ballistics:hot-cold-forbidden-apis | ClassifiedPath|cold|crates/vb_storage/src/queue/tests_vb_mrwe_7_lifecycle.rs
velvet-ballistics:hot-cold-forbidden-apis | ClassifiedPath|hot|crates/vb_storage/src/queue/writer.rs
velvet-ballistics:hot-cold-forbidden-apis | ClassifiedPath|hot|crates/vb_storage/src/queue/writer_contract.rs
velvet-ballistics:hot-cold-forbidden-apis | ClassifiedPath|cold|crates/vb_storage/src/record_tests.rs
velvet-ballistics:hot-cold-forbidden-apis | ClassifiedPath|hot|crates/vb_storage/src/records/entities.rs
velvet-ballistics:hot-cold-forbidden-apis | ClassifiedPath|hot|crates/vb_storage/src/records/kinds.rs
velvet-ballistics:hot-cold-forbidden-apis | ClassifiedPath|hot|crates/vb_storage/src/records/status.rs
velvet-ballistics:hot-cold-forbidden-apis | ClassifiedPath|hot|crates/vb_storage/src/records.rs
velvet-ballistics:hot-cold-forbidden-apis | ClassifiedPath|cold|crates/vb_storage/src/recover_tests.rs
velvet-ballistics:hot-cold-forbidden-apis | ClassifiedPath|hot|crates/vb_storage/src/recovery/digest.rs
velvet-ballistics:hot-cold-forbidden-apis | ClassifiedPath|hot|crates/vb_storage/src/recovery/hydrate.rs
velvet-ballistics:hot-cold-forbidden-apis | ClassifiedPath|cold|crates/vb_storage/src/recovery/hydrate_support.rs
velvet-ballistics:hot-cold-forbidden-apis | ClassifiedPath|hot|crates/vb_storage/src/recovery/mod.rs
velvet-ballistics:hot-cold-forbidden-apis | ClassifiedPath|cold|crates/vb_storage/src/recovery/property_tests/error_recovery.rs
velvet-ballistics:hot-cold-forbidden-apis | ClassifiedPath|cold|crates/vb_storage/src/recovery/property_tests/mod.rs
velvet-ballistics:hot-cold-forbidden-apis | ClassifiedPath|hot|crates/vb_storage/src/recovery/recover.rs
velvet-ballistics:hot-cold-forbidden-apis | ClassifiedPath|cold|crates/vb_storage/src/recovery/recovery_unit_tests.rs
velvet-ballistics:hot-cold-forbidden-apis | ClassifiedPath|hot|crates/vb_storage/src/recovery/replay/action_abi.rs
velvet-ballistics:hot-cold-forbidden-apis | ClassifiedPath|hot|crates/vb_storage/src/recovery/replay/admission.rs
velvet-ballistics:hot-cold-forbidden-apis | ClassifiedPath|hot|crates/vb_storage/src/recovery/replay/attempt.rs
velvet-ballistics:hot-cold-forbidden-apis | ClassifiedPath|hot|crates/vb_storage/src/recovery/replay/core.rs
velvet-ballistics:hot-cold-forbidden-apis | ClassifiedPath|hot|crates/vb_storage/src/recovery/replay/mod.rs
velvet-ballistics:hot-cold-forbidden-apis | ClassifiedPath|cold|crates/vb_storage/src/recovery/replay/summary/tests.rs
velvet-ballistics:hot-cold-forbidden-apis | ClassifiedPath|hot|crates/vb_storage/src/recovery/replay/summary.rs
velvet-ballistics:hot-cold-forbidden-apis | ClassifiedPath|hot|crates/vb_storage/src/recovery/snapshot_write.rs
velvet-ballistics:hot-cold-forbidden-apis | ClassifiedPath|cold|crates/vb_storage/src/recovery/tests/error_recovery_tests/decode_tests.rs
velvet-ballistics:hot-cold-forbidden-apis | ClassifiedPath|cold|crates/vb_storage/src/recovery/tests/error_recovery_tests/replay_tests.rs
velvet-ballistics:hot-cold-forbidden-apis | ClassifiedPath|cold|crates/vb_storage/src/recovery/tests/error_recovery_tests/sanity_tests.rs
velvet-ballistics:hot-cold-forbidden-apis | ClassifiedPath|cold|crates/vb_storage/src/recovery/tests/error_recovery_tests.rs
velvet-ballistics:hot-cold-forbidden-apis | ClassifiedPath|cold|crates/vb_storage/src/recovery/tests.rs
velvet-ballistics:hot-cold-forbidden-apis | ClassifiedPath|hot|crates/vb_storage/src/recovery/types.rs
velvet-ballistics:hot-cold-forbidden-apis | ClassifiedPath|cold|crates/vb_storage/src/recovery/vb_h6ix_tests.rs
velvet-ballistics:hot-cold-forbidden-apis | ClassifiedPath|hot|crates/vb_storage/src/recovery_stamps.rs
velvet-ballistics:hot-cold-forbidden-apis | ClassifiedPath|cold|crates/vb_storage/src/recovery_type_tests.rs
velvet-ballistics:hot-cold-forbidden-apis | ClassifiedPath|cold|crates/vb_storage/src/replay_core_tests.rs
velvet-ballistics:hot-cold-forbidden-apis | ClassifiedPath|cold|crates/vb_storage/src/security_tests.rs
velvet-ballistics:hot-cold-forbidden-apis | ClassifiedPath|hot|crates/vb_storage/src/slot_extra.rs
velvet-ballistics:hot-cold-forbidden-apis | ClassifiedPath|cold|crates/vb_storage/src/snapshot_tests.rs
velvet-ballistics:hot-cold-forbidden-apis | ClassifiedPath|hot|crates/vb_storage/src/snapshots.rs
velvet-ballistics:hot-cold-forbidden-apis | ClassifiedPath|hot|crates/vb_storage/src/test_helpers.rs
velvet-ballistics:hot-cold-forbidden-apis | ClassifiedPath|cold|crates/vb_storage/src/tests/chunk_001.rs
velvet-ballistics:hot-cold-forbidden-apis | ClassifiedPath|cold|crates/vb_storage/src/tests/chunk_002.rs
velvet-ballistics:hot-cold-forbidden-apis | ClassifiedPath|cold|crates/vb_storage/src/tests/chunk_003.rs
velvet-ballistics:hot-cold-forbidden-apis | ClassifiedPath|cold|crates/vb_storage/src/tests/chunk_004.rs
velvet-ballistics:hot-cold-forbidden-apis | ClassifiedPath|cold|crates/vb_storage/src/tests/chunk_005.rs
velvet-ballistics:hot-cold-forbidden-apis | ClassifiedPath|cold|crates/vb_storage/src/tests/chunk_006.rs
velvet-ballistics:hot-cold-forbidden-apis | ClassifiedPath|cold|crates/vb_storage/src/tests/chunk_007.rs
velvet-ballistics:hot-cold-forbidden-apis | ClassifiedPath|cold|crates/vb_storage/src/tests/chunk_008.rs
velvet-ballistics:hot-cold-forbidden-apis | ClassifiedPath|cold|crates/vb_storage/src/tests/chunk_009.rs
velvet-ballistics:hot-cold-forbidden-apis | ClassifiedPath|cold|crates/vb_storage/src/tests/chunk_010.rs
velvet-ballistics:hot-cold-forbidden-apis | ClassifiedPath|cold|crates/vb_storage/src/tests/chunk_011.rs
velvet-ballistics:hot-cold-forbidden-apis | ClassifiedPath|cold|crates/vb_storage/src/tests/chunk_012.rs
velvet-ballistics:hot-cold-forbidden-apis | ClassifiedPath|cold|crates/vb_storage/src/tests/chunk_013.rs
velvet-ballistics:hot-cold-forbidden-apis | ClassifiedPath|cold|crates/vb_storage/src/tests/chunk_014.rs
velvet-ballistics:hot-cold-forbidden-apis | ClassifiedPath|cold|crates/vb_storage/src/tests/chunk_015.rs
velvet-ballistics:hot-cold-forbidden-apis | ClassifiedPath|cold|crates/vb_storage/src/tests/chunk_016.rs
velvet-ballistics:hot-cold-forbidden-apis | ClassifiedPath|cold|crates/vb_storage/src/tests/chunk_017.rs
velvet-ballistics:hot-cold-forbidden-apis | ClassifiedPath|cold|crates/vb_storage/src/tests/chunk_018.rs
velvet-ballistics:hot-cold-forbidden-apis | ClassifiedPath|cold|crates/vb_storage/src/tests/chunk_019.rs
velvet-ballistics:hot-cold-forbidden-apis | ClassifiedPath|cold|crates/vb_storage/src/tests/chunk_020.rs
velvet-ballistics:hot-cold-forbidden-apis | ClassifiedPath|cold|crates/vb_storage/src/tests/chunk_021.rs
velvet-ballistics:hot-cold-forbidden-apis | ClassifiedPath|cold|crates/vb_storage/src/tests/chunk_022.rs
velvet-ballistics:hot-cold-forbidden-apis | ClassifiedPath|cold|crates/vb_storage/src/tests/chunk_023.rs
velvet-ballistics:hot-cold-forbidden-apis | ClassifiedPath|cold|crates/vb_storage/src/tests/chunk_024.rs
velvet-ballistics:hot-cold-forbidden-apis | ClassifiedPath|cold|crates/vb_storage/src/tests/chunk_025.rs
velvet-ballistics:hot-cold-forbidden-apis | ClassifiedPath|cold|crates/vb_storage/src/tests/chunk_026.rs
velvet-ballistics:hot-cold-forbidden-apis | ClassifiedPath|cold|crates/vb_storage/src/tests/chunk_027.rs
velvet-ballistics:hot-cold-forbidden-apis | ClassifiedPath|cold|crates/vb_storage/src/tests/chunk_028.rs
velvet-ballistics:hot-cold-forbidden-apis | ClassifiedPath|cold|crates/vb_storage/src/tests/chunk_029.rs
velvet-ballistics:hot-cold-forbidden-apis | ClassifiedPath|cold|crates/vb_storage/src/tests/chunk_030.rs
velvet-ballistics:hot-cold-forbidden-apis | ClassifiedPath|cold|crates/vb_storage/src/tests/chunk_031.rs
velvet-ballistics:hot-cold-forbidden-apis | ClassifiedPath|cold|crates/vb_storage/src/tests/chunk_032.rs
velvet-ballistics:hot-cold-forbidden-apis | ClassifiedPath|cold|crates/vb_storage/src/tests/chunk_033.rs
velvet-ballistics:hot-cold-forbidden-apis | ClassifiedPath|cold|crates/vb_storage/src/tests/chunk_034.rs
velvet-ballistics:hot-cold-forbidden-apis | ClassifiedPath|cold|crates/vb_storage/src/tests/chunk_035.rs
velvet-ballistics:hot-cold-forbidden-apis | ClassifiedPath|cold|crates/vb_storage/src/tests/chunk_036.rs
velvet-ballistics:hot-cold-forbidden-apis | ClassifiedPath|cold|crates/vb_storage/src/tests/chunk_037.rs
velvet-ballistics:hot-cold-forbidden-apis | ClassifiedPath|cold|crates/vb_storage/src/tests/chunk_038.rs
velvet-ballistics:hot-cold-forbidden-apis | ClassifiedPath|cold|crates/vb_storage/src/tests/chunk_039.rs
velvet-ballistics:hot-cold-forbidden-apis | ClassifiedPath|cold|crates/vb_storage/src/tests/chunk_040.rs
velvet-ballistics:hot-cold-forbidden-apis | ClassifiedPath|cold|crates/vb_storage/src/tests/chunk_041.rs
velvet-ballistics:hot-cold-forbidden-apis | ClassifiedPath|cold|crates/vb_storage/src/tests/mod.rs
velvet-ballistics:hot-cold-forbidden-apis | ClassifiedPath|cold|crates/vb_storage/src/tests/prelude.rs
velvet-ballistics:hot-cold-forbidden-apis | ClassifiedPath|hot|crates/vb_storage/src/trimming/helpers.rs
velvet-ballistics:hot-cold-forbidden-apis | ClassifiedPath|hot|crates/vb_storage/src/trimming/logic.rs
velvet-ballistics:hot-cold-forbidden-apis | ClassifiedPath|hot|crates/vb_storage/src/trimming/mod.rs
velvet-ballistics:hot-cold-forbidden-apis | ClassifiedPath|cold|crates/vb_storage/src/trimming/tests.rs
velvet-ballistics:hot-cold-forbidden-apis | ClassifiedPath|cold|crates/vb_storage/src/type_tests.rs
velvet-ballistics:hot-cold-forbidden-apis | ClassifiedPath|hot|crates/vb_storage/src/types.rs
velvet-ballistics:hot-cold-forbidden-apis | ClassifiedPath|cold|crates/vb_storage/src/vb_2bok_durability_gate_tests.rs
velvet-ballistics:hot-cold-forbidden-apis | ClassifiedPath|cold|crates/vb_storage/src/verification/flux/mod.rs
velvet-ballistics:hot-cold-forbidden-apis | ClassifiedPath|cold|crates/vb_storage/src/verification/flux/vb_mrwe5_compat_kind_family.rs
velvet-ballistics:hot-cold-forbidden-apis | ClassifiedPath|cold|crates/vb_storage/src/verification/flux/vb_mrwe5_decode_reject.rs
velvet-ballistics:hot-cold-forbidden-apis | ClassifiedPath|cold|crates/vb_storage/src/verification/flux/vb_mrwe5_kind_parity.rs
velvet-ballistics:hot-cold-forbidden-apis | ClassifiedPath|cold|crates/vb_storage/src/verification/flux/vb_mrwe5_roundtrip.rs
velvet-ballistics:hot-cold-forbidden-apis | ClassifiedPath|cold|crates/vb_storage/src/verification/flux/vb_mrwe6_duplicate_refinements.rs
velvet-ballistics:hot-cold-forbidden-apis | ClassifiedPath|cold|crates/vb_storage/src/verification/flux/vb_mrwe6_recovery_refinements.rs
velvet-ballistics:hot-cold-forbidden-apis | ClassifiedPath|cold|crates/vb_storage/src/verification/kani/kani_journal_duplicate.rs
velvet-ballistics:hot-cold-forbidden-apis | ClassifiedPath|cold|crates/vb_storage/src/verification/kani/vb_mrwe5_compat_kind_family.rs
velvet-ballistics:hot-cold-forbidden-apis | ClassifiedPath|cold|crates/vb_storage/src/verification/kani/vb_mrwe5_decode_reject.rs
velvet-ballistics:hot-cold-forbidden-apis | ClassifiedPath|cold|crates/vb_storage/src/verification/kani/vb_mrwe5_kind_parity.rs
velvet-ballistics:hot-cold-forbidden-apis | ClassifiedPath|cold|crates/vb_storage/src/verification/kani/vb_mrwe5_roundtrip.rs
velvet-ballistics:hot-cold-forbidden-apis | ClassifiedPath|cold|crates/vb_storage/src/verification/kani/vb_mrwe6_architecture_binding.rs
velvet-ballistics:hot-cold-forbidden-apis | ClassifiedPath|cold|crates/vb_storage/src/verification/kani/vb_mrwe6_atomic_index.rs
velvet-ballistics:hot-cold-forbidden-apis | ClassifiedPath|cold|crates/vb_storage/src/verification/kani/vb_mrwe6_completion_policy.rs
velvet-ballistics:hot-cold-forbidden-apis | ClassifiedPath|cold|crates/vb_storage/src/verification/kani/vb_mrwe6_duplicate_schedule.rs
velvet-ballistics:hot-cold-forbidden-apis | ClassifiedPath|cold|crates/vb_storage/src/verification/kani/vb_mrwe6_queue_intent.rs
velvet-ballistics:hot-cold-forbidden-apis | ClassifiedPath|cold|crates/vb_storage/src/verification/kani/vb_mrwe6_recovery_reliance.rs
velvet-ballistics:hot-cold-forbidden-apis | ClassifiedPath|cold|crates/vb_storage/src/verification/mod.rs
velvet-ballistics:hot-cold-forbidden-apis | ClassifiedPath|cold|crates/vb_storage/src/verification/mrwe5_production_bridge.rs
velvet-ballistics:hot-cold-forbidden-apis | ClassifiedPath|cold|crates/vb_storage/src/verification/vb-fn4vt/kani/compiled_ir_envelope_mutation.rs
velvet-ballistics:hot-cold-forbidden-apis | ClassifiedPath|cold|crates/vb_storage/src/verification/vb-fn4vt/kani/direct_write_mutated_metadata.rs
velvet-ballistics:hot-cold-forbidden-apis | ClassifiedPath|cold|crates/vb_storage/src/verification/vb-fn4vt/kani/mod.rs
velvet-ballistics:hot-cold-forbidden-apis | ClassifiedPath|cold|crates/vb_storage/src/verification/vb-fn4vt/kani/policy_digest_binding.rs
velvet-ballistics:hot-cold-forbidden-apis | ClassifiedPath|cold|crates/vb_storage/src/verification/vb-fn4vt/kani/sequence_bounds_verification.rs
velvet-ballistics:hot-cold-forbidden-apis | ClassifiedPath|cold|crates/vb_storage/src/verification/vb-fn4vt/kani/source_digest_binding.rs
velvet-ballistics:hot-cold-forbidden-apis | ClassifiedPath|cold|crates/vb_storage/src/verification/vb-fn4vt/mod.rs
velvet-ballistics:hot-cold-forbidden-apis | ClassifiedPath|cold|crates/vb_storage/src/verification/verus/recovery_types_spec.rs
velvet-ballistics:hot-cold-forbidden-apis | ClassifiedPath|hot|crates/vb_ipc/src/action_output.rs
velvet-ballistics:hot-cold-forbidden-apis | ClassifiedPath|hot|crates/vb_ipc/src/bounded.rs
velvet-ballistics:hot-cold-forbidden-apis | ClassifiedPath|hot|crates/vb_ipc/src/client/connection.rs
velvet-ballistics:hot-cold-forbidden-apis | ClassifiedPath|hot|crates/vb_ipc/src/client/error.rs
velvet-ballistics:hot-cold-forbidden-apis | ClassifiedPath|cold|crates/vb_ipc/src/client/tests.rs
velvet-ballistics:hot-cold-forbidden-apis | ClassifiedPath|hot|crates/vb_ipc/src/client.rs
velvet-ballistics:hot-cold-forbidden-apis | ClassifiedPath|hot|crates/vb_ipc/src/codec.rs
velvet-ballistics:hot-cold-forbidden-apis | ClassifiedPath|hot|crates/vb_ipc/src/commands.rs
velvet-ballistics:hot-cold-forbidden-apis | ClassifiedPath|hot|crates/vb_ipc/src/constants.rs
velvet-ballistics:hot-cold-forbidden-apis | ClassifiedPath|hot|crates/vb_ipc/src/error.rs
velvet-ballistics:hot-cold-forbidden-apis | ClassifiedPath|hot|crates/vb_ipc/src/frame/codec.rs
velvet-ballistics:hot-cold-forbidden-apis | ClassifiedPath|hot|crates/vb_ipc/src/frame/io.rs
velvet-ballistics:hot-cold-forbidden-apis | ClassifiedPath|cold|crates/vb_ipc/src/frame/tests.rs
velvet-ballistics:hot-cold-forbidden-apis | ClassifiedPath|hot|crates/vb_ipc/src/frame/validate.rs
velvet-ballistics:hot-cold-forbidden-apis | ClassifiedPath|hot|crates/vb_ipc/src/frame.rs
velvet-ballistics:hot-cold-forbidden-apis | ClassifiedPath|cold|crates/vb_ipc/src/frame_types/tests.rs
velvet-ballistics:hot-cold-forbidden-apis | ClassifiedPath|hot|crates/vb_ipc/src/frame_types.rs
velvet-ballistics:hot-cold-forbidden-apis | ClassifiedPath|cold|crates/vb_ipc/src/ids/tests.rs
velvet-ballistics:hot-cold-forbidden-apis | ClassifiedPath|hot|crates/vb_ipc/src/ids.rs
velvet-ballistics:hot-cold-forbidden-apis | ClassifiedPath|cold|crates/vb_ipc/src/ingress/tests.rs
velvet-ballistics:hot-cold-forbidden-apis | ClassifiedPath|hot|crates/vb_ipc/src/ingress.rs
velvet-ballistics:hot-cold-forbidden-apis | ClassifiedPath|cold|crates/vb_ipc/src/kani_flag_validation.rs
velvet-ballistics:hot-cold-forbidden-apis | ClassifiedPath|cold|crates/vb_ipc/src/kani_ipc_command_exhaustive.rs
velvet-ballistics:hot-cold-forbidden-apis | ClassifiedPath|cold|crates/vb_ipc/src/kani_ipc_decode_order.rs
velvet-ballistics:hot-cold-forbidden-apis | ClassifiedPath|cold|crates/vb_ipc/src/kani_ipc_dispatch_exhaustive.rs
velvet-ballistics:hot-cold-forbidden-apis | ClassifiedPath|cold|crates/vb_ipc/src/kani_ipc_header.rs
velvet-ballistics:hot-cold-forbidden-apis | ClassifiedPath|cold|crates/vb_ipc/src/kani_ipc_header_rejects_oversize.rs
velvet-ballistics:hot-cold-forbidden-apis | ClassifiedPath|cold|crates/vb_ipc/src/kani_ipc_preallocation_gate.rs
velvet-ballistics:hot-cold-forbidden-apis | ClassifiedPath|cold|crates/vb_ipc/src/kani_ipc_preallocation_gate_nonzero.rs
velvet-ballistics:hot-cold-forbidden-apis | ClassifiedPath|hot|crates/vb_ipc/src/lib.rs
velvet-ballistics:hot-cold-forbidden-apis | ClassifiedPath|cold|crates/vb_ipc/src/metrics/tests.rs
velvet-ballistics:hot-cold-forbidden-apis | ClassifiedPath|hot|crates/vb_ipc/src/metrics.rs
velvet-ballistics:hot-cold-forbidden-apis | ClassifiedPath|hot|crates/vb_ipc/src/mod.rs
velvet-ballistics:hot-cold-forbidden-apis | ClassifiedPath|cold|crates/vb_ipc/src/payloads/tests.rs
velvet-ballistics:hot-cold-forbidden-apis | ClassifiedPath|hot|crates/vb_ipc/src/payloads.rs
velvet-ballistics:hot-cold-forbidden-apis | ClassifiedPath|hot|crates/vb_ipc/src/queue/mod.rs
velvet-ballistics:hot-cold-forbidden-apis | ClassifiedPath|cold|crates/vb_ipc/src/queue/tests/array_queue_tests.rs
velvet-ballistics:hot-cold-forbidden-apis | ClassifiedPath|hot|crates/vb_ipc/src/server/dispatch.rs
velvet-ballistics:hot-cold-forbidden-apis | ClassifiedPath|cold|crates/vb_ipc/src/server/dispatch_tests.rs
velvet-ballistics:hot-cold-forbidden-apis | ClassifiedPath|hot|crates/vb_ipc/src/server/error.rs
velvet-ballistics:hot-cold-forbidden-apis | ClassifiedPath|hot|crates/vb_ipc/src/server/handlers/event.rs
velvet-ballistics:hot-cold-forbidden-apis | ClassifiedPath|hot|crates/vb_ipc/src/server/handlers/session.rs
velvet-ballistics:hot-cold-forbidden-apis | ClassifiedPath|cold|crates/vb_ipc/src/server/handlers/tests.rs
velvet-ballistics:hot-cold-forbidden-apis | ClassifiedPath|hot|crates/vb_ipc/src/server/handlers.rs
velvet-ballistics:hot-cold-forbidden-apis | ClassifiedPath|hot|crates/vb_ipc/src/server/helpers.rs
velvet-ballistics:hot-cold-forbidden-apis | ClassifiedPath|hot|crates/vb_ipc/src/server/impl_.rs
velvet-ballistics:hot-cold-forbidden-apis | ClassifiedPath|cold|crates/vb_ipc/src/server/impl_tests.rs
velvet-ballistics:hot-cold-forbidden-apis | ClassifiedPath|hot|crates/vb_ipc/src/server/mod.rs
velvet-ballistics:hot-cold-forbidden-apis | ClassifiedPath|hot|crates/vb_ipc/src/server/ticket.rs
velvet-ballistics:hot-cold-forbidden-apis | ClassifiedPath|hot|crates/vb_ipc/src/server/trace.rs
velvet-ballistics:hot-cold-forbidden-apis | ClassifiedPath|cold|crates/vb_ipc/src/tests.rs
velvet-ballistics:hot-cold-forbidden-apis | ClassifiedPath|cold|crates/vb_ipc/src/verification/mod.rs
velvet-ballistics:hot-cold-forbidden-apis | ClassifiedPath|cold|crates/vb_ipc/src/verification/verus/vb_5iebh.rs
velvet-ballistics:hot-cold-forbidden-apis | ScanSummary|hot_crates=vb_core,vb_runtime,vb_storage,vb_ipc|classified=828|violations=0|justified=0
▮▮▮▮ velvet-ballistics:hot-cold-forbidden-apis (323ms, d7ac00bf)
velvet-ballistics:check-removed-crate-residue | crates/vb_compile/tests/finish_digest_integration.rs:13: allowlisted: comment narrates deferred dependency on removed types: // dependency on deferred vb_ui/vb_codegen types).
velvet-ballistics:check-removed-crate-residue | crates/vb_core/tests/proptest_registry_consistency.rs:355: allowlisted: comment names removed codegen crate as a pending dependency:         // "CANONICAL_YAML_PARSE",  -- not yet registered (pending vb_codegen implementation)
velvet-ballistics:check-removed-crate-residue | crates/workspace_tests/tests/vb_y1zq_boundary_inventory_contract/discovery.rs:223: REMOVED-CRATE: vb_codegen: exact substring 'vb_codegen':             "crates/vb_codegen/src/generated/interface.rs".to_string(),
velvet-ballistics:check-removed-crate-residue | docs/adr/v1/ADR-021-v1-deferred-scope-fence.md:10: allowlisted: ADR enumerates the deferred-scope fence for the removed release-crate set: Generated Rust execution, `vb_codegen`, maxperf, PGO, target-cpu native release workflows, native Makepad UI, UI implementation crates, and visual editor work are deferred for the current backend milestone.
velvet-ballistics:check-removed-crate-residue | docs/adr/v1/ADR-021-v1-deferred-scope-fence.md:24: allowlisted: ADR enumerates the deferred-scope fence for the removed release-crate set: - Section 32: Removed Function Surface: `vb_codegen`
velvet-ballistics:check-removed-crate-residue | docs/black-hat-review-2026-06-07/round5/r5-a9-section38-property-test-gap-plan.md:465: allowlisted: black-hat review audit references removed UI model crate for the densify sub-plan: - **densify audit on `vb_ui_model`** (1.9x) — separate, post-merge.
velvet-ballistics:check-removed-crate-residue | docs/current-api-mutation-plan.md:56: allowlisted: API surface table enumerates the removed UI model crate as a mutation target: | `vb_ui_model` screen taxonomy | drop required certificate, incident, or replay screen state | UI model acceptance tests assert exact screen/state identifiers | `vb-nf2u`/`vb-gmtg` |
velvet-ballistics:check-removed-crate-residue | docs/deferred-codegen-maxperf.md:20: allowlisted: deferred-scope doc enumerates the removed codegen crate: 1. `vb_codegen` as an active workspace crate.
velvet-ballistics:check-removed-crate-residue | docs/deferred-ui.md:11: allowlisted: deferred-scope doc enumerates the removed UI model crate as a release blocker: - Current release blockers exclude Makepad, `vb_ui_model`, UI screenshots, design tokens,
velvet-ballistics:check-removed-crate-residue | docs/deferred-ui.md:20: allowlisted: deferred-scope doc enumerates the removed UI model + UI app crates: 1. `vb_ui_model` typed artifact crate.
velvet-ballistics:check-removed-crate-residue | docs/deferred-ui.md:22: allowlisted: deferred-scope doc enumerates the removed UI model + UI app crates: 2. `vb_ui_makepad` native Makepad app crate.
velvet-ballistics:check-removed-crate-residue | docs/final-ir-coverage-matrix.md:8: allowlisted: coverage matrix references the removed codegen crate as a historical test target: | `Nop`, `SetConst`, `Copy`, `Jump`, `Finish` | Linear step execution updates pc, slots, taints, or terminal result. | Linear step functions emit checked slot reads/writes and typed pc/result outcomes. | `rtk cargo test -p vb_codegen -p vb_core -p vb_runtime -p vb_storage --all-features`: 3861 passed. | Historical covered |
velvet-ballistics:check-removed-crate-residue | docs/final-ir-coverage-matrix.md:10: allowlisted: coverage matrix references the removed codegen crate as a historical test target: | Primitive expressions | Interpreter evaluates typed primitive ops with exact errors. | Generated `eval_expr_*` emits checked stack ops and typed `DriveError` paths. | `rtk cargo test -p vb_codegen --all-features`: 299 passed. | Historical covered |
velvet-ballistics:check-removed-crate-residue | docs/final-ir-coverage-matrix.md:12: allowlisted: coverage matrix references the removed codegen crate as a historical test target: | Expression taint | Interpreter joins taint through expression values. | Generated expression functions return `(SlotValue, Taint)` and write returned taint. | `crates/vb_codegen/src/lib.rs` expression emission plus focused codegen suite. | Historical covered |
velvet-ballistics:check-removed-crate-residue | docs/final-ir-coverage-matrix.md:14: allowlisted: coverage matrix references the removed codegen crate as a historical test target: | `BuildObject` | Interpreter stores deterministic object handles and joins field taints. | Generated object tests in `vb_codegen`; full focused suite. | Historical covered |
velvet-ballistics:check-removed-crate-residue | docs/final-ir-coverage-matrix.md:16: allowlisted: coverage matrix references the removed codegen crate as a historical test target: | `BuildList` | Interpreter stores deterministic list handles and joins item taints. | Generated list store enforces record/value capacity and writes deterministic item order. | Generated list tests in `vb_codegen`; full focused suite. | Historical covered |
velvet-ballistics:check-removed-crate-residue | fuzz/Cargo.toml:52: allowlisted: fuzz manifest comments out the removed UI model crate so cargo build does not try to resolve it: # vb_ui_model = { path = "../crates/vb_ui_model" }  # MISSING
velvet-ballistics:check-removed-crate-residue | fuzz/Cargo.toml:378: allowlisted: fuzz bin entry for the removed UI model crate is commented out so the target does not resolve: # name = "vb_ui_model_postcard_decode"
velvet-ballistics:check-removed-crate-residue | fuzz/Cargo.toml:380: allowlisted: fuzz bin path for the removed UI model crate is commented out so the target does not resolve: # path = "src/bin/vb_ui_model_postcard_decode.rs"
velvet-ballistics:check-removed-crate-residue | verification/verus/accepted_envelope_model.rs:14: allowlisted: binding comment narrates the removed UI model crate whose spec types the Verus model mirrors: // Rust type: vb_ui_model::envelope::types::MetadataEnvelope
velvet-ballistics:check-removed-crate-residue | verification/verus/vb_ahfl_bounds_production.rs:6: allowlisted: spec-mirror comment names the removed UI model crate that supplies the production types: //!                  IncidentReportView from vb_ui_model.
velvet-ballistics:check-removed-crate-residue | verification/verus/vb_ahfl_graph_events_production.rs:6: allowlisted: spec-mirror comment names the removed UI model crate that supplies the production types: //!                  RunEventsView, RunEventView from vb_ui_model.
velvet-ballistics:check-removed-crate-residue | verification/verus/vb_ahfl_metadata_envelope_production.rs:5: allowlisted: spec-mirror comment names the removed UI model crate that supplies the production types: //! Production-bound: spec types mirror MetadataEnvelope, EnvelopeKind from vb_ui_model.
velvet-ballistics:check-removed-crate-residue | verification/verus/vb_ahfl_metadata_envelope_production.rs:18: allowlisted: spec-mirror comment names the removed UI model crate that supplies the production types: // Spec mirror of EnvelopeKind from vb_ui_model::envelope::types
velvet-ballistics:check-removed-crate-residue | verification/verus/vb_ahfl_metadata_envelope_production.rs:43: allowlisted: spec-mirror comment names the removed UI model crate that supplies the production types: // Spec mirror of MetadataEnvelope from vb_ui_model::envelope::types
velvet-ballistics:check-removed-crate-residue | verification/verus/vb_ahfl_redaction_production.rs:6: allowlisted: spec-mirror comment names the removed UI model crate that supplies the production types: //!                  classify_secret_sensitivity from vb_ui_model::redact.
velvet-ballistics:check-removed-crate-residue | verification/verus/vb_ahfl_redaction_production.rs:21: allowlisted: spec-mirror comment names the removed UI model crate that supplies the production types: // Spec mirror of SecretSensitivity from vb_ui_model::redact
velvet-ballistics:check-removed-crate-residue | summary: active=1 allowlisted=26 files_scanned=2475
velvet-ballistics:check-removed-feature-residue | .moon/tasks/all.yml:1113: allowlisted: master §41 — maxperf-native is legacy build config, not a current release gate (runInCI: false):       export RUSTFLAGS="-C target-cpu=native -Dwarnings"
velvet-ballistics:check-removed-feature-residue | docs/adr/ADR_REVIEW_GATES.md:19: allowlisted: master §41 — review-gate pattern intentionally enumerates removed tokens to reject them: rg -n "generated Rust|maxperf|PGO|target-cpu=native|Makepad|UI" docs/adr docs/master-decomposition.md
velvet-ballistics:check-removed-feature-residue | docs/deferred-codegen-maxperf.md:13: allowlisted: master §41 — historical deferred-scope document explicitly enumerates the removed tokens:   generated-vs-IR benchmark ratios, PGO, and `target-cpu=native` maxperf release gates.
velvet-ballistics:check-removed-feature-residue | docs/deferred-codegen-maxperf.md:39: allowlisted: master §41 — historical deferred-scope document explicitly enumerates the removed tokens: 7. PGO training and `target-cpu=native` benchmark workflows.
velvet-ballistics:check-removed-feature-residue | docs/language-spec.md:1910: allowlisted: master §41 — language-spec narrative notes that nightly may still opt-in to the removed tokens; they remain removed as release gates: Nightly Rust may be used for LTO, PGO, target-cpu=native local builds, panic=abort release builds, codegen-units=1, allocator benchmarking, portable SIMD experiments, build-std experiments, allocator API experiments, and feature-gated specialization experiments. Nightly features must not leak into the public language.
velvet-ballistics:check-removed-feature-residue | docs/rust-governance.md:64: allowlisted: master §41 — rust-governance policy statement enumerates the removed tokens: `maxperf`, PGO, generated Rust execution, and `target-cpu=native` workflows are deferred from the current Backend / IR Interpreter Complete milestone. They must not be current release gates or performance evidence unless a future architecture bead reactivates them.
velvet-ballistics:check-removed-feature-residue | summary: active=0 allowlisted=6 files_scanned=2077
▮▮▮▮ velvet-ballistics:check-removed-crate-residue (719ms, ed603503)
velvet-ballistics:check-no-dead-ir-duplicates | Scanning docs/, verification/, and top-level doc files for stale dead-path citations...
▮▮▮▮ velvet-ballistics:nightly-feature-gate (729ms, 56cb88ab)
▮▮▮▮ velvet-ballistics:check-no-dead-ir-duplicates (727ms, 6050a369)
▮▮▮▮ velvet-ballistics:check-removed-feature-residue (813ms, 188e677f)
Error: task_runner::run_failed

  × Task velvet-ballistics:check-removed-crate-residue failed to run.
  ╰─▶ Process bash failed: exit code 1

EXIT_STATUS: 1
COMPLETED_AT: 2026-06-18T08:02:16Z
